"model_id","wis_scaled_relative_skill","wis","ae_median_scaled_relative_skill","ae_median","interval_coverage_50","interval_coverage_95","n"
"CADPH-CovidCAT_Ensemble",0.603966190879244,21.7313622811759,0.707816396134138,36.294925131061,0.5,1,20
"CEPH-Rtrend_covid",1.0449525988632,19.2162215719064,1.16109981023204,30.6942307692308,0.415384615384615,0.863461538461539,1040
"CFA-EpiAutoGP",1.43177293814174,26.2914583225673,1.59066675519438,42.170380508125,0.402083333333333,0.9125,960
"CFA_Pyrenew-Pyrenew_HE_COVID",0.805472234350851,12.4200405109945,0.872227323597328,19.2040229885057,0.531609195402299,0.939655172413793,498
"CFA_Pyrenew-Pyrenew_H_COVID",1.29534968547047,20.5035197844355,1.36359589561231,30.7913165266106,0.487394957983193,0.910364145658263,510
"CMU-TimeSeries",1.63374608396175,29.7679943973378,1.79428723206053,47.0423670444175,0.4,0.928846153846154,1040
"CovidHub-baseline",1,18.4519765794927,1,27.6634615384615,0.6,0.973076923076923,1040
"CovidHub-ensemble",1.05843279661194,19.3352515702061,1.19500396859163,31.4782118771159,0.486538461538462,0.955769230769231,1040
"Google_SAI-Ensemble",0.779578526400432,13.6150404765306,0.819713133211542,20.7239716880342,0.484615384615385,0.957692307692308,1040
"NEU_ISI-AdaptiveEnsemble",1.37974009981346,26.7058773455378,1.52248337122729,42.9726315789474,0.349473684210526,0.79578947368421,956
"OHT_JHU-nbxd",2.1022082596943,36.1722369983278,2.20322346940355,54.5835,0.261538461538462,0.661538461538462,1040
"UGA_flucast-INFLAenza",0.718520617738332,12.8927780811037,0.717493835812306,18.9519230769231,0.598076923076923,0.944230769230769,1040
"UM-DeepOutbreak",1.43603386292388,25.4178029017614,1.51529783955057,38.4955796306603,0.555769230769231,0.892307692307692,832
"UMass-ar6_pooled",1.55266197490848,26.0917642554196,1.70657247865947,40.9463273324702,0.525641025641026,0.950854700854701,988
"UMass-gbqr",1.36564363234763,22.0817456122967,1.58261049106328,36.3500337853805,0.435897435897436,0.935897435897436,988
