"model_id","target_end_date","wis_scaled_relative_skill","wis_scaled_relative_skill__log","wis","wis__log","ae_median_scaled_relative_skill","ae_median_scaled_relative_skill__log","ae_median","ae_median__log","interval_coverage_50","interval_coverage_95","n"
"CEPH-Rtrend_covid",2024-11-30,0.725721178040673,0.670695654357513,353.529130434783,0.0428124322662097,0.559738134206219,0.526494882343791,342,0.042369771039013,1,1,1
"CEPH-Rtrend_covid",2024-12-07,0.367099555944228,0.359390199423234,704.992173913043,0.0820453933187664,0.542720376815933,0.511927034434285,1157,0.131060908936862,0.5,1,2
"CEPH-Rtrend_covid",2024-12-14,0.433789714349746,0.431356156596916,1005.3868115942,0.11217054417789,0.691160119052652,0.65694842155964,1769.66666666667,0.190673750763128,0.666666666666667,1,3
"CEPH-Rtrend_covid",2024-12-21,0.433978542354513,0.439272111083338,1321.52586956522,0.138837477451495,0.744467697965877,0.712083533562364,2513.5,0.252215149453901,0.5,1,4
"CEPH-Rtrend_covid",2024-12-28,0.470745707212002,0.465896208076589,2614.51326086957,0.228275641703504,0.797068638558385,0.760983306454354,4802.75,0.411256338432636,0,1,4
"CEPH-Rtrend_covid",2025-01-04,0.498502374472719,0.475442231549227,4017.22608695652,0.276028459512115,0.806486068608185,0.75150499329329,7009.5,0.479994563843828,0,1,4
"CEPH-Rtrend_covid",2025-01-11,0.565966993517651,0.497279545819489,1773.13358695652,0.118946123499954,0.701213956756929,0.60650174547244,2806.75,0.186070271688233,0.75,1,4
"CEPH-Rtrend_covid",2025-01-18,1.48489935479449,1.16610439648714,2311.97826086957,0.138342931394213,1.65662846000218,1.33342569643634,3515.5,0.21347199851118,0.75,1,4
"CEPH-Rtrend_covid",2025-01-25,2.95136045913233,2.45520787702668,3573.55942028985,0.198312609947436,2.95891698832993,2.61056770978397,5476.33333333333,0.318036789129755,0.666666666666667,1,3
"CEPH-Rtrend_covid",2025-02-01,2.15178209607702,1.88711529919982,3170.2131884058,0.193591610621802,2.23936042552156,2.02119140469786,5277.33333333333,0.330774636783113,0.333333333333333,1,3
"CEPH-Rtrend_covid",2025-02-08,1.78080312800034,2.07133617517451,1789.28101449275,0.163456465520918,2.21676491812817,2.44923792520838,3294.66666666667,0.284163042058956,0.666666666666667,1,3
"CEPH-Rtrend_covid",2025-02-15,2.28751757771657,2.54422251475551,1433.42043478261,0.143242486403571,3.2961098493094,3.65494160968034,2228,0.215635581978849,0.666666666666667,1,3
"CEPH-Rtrend_covid",2025-02-22,1.98577984302038,2.3299656605202,1371.07326086957,0.152408207824272,2.19571111380035,2.57388366603138,1840,0.20246379490054,1,1,4
"CEPH-Rtrend_covid",2025-03-01,1.95842202532925,2.31145540708834,1359.47119565217,0.151136772789929,2.52215255883306,2.85902902996111,2108,0.223518573454738,0.75,1,4
"CEPH-Rtrend_covid",2025-03-08,1.99991366728828,2.34986807261046,1259.19347826087,0.150674223868556,2.99387170001749,3.4248284458326,2174,0.247547644509995,0.25,1,4
"CEPH-Rtrend_covid",2025-03-15,2.04868680290051,2.50352670765631,1230.32576086957,0.163843668287483,4.78581238979969,5.69663653310363,2387.25,0.304001142470753,0.5,1,4
"CEPH-Rtrend_covid",2025-03-22,1.9059418125545,2.32794565946183,1117.0297826087,0.159873847720197,4.05631253570898,4.84390831875208,2104.25,0.289815674368462,0.5,1,4
"CEPH-Rtrend_covid",2025-03-29,1.59373985308291,1.90550016085041,961.714130434783,0.142310514256633,2.61349693209306,3.01012907242073,1843.75,0.260230362002461,0.5,1,4
"CEPH-Rtrend_covid",2025-04-05,1.12351574486837,1.38380957484856,655.443804347826,0.108273370310946,1.79303069227953,2.12945940674524,1137.25,0.178700879300572,1,1,4
"CEPH-Rtrend_covid",2025-04-12,0.973612112534125,1.21342199013931,600.594456521739,0.109492606929946,1.16510827032467,1.40191554491489,1027.5,0.179082371485015,1,1,4
"CEPH-Rtrend_covid",2025-04-19,1.2873989214562,1.54267440378517,724.124239130435,0.142667471552363,1.74092587448667,2.07178749577944,1332.5,0.252381061839075,0.25,1,4
"CEPH-Rtrend_covid",2025-04-26,1.44353828405294,1.75652978578582,744.936630434783,0.160148655753902,2.30611565354687,2.85858231089519,1421,0.293681902741633,0.25,1,4
"CEPH-Rtrend_covid",2025-05-03,0.955625586582692,1.21486392500572,527.322173913043,0.13657753071384,1.26384629126928,1.63468896337091,927.5,0.232364928489339,0.5,1,4
"CEPH-Rtrend_covid",2025-05-10,0.800944565048597,1.00024561675496,429.580760869565,0.124685489047158,0.780515794338393,1.03721396058133,638.25,0.18545072362616,0.75,1,4
"CEPH-Rtrend_covid",2025-05-17,0.794853797051338,0.889827952010095,396.424130434783,0.115697408840021,1.07609776393109,1.31322616347275,693.5,0.193982997402705,0.75,1,4
"CEPH-Rtrend_covid",2025-05-24,1.0512339597173,1.09333999807891,459.606956521739,0.147777940595477,1.88127321653795,2.2800427880331,868.25,0.268560799351986,0.25,1,4
"CEPH-Rtrend_covid",2025-05-31,1.70833368119614,1.52705124569439,796.718913043478,0.264060678227276,2.63743250579162,3.11026889431628,1399.5,0.460497705368354,0,1,4
"CEPH-Rtrend_covid",2025-06-07,1.78600264192093,1.57512747047718,801.433043478261,0.28268929609536,3.23718545059162,3.86543415217161,1375.5,0.483655865581395,0,1,4
"CEPH-Rtrend_covid",2025-06-14,1.5198402220791,1.29780251889917,614.697282608696,0.227982213466052,3.83523258224526,4.67431250016345,1077.25,0.395340459976819,0.25,1,4
"CEPH-Rtrend_covid",2025-06-21,1.59338401144778,1.28748581013338,689.299782608696,0.235654300232654,2.11991748792863,2.52297979167662,1199.25,0.406237737154215,0,1,4
"CEPH-Rtrend_covid",2025-06-28,1.2237298484084,0.996241947206735,477.68347826087,0.159215340203568,2.13790449429312,2.40542321270568,881,0.286614477036466,0.25,1,4
"CEPH-Rtrend_covid",2025-07-05,0.995317986477524,0.761675361269856,449.496630434783,0.137852449720724,1.31282556786042,1.36844172749213,874.5,0.259134641792407,0,1,4
"CEPH-Rtrend_covid",2025-07-12,1.14695663023862,0.921017766432123,693.140869565217,0.196509620218811,1.18224005175294,1.23143040662992,1254,0.351352763507796,0,1,4
"CEPH-Rtrend_covid",2025-07-19,1.10100039168113,0.910510407935855,756.168804347826,0.200981088512183,1.09558223782751,1.13536574666171,1358.25,0.357145978154843,0,1,4
"CEPH-Rtrend_covid",2025-07-26,0.948021324644867,0.806880076179715,895.116086956522,0.210518787496345,0.949234256429723,0.951011123570692,1596,0.372276072910856,0,1,4
"CEPH-Rtrend_covid",2025-08-02,0.942085176499018,0.844156056005986,1246.38706521739,0.253529834160649,0.936722601832412,0.937694518441224,2088.5,0.426631627309379,0,1,4
"CEPH-Rtrend_covid",2025-08-09,0.755643710153492,0.687471550998378,1277.88326086957,0.22345488322097,0.800023256118923,0.781961725385634,2161.5,0.378519092555114,0,1,4
"CEPH-Rtrend_covid",2025-08-16,0.567264638194585,0.530790278082098,1193.2097826087,0.183943351478804,0.572132443632637,0.555349153529929,1912.25,0.296826400349512,0.5,0.75,4
"CEPH-Rtrend_covid",2025-08-23,0.388241069217153,0.355216792570394,965.667065217391,0.120747693557894,0.407170747951637,0.371952899901301,1564.5,0.195188331619601,0.75,1,4
"CEPH-Rtrend_covid",2025-08-30,0.242962524618197,0.210976012174865,585.00902173913,0.0591534139383551,0.181296926511934,0.155344431966541,640.5,0.0642362185092935,1,1,4
"CEPH-Rtrend_covid",2025-09-06,0.278836569919329,0.235244117510778,587.066739130435,0.0527467194409128,0.11781117648292,0.100306093161029,334.5,0.0304054885804108,1,1,4
"CEPH-Rtrend_covid",2025-09-13,0.908033475956906,0.727396653402953,851.93847826087,0.0729473486426664,0.856990123029912,0.725543620663056,1373.25,0.122604667109128,0.75,1,4
"CEPH-Rtrend_covid",2025-09-20,3.83923883129433,3.163064646168,1463.8302173913,0.129977278489948,5.93844953916903,5.12974486928298,2632.25,0.240897579363766,0,1,4
"CEPH-Rtrend_covid",2025-09-27,2.82602877436677,2.50252464676988,2461.3677173913,0.24684031930183,2.64694406310433,2.33219668747213,4090.25,0.411682820843616,0,1,4
"CEPH-Rtrend_covid",2025-10-04,1.81137461129931,1.6087824109039,3613.79753623188,0.404194921561652,1.7698297685489,1.56534386340821,5680,0.62561331969216,0,0.333333333333333,3
"CEPH-Rtrend_covid",2025-10-11,1.52018937502475,1.34921964280803,3938.00108695652,0.504266283509471,1.53626969525851,1.36599925370364,6143,0.770946638380835,0,0,2
"CEPH-Rtrend_covid",2025-10-18,1.27747120177286,1.15689202798456,3770.79043478261,0.555772491147304,1.32200755052187,1.21335534950792,5953,0.863323269023653,0,0,1
"CEPH-Rtrend_covid",2025-11-29,0.594198814607415,0.471863641120395,156.061304347826,0.0456673260543837,0.548647077816736,0.521195547641037,195,0.055880458394455,1,1,1
"CEPH-Rtrend_covid",2025-12-06,0.832643254922088,0.700361803004173,509.073695652174,0.136684463439472,0.808389162502145,0.772551729008292,918.5,0.241496822293825,0.5,1,2
"CEPH-Rtrend_covid",2025-12-13,0.905883281082475,0.768971782762128,623.571594202899,0.158462656669137,0.917389932504453,0.88243396502235,1183.66666666667,0.29120544138301,0,1,3
"CEPH-Rtrend_covid",2025-12-20,0.806813493837948,0.740258028461423,1135.2722826087,0.248397803020187,0.890807899510421,0.870964990551219,2093,0.448484638474921,0,1,4
"CEPH-Rtrend_covid",2025-12-27,0.767743955527581,0.726367920587886,2045.6275,0.351895167611583,0.882752549777573,0.853822447994083,3394.75,0.588304265594902,0,0.75,4
"CEPH-Rtrend_covid",2026-01-03,0.701020190855635,0.667474355501714,2454.54336956522,0.336000089179595,0.865311264131934,0.816479395341531,4071.75,0.560664326952552,0,0.75,4
"CEPH-Rtrend_covid",2026-01-10,0.535367201602644,0.487783245347892,921.905108695652,0.125279670101603,0.594057597102969,0.531186692577417,1628.5,0.213392313419695,0.5,1,4
"CEPH-Rtrend_covid",2026-01-17,1.38448831452915,1.14811690380496,904.204565217391,0.10760782686559,1.17214383527279,0.999751133642901,1291.5,0.153463989683571,0.5,1,4
"CEPH-Rtrend_covid",2026-01-24,2.01858110976531,1.78681657311531,1269.88652173913,0.147071750819513,2.35485883144206,2.20062219115667,2173.75,0.262023863056989,0.5,1,4
"CEPH-Rtrend_covid",2026-01-31,1.53971017239782,1.37064956233941,1185.45956521739,0.143548832341954,1.52508028056729,1.39241894497946,2004.75,0.248933338582163,0.25,1,4
"CEPH-Rtrend_covid",2026-02-07,1.31672099907347,1.35661163810241,638.189130434783,0.0980265797063585,1.30852105341026,1.3873056532691,937.25,0.146691657170841,0.75,1,4
"CEPH-Rtrend_covid",2026-02-14,1.6995170999473,1.84750715363369,759.69152173913,0.138270037619301,2.3348258572792,2.52788561757207,1383.25,0.243806722084309,0.25,1,4
"CEPH-Rtrend_covid",2026-02-21,1.91950718468095,2.12279432295264,863.167391304348,0.170337847707634,2.69206009001992,3.02289047319726,1680.75,0.318874753680295,0,1,4
"CEPH-Rtrend_covid",2026-02-28,1.69651348930897,1.93963029346968,586.779239130435,0.123257476323407,7.03268037646691,8.1626643508501,970,0.197914395458401,0.75,1,4
"CEPH-Rtrend_covid",2026-03-07,1.2016852880711,1.35072325404252,485.873913043478,0.105517287414981,1.09598210232859,1.23335445808483,649.5,0.141503652809581,1,1,4
"CEPH-Rtrend_covid",2026-03-14,0.830867677368641,0.872148043355619,442.704891304348,0.0950811523531521,0.511230877089269,0.546391166194613,450.25,0.0992923129696779,1,1,4
"CEPH-Rtrend_covid",2026-03-21,0.733634359206085,0.772456083769393,392.767391304348,0.0899936044261785,0.28913885329575,0.319733649995474,268.25,0.06448408648644,1,1,4
"CEPH-Rtrend_covid",2026-03-28,0.649337303169275,0.683270681063878,750.478586956522,0.246546983502045,0.637707334121656,0.712521182117217,1280.5,0.444783176397466,0,0.75,4
"CEPH-Rtrend_covid",2026-04-04,0.548183039836348,0.571374143751118,477.280652173913,0.182994932133541,0.556563757753184,0.666810760134041,803.25,0.334857057746073,0.5,1,4
"CEPH-Rtrend_covid",2026-04-11,0.500191422319071,0.486856125965237,320.888152173913,0.146288612181914,0.474095762174848,0.582449227507362,441,0.216442857136437,0.75,1,4
"CEPH-Rtrend_covid",2026-04-18,0.615190989001353,0.588046940651329,268.564456521739,0.157652543611683,0.773183921157632,1.05171266374084,359,0.218838939907176,0.75,1,4
"CEPH-Rtrend_covid",2026-04-25,0.980896827567716,0.736367407469502,300.44152173913,0.220340623041066,2.961566229028,3.45201190856101,555,0.38383342116657,0.75,1,4
"CEPH-Rtrend_covid",2026-05-02,0.822493337397357,0.617835564829746,252.644565217391,0.210082301519368,4.59460250994334,5.75713418591479,435.25,0.347222520403826,1,1,4
"CEPH-Rtrend_covid",2026-05-09,0.717659873656827,0.484112792664932,215.366630434783,0.173096950652183,3.01463697424028,3.56363903265377,309.25,0.252038107026518,1,1,4
"CEPH-Rtrend_covid",2026-05-16,0.654340871434742,0.372224743083704,200.102717391304,0.136166875646943,1.43863573973646,1.48469913767276,210.25,0.150102898252001,1,1,4
"CEPH-Rtrend_covid",2026-05-23,0.589406954311124,0.328869450545347,181.186739130435,0.118983128490908,0.965828783100862,0.952408189484767,181.75,0.128481925536192,1,1,4
"CEPH-Rtrend_covid",2026-05-30,0.578632195725501,0.325782325943007,166.566086956522,0.130420197389569,0.682908869548059,0.716172126273417,139.5,0.119134956812701,1,1,4
"CEPH-Rtrend_covid",2026-06-06,0.532784940747379,0.289586773616024,146.987608695652,0.130683927071565,0.25794304357775,0.275838539685059,40.75,0.0390613292847501,1,1,4
"CEPH-Rtrend_covid",2026-06-13,0.498726051179786,0.27583431022434,134.596739130435,0.136782878667691,0.611951898675367,0.671142475143215,72.5,0.0764719577222654,1,1,4
"CEPH-Rtrend_covid",2026-06-20,0.431025511722113,0.23190824077229,112.00347826087,0.129032910411036,0.827717809105812,0.919123747192873,62.75,0.0739608853603351,1,1,4
"CEPH-Rtrend_covid",2026-06-27,0.427417628013806,0.22728874236192,108.331086956522,0.134902992192095,1.97057948110801,2.08741560475376,139.5,0.168052602042134,1,1,4
"CEPH-Rtrend_covid",2026-07-04,0.553052954125584,0.282747726541255,137.509565217391,0.167278038549193,1.36236313919686,1.43035336821625,222.5,0.257858699028313,1,1,4
"CEPH-Rtrend_covid",2026-07-11,0.656234748429721,0.330252793915707,173.182826086957,0.192824623861646,1.098362716176,1.14103161289381,321.5,0.337547239527696,1,1,4
"CEPH-Rtrend_covid",2026-07-18,0.725314676136073,0.35791971883157,212.203152173913,0.209878204203181,0.97371089752249,0.980787255430992,404.75,0.376060113030548,0.75,1,4
"CEPH-Rtrend_covid",2026-07-25,0.775599767410925,0.413259466152694,260.082282608696,0.224825877213948,0.919129354471409,0.926371082862041,512.25,0.416630939975339,0.5,1,4
"CEPH-Rtrend_covid",2026-08-01,0.734636190391901,0.401944866185087,293.347065217391,0.211936189680781,0.802654922620694,0.774711347494549,578.5,0.395686506913619,0.25,1,4
"CEPH-Rtrend_covid",2026-08-08,0.728037776094499,0.420762748506094,317.374456521739,0.204354836644599,0.767271731053187,0.752052165482659,615.25,0.3761563213736,0.5,1,4
"CEPH-Rtrend_covid",2026-08-15,0.661485704047262,0.396966511733412,319.696630434783,0.16744585572592,0.672535462837105,0.623543744738306,610.5,0.302954588764515,0.25,1,4
"CEPH-Rtrend_covid",2026-08-22,0.724717535475288,0.470342524905745,433.516739130435,0.190977678805629,0.750420112165697,0.701095965601758,842,0.354602658143381,0.25,1,4
"CEPH-Rtrend_covid",2026-08-29,0.768762825334916,0.573912321710987,692.709347826087,0.243282166381786,0.803885841260926,0.751909264364853,1293.75,0.442889645129378,0,1,4
"CEPH-Rtrend_covid",2026-09-05,0.720870840954345,0.591825820237959,684.561739130435,0.220587925257186,0.77741045918564,0.737884605926244,1301.75,0.407643317586194,0,1,4
"CEPH-Rtrend_covid",2026-09-12,0.565837927043969,0.413086867872229,534.574456521739,0.156024446607857,0.651260915000881,0.616086599739822,1027.25,0.287748231269589,0.5,1,4
"CEPH-Rtrend_covid",2026-09-19,0.420907106457762,0.27309980843489,427.028369565217,0.112920614964051,0.448050366078716,0.426413995018475,732.75,0.187891486534719,0.75,1,4
"CEPH-Rtrend_covid",2026-09-26,0.346640082233564,0.186507652931273,313.39152173913,0.0745824047948741,0.437904709952721,0.411996959934114,352.5,0.0829586201295913,1,1,4
"CEPH-Rtrend_covid",2026-10-03,0.385638570553167,0.187568171479477,338.402717391304,0.0774880836505673,1.81742529944167,1.72363327915382,448.5,0.104297525223442,0.75,1,4
"CFA-EpiAutoGP",2025-08-30,0.434212091079938,0.391399920530536,719.140634652174,0.0720577449097217,0.245617009967458,0.213638436168759,635.8439,0.0622413445170622,1,1,1
"CFA-EpiAutoGP",2025-09-06,0.552535635614447,0.502852649544509,908.06140026087,0.0863974991463461,0.322057122496626,0.290932639656407,838.82205,0.0797332540714573,1,1,2
"CFA-EpiAutoGP",2025-09-13,1.26847544753499,1.09873857325751,1065.63891271014,0.097036232229008,0.711607441538536,0.637173632823775,982.7503,0.0916023211380139,0.666666666666667,1,3
"CFA-EpiAutoGP",2025-09-20,4.08134165194822,3.40936124971326,1485.7300335,0.134931459808326,4.62841715887527,4.07511641922596,1845.0304,0.173326789807108,0.5,1,4
"CFA-EpiAutoGP",2025-09-27,2.35125081700322,2.1412159124849,2016.90768822826,0.20842113384609,1.88807889033862,1.69760667459071,2882.781875,0.295180032169247,0.25,0.75,4
"CFA-EpiAutoGP",2025-10-04,1.58830015429842,1.44898724161316,3423.26701478261,0.387362343754645,1.48665411562436,1.34803155312866,5164.7614,0.574839838835593,0,0,3
"CFA-EpiAutoGP",2025-10-11,1.26386744629914,1.17376780486848,3440.27282858696,0.454814059756476,1.2297790401685,1.14417978777884,5157.59075,0.66834739060433,0,0,2
"CFA-EpiAutoGP",2025-10-18,0.842765639020589,0.863796557955362,2487.6432486087,0.414969031894587,0.851849900066622,0.889785713017197,3835.8801,0.633097889092493,0,0,1
"CFA-EpiAutoGP",2025-11-22,0.441247253944201,0.348577155106143,110.849003782609,0.0305243766220832,0.419966153846153,0.386969320008147,163.7868,0.045939568531514,1,1,1
"CFA-EpiAutoGP",2025-11-29,0.802328843314622,0.566433313669691,249.945638673913,0.0644040978918249,0.966707526545496,0.848692669353576,457.7998,0.119926058800468,0,1,2
"CFA-EpiAutoGP",2025-12-06,0.466796639002249,0.343364382312645,294.306139376812,0.0672754597449491,0.433414964209975,0.373402264130997,489.881333333333,0.11402121043481,0.333333333333333,1,3
"CFA-EpiAutoGP",2025-12-13,0.455068604179832,0.315181313269038,389.088753793478,0.0773583977769687,0.411621483143225,0.338195659870285,667.771725,0.135525312727966,0.5,1,4
"CFA-EpiAutoGP",2025-12-20,0.372554819664228,0.2832236139457,555.026043923913,0.0982225879768993,0.384515268236015,0.317597495921521,965.3311,0.171436581814872,0.25,1,4
"CFA-EpiAutoGP",2025-12-27,0.446162181132234,0.373318810022325,1173.42490021739,0.176363502580141,0.511864264530203,0.435377724098744,1952.493375,0.293766136639415,0,0.75,4
"CFA-EpiAutoGP",2026-01-03,0.360524997219731,0.302460305648692,1512.82884252174,0.183739811323301,0.472975003143315,0.388963654791069,2612.56786666667,0.315839115936694,0,1,3
"CFA-EpiAutoGP",2026-01-10,0.937848570879925,0.660786452164275,1267.78724614493,0.136760108483192,0.916203626968599,0.659723603366772,1768.16423333333,0.190835135091299,0.333333333333333,0.666666666666667,3
"CFA-EpiAutoGP",2026-01-17,4.1149219773929,2.9034636011989,2759.25234008696,0.279842801128244,3.17960535047318,2.3069168241833,3844.07763333333,0.387215366171052,0,0.333333333333333,3
"CFA-EpiAutoGP",2026-01-24,4.80935349647669,3.83621489272446,3277.89968531884,0.32865840061687,4.37501358295745,3.36986201552653,4418.84303333333,0.426503404898583,0.333333333333333,0.333333333333333,3
"CFA-EpiAutoGP",2026-01-31,3.6847929750257,2.89903194675954,3085.00716157609,0.318705069027483,3.21586430281121,2.48194450067176,4384.297925,0.442627853040975,0.25,0.5,4
"CFA-EpiAutoGP",2026-02-07,1.87742586838552,1.93963738089217,936.780300391304,0.142726427187534,1.97214684363568,2.09482416264047,1518.094075,0.231666996645082,0.25,0.75,4
"CFA-EpiAutoGP",2026-02-14,1.39739399797188,1.50148298790123,721.74447598913,0.131412551764174,1.7220746478138,1.89051339639095,1174.168975,0.213278397000566,0.25,0.75,4
"CFA-EpiAutoGP",2026-02-21,1.09881496098213,1.13139383485612,580.438082619565,0.108282030447087,1.05523782408038,1.16541959621612,818.808675,0.156638472032738,0.75,1,4
"CFA-EpiAutoGP",2026-02-28,1.0778127922204,0.99048534628399,343.178080782609,0.0565187724667191,3.47313762909514,3.36304353595755,381.010225,0.0639119094930849,0.75,1,4
"CFA-EpiAutoGP",2026-03-07,1.58334368368128,1.49738638883865,581.625149826087,0.103176804193776,1.80104040528172,1.71631240440131,934.5748,0.168763965432316,0.25,1,4
"CFA-EpiAutoGP",2026-03-14,1.41461227998738,1.35919738455974,736.564130391304,0.142849100852996,1.22188012314661,1.1579329121818,1097.562725,0.213624405604678,0.5,0.75,4
"CFA-EpiAutoGP",2026-03-21,1.25190194633861,1.17206335561293,818.474715760869,0.163137859768322,0.926466921753572,0.859437357466448,1225.0873,0.239931769560406,0.5,0.75,4
"CFA-EpiAutoGP",2026-03-28,1.24293106402925,1.26057343023263,1474.43154436957,0.464001237788134,0.962851771640893,0.952906044979319,2001.590575,0.606702332250456,0,0,4
"CFA-EpiAutoGP",2026-04-04,1.05473027974475,1.13744571935715,897.993285271739,0.357131412483119,0.88025974233956,0.994365754042301,1265.43935,0.494956195583747,0,0,4
"CFA-EpiAutoGP",2026-04-11,1.07855264537907,1.06219412677336,755.561547916304,0.335818152320008,1.17416121113905,1.35189139876041,1081.7491,0.474613749674211,0.25,0.25,4
"CFA-EpiAutoGP",2026-04-18,1.02847343919257,0.842842204776834,545.163779293478,0.270736339781971,1.43916599536916,1.64307728722195,827.93845,0.413070565013583,0,0.5,4
"CFA-EpiAutoGP",2026-04-25,0.833106324436514,0.589590348630351,263.107925758696,0.183286768352422,2.31647801463746,2.69326526868906,453.2833875,0.31545386343183,0.25,1,4
"CFA-EpiAutoGP",2026-05-02,0.51964452620351,0.323206746192655,157.405632491304,0.107153744431974,2.67990103855493,2.89253364323187,244.6762,0.167233160318538,0.5,1,4
"CFA-EpiAutoGP",2026-05-09,0.670185821780931,0.392517286858317,185.277232525,0.126038532798997,3.30566942214209,3.37934566711135,307.148775,0.212181136746589,0.25,1,4
"CFA-EpiAutoGP",2026-05-16,0.700674192781904,0.368080932614787,198.700223633696,0.124395946129362,2.30239942509232,2.1362651866483,310.218625,0.198850122786856,0.25,1,4
"CFA-EpiAutoGP",2026-05-23,0.743370995999929,0.391955547065566,242.752611277174,0.150995708909513,2.41288446356734,2.20230828561361,405.780575,0.265499199951023,0.5,1,4
"CFA-EpiAutoGP",2026-05-30,0.775179332382543,0.386919206347479,275.1865386,0.185062060575044,1.70626337724739,1.48021719247181,441.231025,0.300428744259244,0.5,1,4
"CFA-EpiAutoGP",2026-06-06,0.483425722000335,0.233533248374497,143.199884925,0.111376498900898,1.28553529004824,1.1562449141983,216.11835,0.171057043432801,0.5,1,4
"CFA-EpiAutoGP",2026-06-13,0.267783835923845,0.13386292352288,91.9495336304348,0.0826029062333464,0.645601410173709,0.637157224478828,105.6219,0.0972650231069799,0.666666666666667,1,3
"CFA-EpiAutoGP",2026-06-20,0.444426814381658,0.19975918694522,170.39632266087,0.153866111463379,2.59305264312426,2.45073741716818,302.6148,0.285391799266878,0.5,1,2
"CFA-EpiAutoGP",2026-06-27,0.223500444907177,0.10147334393233,100.902900265217,0.096031316409084,1.40789795659441,1.38753507485824,165.9649,0.166517654280049,1,1,1
"CFA-PyRenew_H",2026-09-19,0.455480292009945,0.281827125715877,220.78312173913,0.0509921973681762,0.837918469486539,0.785148916575102,395,0.0907104564387495,0,1,1
"CFA-PyRenew_H",2026-09-26,0.212639530660489,0.116916799210533,143.154490217391,0.0332266111810981,0.508541992080172,0.48484767918033,220.25,0.0504515198382265,1,1,2
"CFA-PyRenew_H",2026-10-03,0.225667467100845,0.114970331393864,193.30495,0.0449999162670255,0.92092684518193,0.897179732864543,243.166666666667,0.0572735813088011,1,1,3
"CFA-PyRenew_HE",2026-09-19,0.174087558093768,0.10057665670168,84.3847586956522,0.0181977682813037,0.169705006478286,0.150698914920072,80,0.0174106683058977,1,1,1
"CFA-PyRenew_HE",2026-09-26,0.133369727553697,0.0705965531032077,90.1562510869565,0.0201152091316566,0.114943528094567,0.106938066383719,57.5,0.0128455629683675,1,1,2
"CFA-PyRenew_HE",2026-10-03,0.285527469419276,0.144846611671965,206.045895652174,0.0480625457333468,1.22964872684783,1.1666475899259,262.166666666667,0.0605397355196816,0.666666666666667,1,3
"CFA_Pyrenew-Pyrenew_HE_COVID",2025-03-08,1.08067884678646,1.20189343386575,424.794278260869,0.0447726985212294,2.01437971228767,2.15983130968142,794.5,0.0828444205959507,0,1,1
"CFA_Pyrenew-Pyrenew_HE_COVID",2025-03-15,1.34280065496765,1.50092684759304,586.651825,0.067789214805539,2.98928955361798,3.27373785041393,1109.75,0.126508009247481,0,1,2
"CFA_Pyrenew-Pyrenew_HE_COVID",2025-03-22,0.883452453404829,0.954379113997609,373.394344565217,0.0448572697921705,1.65407889018788,1.73573062286093,605.75,0.0717254116292869,0.5,1,2
"CFA_Pyrenew-Pyrenew_HE_COVID",2025-03-29,0.855697611352304,0.89996771908189,429.553534782609,0.0560612250545143,1.33030780275185,1.38112621658902,780,0.100126852429201,0.5,1,2
"CFA_Pyrenew-Pyrenew_HE_COVID",2025-04-05,0.963961926041847,1.07541346690263,425.321889130435,0.0632775053654301,1.73348453026233,1.92228495298174,683,0.101220292004509,0,0.5,2
"CFA_Pyrenew-Pyrenew_HE_COVID",2025-04-12,0.958346986293152,1.09648511277311,451.374732608696,0.0754149219615124,1.1866188324588,1.37092193524187,735.75,0.123140700718264,0,1,2
"CFA_Pyrenew-Pyrenew_HE_COVID",2025-04-19,1.35244499716161,1.44344855994149,655.064615217391,0.11793045279985,1.44094576651067,1.59463280412459,993.25,0.18008336480529,0,0.5,2
"CFA_Pyrenew-Pyrenew_HE_COVID",2025-04-26,0.712546218460411,0.737431163721593,290.961389130435,0.0556319193626543,1.11842652483687,1.22675591035861,558,0.105248763267533,0.5,1,2
"CFA_Pyrenew-Pyrenew_HE_COVID",2025-05-03,0.424394706598591,0.446397717094906,164.050191304348,0.0335747176604643,0.246689945034484,0.277709759974797,114,0.0238132918082306,1,1,2
"CFA_Pyrenew-Pyrenew_HE_COVID",2025-05-10,0.555331909035781,0.604918706911951,226.919358695652,0.0577252327774063,0.867245051341671,0.999310667001034,348.25,0.0878056046939593,0.5,1,2
"CFA_Pyrenew-Pyrenew_HE_COVID",2025-05-17,0.962534391463807,1.06997148966106,382.808927173913,0.110282520126557,1.43351122421877,1.78664483424122,692.5,0.198102684925612,0,1,2
"CFA_Pyrenew-Pyrenew_HE_COVID",2025-05-24,0.393533978281904,0.347688217305222,155.6336,0.0443956293423597,0.40469627873824,0.429746896000185,206.75,0.0587825570620186,1,1,2
"CFA_Pyrenew-Pyrenew_HE_COVID",2025-05-31,0.371481226682124,0.274038024260141,158.298160869565,0.042870684035784,0.414013346128511,0.400110920908516,219.75,0.0587810434423508,1,1,2
"CFA_Pyrenew-Pyrenew_HE_COVID",2025-06-07,0.333766973925866,0.234437839756242,116.800516304348,0.03130346132287,0.260758313071287,0.246438615697423,110.5,0.0299965312336505,0.5,1,2
"CFA_Pyrenew-Pyrenew_HE_COVID",2025-06-14,0.316783359322969,0.218881879492021,96.8298260869565,0.0281123479368277,0.635563979220149,0.615396011526925,151.5,0.0435036594851947,1,1,2
"CFA_Pyrenew-Pyrenew_HE_COVID",2025-06-21,0.491176474257607,0.353943866336361,191.835789130435,0.0541086969136548,0.364509291846167,0.373601858421312,310.75,0.087591490150519,0.5,1,2
"CFA_Pyrenew-Pyrenew_HE_COVID",2025-06-28,0.961375173934149,0.627120986660961,256.048260869565,0.0653023641562323,1.06318963495018,0.98823955327274,314,0.0799210612617491,0.5,1,2
"CFA_Pyrenew-Pyrenew_HE_COVID",2025-07-05,0.965028844483332,0.5780013635358,345.052060869565,0.0806504118813071,1.19285669051521,1.00955544981923,585.5,0.137402048817655,0,1,2
"CFA_Pyrenew-Pyrenew_HE_COVID",2025-07-12,0.365478773898058,0.261333993067739,221.956430434783,0.0550723190068478,0.311744885859981,0.291344835161639,365.75,0.0907589351500402,0.5,1,2
"CFA_Pyrenew-Pyrenew_HE_COVID",2025-07-19,0.196462978318257,0.131202133093946,112.031059782609,0.023322150475653,0.152637767304108,0.129564925610784,163.5,0.034394799397969,0.5,1,2
"CFA_Pyrenew-Pyrenew_HE_COVID",2025-07-26,0.143593286201397,0.108941885458549,94.977177173913,0.0185085531622031,0.115959508406185,0.106625136795366,132.5,0.0256737718321371,1,1,2
"CFA_Pyrenew-Pyrenew_HE_COVID",2025-08-02,0.121688089800837,0.0945044923014772,118.067140217391,0.0194144669840538,0.0887401780934762,0.0784575534709541,140.75,0.023090575830544,1,1,2
"CFA_Pyrenew-Pyrenew_HE_COVID",2025-08-09,0.0970762972081293,0.0725168675088513,127.337608695652,0.0172986653794302,0.0769342794194606,0.0617275810042746,171.25,0.0235054257498355,1,1,2
"CFA_Pyrenew-Pyrenew_HE_COVID",2025-08-16,0.15411415577168,0.119235872204054,196.675051086957,0.0231770605150364,0.161214134944018,0.1303476416666,329,0.0391502116325029,0.5,1,2
"CFA_Pyrenew-Pyrenew_HE_COVID",2025-08-23,0.132088972948405,0.105328793149309,225.558958695652,0.0227875070774764,0.138209743132459,0.112109024281453,364.25,0.0370758242638258,0.5,1,2
"CFA_Pyrenew-Pyrenew_HE_COVID",2025-08-30,0.483272266846081,0.384367981251945,946.618157608696,0.0840301847890925,0.511171304409889,0.401346712990634,1463.5,0.129593948185777,0,0.5,2
"CFA_Pyrenew-Pyrenew_HE_COVID",2025-09-06,0.745612443461017,0.596401679572177,1225.37233043478,0.102470601772489,0.721134822730623,0.571124023933321,1878.25,0.156522750284632,0,0.5,2
"CFA_Pyrenew-Pyrenew_HE_COVID",2025-09-13,2.52231947468445,2.0510111852074,1855.9268076087,0.158729849539795,2.06661889216765,1.68674961586497,2705.75,0.229156736441462,0,0,2
"CFA_Pyrenew-Pyrenew_HE_COVID",2025-09-20,6.12788727314971,5.31998307961149,2083.55766195652,0.191237946483529,9.14670426944169,7.94921817868659,2898,0.262669403867506,0,0,2
"CFA_Pyrenew-Pyrenew_HE_COVID",2025-09-27,2.47067682562348,2.32701336756236,1769.51783043478,0.194933757039602,1.94858433022059,1.80097849581914,2565.75,0.279997520591779,0,0.5,2
"CFA_Pyrenew-Pyrenew_HE_COVID",2025-10-04,0.917675350433233,0.920185422857648,1208.52117608696,0.165119821639638,0.884366013281726,0.884714927467139,1935,0.263297826072558,0,1,1
"CFA_Pyrenew-Pyrenew_HE_COVID",2025-11-22,1.40921868310445,1.26259712372655,354.020304347826,0.110563729039709,1.46538461538462,1.50922181517024,571.5,0.179169240098438,0,1,1
"CFA_Pyrenew-Pyrenew_HE_COVID",2025-11-29,1.11472358886479,0.937141637126782,336.042839130435,0.103194617012741,1.27811412123908,1.31013734219833,587.5,0.1796230654783,0,1,2
"CFA_Pyrenew-Pyrenew_HE_COVID",2025-12-06,1.37890750401261,1.16812703276356,843.056777173913,0.227974763925664,1.06186339091871,1.06144571399087,1206.5,0.331804016923564,0,0.5,2
"CFA_Pyrenew-Pyrenew_HE_COVID",2025-12-13,0.782045005997224,0.623377170796283,488.188108695652,0.114536599583216,0.726353291081607,0.662948520860596,814.75,0.19123325379154,0,1,2
"CFA_Pyrenew-Pyrenew_HE_COVID",2025-12-20,0.703797532120179,0.609013275168776,809.409676086957,0.155170870180516,0.697965716983893,0.636372184141952,1236,0.238218523407208,0,0.5,2
"CFA_Pyrenew-Pyrenew_HE_COVID",2025-12-27,0.388267445874529,0.337822344754044,904.247492391304,0.131976699679449,0.386950070734473,0.335866534434746,1300.25,0.191711516541949,0,0.5,2
"CFA_Pyrenew-Pyrenew_HE_COVID",2026-01-03,0.249206919232603,0.183404038089389,672.834265217391,0.0667555079908034,0.313661661264472,0.226971918793594,1154,0.114850329679375,0,1,2
"CFA_Pyrenew-Pyrenew_HE_COVID",2026-01-10,0.461595058513886,0.36457163936537,528.557292391304,0.0530985804209215,0.5365558453014,0.416155995025731,920.25,0.0943088016128675,0.5,1,2
"CFA_Pyrenew-Pyrenew_HE_COVID",2026-01-17,0.3553980786887,0.336934645425945,257.207644565217,0.0318581295056238,0.320603671652045,0.302619042710564,431,0.0545109372246353,1,1,2
"CFA_Pyrenew-Pyrenew_HE_COVID",2026-01-24,0.589887467333776,0.651619588136238,254.337016304348,0.0377251100067467,0.697833205081499,0.769348747606827,447.75,0.0662070839854492,0.5,1,2
"CFA_Pyrenew-Pyrenew_HE_COVID",2026-01-31,0.934638461854212,0.79995690129549,270.578886956522,0.0389812240888006,0.727776903728283,0.628557495882222,320.75,0.0467992172251375,1,1,2
"CFA_Pyrenew-Pyrenew_HE_COVID",2026-02-07,0.862830046560626,0.793208981470379,265.770054347826,0.0414752651493161,0.520129818744429,0.500228227366495,224,0.0359705620343158,0.5,1,2
"CFA_Pyrenew-Pyrenew_HE_COVID",2026-02-14,1.05066284708693,1.04533975428577,338.223693478261,0.0552542380105779,1.4362475303296,1.42838657078179,601.5,0.0973926128819969,0,1,2
"CFA_Pyrenew-Pyrenew_HE_COVID",2026-02-21,0.549207456044114,0.529590545388323,187.514345652174,0.030247032410347,0.379855350655341,0.376310987954865,200,0.0321180542944246,1,1,2
"CFA_Pyrenew-Pyrenew_HE_COVID",2026-02-28,1.13683819275177,1.14481483038964,262.772243478261,0.043954185397492,7.38399792388309,7.53230596738493,455.75,0.0782690377589716,0.5,1,2
"CFA_Pyrenew-Pyrenew_HE_COVID",2026-03-07,0.658171059123629,0.757633769199959,198.119748913044,0.0418498263647658,0.768763919957408,0.862219149813609,347,0.072114840690011,0.5,1,2
"CFA_Pyrenew-Pyrenew_HE_COVID",2026-03-14,0.332404462176759,0.376436738394901,116.85587173913,0.027397041387153,0.219397304784864,0.246147515049602,116.75,0.0272895906174062,1,1,2
"CFA_Pyrenew-Pyrenew_HE_COVID",2026-03-21,0.986264278300593,1.03954820531015,240.445286956522,0.0617557842804518,1.31125293174069,1.44325979190056,301.25,0.0795323473148439,0.5,1,2
"CFA_Pyrenew-Pyrenew_HE_COVID",2026-03-28,0.668578804263829,0.732699488735226,617.166801086956,0.229296228947977,0.499989679105,0.558674613637956,780.75,0.290068985019249,0,0.5,2
"CFA_Pyrenew-Pyrenew_HE_COVID",2026-04-04,1.26134800553667,1.2641485908918,791.388605434783,0.324957045961744,1.05436381733936,1.13826048639693,1059,0.425636342820564,0,0,2
"CFA_Pyrenew-Pyrenew_HE_COVID",2026-04-11,1.62295722239389,1.27351104500202,361.917995652174,0.176560603160987,2.72049535094526,2.59497350135114,607,0.296983458672395,0,1,2
"CFA_Pyrenew-Pyrenew_HE_COVID",2026-04-18,0.647269247481955,0.436556923174685,130.840719565217,0.0698848933192155,1.07093284956028,1.0508164266699,217,0.118947476760466,0.5,1,2
"CFA_Pyrenew-Pyrenew_HE_COVID",2026-04-25,0.561842323609762,0.332456845996274,144.388352173913,0.0850291602401652,1.32700652933562,1.34244824716818,214,0.129716050948778,0.5,1,2
"CFA_Pyrenew-Pyrenew_HE_COVID",2026-05-02,0.96575515048203,0.689543332451143,209.33870326087,0.150563802472048,7.22952719827521,8.62596677755433,377.5,0.269176225817535,0,1,2
"CFA_Pyrenew-Pyrenew_HE_COVID",2026-05-09,0.690224205721088,0.535483738969553,159.444108695652,0.124804152420122,3.23749190952906,3.90511888625683,290.5,0.22412798461158,0,1,2
"CFA_Pyrenew-Pyrenew_HE_COVID",2026-05-16,0.615476230491042,0.433189668489889,131.388847826087,0.112560260113139,2.26040802700166,2.69945286421554,236.5,0.199851930442859,0.5,1,2
"CFA_Pyrenew-Pyrenew_HE_COVID",2026-05-23,0.344217684309377,0.220216097643302,61.8445032608696,0.0506865485162577,0.754376697015414,0.801616536425682,58.75,0.0480814184217642,1,1,2
"CFA_Pyrenew-Pyrenew_HE_COVID",2026-05-30,0.349420466027492,0.221156577174676,60.3871478260869,0.0572300725771973,0.805392678684799,0.869101838407266,83.5,0.07995974995413,1,1,2
"CFA_Pyrenew-Pyrenew_HE_COVID",2026-06-06,0.580746053569171,0.374398915064637,87.9350597826087,0.0968839441813646,2.22244937291022,2.42250858016606,166.5,0.178529742688905,0,1,2
"CFA_Pyrenew-Pyrenew_HE_COVID",2026-06-13,0.637005807720623,0.375372907596383,98.1863282608696,0.114648381309792,2.88102400499847,3.09647226776516,178.5,0.205088444674373,0.5,1,2
"CFA_Pyrenew-Pyrenew_HE_COVID",2026-06-20,0.265899309154759,0.131069105998215,39.6661836956522,0.0468635342908409,1.6192580491141,1.59064058656748,44.5,0.051664952914237,1,1,2
"CFA_Pyrenew-Pyrenew_HE_COVID",2026-06-27,0.398321870550005,0.180318110116878,71.3014673913043,0.0799372967898351,2.84034551036498,2.65773108433228,132.75,0.14870962386482,0,1,2
"CFA_Pyrenew-Pyrenew_HE_COVID",2026-07-04,0.671014341802274,0.251390389602696,124.629043478261,0.109116134180208,1.67154638946786,1.36658756227693,201,0.180300179606253,0.5,1,2
"CFA_Pyrenew-Pyrenew_HE_COVID",2026-07-11,0.899065097704844,0.30527506859885,180.093480434783,0.131994794896036,1.53681966156109,1.14326412203105,309.5,0.232223979501192,0,1,2
"CFA_Pyrenew-Pyrenew_HE_COVID",2026-07-18,0.382759580080688,0.13976748983116,82.6615913043478,0.0574864385557903,0.505904302704443,0.406651869108889,134.5,0.0968348958104164,1,1,2
"CFA_Pyrenew-Pyrenew_HE_COVID",2026-07-25,0.357479071229554,0.139954146279576,92.1956489130435,0.0546789303249897,0.343183046890908,0.273708862748553,142.25,0.0871856341095594,1,1,2
"CFA_Pyrenew-Pyrenew_HE_COVID",2026-08-01,0.488526140432859,0.201223722969592,143.179048913043,0.070927478049696,0.509497324403125,0.391152038899829,243.75,0.123979717663267,0.5,1,2
"CFA_Pyrenew-Pyrenew_HE_COVID",2026-08-08,0.496824318389395,0.21728433568998,145.411485869565,0.063359081481985,0.509778476789252,0.40519615652067,249.5,0.112595483797143,0.5,1,2
"CFA_Pyrenew-Pyrenew_HE_COVID",2026-08-15,0.506709998138549,0.243243989571998,179.487308695652,0.0682572623419251,0.636482253242785,0.492843173536733,324,0.126554273343833,0.5,1,2
"CFA_Pyrenew-Pyrenew_HE_COVID",2026-08-22,0.307944101226351,0.154363663476461,172.677633695652,0.0553055563982529,0.247015349494334,0.185499042307212,283.75,0.0934492913364506,0.5,1,2
"CFA_Pyrenew-Pyrenew_HE_COVID",2026-08-29,0.215846070658908,0.126524410465631,174.270266304348,0.0447213315733732,0.208020499511981,0.155295034307152,276,0.0725480114642849,0.5,1,2
"CFA_Pyrenew-Pyrenew_HE_COVID",2026-09-05,0.463173346280487,0.284385904118999,346.947349275362,0.0780857503133951,0.458786842499874,0.338646707082938,604.333333333333,0.138500262829564,0.333333333333333,1,3
"CFA_Pyrenew-Pyrenew_HE_COVID",2026-09-12,0.621026526636274,0.34411847179902,460.011965942029,0.095266778431615,0.660203520860825,0.497520518354862,778.833333333333,0.162700826467948,0,1,3
"CFA_Pyrenew-Pyrenew_HE_COVID",2026-09-19,0.327365525505842,0.17186294184163,299.996047826087,0.0610023403460569,0.469943175446366,0.38490782125036,532.5,0.109924237819802,0,1,2
"CFA_Pyrenew-Pyrenew_HE_COVID",2026-09-26,0.258087578006853,0.116989207899042,278.717360869565,0.05695962660465,0.611181812540606,0.519693161673258,501.5,0.104952224021581,0,1,1
"CFA_Pyrenew-Pyrenew_H_COVID",2025-01-11,1.99066656025714,1.73069756368953,3904.1680326087,0.212083737570444,2.5849667564439,2.14291188897908,6115.5,0.32974754493797,0,1,1
"CFA_Pyrenew-Pyrenew_H_COVID",2025-01-18,3.08281375544403,2.54480416650375,4171.15013913043,0.231211873339323,4.0689088536959,3.33144879751067,6953,0.387533097459734,0,1,2
"CFA_Pyrenew-Pyrenew_H_COVID",2025-01-25,3.02537547961737,3.98344561500942,2013.21177391304,0.188884610650738,4.93823528681613,6.05405200704494,3931.5,0.348278642597036,1,1,1
"CFA_Pyrenew-Pyrenew_H_COVID",2025-02-01,2.44334475235531,2.49556292905298,2314.35073913043,0.197687137295333,2.85727473972543,2.92032874920973,3821.5,0.32868123166541,0,1,1
"CFA_Pyrenew-Pyrenew_H_COVID",2025-02-08,1.88855688834158,1.95752383308521,1804.85465869565,0.162963956772264,2.52816193195982,2.61949490587246,3453,0.306348599907074,0,1,2
"CFA_Pyrenew-Pyrenew_H_COVID",2025-02-15,1.80294657169201,1.81842776449337,905.876081521739,0.0789525736899274,2.74203588076613,2.82047020506745,1227.25,0.106390120848482,0.5,1,2
"CFA_Pyrenew-Pyrenew_H_COVID",2025-02-22,2.06735315108361,2.28886683169472,937.374495652174,0.0939114484265907,2.82803917857801,3.11761153753417,1465.25,0.144384820518654,0.5,1,2
"CFA_Pyrenew-Pyrenew_H_COVID",2025-03-01,2.32434059726277,2.65084778990447,1382.54643913043,0.152651044297109,3.27024570926045,3.69322057162347,2602,0.27941092219103,0,1,2
"CFA_Pyrenew-Pyrenew_H_COVID",2025-03-08,2.13579721462707,2.46909373089355,1094.55047282609,0.129907476868262,3.44803030861768,3.95518599418926,2124.25,0.243926117929689,0,1,2
"CFA_Pyrenew-Pyrenew_H_COVID",2025-03-15,2.02734638601175,2.32690153275817,896.238851086956,0.106473519450597,4.26764038199388,4.78713945738719,1612.25,0.188444082692443,0.5,1,2
"CFA_Pyrenew-Pyrenew_H_COVID",2025-03-22,2.11972003384436,2.48624962440208,894.540011956522,0.116715952518528,4.55406455578411,5.12578738325005,1669.25,0.21205280734018,0.5,1,2
"CFA_Pyrenew-Pyrenew_H_COVID",2025-03-29,2.02315123546088,2.29004004304027,999.388318478261,0.140452135802248,3.10331982077327,3.46606860467111,1814,0.250477817286011,0,1,2
"CFA_Pyrenew-Pyrenew_H_COVID",2025-04-05,1.43481624079375,1.73558815042011,598.493651086957,0.0963350067598549,2.97391737828499,3.46983623180735,1130,0.17576302293009,0,1,2
"CFA_Pyrenew-Pyrenew_H_COVID",2025-04-12,1.59929535616078,1.91821618001766,687.080864130435,0.119895639572822,1.92535987953466,2.31667998261814,1101.5,0.190868481373392,0.5,1,2
"CFA_Pyrenew-Pyrenew_H_COVID",2025-04-19,2.96525236076974,3.47463191008084,1436.23725978261,0.283879125200867,2.77127274148202,3.38832801746427,1910.25,0.382647032514784,0,0.5,2
"CFA_Pyrenew-Pyrenew_H_COVID",2025-04-26,2.79158771211547,3.16747358041971,1111.34996521739,0.23281581851118,2.73474992406303,3.33034644498538,1373.5,0.286520393422931,0,0.5,2
"CFA_Pyrenew-Pyrenew_H_COVID",2025-05-03,0.73257666397815,0.844454599058755,279.725370652174,0.0628425757824712,0.819463852881272,0.975316378168005,377.75,0.0835044790902923,1,1,2
"CFA_Pyrenew-Pyrenew_H_COVID",2025-05-10,0.780808395326344,0.866139781139921,325.128657608696,0.0841803269561106,1.14196208783781,1.33101985282775,460.25,0.117340189490601,0.5,1,2
"CFA_Pyrenew-Pyrenew_H_COVID",2025-05-17,1.22073802590394,1.37461292781936,486.93779673913,0.141494638707274,1.79831420943735,2.24398371919046,869,0.248134914097449,0,1,2
"CFA_Pyrenew-Pyrenew_H_COVID",2025-05-24,1.47155202599953,1.41563292289474,521.015267391304,0.160807648679068,2.21162631003779,2.56121536589694,863.75,0.266235092472081,0,1,2
"CFA_Pyrenew-Pyrenew_H_COVID",2025-05-31,1.98101709665656,1.65255831123836,819.087519565217,0.252049570482464,2.23236437929162,2.51491230067372,1198.75,0.375475773118925,0,0.5,2
"CFA_Pyrenew-Pyrenew_H_COVID",2025-06-07,1.74067934903856,1.40842735031761,587.322371739131,0.180313467538201,2.46837393289141,2.69120453759182,843.5,0.262437278121649,0,0.5,2
"CFA_Pyrenew-Pyrenew_H_COVID",2025-06-14,1.34999828073876,0.996147787169224,428.847317391304,0.132987095300955,2.84903064333614,3.00063526416171,697.75,0.217927527971176,0,0.5,2
"CFA_Pyrenew-Pyrenew_H_COVID",2025-06-21,1.80743331144556,1.40307348785282,675.256598913043,0.205056264836232,1.32193452695783,1.48256389621714,1003.25,0.309228527825279,0,0.5,2
"CFA_Pyrenew-Pyrenew_H_COVID",2025-06-28,1.56313576882811,1.18554151200199,416.318421739131,0.123450921250924,2.15431339247469,2.34604709338854,636.25,0.189729881639242,0,0,2
"CFA_Pyrenew-Pyrenew_H_COVID",2025-07-05,1.46898406409379,1.08290855597931,553.363760869565,0.158865162591265,1.5913504600596,1.66624767836161,813.75,0.235860016671548,0,0.5,2
"CFA_Pyrenew-Pyrenew_H_COVID",2025-07-12,1.67183561966396,1.30475495198484,953.018159782609,0.257997767494965,1.10737563761003,1.15449220003825,1228.25,0.339770727453033,0,0,2
"CFA_Pyrenew-Pyrenew_H_COVID",2025-07-19,1.17536514622448,0.943416499638482,671.853877173913,0.16762474822786,0.955874654662356,0.971183041479177,1044.75,0.262347873092637,0,0.5,2
"CFA_Pyrenew-Pyrenew_H_COVID",2025-07-26,1.00542617393762,0.829262832147418,665.020923913044,0.140886630974269,0.934677396058907,0.945933136465363,1068,0.227766849769004,0,0.5,2
"CFA_Pyrenew-Pyrenew_H_COVID",2025-08-02,1.20582278582701,1.04792943193975,1175.1952076087,0.215929231672559,0.930820291195921,0.940638647814888,1510.75,0.282685142578284,0,0,2
"CFA_Pyrenew-Pyrenew_H_COVID",2025-08-09,0.703147158880117,0.599659403879356,922.33554673913,0.14305419890349,0.62090257343866,0.568196719765486,1361,0.213156376010575,0,0,2
"CFA_Pyrenew-Pyrenew_H_COVID",2025-08-16,0.493897999635695,0.425974511851318,630.295210869565,0.0828008958759093,0.518678303459707,0.462521534970696,1058.5,0.138919398518989,0,1,2
"CFA_Pyrenew-Pyrenew_H_COVID",2025-08-23,0.533788930661519,0.473013931683644,893.453590217391,0.100278627777789,0.568757779689946,0.509716937856608,1422.5,0.16008596860778,0,0.5,2
"CFA_Pyrenew-Pyrenew_H_COVID",2025-08-30,0.497735933567306,0.454870827489831,909.868106521739,0.0932144068576809,0.544137344674098,0.491716697106207,1490.25,0.152510590755257,0,0.5,2
"CFA_Pyrenew-Pyrenew_H_COVID",2025-09-06,0.646691966718098,0.614881373544298,1062.80206195652,0.105645685657654,0.659896433684685,0.619032437578081,1718.75,0.169652572094276,0,0.5,2
"CFA_Pyrenew-Pyrenew_H_COVID",2025-09-13,0.832183483042455,0.849860741646929,582.586272826087,0.0624851133482463,0.80992646586646,0.800661703663668,1009.75,0.103505192801829,0.5,1,2
"CFA_Pyrenew-Pyrenew_H_COVID",2025-09-20,1.15939067763714,1.15458301226039,377.579516304348,0.0397936246988746,2.03004097868061,2.06414347527606,619.25,0.065883585848141,0.5,1,2
"CFA_Pyrenew-Pyrenew_H_COVID",2025-09-27,0.278194440459311,0.298768586332493,199.410727173913,0.0251020230183567,0.0855098665908852,0.0913321375692179,110.25,0.0139809393953252,1,1,2
"CFA_Pyrenew-Pyrenew_H_COVID",2025-10-04,0.219657812191186,0.23746481761648,289.275632608696,0.0426111383168348,0.19995355597455,0.221382502129407,437.5,0.06588510008309,1,1,1
"CFA_Pyrenew-Pyrenew_H_COVID",2025-11-22,1.1331662054045,0.999143141728494,284.671108695652,0.0874934605172424,1.17692307692308,1.18997946675164,459,0.141269967507451,0,1,1
"CFA_Pyrenew-Pyrenew_H_COVID",2025-11-29,1.12218379083285,0.936176129062281,344.965031521739,0.105341239170346,1.24918825399213,1.27295703434313,587,0.178756873180449,0,0.5,2
"CFA_Pyrenew-Pyrenew_H_COVID",2025-12-06,1.63997420666498,1.4059830933281,1002.6715826087,0.274395382346936,1.1604367019696,1.17592669335159,1318.5,0.367590349010591,0,0,2
"CFA_Pyrenew-Pyrenew_H_COVID",2025-12-13,1.2295352952107,1.06956363239315,829.150001086957,0.2142199121828,0.982821000573948,0.996398171371037,1167.75,0.3077285204161,0,0.5,2
"CFA_Pyrenew-Pyrenew_H_COVID",2025-12-20,0.85563377958247,0.748603267740001,984.030532608696,0.190737090982133,0.781258551332699,0.720575797214071,1383.5,0.269739166313117,0,0.5,2
"CFA_Pyrenew-Pyrenew_H_COVID",2025-12-27,0.949365079363815,0.888903845862269,2211.0043,0.3472671293981,0.820771617062624,0.781756917304886,2758,0.446224285000316,0,0,2
"CFA_Pyrenew-Pyrenew_H_COVID",2026-01-03,0.462059134111873,0.408100341400248,1233.04782826087,0.146036423453164,0.545914442200081,0.476313577200623,1982.75,0.236628657467685,0,0.5,2
"CFA_Pyrenew-Pyrenew_H_COVID",2026-01-10,0.976777326189128,0.766055161633746,1005.46141304348,0.100995820341161,1.16444952977036,0.889540593419684,1735,0.176112656751811,0,1,2
"CFA_Pyrenew-Pyrenew_H_COVID",2026-01-17,2.22766613731463,1.87623940760294,1612.19993695652,0.177403775012229,1.94035888052056,1.59005917769857,2608.5,0.286418247981445,0,0.5,2
"CFA_Pyrenew-Pyrenew_H_COVID",2026-01-24,2.71017665633853,3.35733823697031,1168.52498586957,0.194371005147073,2.80691815153943,3.48459735003438,1801,0.299870546519822,0,0.5,2
"CFA_Pyrenew-Pyrenew_H_COVID",2026-01-31,6.32587952870556,7.13173897071867,1863.59335869565,0.351744456435873,5.59467666048251,6.44993951891415,2551.75,0.495301661814411,0,0,2
"CFA_Pyrenew-Pyrenew_H_COVID",2026-02-07,4.04672245439469,4.69426691722867,1246.47681304348,0.2454535559,4.37814630911885,5.2461762342509,1885.5,0.377243620717984,0,0.5,2
"CFA_Pyrenew-Pyrenew_H_COVID",2026-02-14,2.76073221073493,2.94832849875419,891.816906521739,0.156327548301473,3.50198268193208,3.76296933118731,1466.25,0.256514188978997,0,0.5,2
"CFA_Pyrenew-Pyrenew_H_COVID",2026-02-21,2.89254327688691,3.18801631127898,983.991156521739,0.181758327248574,3.14105202531011,3.59157340925216,1658.25,0.307908132468208,0,1,2
"CFA_Pyrenew-Pyrenew_H_COVID",2026-02-28,1.87428534935583,2.18568467854521,430.594768478261,0.0842561707139659,13.0789271935983,14.7414701852676,810.25,0.15476326315689,0,1,2
"CFA_Pyrenew-Pyrenew_H_COVID",2026-03-07,1.09914643336729,1.28473144266292,338.716773913044,0.0727453813478517,1.13933204453805,1.30233215298866,532.5,0.112976919299833,0.5,1,2
"CFA_Pyrenew-Pyrenew_H_COVID",2026-03-14,1.21874239224287,1.52178019942652,428.445526086957,0.110755064140687,1.43712281656724,1.75580381301442,764.75,0.194660373686847,0,1,2
"CFA_Pyrenew-Pyrenew_H_COVID",2026-03-21,2.29758949560149,2.74721135441235,560.13847173913,0.163201851447841,4.23083103618903,5.12812291251144,972,0.282590601387147,0,1,2
"CFA_Pyrenew-Pyrenew_H_COVID",2026-03-28,0.462410298610986,0.518881450292808,426.852127173913,0.162382479655575,0.369188664750602,0.420655570204135,576.5,0.218408231398322,0.5,0.5,2
"CFA_Pyrenew-Pyrenew_H_COVID",2026-04-04,0.931118177286471,1.25514023810714,584.19747173913,0.322641394359569,0.859470788780176,1.28382114788657,863.25,0.480066684869166,0,0.5,2
"CFA_Pyrenew-Pyrenew_H_COVID",2026-04-11,2.82540921375544,3.90620716169822,630.063704347826,0.541559725962259,3.86337231056807,6.79754406717712,862,0.777949426650085,0,0.5,2
"CFA_Pyrenew-Pyrenew_H_COVID",2026-04-18,1.86210643316697,1.74221882803593,376.411125,0.278897826314624,3.08941918813242,4.12545362896405,626,0.466981945850122,0,1,2
"CFA_Pyrenew-Pyrenew_H_COVID",2026-04-25,1.08501831119845,0.762945852227113,278.839808695652,0.195131024988174,3.22450184698374,3.73654283988862,520,0.361048988230054,0,1,2
"CFA_Pyrenew-Pyrenew_H_COVID",2026-05-02,0.517919870965183,0.345913036268792,111.129033695652,0.074747959624661,2.65784932794876,2.95420492484666,134.75,0.0896460287070737,1,1,2
"CFA_Pyrenew-Pyrenew_H_COVID",2026-05-09,0.435406139194116,0.280600573656911,105.980506521739,0.0682944126474108,0.995207824164778,1.05965008729775,92.25,0.0626347544797654,1,1,2
"CFA_Pyrenew-Pyrenew_H_COVID",2026-05-16,0.530555542066968,0.345352602685423,113.260395652174,0.0897366248935092,1.38348440553273,1.55335265370714,144.75,0.115001276968814,0.5,1,2
"CFA_Pyrenew-Pyrenew_H_COVID",2026-05-23,0.744177508833908,0.534970532393137,133.704020652174,0.123132732507295,3.23579451315548,3.74360411249215,252,0.224543516206343,0,1,2
"CFA_Pyrenew-Pyrenew_H_COVID",2026-05-30,0.536359286847596,0.369943588852738,90.8949152173913,0.0932063051988334,1.5826975201432,1.7839254115374,155,0.15421441958183,0.5,1,2
"CFA_Pyrenew-Pyrenew_H_COVID",2026-06-06,0.806151736539406,0.53070589962469,124.003542391304,0.139523954720636,2.90672542914768,3.26031237205041,220.25,0.243259167176795,0,1,2
"CFA_Pyrenew-Pyrenew_H_COVID",2026-06-13,1.02774900025496,0.63109217073047,162.137904347826,0.197019175117956,4.46418295303629,5.04329663867445,282,0.340402180562521,0,1,2
"CFA_Pyrenew-Pyrenew_H_COVID",2026-06-20,0.656745325435225,0.358350296744121,99.003947826087,0.130093661290818,6.73899461074136,7.29464806220151,188.5,0.242066082701908,0,1,2
"CFA_Pyrenew-Pyrenew_H_COVID",2026-06-27,0.692933112983515,0.358588159301275,124.03825,0.158966662288147,4.89972973162773,5.17178474715955,229,0.28937997865692,0,1,2
"CFA_Pyrenew-Pyrenew_H_COVID",2026-07-04,0.776428377913576,0.399621998901365,144.207835869565,0.173456144136612,2.13517181838743,2.32077034518074,256.75,0.306189900750875,0,1,2
"CFA_Pyrenew-Pyrenew_H_COVID",2026-07-11,0.648165044321462,0.303796415598362,129.835202173913,0.13135545510187,1.23268329881274,1.20891750035869,248.25,0.245559733233984,0,1,2
"CFA_Pyrenew-Pyrenew_H_COVID",2026-07-18,0.626501684786288,0.285208030441418,135.300666304348,0.11730620573779,0.983598328306408,0.932822704242073,261.5,0.222130515649209,0,1,2
"CFA_Pyrenew-Pyrenew_H_COVID",2026-07-25,0.640709930608453,0.312243912221683,165.242310869565,0.121991120482175,0.762360933690876,0.714662817039849,316,0.227644549951544,0,1,2
"CFA_Pyrenew-Pyrenew_H_COVID",2026-08-01,0.688173563276114,0.359350418858849,201.692454347826,0.126664085971671,0.796383510143961,0.740476133094623,381,0.234701632070413,0,1,2
"CFA_Pyrenew-Pyrenew_H_COVID",2026-08-08,0.601070648781203,0.329481481800971,175.9225,0.0960752370203902,0.677831702103544,0.635720674526798,331.75,0.176653395537673,0.5,1,2
"CFA_Pyrenew-Pyrenew_H_COVID",2026-08-15,0.580674639838689,0.336381944761843,221.123951086957,0.101676895424308,0.62943789982686,0.565405171599808,355.25,0.161741086017591,0.5,1,2
"CFA_Pyrenew-Pyrenew_H_COVID",2026-08-22,0.701093093818203,0.445673363718924,375.402220652174,0.152017267038922,0.634800536584864,0.581103878030321,686.25,0.274884747427834,0,1,2
"CFA_Pyrenew-Pyrenew_H_COVID",2026-08-29,0.76301902099029,0.544369523098074,601.538426086957,0.189709272054422,0.657326620651722,0.587095038073802,935.5,0.295150412607397,0,0.5,2
"CFA_Pyrenew-Pyrenew_H_COVID",2026-09-05,0.583823916856373,0.453399221612315,461.380408695652,0.133569950403379,0.595743360669071,0.540053515120705,842,0.238900342855073,0.333333333333333,1,3
"CFA_Pyrenew-Pyrenew_H_COVID",2026-09-12,0.430505516303504,0.294073357934073,303.044776086957,0.0778246070438435,0.449745555021889,0.409236204508979,506,0.128377164044871,0.333333333333333,1,3
"CFA_Pyrenew-Pyrenew_H_COVID",2026-09-19,0.314696292563237,0.18326352245236,285.467513043478,0.0645757984627917,0.377625647530673,0.340738985493244,429.25,0.098075593319674,0.5,1,2
"CFA_Pyrenew-Pyrenew_H_COVID",2026-09-26,0.274906910371283,0.146741070870875,296.881117391304,0.0714451935736204,0.51124779732958,0.480970790844917,419.5,0.0971322270742707,1,1,1
"CMU-TimeSeries",2024-11-30,4.85159740153385,3.40091641350147,2363.41595434023,0.217090274329495,4.13536300900253,3.44760181563594,2526.70679850055,0.277446380697764,0,1,1
"CMU-TimeSeries",2024-12-07,1.33376110527398,0.843087834018868,2495.36609453373,0.187557277081816,1.16183975734652,0.87232364930138,2337.39154705155,0.210946629358634,0.5,1,2
"CMU-TimeSeries",2024-12-14,1.16875973010909,0.760473170745647,2821.29755700024,0.200203107800999,1.48077735574912,1.0950846804082,3794.16930842236,0.313332418683814,0.333333333333333,1,3
"CMU-TimeSeries",2024-12-21,1.01918107741762,0.652281788166156,3201.33548646615,0.206690009418177,1.36467394869863,0.956491622408847,4669.87577698679,0.336453301042412,1,1,4
"CMU-TimeSeries",2024-12-28,0.478677889036429,0.383245352025813,2726.41095925702,0.186112419171533,0.777115637854685,0.647971855848391,4633.47052462031,0.338857016378033,0.75,1,4
"CMU-TimeSeries",2025-01-04,0.397875207409253,0.376331549943017,3180.63634180699,0.216538340698725,0.79473063724817,0.723948052653985,6869.56551460558,0.45902773059576,0.5,1,4
"CMU-TimeSeries",2025-01-11,0.691290351551035,0.585328545360252,2156.39759601192,0.139043187645313,0.808211317825455,0.704959028131785,3225.97757477086,0.215561545274482,0.75,1,4
"CMU-TimeSeries",2025-01-18,1.71639258728048,1.35713984096323,2722.21551491523,0.16343486623672,1.74429912190544,1.43332194251975,3810.94884791971,0.23675675888157,0.5,1,4
"CMU-TimeSeries",2025-01-25,3.64085373672955,3.080432810661,4351.95911780665,0.247975706941149,4.106960495284,3.60105964214282,6691.23079292642,0.388475269295948,0,1,3
"CMU-TimeSeries",2025-02-01,3.29680449079303,2.69588307162895,5103.14029337462,0.276864624608163,3.43492653038764,2.80877752646267,8720.03460093123,0.468158762316572,0,1,2
"CMU-TimeSeries",2025-02-08,2.077295400646,1.84004626383274,1927.65650660206,0.126197261617183,2.40235929191643,2.20207623443865,3309.89161264469,0.226113375042694,0.5,1,2
"CMU-TimeSeries",2025-02-15,1.72668810335371,1.71411158407896,867.560624166657,0.0744233693508621,2.83678646180744,2.91308152718861,1269.65741392139,0.109883485087787,1,1,2
"CMU-TimeSeries",2025-02-22,1.49848877017933,1.49111536244722,821.702200318207,0.0729095929175663,1.00553318294729,1.07127530286553,554.670099663726,0.0527694487139148,1,1,3
"CMU-TimeSeries",2025-03-01,1.4515104464677,1.43040819428506,994.017271041431,0.0907425176590615,1.09278781006646,1.17172253644002,877.342655490674,0.0876160721984638,1,1,4
"CMU-TimeSeries",2025-03-08,1.48479603949777,1.46925255920664,900.732654636875,0.088082091821567,1.43980790016504,1.54119569252609,959.902899547979,0.101440103825099,1,1,4
"CMU-TimeSeries",2025-03-15,1.68222301776004,1.58527694144063,984.782912970136,0.0975706328974695,2.34519194742633,2.41458619214789,1102.43113098243,0.11857623519288,1,1,4
"CMU-TimeSeries",2025-03-22,1.4934186979557,1.4515296646567,821.386940578597,0.0899811286974028,1.41088756780211,1.5051954145297,638.40831688847,0.0767623046230637,1,1,4
"CMU-TimeSeries",2025-03-29,1.41885959957423,1.40752226423113,832.088811786964,0.0994853437791131,1.38441339888455,1.49926898782581,882.653544289313,0.115708379330448,1,1,4
"CMU-TimeSeries",2025-04-05,1.22291531520912,1.2448494734396,691.099214043886,0.0909840480183148,0.81262115733267,0.935279352365884,413.980846312969,0.0623085894148163,1,1,4
"CMU-TimeSeries",2025-04-12,1.13635463375735,1.15208679846951,699.600384917854,0.100617453395533,0.847117731385676,0.947161388509362,728.903533170349,0.116121091046401,1,1,4
"CMU-TimeSeries",2025-04-19,1.19539142173317,1.23823820269134,686.291185193716,0.114501161514667,1.13913169735746,1.2878079308196,850.228332714563,0.152194235097977,0.75,1,4
"CMU-TimeSeries",2025-04-26,1.26193540118322,1.26538796865083,675.382559059382,0.116442411671159,1.34624670758999,1.51035180328469,818.341708257658,0.151647933384389,1,1,4
"CMU-TimeSeries",2025-05-03,0.985499251450373,0.950993600576039,536.802185210063,0.104525352742583,0.458475218250761,0.516898435235435,333.40271232266,0.0720090295501139,1,1,4
"CMU-TimeSeries",2025-05-10,0.890721915833106,0.819851440611684,485.871038834547,0.102975501748932,0.155373453119995,0.168181596185885,160.077518091352,0.0369772971371249,1,1,4
"CMU-TimeSeries",2025-05-17,0.970303040474272,0.841511033978063,492.866789281338,0.110069905672973,0.50805372139353,0.554576900980515,331.960273613932,0.0824304368412827,1,1,4
"CMU-TimeSeries",2025-05-24,1.0236401121818,0.859799272357765,465.985820568101,0.116167583327753,0.833931423744943,0.92692012958694,377.846227482522,0.106324850616214,1,1,4
"CMU-TimeSeries",2025-05-31,1.17569587194516,0.913251021542361,517.846486651984,0.141950731015018,1.45293310370436,1.57007826640256,653.478437893536,0.192244054595917,0.75,1,4
"CMU-TimeSeries",2025-06-07,1.16491231182348,0.888660883243315,478.705700004174,0.138481350258536,2.0474731616273,2.17551576502936,770.888859323007,0.232072302729105,1,1,4
"CMU-TimeSeries",2025-06-14,1.07370618700992,0.742549748580805,411.878522162559,0.120527354389643,2.09494134264627,2.22033152803501,571.990290088793,0.178629143225726,1,1,4
"CMU-TimeSeries",2025-06-21,1.01929290383031,0.684580974513139,444.131450790303,0.125458155318272,1.28413264402183,1.33548502067395,711.074050269878,0.209507219233017,1,1,4
"CMU-TimeSeries",2025-06-28,0.960821904336938,0.636539343375939,374.332764851407,0.100533292740748,0.838864177891378,0.836280793143198,356.695407910564,0.102434947190504,1,1,4
"CMU-TimeSeries",2025-07-05,0.879064811387602,0.611377936637157,392.594345617338,0.106989501903707,0.847045551990882,0.836141682885299,536.566129596752,0.149413586349192,0.75,1,4
"CMU-TimeSeries",2025-07-12,0.859600618122568,0.64859804755198,513.667834255519,0.13551917946669,0.910634183077571,0.900779028394011,944.632554899321,0.249887166501221,0.25,1,4
"CMU-TimeSeries",2025-07-19,0.89475391411526,0.717138175059068,620.950955522137,0.159930085452115,0.936631132861642,0.931841764877622,1169.84751131403,0.295325572810647,0.5,1,4
"CMU-TimeSeries",2025-07-26,0.815959762236449,0.67739885755307,768.922281658854,0.175716480488911,0.850353819765106,0.826026401616255,1413.73737532764,0.318639429015116,0,1,4
"CMU-TimeSeries",2025-08-02,0.686675742115629,0.591860518182479,902.109625878087,0.175726179252877,0.806902345312587,0.767266525334489,1784.92825072936,0.344890530572298,0,1,4
"CMU-TimeSeries",2025-08-09,0.697506952543963,0.620857755077431,1135.3418542171,0.192867200325464,0.81352956923941,0.771126264800339,2148.50184445225,0.362624179278468,0,1,4
"CMU-TimeSeries",2025-08-16,0.727576387997387,0.677140450951951,1367.6146948559,0.205516865509212,0.870592804352829,0.839042072447333,2561.6162633585,0.385904205925187,0,1,4
"CMU-TimeSeries",2025-08-23,0.733890771499863,0.696264399638711,1788.49377776368,0.228505167240515,0.817868605104228,0.77762182317227,2932.41284903292,0.37397550059146,0,1,4
"CMU-TimeSeries",2025-08-30,0.671947248555673,0.665474171184017,1658.94051177257,0.194631845356373,0.81001437494638,0.791519192338803,2919.35632153204,0.340827208714001,0,1,4
"CMU-TimeSeries",2025-09-06,0.517457093456221,0.498276463475587,1086.44779715154,0.113237785224532,0.630926320519239,0.593697202784216,2057.6430443311,0.210254008212624,0.75,1,4
"CMU-TimeSeries",2025-09-13,0.753455599254369,0.666825356352843,720.213439639348,0.0696168286176204,0.413249208838861,0.378908471815916,730.854375982031,0.0719186984754212,1,1,4
"CMU-TimeSeries",2025-09-20,2.50358703458448,2.14816051604443,1006.87560551636,0.0922765335573382,2.27498515228783,2.04533670750422,1323.29162441069,0.125150521185555,0.5,1,4
"CMU-TimeSeries",2025-09-27,1.85916688946749,1.66602737880371,1884.46820772928,0.189028760863033,1.73648959581415,1.58252284971363,3110.11301386629,0.318555745278797,0.25,1,4
"CMU-TimeSeries",2025-10-04,1.18583111806296,1.07797984108814,2402.44091141708,0.275962142585282,1.18916313095964,1.11845287387165,3816.56207433462,0.446635568842339,0,0.75,4
"CMU-TimeSeries",2025-10-11,1.15048017335418,1.0486577774897,2616.38090121727,0.355449087374117,1.20636240951987,1.14190795106466,4279.00290021855,0.589937362689025,0,1,4
"CMU-TimeSeries",2025-10-18,1.29361850912293,1.16785136743461,3238.49023972075,0.488277968412619,1.28829762654554,1.1935044104321,4982.05841472895,0.761323589663379,0,1,4
"CMU-TimeSeries",2025-10-25,NA,NA,3502.76855284808,0.57281163807485,NA,NA,5364.74405815638,0.901115470953796,0,1,3
"CMU-TimeSeries",2025-11-01,NA,NA,3526.70974108335,0.585111707598354,NA,NA,5217.17346626526,0.924995188634803,0,1,2
"CMU-TimeSeries",2025-11-08,NA,NA,3827.117605882,0.633634102106737,NA,NA,5130.68012653231,0.932457259601549,0,1,1
"CMU-TimeSeries",2025-11-22,0.958682663076087,0.83015716814995,240.83780056585,0.0726956132521507,0.857033848212496,0.849553177844712,334.243200802874,0.100855815737384,1,1,1
"CMU-TimeSeries",2025-11-29,0.943062106146429,0.741932700359874,293.085227837215,0.0840417639420652,0.778498794197224,0.76640394817301,360.669748349168,0.105998016082354,1,1,2
"CMU-TimeSeries",2025-12-06,0.711991842640061,0.58794318160429,456.91784564003,0.117659636210156,0.664591830120452,0.633219954538161,760.799548235996,0.196597061252286,1,1,3
"CMU-TimeSeries",2025-12-13,0.630342479898697,0.479715245867659,499.807645071972,0.113337489323973,0.318408267274515,0.293932167246835,623.044206476054,0.148000971024269,1,1,4
"CMU-TimeSeries",2025-12-20,0.439700745910878,0.36065236170916,626.543670923478,0.121692521633697,0.411285990314688,0.367084360856436,995.539511410234,0.194951127224084,1,1,4
"CMU-TimeSeries",2025-12-27,0.355055705936605,0.299203937499881,901.092395671988,0.135419571321378,0.44303223145979,0.362030505818121,1585.34985790948,0.226368686029585,0.5,1,4
"CMU-TimeSeries",2026-01-03,0.325638378541481,0.281873494968327,1141.33963306746,0.141119330451001,0.451348011282668,0.366985151281221,2118.04408146501,0.248884234036984,0.5,1,4
"CMU-TimeSeries",2026-01-10,0.443393666404465,0.340583250400557,710.643520823437,0.0810447532510973,0.331173633604079,0.254771870645258,775.478383944529,0.0866494731218168,1,1,4
"CMU-TimeSeries",2026-01-17,2.29748590513795,1.72368805101747,1517.58866215769,0.161541706178764,2.25491639170695,1.80018205997388,2618.9424916024,0.289371881881888,0.25,1,4
"CMU-TimeSeries",2026-01-24,3.12299559755809,2.60378711169622,1899.12873422013,0.208401424263738,3.53640480826631,3.06917863597676,3198.15319911456,0.361151088691672,0.25,1,4
"CMU-TimeSeries",2026-01-31,1.93630216710211,1.64021845666139,1588.88424382716,0.181969634233318,1.72546588472864,1.49964136343519,2499.45538560337,0.293629511557948,0.5,1,4
"CMU-TimeSeries",2026-02-07,1.90082075006711,1.56134135337534,1185.26406899174,0.139467027077515,1.532163369467,1.30202935687423,1721.70681615909,0.203213518062509,0.75,1,4
"CMU-TimeSeries",2026-02-14,1.16181135225803,1.04560978122099,511.033983709306,0.075676133526045,0.809872999409003,0.78510678344064,459.83580096887,0.0717179966832178,1,1,4
"CMU-TimeSeries",2026-02-21,1.15900025608221,1.02945963018,512.544087185172,0.0783481534825628,0.859586904362991,0.836720201199425,475.037342792197,0.0765623319047779,1,1,4
"CMU-TimeSeries",2026-02-28,1.26549257055307,1.14098795896765,429.867023090897,0.0686932260151451,1.61913868468519,1.57334498554422,232.974226926656,0.0387495501289306,1,1,4
"CMU-TimeSeries",2026-03-07,1.08876404586108,1.02615659120583,436.041624818915,0.0764992320562966,0.948007879473732,0.945875571884795,526.502452157658,0.0992907617711021,1,1,4
"CMU-TimeSeries",2026-03-14,0.908193705344951,0.889358441537257,502.49341634009,0.098544967860476,0.833015045086038,0.846963986040295,809.016963174762,0.16800868742846,0.5,1,4
"CMU-TimeSeries",2026-03-21,0.808325692874818,0.806179478659463,433.825666433026,0.0940607731011968,0.767921649203989,0.797199503916029,668.068569222976,0.150669603828239,0.5,1,4
"CMU-TimeSeries",2026-03-28,0.899888127620256,0.938004223080658,1075.26171717925,0.349854737671948,0.825376802985079,0.868326917607063,1699.34597324377,0.551963957968944,0,1,4
"CMU-TimeSeries",2026-04-04,0.864749479646646,0.88011060110151,789.846009622798,0.29401169570917,0.852540308551923,0.92985208084764,1295.78207986344,0.484966779333344,0,1,4
"CMU-TimeSeries",2026-04-11,0.755499594735925,0.693683153412772,520.629891337826,0.223665583408335,0.828471281706078,0.894302019878863,809.385771663967,0.346936959784026,0.5,1,4
"CMU-TimeSeries",2026-04-18,0.661657509729897,0.551785215144754,309.956224070546,0.156081398966348,0.848157548060777,0.963735018219142,454.444246220542,0.225466465317502,0.75,1,4
"CMU-TimeSeries",2026-04-25,0.753883546538064,0.505467781011482,220.386139752247,0.141418142687874,1.86428287330025,1.98977655342638,324.444157841361,0.203381608607526,0.5,1,4
"CMU-TimeSeries",2026-05-02,0.671722482358566,0.45778013189708,190.883320852119,0.139002561728375,3.22277646227464,3.57710118163149,256.475495868621,0.176235835986368,1,1,4
"CMU-TimeSeries",2026-05-09,0.568120827002548,0.394467526957006,161.3708621926,0.128524293855465,1.84528825480054,2.04963415407079,181.048550163376,0.134347128070307,1,1,4
"CMU-TimeSeries",2026-05-16,0.542244492907893,0.375372161641854,154.680006393476,0.128567703420938,0.85825840749761,0.979704494149237,119.560776020377,0.0952262370412313,1,1,4
"CMU-TimeSeries",2026-05-23,0.531929211967052,0.405204323904006,150.551333852358,0.139995532876512,1.1046300000684,1.28635893748404,165.800259528855,0.14191237698418,1,1,4
"CMU-TimeSeries",2026-05-30,0.456395659908177,0.322788972508856,128.862423747617,0.128483729921558,0.287743235101595,0.334841220198132,57.7961763751514,0.0552479015382576,1,1,4
"CMU-TimeSeries",2026-06-06,0.463745906740534,0.288861226673776,126.495578873923,0.129350302449971,0.218920618348588,0.243088562875701,34.2633022802573,0.0341907479891956,1,1,4
"CMU-TimeSeries",2026-06-13,0.483260092367364,0.28119955196873,127.873719583189,0.137793997764778,0.561527880339446,0.629766382745685,77.0586141021428,0.0842120069814958,1,1,4
"CMU-TimeSeries",2026-06-20,0.499376831251211,0.267002431596498,124.879523311442,0.141944498270279,1.14575536746539,1.21887665887506,89.2876749917906,0.0998257595825476,1,1,4
"CMU-TimeSeries",2026-06-27,0.569549697365478,0.287376128578415,136.047305250153,0.158141477237977,2.60804165893291,2.63355075842802,166.148208769299,0.188066295486881,1,1,4
"CMU-TimeSeries",2026-07-04,0.633309662574302,0.324305791330517,149.113447353616,0.17795695541968,1.31536808439094,1.38903580211145,190.357089752293,0.217933023910431,1,1,4
"CMU-TimeSeries",2026-07-11,0.745862828201195,0.386340006658471,193.495598078677,0.221019381418716,1.12482891373607,1.18554920299009,326.698583414762,0.346797038373797,0.75,1,4
"CMU-TimeSeries",2026-07-18,0.833916514919794,0.435805481629196,242.797602807913,0.253277203850837,1.13243582048313,1.20127152645236,473.781177943616,0.465411271860648,0.5,1,4
"CMU-TimeSeries",2026-07-25,0.901686566627143,0.500601847263211,307.499258723179,0.276194176867535,1.04367961362606,1.08557666567515,589.21380585805,0.497054885418747,0.25,1,4
"CMU-TimeSeries",2026-08-01,0.899636534633045,0.525575846044546,360.44673145173,0.276102811177972,0.94224468210645,0.959438069756963,675.220136004415,0.488847575179441,0.25,1,4
"CMU-TimeSeries",2026-08-08,0.875915054637329,0.524592614379553,383.40313603061,0.253524952936972,0.810161355783572,0.80501811705898,665.133385867859,0.414270507940445,0.25,1,4
"CMU-TimeSeries",2026-08-15,0.776176811046124,0.49794091994066,384.74042279362,0.215480446227729,0.720791654983166,0.704003942360161,679.431207386187,0.360399709688317,0.5,1,4
"CMU-TimeSeries",2026-08-22,0.702090214445726,0.46791744143753,430.084019972817,0.195593036493905,0.67021595825433,0.635623113392832,778.646473709774,0.337828767633203,0.25,1,4
"CMU-TimeSeries",2026-08-29,0.648546919816966,0.485891647711539,586.415478512067,0.205599307177891,0.672661709812911,0.616475130015318,1069.42406683456,0.356947879360258,0,1,4
"CMU-TimeSeries",2026-09-05,0.489332717775902,0.386306355344287,468.484699092906,0.144131556481968,0.48122152974861,0.423132794645281,832.490197289866,0.240182140889611,0.5,1,4
"CMU-TimeSeries",2026-09-12,0.370981218549868,0.250033686464715,325.65621916519,0.0864677248985576,0.239952285155015,0.205685791381175,399.500952697152,0.0997179681789171,0.75,1,4
"CMU-TimeSeries",2026-09-19,0.343795734762187,0.196294152708073,266.75687466307,0.0595731751275143,0.136153902639843,0.115012486960311,142.279233784924,0.030648715679344,1,1,4
"CMU-TimeSeries",2026-09-26,0.483500169174497,0.226032053063123,409.582101100446,0.081760363999633,0.896187847500391,0.762709390694156,573.766341449966,0.118744976320925,1,1,4
"CMU-TimeSeries",2026-10-03,0.785947458866215,0.348530356535607,768.380067978685,0.156607942326685,4.3033701076876,3.71182648461999,1310.3506199678,0.272182582163965,0.25,1,4
"CMU-TimeSeries_Cal",2026-09-26,0.82501010326634,0.406160785398754,384.451064678419,0.0788660761089211,5.66042098822024,4.86927951621738,788.361094563696,0.160377832802382,0,1,1
"CMU-TimeSeries_Cal",2026-10-03,0.914133049501653,0.428125979705665,687.329355610064,0.141899110384761,5.83079328512757,5.04371024098022,1380.76123296169,0.282021195604176,0,1,2
"CMU-climate_baseline",2024-11-30,17.625212397406,9.43328434291874,8585.97792254877,0.602153665906754,25.9781649824892,13.6875040151045,15872.6588043009,1.10150436531092,0,1,1
"CMU-climate_baseline",2024-12-07,4.52687270973068,2.36869709179029,8712.67406714161,0.541646596950536,7.55277913454629,3.91142640553055,15900.2819754103,0.987971386551317,0,1,2
"CMU-climate_baseline",2024-12-14,3.67701997608221,1.92488928561662,8456.83177737991,0.495361614373287,6.44802397512594,3.33548531814836,16295.0265631247,0.954087209797521,0,1,3
"CMU-climate_baseline",2024-12-21,2.7331134072101,1.46433706247451,8013.0298527933,0.443233224859437,4.96238882940254,2.58839402910673,16100.8859496406,0.877483906973245,0,1,4
"CMU-climate_baseline",2024-12-28,1.19185542823416,0.710196756500178,6447.48344106391,0.335811520832219,2.15729176205241,1.20302056677355,12606.6169995747,0.625244572808192,1,1,4
"CMU-climate_baseline",2025-01-04,0.633259826059425,0.468106807670557,5041.92951181009,0.267799850147615,0.842874001655852,0.517813043436334,7247.77034578597,0.326072923669847,1,1,4
"CMU-climate_baseline",2025-01-11,1.67848150633177,1.24941280692239,5271.01639931762,0.297255668934464,1.82776051621641,1.24581338788325,7096.78968727065,0.368750573237557,1,1,4
"CMU-climate_baseline",2025-01-18,3.39529655288806,2.60999181174227,5300.75143557152,0.311173447964715,4.20019634715195,3.10929416662934,8835.73618208932,0.496886081439999,0.25,1,4
"CMU-climate_baseline",2025-01-25,5.33029866284819,4.36646480754676,5921.88619424455,0.330127856803063,7.307940345621,5.91963117239762,10965.3641457936,0.598984627451877,0,1,3
"CMU-climate_baseline",2025-02-01,3.16751710700241,2.77063395418297,4903.01570015429,0.284541469073432,3.69967106902754,3.14274542565415,9392.12511492748,0.523823547749348,0,1,2
"CMU-climate_baseline",2025-02-08,4.84806271137018,3.76045305490552,4258.52273825071,0.24933290832012,6.17914266376237,4.7314284902151,8133.61673668546,0.470401381537642,0,1,2
"CMU-climate_baseline",2025-02-15,8.5447675314329,6.08281754403789,4293.25008872802,0.26410402973683,18.7856842213496,13.8782372126251,8407.88813974591,0.523496873522113,0,1,2
"CMU-climate_baseline",2025-02-22,7.99459149633212,5.98019110378517,4229.13288390082,0.284678286566519,14.2338733074912,10.8668698137914,8289.36495296511,0.564871253663897,0,1,3
"CMU-climate_baseline",2025-03-01,5.32438640432542,3.97481301097731,3571.57783130712,0.249581022073097,8.51643495163088,6.57410398100664,7047.18274198733,0.506620031360722,0,1,4
"CMU-climate_baseline",2025-03-08,5.41752261612667,4.03939491258435,3110.5435338208,0.233151365727907,8.94937763155258,7.09545774936442,6076.02863367114,0.474976966365343,0,1,4
"CMU-climate_baseline",2025-03-15,4.67855004955249,3.51956186580878,2599.42697043472,0.209445505688915,10.8935908008952,8.84573110442787,4993.00797425391,0.426421788770897,0,1,4
"CMU-climate_baseline",2025-03-22,4.12599101850681,3.15349633525528,2193.13560335719,0.191772527855713,8.36405649668851,7.01703661173002,3919.93801107013,0.369918943446304,0,1,4
"CMU-climate_baseline",2025-03-29,3.10824760723239,2.4127111948706,1812.9064660248,0.172306508453877,4.71003606365656,3.99352699350321,3220.89382785463,0.331462546811635,0.25,1,4
"CMU-climate_baseline",2025-04-05,3.13697333965278,2.56667811927138,1741.39423307198,0.189024874361258,4.97373256305096,4.46198545071425,2967.29910597585,0.349215160457377,0,1,4
"CMU-climate_baseline",2025-04-12,2.71205024661942,2.26064558241946,1597.81398365131,0.192540213396053,3.37660232230338,3.04818675989624,2819.62955143069,0.364409582013263,0,1,4
"CMU-climate_baseline",2025-04-19,2.269591784505,2.05019281491602,1301.17916301889,0.188954038566112,3.02832678041511,2.90192922775758,2368.42355060033,0.354992765013982,0.25,1,4
"CMU-climate_baseline",2025-04-26,2.05499732035907,2.13795174842992,1097.08587295498,0.196580635878381,3.12925070510594,3.36319101083983,1984.64743275955,0.35013321342411,0.5,1,4
"CMU-climate_baseline",2025-05-03,1.5149004732141,1.70606679929372,824.9072318014,0.188139917279719,2.14935499106091,2.37708654093305,1516.15278626419,0.322589728476272,0.75,1,4
"CMU-climate_baseline",2025-05-10,0.969638781035247,1.32402329628661,531.525474637681,0.167898051006226,1.10560998653035,1.39268928520513,895.3125,0.244963997177825,1,1,4
"CMU-climate_baseline",2025-05-17,1.13300080228006,1.4940848750343,560.946420652174,0.192590159197169,1.52798408436705,1.94302526402639,994.25,0.289827228713581,1,1,4
"CMU-climate_baseline",2025-05-24,1.36699298183343,1.65232076402877,572.976231521739,0.212390165810532,2.54722885115421,3.29408973935232,1096.1875,0.357941716295181,1,1,4
"CMU-climate_baseline",2025-05-31,1.63347237170921,1.65915244566906,686.597494202898,0.251947207361353,3.24990146851446,4.04658618887627,1498.8125,0.50201072712716,0,1,4
"CMU-climate_baseline",2025-06-07,1.73323083958582,1.65092895935974,676.846251811594,0.248946368998945,4.38128951259302,5.44645366134276,1621.375,0.567645542989496,0,1,4
"CMU-climate_baseline",2025-06-14,1.45393242518943,1.29449053712696,552.378769927536,0.208852116188045,5.37676400819591,6.62006092073549,1433.875,0.518843273581265,0,1,4
"CMU-climate_baseline",2025-06-21,1.45452104186716,1.20037359408745,654.293035507246,0.228114551867528,2.58235636346214,3.02277357988827,1522.75,0.508935499179332,0,1,4
"CMU-climate_baseline",2025-06-28,1.35892290994881,1.17129882663155,520.558516304348,0.18232713378212,2.46719829882569,2.70866686106263,1001.25,0.315945765432596,0,1,4
"CMU-climate_baseline",2025-07-05,1.2616155227803,1.04106784800157,546.532320652174,0.179043187772023,1.36646745523036,1.4159327956784,871.75,0.255000573602012,0,1,4
"CMU-climate_baseline",2025-07-12,1.17209122482334,0.985979132887735,687.840241847826,0.202499513292755,0.994941328302801,0.993541115288988,1020.1875,0.27191821877886,0,1,4
"CMU-climate_baseline",2025-07-19,1.1711499817205,0.912310709053397,781.270548550724,0.19409293187672,0.918659465378716,0.900547908392056,1103.875,0.272695832033871,0,1,4
"CMU-climate_baseline",2025-07-26,1.10615469002792,0.852666047373613,999.165665217392,0.210513818387662,0.903040896511722,0.875819451758409,1452.75,0.324388797839795,1,1,4
"CMU-climate_baseline",2025-08-02,1.02504800735918,0.819844951569234,1345.97501539855,0.242999747122678,0.981805335716469,0.960769151686078,2169,0.43088225995553,1,1,4
"CMU-climate_baseline",2025-08-09,1.01719328031282,0.854532789321841,1623.30210344203,0.258948838180615,1.17650851692288,1.20600005548358,3020.625,0.547252703461975,1,1,4
"CMU-climate_baseline",2025-08-16,0.98181050547837,0.879569893023978,1821.1996557971,0.262698548706228,1.16494076875037,1.17996121821678,3384,0.53365131750857,1,1,4
"CMU-climate_baseline",2025-08-23,0.813182766699792,0.814334306825253,1938.51357110507,0.259727703011252,0.95305483717758,0.916308440343698,3383.5,0.433594446803462,1,1,4
"CMU-climate_baseline",2025-08-30,0.857691881039298,0.948150072996363,1846.87143586957,0.23697339804298,0.667376530992623,0.609582284145345,2129.6875,0.22579105382531,1,1,4
"CMU-climate_baseline",2025-09-06,0.933654105892653,1.10664391050285,1789.89963731884,0.227878807343245,0.402758350481033,0.359807309398742,1176.8125,0.112607699705093,1,1,4
"CMU-climate_baseline",2025-09-13,1.75095421110503,2.13956259050177,1563.39401449275,0.206356690359268,0.408213319330039,0.379122908155667,630.25,0.0618703790602386,1,1,4
"CMU-climate_baseline",2025-09-20,4.10336397236581,5.14532200938813,1452.15127173913,0.199632582614176,0.860013833597317,0.854687387109132,351.874999999998,0.0373581745285922,1,1,4
"CMU-climate_baseline",2025-09-27,1.79614529084026,2.21762247649988,1403.75440942029,0.200505838741883,0.691281101570434,0.712624126473889,954,0.114444689109638,1,1,4
"CMU-climate_baseline",2025-10-04,0.831579953176056,0.961333136149302,1458.26861884058,0.218653640865877,0.709878966648482,0.747832633082115,2014,0.272704332376028,1,1,3
"CMU-climate_baseline",2025-10-11,0.610791598298725,0.657894074094378,1524.63919855073,0.239116779208396,0.807169928342496,0.846265877948498,3119.75,0.466680104250957,1,1,2
"CMU-climate_baseline",2025-10-18,0.592307130558844,0.599276901106774,1748.34944166667,0.287893431848935,0.893737508327781,0.921833672791357,4024.5,0.65590056549639,1,1,1
"CovidHub-baseline",2024-11-30,1,1,487.141813043479,0.0638328755942538,1,1,611,0.0804751811649069,0,0,1
"CovidHub-baseline",2024-12-07,1,1,1921.62224565371,0.228263353054337,1,1,2102,0.252146801930492,0,0,2
"CovidHub-baseline",2024-12-14,1,1,2330.72028684483,0.261346253700647,1,1,2560,0.290422171221602,0,0,3
"CovidHub-baseline",2024-12-21,1,1,3027.60303132095,0.313829409008099,1,1,3337,0.350200161816377,0,0,4
"CovidHub-baseline",2024-12-28,1,1,5504.12803369664,0.483699746811972,1,1,5930.5,0.530241403581165,0,0,4
"CovidHub-baseline",2025-01-04,1,1,8028.17866888246,0.578245323225125,1,1,8664,0.636246303620359,0,0,4
"CovidHub-baseline",2025-01-11,1,1,3391.57100700752,0.26064550045775,1,1,4197.5,0.32531252471629,0,0.5,4
"CovidHub-baseline",2025-01-18,1,1,1775.12394303452,0.13632953211404,1,1,2371.5,0.181851447302004,0.5,0.75,4
"CovidHub-baseline",2025-01-25,1,1,1253.80591998179,0.0843021903183541,1,1,1862.33333333333,0.123746634297393,0.666666666666667,1,3
"CovidHub-baseline",2025-02-01,1,1,1467.82839674221,0.103184424427792,1,1,2359.66666666667,0.165072404061685,0.333333333333333,1,3
"CovidHub-baseline",2025-02-08,1,1,986.54304181278,0.0775826851676179,1,1,1481,0.115445707946474,0.333333333333333,1,3
"CovidHub-baseline",2025-02-15,1,1,596.584708654731,0.0522061745056156,1,1,586,0.0495197703849642,1,1,3
"CovidHub-baseline",2025-02-22,1,1,644.40205721386,0.0578929139967127,1,1,642,0.0571429411359134,1,1,4
"CovidHub-baseline",2025-03-01,1,1,690.315219203235,0.0639458915341259,1,1,859.5,0.0793880155780289,1,1,4
"CovidHub-baseline",2025-03-08,1,1,627.309791836511,0.0619264345163001,1,1,733,0.0713916912636408,1,1,4
"CovidHub-baseline",2025-03-15,1,1,581.972904023964,0.0618459475921441,1,1,493.25,0.0514809549682225,1,1,4
"CovidHub-baseline",2025-03-22,1,1,555.330380359238,0.062962753264575,1,1,499.5,0.055795685249683,1,1,4
"CovidHub-baseline",2025-03-29,1,1,595.926813166713,0.0720991858136922,1,1,689,0.0827108913734618,1,1,4
"CovidHub-baseline",2025-04-05,1,1,603.423124118904,0.078786052394433,1,1,787,0.101962047981801,1,1,4
"CovidHub-baseline",2025-04-12,1,1,630.367589499058,0.0900651949253435,1,1,933.5,0.132918696287532,1,1,4
"CovidHub-baseline",2025-04-19,1,1,594.311967016621,0.0958315358734113,1,1,847,0.132675759289958,1,1,4
"CovidHub-baseline",2025-04-26,1,1,552.788013044272,0.0955195610122916,1,1,711.75,0.116810153268819,1,1,4
"CovidHub-baseline",2025-05-03,1,1,544.760483297659,0.109976797474609,1,1,714.75,0.13653438679163,1,1,4
"CovidHub-baseline",2025-05-10,1,1,547.49697719549,0.12603371635812,1,1,803,0.173089263318575,1,1,4
"CovidHub-baseline",2025-05-17,1,1,512.888525516233,0.13281926602105,1,1,703,0.159442676328909,1,1,4
"CovidHub-baseline",2025-05-24,1,1,469.12807369453,0.140261494035663,1,1,541.25,0.134014686681618,1,1,4
"CovidHub-baseline",2025-05-31,1,1,448.658612545913,0.163180153529332,1,1,438,0.117847717297023,0.75,1,4
"CovidHub-baseline",2025-06-07,1,1,413.926267329135,0.162253445192068,1,1,332.75,0.0943096170267501,1,1,4
"CovidHub-baseline",2025-06-14,1,1,383.247860882098,0.163387089361308,1,1,263.25,0.0772650480725443,1,1,4
"CovidHub-baseline",2025-06-21,1,1,438.811177623086,0.183703946431418,1,1,572.75,0.162837177600259,0.75,1,4
"CovidHub-baseline",2025-06-28,1,1,389.912593195285,0.160551168668594,1,1,413.75,0.119071064766218,1,1,4
"CovidHub-baseline",2025-07-05,1,1,445.220733019819,0.179998612336447,1,1,643.25,0.181720460310929,0.75,1,4
"CovidHub-baseline",2025-07-12,1,1,590.707082802931,0.210569413329349,1,1,1028.25,0.274566589767101,0.5,1,4
"CovidHub-baseline",2025-07-19,1,1,677.52409702759,0.220572851393862,1,1,1222,0.308815393952137,0.25,1,4
"CovidHub-baseline",2025-07-26,1,1,923.178908950372,0.258103387187076,1,1,1651.5,0.382802302963716,0,1,4
"CovidHub-baseline",2025-08-02,1,1,1315.1464405989,0.298792663424601,1,1,2219.5,0.451712382991667,0,1,4
"CovidHub-baseline",2025-08-09,1,1,1626.84775670475,0.313796546269061,1,1,2625.25,0.467718785305297,0,1,4
"CovidHub-baseline",2025-08-16,1,1,1887.38514317229,0.307027658031722,1,1,2958,0.464104691447137,0,1,4
"CovidHub-baseline",2025-08-23,1,1,2372.37411357295,0.318444661654287,1,1,3534.75,0.472599683738175,0,0.75,4
"CovidHub-baseline",2025-08-30,1,1,2367.63980164116,0.28043798839573,1,1,3529.25,0.41966466271189,0,0.75,4
"CovidHub-baseline",2025-09-06,1,1,2082.46288561937,0.226916965946001,1,1,3192.25,0.348418827729132,0,1,4
"CovidHub-baseline",2025-09-13,1,1,1020.29008904341,0.111526053119444,1,1,1764,0.189415085624648,0.25,1,4
"CovidHub-baseline",2025-09-20,1,1,405.451530054697,0.0449556901890194,1,1,574.75,0.062135163037508,1,1,4
"CovidHub-baseline",2025-09-27,1,1,835.172757127071,0.0957787695563016,1,1,1476,0.170680936119056,0.25,1,4
"CovidHub-baseline",2025-10-04,1,1,1871.93644936382,0.239877073091664,1,1,3038,0.385901189388855,0,1,3
"CovidHub-baseline",2025-10-11,1,1,2535.57674922167,0.367928087642723,1,1,3927,0.558158810473499,0,1,2
"CovidHub-baseline",2025-10-18,1,1,2951.76159709084,0.480401349221435,1,1,4503,0.711517256155648,0,0,1
"CovidHub-baseline",2025-11-22,1,1,251.217436010664,0.0875684943059118,1,1,390,0.118716306839382,1,1,1
"CovidHub-baseline",2025-11-29,1,1,311.366369711175,0.114636108875254,1,1,469,0.140114630837632,1,1,2
"CovidHub-baseline",2025-12-06,1,1,632.972120622134,0.201231539578274,1,1,1151,0.312689782746832,0,1,3
"CovidHub-baseline",2025-12-13,1,1,755.174085801451,0.232258286104222,1,1,1391,0.35442333987709,0,1,4
"CovidHub-baseline",2025-12-20,1,1,1386.77981730117,0.335129063279864,1,1,2316,0.506917111435866,0,1,4
"CovidHub-baseline",2025-12-27,1,1,2597.17281026485,0.472201527705083,1,1,3762,0.66818847597206,0,0,4
"CovidHub-baseline",2026-01-03,1,1,3506.25739075661,0.505147232517286,1,1,4699.25,0.686138996315587,0,0,4
"CovidHub-baseline",2026-01-10,1,1,1796.42853853675,0.270071048371737,1,1,2680.5,0.396288914530568,0.25,0.5,4
"CovidHub-baseline",2026-01-17,1,1,699.914685498132,0.102640185617808,1,1,1224,0.173362345972732,0.5,1,4
"CovidHub-baseline",2026-01-24,1,1,594.270620164936,0.0787815404504167,1,1,854.25,0.110858275423384,0.5,1,4
"CovidHub-baseline",2026-01-31,1,1,725.351393981065,0.100125636283332,1,1,1243.75,0.1714704937191,0.25,1,4
"CovidHub-baseline",2026-02-07,1,1,509.535977228414,0.0760229377098018,1,1,794.5,0.116470742741702,0.75,1,4
"CovidHub-baseline",2026-02-14,1,1,436.380380305732,0.0725775347431792,1,1,570.5,0.0921569183281759,0.75,1,4
"CovidHub-baseline",2026-02-21,1,1,423.717960287315,0.0744718681644796,1,1,555.25,0.0923522167030058,0.75,1,4
"CovidHub-baseline",2026-02-28,1,1,330.354314983009,0.0592314814930954,1,1,142,0.0244048674572879,1,1,4
"CovidHub-baseline",2026-03-07,1,1,395.066215406839,0.0742461445244806,1,1,550,0.103939973181431,1,1,4
"CovidHub-baseline",2026-03-14,1,1,540.296912839004,0.108893551745874,1,1,948.5,0.194242936652734,0.5,1,4
"CovidHub-baseline",2026-03-21,1,1,544.514595981732,0.118193804079123,1,1,900,0.195009732222205,0.5,1,4
"CovidHub-baseline",2026-03-28,1,1,1197.3299446102,0.372900210775333,1,1,2073,0.637768696694147,0,1,4
"CovidHub-baseline",2026-04-04,1,1,912.216855778416,0.331464616578717,1,1,1553,0.53533289259562,0.25,1,4
"CovidHub-baseline",2026-04-11,1,1,683.90978727477,0.30572397576293,1,1,1092.5,0.423649459042536,0.5,1,4
"CovidHub-baseline",2026-04-18,1,1,470.329546865186,0.281129541181156,1,1,612.75,0.262728747622003,0.75,1,4
"CovidHub-baseline",2026-04-25,1,1,308.060544691246,0.299909136541232,1,1,173.25,0.101804989868235,1,1,4
"CovidHub-baseline",2026-05-02,1,1,293.299681436396,0.319510689955201,1,1,87.5,0.0538815802153756,1,1,4
"CovidHub-baseline",2026-05-09,1,1,289.388547321408,0.343080486936568,1,1,93.75,0.0624858988536539,1,1,4
"CovidHub-baseline",2026-05-16,1,1,291.54228353827,0.356206821794921,1,1,150,0.10354102913302,1,1,4
"CovidHub-baseline",2026-05-23,1,1,290.995096494465,0.352724785984231,1,1,176.25,0.127037896762403,1,1,4
"CovidHub-baseline",2026-05-30,1,1,288.37027237418,0.404862871651771,1,1,213.75,0.173173419223688,1,1,4
"CovidHub-baseline",2026-06-06,1,1,276.460462472467,0.452550238904627,1,1,170,0.150825167838269,1,1,4
"CovidHub-baseline",2026-06-13,1,1,264.496903177961,0.489136746980654,1,1,120.25,0.114734348207134,1,1,4
"CovidHub-baseline",2026-06-20,1,1,254.030319638273,0.544189217850689,1,1,85.5,0.0893291049952245,1,1,4
"CovidHub-baseline",2026-06-27,1,1,245.839692530061,0.572973594553197,1,1,60,0.0676424960125335,1,1,4
"CovidHub-baseline",2026-07-04,1,1,245.670700177013,0.58182879203893,1,1,142.5,0.154204620929273,1,1,4
"CovidHub-baseline",2026-07-11,1,1,260.935352062303,0.591338693018842,1,1,281.25,0.281545408303504,1,1,4
"CovidHub-baseline",2026-07-18,1,1,285.823216030432,0.590806944369255,1,1,402,0.36759374189522,1,1,4
"CovidHub-baseline",2026-07-25,1,1,328.862272260435,0.552096805031865,1,1,546.25,0.43826275199499,1,1,4
"CovidHub-baseline",2026-08-01,1,1,382.717856562071,0.52536968273204,1,1,691.25,0.486219624950609,0.75,1,4
"CovidHub-baseline",2026-08-08,1,1,415.442025144904,0.479814544645057,1,1,767.25,0.473661501639712,1,1,4
"CovidHub-baseline",2026-08-15,1,1,472.308425595033,0.428067379928258,1,1,880.5,0.471621401860833,0.25,1,4
"CovidHub-baseline",2026-08-22,1,1,597.546905354195,0.412453894044584,1,1,1121.5,0.505729791221192,0,1,4
"CovidHub-baseline",2026-08-29,1,1,898.112789158288,0.432006454610132,1,1,1599.5,0.586221127617909,0,1,4
"CovidHub-baseline",2026-09-05,1,1,906.982730213079,0.367716670500002,1,1,1612.5,0.529867391174591,0,1,4
"CovidHub-baseline",2026-09-12,1,1,844.658996792392,0.327946178364994,1,1,1444.75,0.424793798344875,0.25,1,4
"CovidHub-baseline",2026-09-19,1,1,829.347507066956,0.320568044170718,1,1,1225.75,0.32763521133556,0.5,1,4
"CovidHub-baseline",2026-09-26,1,1,803.357103874207,0.346922411267113,1,1,746,0.18717727948889,0.75,1,4
"CovidHub-baseline",2026-10-03,1,1,942.120903423947,0.472660175985385,1,1,283.25,0.0706044305705049,1,1,4
"CovidHub-ensemble",2024-11-30,1.12461432646609,1.00880977878872,547.84666196936,0.0643952291076869,1.49814238952537,1.36199979885614,915.365,0.109607180559514,1,1,1
"CovidHub-ensemble",2024-12-07,0.289505096044929,0.25759917820926,553.026188793812,0.0587360130271678,0.374939419515433,0.328069688347947,782.57,0.0824138601372297,1,1,2
"CovidHub-ensemble",2024-12-14,0.372135749878116,0.339381433273662,865.694708299157,0.0889129155834175,0.449998843961506,0.421569148573759,1272.22815136306,0.136157230740011,1,1,3
"CovidHub-ensemble",2024-12-21,0.403652395934201,0.343969555152006,1195.45702458252,0.104904136094936,0.625933288065824,0.522520874756407,2009.47279011197,0.174772909855721,1,1,4
"CovidHub-ensemble",2024-12-28,0.388544990207989,0.368275763772385,2093.63548511048,0.173522036938577,0.65876893154355,0.596286698398708,3817.37331862605,0.307065004520616,0,1,4
"CovidHub-ensemble",2025-01-04,0.502060338239289,0.468825585228085,4027.55094708679,0.270532203158862,0.801805752519361,0.733251843035282,6937.96575335627,0.465569825289919,0,0.75,4
"CovidHub-ensemble",2025-01-11,0.522029014912085,0.507940862994823,1719.92949671648,0.128150172058465,0.727371143515017,0.688472863081638,3035.89220062937,0.221448065373526,0.25,1,4
"CovidHub-ensemble",2025-01-18,0.97790686752789,0.873322846432945,1571.81622200828,0.106966181009079,1.09259236311293,0.970208013734064,2478.31931609502,0.16680030115514,0.5,1,4
"CovidHub-ensemble",2025-01-25,1.82750032610669,1.70407654601643,2196.04089947002,0.137823754363866,2.40166861595674,2.2946150570936,3899.59372381603,0.248185937122095,0.666666666666667,1,3
"CovidHub-ensemble",2025-02-01,1.21955877543201,1.15083635164412,1788.18221371211,0.11816175663151,1.40413990373798,1.34630724791305,3303.6517795894,0.220360262110233,0.333333333333333,1,3
"CovidHub-ensemble",2025-02-08,1.45289623090773,1.40023354575745,1418.01689311406,0.107321443771983,1.74653750864932,1.67310968819433,2486.90637234827,0.185476317531353,0.666666666666667,1,3
"CovidHub-ensemble",2025-02-15,1.53470882958893,1.5713233098549,887.670213488133,0.0791182548935552,2.10688322888709,2.14469231774001,1173.67389719847,0.101003797031309,1,1,3
"CovidHub-ensemble",2025-02-22,1.19245153724327,1.23836127945415,730.631584174963,0.0680103521129846,0.468716534307397,0.496796366180327,239.538592174375,0.0226831868912418,1,1,4
"CovidHub-ensemble",2025-03-01,1.46033749503687,1.62282610231027,969.762148459879,0.100414051907126,1.72458843303776,1.8889319090668,1352.18602942167,0.137729794943812,0.75,1,4
"CovidHub-ensemble",2025-03-08,1.43661669635429,1.59764883089647,879.063768541652,0.0982026057063489,1.9415333243296,2.16179138100565,1347.8570756462,0.149407857558518,0.75,1,4
"CovidHub-ensemble",2025-03-15,1.61540634438419,1.87421645926883,928.388736141058,0.116672842337462,3.78928614636521,4.27261429246686,1808.11413842024,0.215826799485347,0.5,1,4
"CovidHub-ensemble",2025-03-22,1.37412847290684,1.55268320304306,757.927267254967,0.0986625209755917,2.83250444832396,3.14294669994649,1382.38029557093,0.173843412882486,0.75,1,4
"CovidHub-ensemble",2025-03-29,1.27018938383332,1.42643789401583,749.632964730736,0.103365750997185,1.90644467222724,2.08949477466335,1309.625,0.174853644333167,0.75,1,4
"CovidHub-ensemble",2025-04-05,0.707930941573064,0.818450579113162,395.583220582559,0.0607357644693017,0.756608138169635,0.851866397352248,404.681210426613,0.0596705957715691,1,1,4
"CovidHub-ensemble",2025-04-12,0.692098853629515,0.792943633101772,418.22361277402,0.0692733447798335,0.353144986038491,0.398403433592912,276.945900677192,0.0448321404214864,1,1,4
"CovidHub-ensemble",2025-04-19,0.792390179030636,0.868968601489588,441.547275097552,0.0788362743469873,0.955725940033515,1.06342914898587,702.349095447145,0.123640064637525,0.75,1,4
"CovidHub-ensemble",2025-04-26,0.813759115820263,0.901432851056699,420.277767951045,0.0814371496941722,1.21721159284637,1.36064285772817,740.468007118543,0.137163971233274,0.75,1,4
"CovidHub-ensemble",2025-05-03,0.492989949955627,0.545834713074033,267.692024775994,0.059859557758946,0.405803210614589,0.453664197490505,285.26168070719,0.0611301028521392,1,1,4
"CovidHub-ensemble",2025-05-10,0.512814598435754,0.545108829343838,275.380574924317,0.0678839118293622,0.12999110720169,0.147069836885739,114.915559123965,0.0282208898489578,1,1,4
"CovidHub-ensemble",2025-05-17,0.571261081942317,0.580618562495014,286.461368084541,0.0754744070204347,0.404353211216166,0.463828384804342,269.88624893737,0.0708949598508477,1,1,4
"CovidHub-ensemble",2025-05-24,0.698354830299748,0.626700781957931,317.571125659475,0.0860071487594206,0.846749648572181,0.911785488970622,394.7533694235,0.106965465729757,1,1,4
"CovidHub-ensemble",2025-05-31,0.932298761104062,0.744691953628967,395.784190364742,0.11449387820737,1.27717704392925,1.35613718411367,582.888101154425,0.168801216966838,0.5,1,4
"CovidHub-ensemble",2025-06-07,0.964825849225755,0.757552021735806,393.425352435178,0.120322018556954,1.88868300065608,1.9665927784978,720.6955047815,0.213182895510089,0.25,1,4
"CovidHub-ensemble",2025-06-14,0.777902413364026,0.58989909079306,290.122155706703,0.0932704408783671,1.82224651770137,1.87501476787078,479.18130619251,0.14462291380809,0.75,1,4
"CovidHub-ensemble",2025-06-21,0.930062486803632,0.687338512235367,418.874269917464,0.130549427778142,1.37573458107343,1.42739190765203,813.759448796087,0.241083054323814,0,1,4
"CovidHub-ensemble",2025-06-28,0.816279153826722,0.63213114314606,321.301840795981,0.101564284769585,1.43460362702807,1.49210578558042,591.549707147203,0.177183859668752,1,1,4
"CovidHub-ensemble",2025-07-05,0.722993781949917,0.530737785562807,322.102506443496,0.0944031121283597,0.881743376750206,0.871996167125873,565.610768511485,0.157981231690052,0.25,1,4
"CovidHub-ensemble",2025-07-12,0.793778598729605,0.608651377706735,468.322423861806,0.125923535969503,0.899429010366336,0.886915693403826,928.4058797378,0.24460523851321,0.25,1,4
"CovidHub-ensemble",2025-07-19,0.786866986428335,0.627443166864789,547.200480956841,0.139966651205047,0.901078463458601,0.889905384958678,1121.10660532428,0.280638263080356,0,1,4
"CovidHub-ensemble",2025-07-26,0.700201520134644,0.5843012760886,674.191402866095,0.155389244898174,0.755867091353671,0.732142949650952,1297.85047839695,0.293331505204026,0,1,4
"CovidHub-ensemble",2025-08-02,0.604394238082157,0.521104516819638,798.66167244147,0.155953461553698,0.700477445343297,0.659185930625844,1559.36010646479,0.299156540410561,0,1,4
"CovidHub-ensemble",2025-08-09,0.569867471265582,0.49743285227933,928.096745538849,0.154612904111161,0.634127273429362,0.57517479001337,1661.04983991012,0.267232748130588,0,1,4
"CovidHub-ensemble",2025-08-16,0.528768165511524,0.475031735254935,1026.66864102221,0.14969177438028,0.606966745377143,0.548461482719107,1830.39739275101,0.25967562264461,0,1,4
"CovidHub-ensemble",2025-08-23,0.537343568260174,0.492767511600255,1270.55509634992,0.15638756607119,0.657512653141075,0.598395537391523,2302.48525178465,0.279719532734032,0,1,4
"CovidHub-ensemble",2025-08-30,0.482789496211395,0.451805751351151,1085.94663156932,0.118279702890696,0.616829169776342,0.559188738676009,2032.87336553611,0.214652314624449,0,1,4
"CovidHub-ensemble",2025-09-06,0.506262399512413,0.487058506069356,1051.08267784781,0.109113053600815,0.63090057827035,0.58884629385367,2029.66060520722,0.205167242986871,0.5,1,4
"CovidHub-ensemble",2025-09-13,0.807165010323905,0.746623745235901,748.639687835463,0.075677005976632,0.686262648501868,0.643989248698198,1148.91724634492,0.115327554593581,1,1,4
"CovidHub-ensemble",2025-09-20,2.09893008089179,1.86743787402946,824.466793460804,0.0801298647948943,1.66677737488954,1.50690910222323,853.80211475195,0.0809956879996814,0.75,1,4
"CovidHub-ensemble",2025-09-27,1.55210080225766,1.43746000315561,1451.64741054983,0.151220080992514,1.36264093491748,1.28616583236746,2220.05499682668,0.236543971064016,0.25,1,4
"CovidHub-ensemble",2025-10-04,1.26015765297238,1.16632255160254,2808.11377272138,0.322117019455426,1.22872950483721,1.15103510589907,4380.64002928178,0.501050395341298,0,0.333333333333333,3
"CovidHub-ensemble",2025-10-11,1.10834182545235,1.06643901462158,2943.38029553142,0.406784263609965,1.12034435320809,1.08109033192103,4556.54586972012,0.618690558917476,0,0,2
"CovidHub-ensemble",2025-10-18,0.921710387209485,0.931221452963613,2720.66932460469,0.447360042427664,0.961284940491128,0.972022163973037,4328.66608703155,0.691610543032571,0,0,1
"CovidHub-ensemble",2025-11-22,0.675626364770511,0.588719629991984,169.729123058854,0.0515532915667315,0.543608051106436,0.528839079097494,212.00713993151,0.0627818223827941,1,1,1
"CovidHub-ensemble",2025-11-29,0.634198495108825,0.496807558601428,199.303722112698,0.0569537188955368,0.277361217846418,0.262772767262411,125.990596909655,0.0356160737148761,1,1,2
"CovidHub-ensemble",2025-12-06,0.623554193319742,0.512408000398746,388.025967865957,0.0994315428635356,0.48299045086181,0.450988215597095,510.156280173737,0.129060410408346,0.666666666666667,1,3
"CovidHub-ensemble",2025-12-13,0.525231854269819,0.412824374660783,390.419767227541,0.0899552128188989,0.404960923624589,0.37026964875469,505.898853514565,0.116706026728032,0.5,1,4
"CovidHub-ensemble",2025-12-20,0.545947775068562,0.455674806559541,751.078161840118,0.148015947327165,0.548661123287603,0.487191446655228,1272.37275053824,0.245439275787476,0.25,1,4
"CovidHub-ensemble",2025-12-27,0.592163041950987,0.508498232464311,1549.0231656224,0.238588629917686,0.647856870039117,0.568234087082553,2454.51077711895,0.380523765966937,0,0.75,4
"CovidHub-ensemble",2026-01-03,0.547673520771891,0.477461337868424,1921.97249261798,0.2392688824502,0.646155228334609,0.560308657900485,3041.39609140507,0.382380904210139,0,1,4
"CovidHub-ensemble",2026-01-10,0.426601741185637,0.364921538780344,728.856211834124,0.0928058603072576,0.483713065409361,0.409007337754115,1279.51501807148,0.158132469253321,0.5,1,4
"CovidHub-ensemble",2026-01-17,1.67464549834471,1.35264947002809,1056.12515485653,0.121937098295614,1.56032923512568,1.29005223525435,1709.69459478705,0.196584902585905,0.25,1,4
"CovidHub-ensemble",2026-01-24,2.60215611468076,2.32766989491891,1564.09417295654,0.184759021962975,2.86661085351142,2.57667513110374,2579.34930457119,0.30177186588373,0.25,1,4
"CovidHub-ensemble",2026-01-31,1.78883785749738,1.62916593190946,1414.33131771902,0.175655025312283,1.76004223141789,1.59657114124308,2316.74796123777,0.285629923947726,0.25,1,4
"CovidHub-ensemble",2026-02-07,1.32747039880806,1.28709401978559,696.180815282263,0.0993110254444234,1.52274808514665,1.49724072909718,1208.38635171411,0.172441334785144,0.75,1,4
"CovidHub-ensemble",2026-02-14,1.20740929736506,1.23182065670812,536.428375955173,0.0913596648385693,1.503536846938,1.57876409221145,888.349685646335,0.151544359605922,0.25,1,4
"CovidHub-ensemble",2026-02-21,1.28059268669712,1.32082328068345,578.79008632331,0.106068931764131,1.79354563072869,1.88958389589815,1140.83996358227,0.202534352743676,0.5,1,4
"CovidHub-ensemble",2026-02-28,1.0714169729394,1.09990206080713,352.291318347828,0.0654293623922497,3.52493511530508,3.79426377323334,463.729167438005,0.0869404407679304,1,1,4
"CovidHub-ensemble",2026-03-07,0.8267929319852,0.827503488083098,319.364159305493,0.0602529094042113,0.474003872739965,0.482451049111771,232.299736242089,0.0447803678890413,1,1,4
"CovidHub-ensemble",2026-03-14,0.744728203312647,0.752923423421801,398.8590814287,0.0814279039406078,0.659194219240452,0.676757354642229,608.410689413219,0.128231486692889,0.75,1,4
"CovidHub-ensemble",2026-03-21,0.739358320490114,0.744765215221231,415.361916207292,0.0904147003870332,0.641172407855999,0.663423076394467,630.314175095955,0.140597296766791,0.5,1,4
"CovidHub-ensemble",2026-03-28,0.861940558823451,0.912272863125834,1020.71445058151,0.336929383324058,0.801258375003654,0.84456796471153,1647.9673503277,0.535983600912039,0,0.75,4
"CovidHub-ensemble",2026-04-04,0.821747360874171,0.859451246946876,733.977267091935,0.282368253354669,0.764984281890473,0.854232410953403,1148.63670887951,0.442459261940527,0.25,1,4
"CovidHub-ensemble",2026-04-11,0.729138517775381,0.668275577709244,531.06271958671,0.227446430122216,0.769522975252558,0.826853459222217,814.670251005079,0.343580078423544,0.5,1,4
"CovidHub-ensemble",2026-04-18,0.652185762775411,0.511024343803879,320.837202977473,0.151860182375801,0.86656571742641,0.922889718396588,489.6705699875,0.225453206429173,0.75,1,4
"CovidHub-ensemble",2026-04-25,0.582082520477891,0.359777805065924,174.137679509231,0.103438385984176,1.281372703072,1.33147521899723,223.415270726224,0.136887439623627,0.75,1,4
"CovidHub-ensemble",2026-05-02,0.476495086277307,0.296237270182903,138.111790359854,0.0920647427304373,1.59687580359402,1.71454234686941,139.468819042995,0.0931583279979387,1,1,4
"CovidHub-ensemble",2026-05-09,0.446867566607265,0.25694790379081,128.03268941421,0.0847762247696036,1.16720386761529,1.18485708328634,106.3498625,0.0721885208218289,1,1,4
"CovidHub-ensemble",2026-05-16,0.513203914761769,0.273692873366792,152.442888298243,0.0962247319196226,1.28246165040464,1.27229613572572,179.580792669681,0.12258596623394,1,1,4
"CovidHub-ensemble",2026-05-23,0.572019282783714,0.306644690136202,176.698294161512,0.112198166552457,1.69363764749535,1.62322632672379,274.690242885045,0.190844254827531,1,1,4
"CovidHub-ensemble",2026-05-30,0.638215948854958,0.331924723441474,196.58914055747,0.140955161440266,1.6199509758216,1.5201955156044,360.310806693359,0.270360856076024,0.5,1,4
"CovidHub-ensemble",2026-06-06,0.59635426906279,0.286904150736476,172.255606463961,0.133820319050079,1.57768866713076,1.45574352966392,285.198841888121,0.231214618164618,0.75,1,4
"CovidHub-ensemble",2026-06-13,0.502704607019986,0.231468839433796,134.073762059741,0.113328109335161,1.64451071645019,1.55117815620747,206.797384485748,0.184544767201623,1,1,4
"CovidHub-ensemble",2026-06-20,0.524031260839422,0.230520560064084,141.859712960034,0.130707557167278,2.09498248754331,1.92177689517948,213.526136935479,0.200792158130628,0.75,1,4
"CovidHub-ensemble",2026-06-27,0.469508657115201,0.199514808726577,120.669487029412,0.11675099436889,2.04532222318867,1.80498200922257,156.963618936734,0.150518831844146,1,1,4
"CovidHub-ensemble",2026-07-04,0.415546198997039,0.175736257679315,102.061461440411,0.100965417357284,0.554260679239927,0.510640562588338,78.6650563041101,0.0789583892836307,1,1,4
"CovidHub-ensemble",2026-07-11,0.406647030358692,0.169581755033667,104.485540825342,0.0950240550114288,0.417901040573749,0.388832856239661,114.185169880641,0.106214491751816,1,1,4
"CovidHub-ensemble",2026-07-18,0.425267848558424,0.179243230275647,121.06877514227,0.100851472330312,0.413216948572544,0.374478368242354,164.938672885591,0.136374888044638,1,1,4
"CovidHub-ensemble",2026-07-25,0.495159948997094,0.228463346263008,166.197878857998,0.12365255388907,0.520186915710966,0.471537292549587,295.637410298435,0.215198023803961,0.75,1,4
"CovidHub-ensemble",2026-08-01,0.472254183118093,0.229441990467294,186.162839797955,0.118239299458639,0.455863705249033,0.401679838564449,334.300007034055,0.206961582826826,0.75,1,4
"CovidHub-ensemble",2026-08-08,0.436574750104791,0.218807406542616,188.570384276769,0.10401255311283,0.3532711703593,0.310615002380175,296.074304660848,0.16076971996801,0.75,1,4
"CovidHub-ensemble",2026-08-15,0.389138035408833,0.209131139210119,183.510907509941,0.0854337344490557,0.273968910946171,0.230695832039463,245.874816757146,0.109351274909055,1,1,4
"CovidHub-ensemble",2026-08-22,0.416486887692408,0.244530624267652,248.756284723174,0.0987714588322744,0.374758073319885,0.313081221788593,419.498587758159,0.157421825777927,0.5,1,4
"CovidHub-ensemble",2026-08-29,0.596351972375261,0.413226833111004,527.40268750436,0.170761337588644,0.577053280294626,0.500272795416742,918.239825922524,0.28978015855338,0,1,4
"CovidHub-ensemble",2026-09-05,0.557843649042583,0.42813634671832,520.358895161383,0.154261680125426,0.571752507456286,0.508703717996992,948.174607931216,0.274687794106675,0,1,4
"CovidHub-ensemble",2026-09-12,0.43183773898575,0.299038308984225,418.568220400006,0.114741152279921,0.453344511186096,0.410054625858482,755.000575500859,0.202855650231529,0.5,1,4
"CovidHub-ensemble",2026-09-19,0.333158018530147,0.207310827399002,314.899822510146,0.0781221763207992,0.279205858090092,0.258986077779877,451.190468194421,0.112447313887978,0.75,1,4
"CovidHub-ensemble",2026-09-26,0.283805716630731,0.146379017710691,245.219815879895,0.0549603124878804,0.153842962745474,0.139142692412601,138.217298811685,0.030850149405004,1,1,4
"CovidHub-ensemble",2026-10-03,0.362281819049475,0.173352103276417,320.117036085469,0.0712804836797531,1.76948502670963,1.67885269106302,454.723624460976,0.105523675260265,1,1,4
"Google_SAI-Ensemble",2025-03-22,1.25892708402204,1.35149346355608,474.423526065459,0.0566580984484672,2.43595824678197,2.61338331045343,779.206838805003,0.0932361892804341,0,1,1
"Google_SAI-Ensemble",2025-03-29,0.939882669191288,0.982709602560118,438.828089713336,0.0568229476163651,1.18666841244953,1.25005719588266,651.388396375748,0.0847399748432309,0.5,0.5,2
"Google_SAI-Ensemble",2025-04-05,0.392393661733483,0.40596853941799,255.717377751263,0.0345717831585484,0.223061992710504,0.228946857426169,297.572413121705,0.0396402816651769,0.666666666666667,0.666666666666667,3
"Google_SAI-Ensemble",2025-04-12,0.81354732608323,0.823461306904444,556.215612960686,0.0807899524614425,0.808991488036033,0.82152643263643,757.063488613539,0.109531750935644,0.25,0.5,4
"Google_SAI-Ensemble",2025-04-19,0.773148648750452,0.759738017909515,484.202569839135,0.0770716649682926,0.844839877135796,0.856707571669258,703.895001083531,0.112076320601522,0.25,0.5,4
"Google_SAI-Ensemble",2025-04-26,0.69728177054787,0.66505315241928,512.146247695381,0.0843290834629503,0.894342657126564,0.897007651493542,713.382810409976,0.1172304641581,0.333333333333333,0.666666666666667,3
"Google_SAI-Ensemble",2025-05-03,0.917456416237237,0.857664577135597,669.118062744936,0.128698367714655,0.95256659318698,0.935818666487474,921.504052797197,0.176194365409264,0,0.5,2
"Google_SAI-Ensemble",2025-05-10,1.04038727436713,0.938131879054862,789.614740713428,0.171019953297006,1.34230098979734,1.31388510178263,1070.20641901846,0.228788204036281,0,0,1
"Google_SAI-Ensemble",2025-05-24,0.685674986463755,0.614301813114122,222.414000379849,0.0632092910055512,0.990734341348694,1.06482548551477,364.038598935957,0.103601407443547,0,1,1
"Google_SAI-Ensemble",2025-05-31,1.39599278352838,1.08224111250574,582.564067368514,0.16600631770489,1.39098071838071,1.44975918142872,740.796089556889,0.213970033122535,0,0,2
"Google_SAI-Ensemble",2025-06-07,3.33871981507918,3.70897595950468,1339.01102864504,0.586137247888884,3.69805637969762,5.63794709308127,1522.12347629422,0.685751168592152,0,0,3
"Google_SAI-Ensemble",2025-06-14,2.25696107741194,2.26620809683444,960.623756426849,0.428208666207658,4.01657317540462,5.95137464690341,1146.70210420015,0.519142452347496,0,0.666666666666667,3
"Google_SAI-Ensemble",2025-06-21,2.05914034820045,1.98268650992152,1433.87869895244,0.643628208732186,2.14309760824081,3.20141474033619,1619.04870738116,0.754472633025266,0,0.5,2
"Google_SAI-Ensemble",2025-06-28,4.04581125627465,4.03027905050671,2137.83736632336,0.888789714682343,5.29122192537734,7.90114571256754,2430.04657545253,1.07142562019117,0,0,1
"JHU_CSSE-CSSE_Ensemble",2024-11-30,2.82119136863788,2.28233132580747,1374.32027826087,0.145687771585137,4.21276595744681,3.50382603151226,2574,0.281971034656266,0,1,1
"JHU_CSSE-CSSE_Ensemble",2024-12-07,0.61906729638539,0.480205540111569,1153.15297246377,0.106710803573939,0.857602213254261,0.659852621713767,1715.33333333333,0.158494468213257,0.5,1,2
"JHU_CSSE-CSSE_Ensemble",2024-12-14,0.578497984299619,0.452071931604228,1335.21428937198,0.115510651515105,0.846551958906982,0.649810038521921,2132.22222222222,0.183409481463428,0.666666666666667,1,3
"JHU_CSSE-CSSE_Ensemble",2024-12-21,0.512555012602156,0.388539226913292,1560.97220289855,0.120484297497119,0.725987381765008,0.541779092484015,2484.91666666667,0.191865856810664,0.75,1,4
"JHU_CSSE-CSSE_Ensemble",2024-12-28,0.397420078742517,0.298284351527138,2283.52140797101,0.145981497971675,0.590883971731238,0.441955816903533,3721.61111111111,0.240994586508139,1,1,3
"JHU_CSSE-CSSE_Ensemble",2025-01-04,0.382100954279612,0.361180998743329,2862.59025217391,0.192050953199133,0.555841705341706,0.491433541730801,4590.77777777778,0.294512143088423,0.333333333333333,1,3
"JHU_CSSE-CSSE_Ensemble",2025-01-11,0.853437056378563,0.833182468068415,2480.39976086957,0.187748936912647,1.05243440020579,0.961839877099101,3787.41666666667,0.271393160128168,0.5,1,2
"JHU_CSSE-CSSE_Ensemble",2025-01-18,2.46436724774399,2.13182617654218,2730.66114347826,0.171928190581039,2.3963934273992,1.98496082194515,3743.16666666667,0.230679604031252,1,1,1
"JHU_CSSE-CSSE_Ensemble",2025-01-25,3.72270012624249,3.46954847758852,3155.44411014493,0.204677715920873,6.04576141505637,5.52302765816809,4776.5,0.305503693191778,1,1,1
"JHU_CSSE-CSSE_Ensemble",2025-02-22,3.00940258543093,3.49571591735118,1203.71220362319,0.130614490537332,2.75312536778147,2.98721783853785,1468.25,0.144424517230311,1,1,1
"JHU_CSSE-CSSE_Ensemble",2025-03-01,1.9418617246746,2.29507822064221,1155.04329094203,0.132163788678794,2.21367900688345,2.40357176505798,1761.33333333333,0.181842430042557,1,1,2
"JHU_CSSE-CSSE_Ensemble",2025-03-08,1.71615586925859,2.02013982657673,1038.74482458937,0.129400366205971,2.13933924524935,2.35772989481611,1565.77777777778,0.174764433209745,1,1,3
"JHU_CSSE-CSSE_Ensemble",2025-03-15,1.64392559518944,1.98689941380049,1006.74253127567,0.133692235147504,3.13667875067301,3.5157195127083,1568.20094243515,0.186941954764919,0.75,1,4
"JHU_CSSE-CSSE_Ensemble",2025-03-22,1.42302615628533,1.62645750095703,767.737315433915,0.101309398936494,2.71612246175468,3.0087817917752,1279.0022270088,0.159952625949842,0.75,1,4
"JHU_CSSE-CSSE_Ensemble",2025-03-29,1.35255030512859,1.51258905119848,743.456664045263,0.101491356363428,1.89153575212591,2.09913619714239,1202.96912483917,0.161787328883484,0.5,1,4
"JHU_CSSE-CSSE_Ensemble",2025-04-05,0.864360753032273,1.00169457291151,534.486558261459,0.0821076707502106,1.23705304072001,1.41440242157237,798.400359321774,0.119638081287093,0.666666666666667,1,3
"JHU_CSSE-CSSE_Ensemble",2025-04-12,0.863909377655917,1.06290795584259,533.391517663017,0.0953739596906204,0.897229077617964,1.04453163589033,759.901767029688,0.12668453762924,0.666666666666667,1,3
"JHU_CSSE-CSSE_Ensemble",2025-04-19,1.00003197315489,1.13244145078121,548.526713815773,0.103625201752877,1.28440583765327,1.45444136441519,972.053708243386,0.17671104167311,0.333333333333333,1,3
"JHU_CSSE-CSSE_Ensemble",2025-04-26,1.22147991805295,1.3852055822105,558.382075443541,0.114865328691802,1.92735067265119,2.21737786962102,1048.25791786913,0.206331538756921,0,1,3
"JHU_CSSE-CSSE_Ensemble",2025-05-03,0.637951036970665,0.774581295516719,400.066547584655,0.0981870422914674,0.783576023609903,0.939038864347716,634.455677730872,0.145961807611049,1,1,3
"JHU_CSSE-CSSE_Ensemble",2025-05-10,0.560841476369653,0.633219337152589,318.043563811121,0.0836293115226605,0.491482650016078,0.567338900941951,418.567021153271,0.104787969351586,1,1,3
"JHU_CSSE-CSSE_Ensemble",2025-05-17,0.551296112687708,0.564365434966212,306.685823946104,0.0831370945088834,0.387270066732763,0.437026307957345,316.351638098311,0.0828634218407949,1,1,2
"JHU_CSSE-CSSE_Ensemble",2025-05-24,0.669271528261499,0.579502280174939,307.390504855072,0.0791106661156716,0.744539700792739,0.77065250960999,301.333333333333,0.0783151781308788,1,1,1
"JHU_CSSE-CSSE_Ensemble",2025-05-31,0.584804076679381,0.442980942111848,267.702192463768,0.0717615357965083,0.248618561021465,0.238801542701396,104.166666666667,0.0272790951415001,1,1,2
"JHU_CSSE-CSSE_Ensemble",2025-06-07,0.644265798477344,0.489429829854224,253.119216376812,0.0721795162709145,0.457727806559007,0.440974041131195,168.333333333333,0.045678300169179,1,1,1
"JHU_CSSE-CSSE_Ensemble",2025-06-14,0.66518621074715,0.431892723035845,286.193831304348,0.0798708910448674,0.565951182828268,0.528706748754881,128.666666666667,0.0354653613342393,1,1,1
"JHU_CSSE-CSSE_Ensemble",2025-06-21,0.650346579134161,0.412338003059862,320.847444637681,0.0870870551419245,0.00623527436162487,0.00577416863921403,3.66666666666652,0.000960069897002924,1,1,1
"MOBS-GLEAM_COVID",2024-11-30,2.36753972999399,2.03906232414768,1153.32759652174,0.130159211666249,3.31094435351882,2.8324213932794,2022.987,0.227939624759518,0,1,1
"MOBS-GLEAM_COVID",2024-12-07,0.891526470942355,0.694906832373686,1740.45902086957,0.160034480480951,1.31687589122354,1.02852826898898,2981.993,0.274716140876741,0,1,1
"MOBS-GLEAM_COVID",2024-12-14,1.30748782194025,0.936137190834746,3559.06214608696,0.282299678377244,2.25991572834446,1.64426440502,5592.923,0.436896629445759,0,0,1
"MOBS-GLEAM_COVID",2024-12-21,1.08743437690108,0.824000469295308,3426.79761043478,0.252722043771769,1.44309807905263,1.05902480831133,5469.873,0.4000142879202,0,0.5,2
"MOBS-GLEAM_COVID",2024-12-28,0.728506883663156,0.71535961119463,3612.43630434783,0.306755255843555,0.995835724101662,0.959074672579301,5417,0.467579342180064,0,0,2
"MOBS-GLEAM_COVID",2025-01-04,0.94416392356925,0.956030180823004,7301.97492753623,0.528092195321045,1.11322015388019,1.14960171707596,9212.33333333333,0.689954098775314,0,0,3
"MOBS-GLEAM_COVID",2025-01-11,1.18414058464709,1.28604262260188,4082.47282608696,0.340350787660262,1.05644224350279,1.17616727840001,5092.75,0.441099806667068,0.25,0.5,4
"MOBS-GLEAM_COVID",2025-01-18,1.27205468516413,1.32600052690652,2199.68010869565,0.176686772793665,1.20626827343921,1.29238692577558,2824.75,0.233829873195803,0.75,0.75,4
"MOBS-GLEAM_COVID",2025-01-25,1.84208625627027,1.68360692373299,2225.38884057971,0.136824468468098,2.31674518859421,2.20512276629394,3839.66666666667,0.243168354292914,0.666666666666667,1,3
"MOBS-GLEAM_COVID",2025-02-01,3.05591939783882,2.57528194712016,4730.27304347826,0.264479003949818,3.21983693234315,2.78571072951326,8174,0.464314056565154,0,1,2
"MOBS-GLEAM_COVID",2025-02-08,3.63084244753741,3.04377715260228,3453.44436869565,0.212078129302751,4.26687777008692,3.57082017726488,6032.902,0.372207825707777,0.5,1,2
"MOBS-GLEAM_COVID",2025-02-15,1.53549540194452,1.48937624856158,771.497380869565,0.0646658010357358,1.738089910113,1.72980456531338,777.915,0.0652494454354802,1,1,2
"MOBS-GLEAM_COVID",2025-02-22,1.32814435102723,1.28596039615568,732.02740884058,0.0636994951123314,0.93196536936307,0.910649086641654,558.944333333333,0.048618510439408,1,1,3
"MOBS-GLEAM_COVID",2025-03-01,1.22678230012559,1.30887573233248,810.624032608696,0.080267073784515,1.29038037602955,1.41043670848251,1009.88375,0.102363382048808,0.75,1,4
"MOBS-GLEAM_COVID",2025-03-08,1.46241504614638,1.6230509785676,787.738043586957,0.0872083910999454,2.20476262474669,2.47175643117006,1365.6585,0.150714518057002,0.5,1,4
"MOBS-GLEAM_COVID",2025-03-15,1.67273009376107,1.89736747203091,915.71485326087,0.111259526772326,3.87961017116891,4.39125877223416,1749.96825,0.20854948716939,0.25,1,4
"MOBS-GLEAM_COVID",2025-03-22,1.90465648094484,2.19415720113811,1011.27770782609,0.133523919572335,4.17291180441457,4.79018021553936,1953.58975,0.252873223802618,0,1,4
"MOBS-GLEAM_COVID",2025-03-29,1.83850761325087,2.13353482176417,1064.77407836957,0.151471810533982,2.96188512050091,3.41160014577742,2003.044,0.28062967646696,0,1,4
"MOBS-GLEAM_COVID",2025-04-05,1.56443636121915,1.93166992964759,868.746518043478,0.142597337807489,2.78397703807163,3.40500573502763,1659.28275,0.266930335325331,0,1,4
"MOBS-GLEAM_COVID",2025-04-12,1.65735102221808,2.12429394430331,977.275254456522,0.181680401208794,2.16327922548929,2.7618635393786,1793.12775,0.329460569665839,0,1,4
"MOBS-GLEAM_COVID",2025-04-19,2.27599412716098,2.83497274073449,1277.66354706522,0.261406097876258,2.79330215356344,3.60783275535896,2152.50525,0.442576159501584,0,0.75,4
"MOBS-GLEAM_COVID",2025-04-26,2.56478685158342,3.25366655807853,1337.21471869565,0.2999462190295,3.5441481360203,4.80076800686092,2211.21725,0.500986635376117,0,1,4
"MOBS-GLEAM_COVID",2025-05-03,1.68996383307476,2.22886799695274,919.176027717391,0.245205577490894,2.34744586416559,3.25387581561201,1651.46725,0.439121467819815,0,1,4
"MOBS-GLEAM_COVID",2025-05-10,1.28379001745192,1.67113859999818,689.430037282609,0.207661286881916,1.7081197738598,2.34604789326435,1320.9445,0.391786115832607,0,1,4
"MOBS-GLEAM_COVID",2025-05-17,1.81716127099584,2.38296144064659,939.956450434783,0.328632661489456,2.3170915726753,3.47931261852585,1536.919,0.539758898844408,0,0.75,4
"MOBS-GLEAM_COVID",2025-05-24,1.4114782901429,1.53493594967414,618.934254891304,0.209165071733149,2.5464388411603,3.2622284749672,1193.04475,0.392838953426645,0,1,4
"MOBS-GLEAM_COVID",2025-05-31,1.93337843921217,1.73670189623272,839.013740760869,0.276920947093396,2.89478063426174,3.44415337097186,1460.88075,0.479408126701184,0,0.75,4
"MOBS-GLEAM_COVID",2025-06-07,2.19797690038209,1.89022334019704,894.081842608696,0.301980461508159,3.61254544969335,4.26563884002765,1437.79975,0.489015219572598,0,0.5,4
"MOBS-GLEAM_COVID",2025-06-14,2.27746277335326,1.87150505045312,878.221630434783,0.307737262595272,4.83959477230341,5.83271093099523,1299.75,0.461873127855774,0,0.5,4
"MOBS-GLEAM_COVID",2025-06-21,2.83892409243294,2.2963243121718,1235.02467391304,0.419412609807086,2.93359295299962,3.6232250124149,1677.25,0.585436491530151,0,0,4
"MOBS-GLEAM_COVID",2025-06-28,2.9904471530404,2.56849993574849,1174.73869565217,0.411584126352624,3.84840401070825,4.80054328730873,1587.5,0.572167541796624,0,0.25,4
"MOBS-GLEAM_COVID",2025-07-05,3.18389772947263,2.78204358359306,1459.54938119565,0.513989042662431,2.85898903068053,3.61938057060321,1886.76275,0.685568148141297,0,0,4
"MOBS-GLEAM_COVID",2025-07-12,2.88041532106979,2.70562833251411,1768.05499923913,0.587983989843977,2.15935615310695,2.74608403498181,2267.54425,0.779468773021924,0,0.25,4
"MOBS-GLEAM_COVID",2025-07-19,2.61225051933793,2.50647437465818,2044.64692304348,0.635956831069408,1.93449691963132,2.4465417972804,2650.49066666667,0.861678590653971,0,0,3
"MOBS-GLEAM_COVID",2025-07-26,2.0448816839434,2.06703009523021,2549.15354456522,0.740055166901798,1.58265895460705,2.03610066965455,3361.0985,1.03895188689705,0,0,2
"MOBS-GLEAM_COVID",2025-08-02,1.69487400908336,1.73499726970034,3176.77063434783,0.786982249900817,1.23705271038463,1.51434192123639,4128.589,1.09760682272387,0,0,1
"Metaculus-cp",2024-12-07,0.562108550978646,0.429338704725362,1078.08282717493,0.0978757355811509,0.769859154471319,0.627550738693274,1610.90250410686,0.157618816390389,1,1,2
"Metaculus-cp",2024-12-21,0.410808906102582,0.306437308458297,1228.61599495603,0.0941621337317787,0.405995008277654,0.307233803247437,1475.17764082007,0.115997475224933,0.75,1,4
"Metaculus-cp",2025-01-04,0.151630059028959,0.118276907193041,1209.97321146199,0.0678436390912274,0.140091849117636,0.105403570148601,1212.8618942646,0.0668656741579143,1,1,4
"Metaculus-cp",2025-01-18,0.694087317760567,0.590712973848839,1095.22751736836,0.0703776527404465,0.369211236696378,0.330830784312887,791.460808868576,0.0533231182343856,1,1,4
"Metaculus-cp",2025-02-01,0.682088036743592,0.732468816784647,1042.8566959883,0.0775704609345795,0.431351416647769,0.472644557653315,1006.98290229843,0.0767239124145158,1,1,4
"Metaculus-cp",2025-02-15,2.34709089718685,2.47690133426624,1378.32071067736,0.127838096576866,4.23436243656097,4.56536387969823,2355.10066778117,0.214307776521812,1,1,4
"Metaculus-cp",2025-03-01,2.62020997725501,3.13700177696816,1761.39931316914,0.19754321358663,3.9121645491458,4.68421249301551,3245.07337163158,0.362494204317341,0,1,4
"Metaculus-cp",2025-03-15,3.06306087150621,3.85702000523548,1705.5993451614,0.229443897246925,7.09001638194064,8.8020425204078,3251.48256788509,0.425335901773648,0,1,4
"Metaculus-cp",2025-03-29,3.01571288252987,3.498485948879,1775.32601211839,0.249065710019511,4.48156401012401,5.62709511819259,3013.4080570641,0.45969285358083,0.75,1,4
"Metaculus-cp",2025-04-12,3.04079426606137,1.77470559373162,1843.33072796413,0.154366158781399,0.377527605352874,0.425089454662022,353.068061393774,0.0574843423845217,1,1,4
"Metaculus-cp",2025-04-26,1.93011169140383,2.03194641454346,1013.51916874715,0.188082364035644,2.59563925626972,3.24453180843417,1621.96333037852,0.338901484236908,0,1,4
"NEU_ISI-AdaptiveEnsemble",2024-12-14,0.427803286617332,0.373677180675291,699.518260869565,0.0695481478735492,0.344252632036266,0.294576710864138,617,0.0623465678566202,1,1,1
"NEU_ISI-AdaptiveEnsemble",2024-12-21,0.35783600698453,0.292967491723207,748.26,0.0677348821077697,0.284775066467565,0.23109044445434,582,0.053106275391638,1,1,2
"NEU_ISI-AdaptiveEnsemble",2024-12-28,0.333690232129455,0.300250369103691,1693.67376811594,0.136208043293935,0.55569282894766,0.477615362409357,3099.33333333333,0.240819128871271,0.666666666666667,1,3
"NEU_ISI-AdaptiveEnsemble",2025-01-04,0.523602817493933,0.484874530830749,4181.66326086957,0.27837916912424,0.804882045458059,0.731558744178803,6936,0.462218258560097,0,0.75,4
"NEU_ISI-AdaptiveEnsemble",2025-01-11,0.541811812277609,0.536477385147433,1795.42119565217,0.134707926403777,0.747422238729673,0.715994292294114,3205.25,0.235741193695211,0.25,1,4
"NEU_ISI-AdaptiveEnsemble",2025-01-18,0.638169495880138,0.630833291495841,1025.68902173913,0.0769176938102142,0.628169430632672,0.627342731739854,1452.5,0.109888112369041,0.75,1,4
"NEU_ISI-AdaptiveEnsemble",2025-01-25,1.12295063775196,1.11912437946682,1280.23753623188,0.086426556527144,1.18743060715765,1.21207896123198,1966,0.134536205961362,0.666666666666667,1,3
"NEU_ISI-AdaptiveEnsemble",2025-02-01,1.05410895592186,0.980704453063082,1551.04869565217,0.100763647409629,1.02739982744518,0.982833648337788,2511,0.165941214632889,0.666666666666667,1,3
"NEU_ISI-AdaptiveEnsemble",2025-02-08,1.50125751296593,1.27509963223993,1464.40985507246,0.0966520138945414,1.60497439726742,1.39451091396275,2247.66666666667,0.149862181776099,0.333333333333333,1,3
"NEU_ISI-AdaptiveEnsemble",2025-02-15,1.39782304655137,1.23204199768301,981.055507246377,0.0719330748340569,1.71748859704966,1.56178413515993,1436.66666666667,0.106012561801824,1,1,3
"NEU_ISI-AdaptiveEnsemble",2025-02-22,1.35248919312101,1.20438034818455,1119.00369565217,0.0847795129076652,1.94408975113826,1.80662043142658,1833,0.145137132377486,0.75,1,4
"NEU_ISI-AdaptiveEnsemble",2025-03-01,0.704240224693769,0.676591178638747,512.544239130435,0.045604291935581,0.898621997545933,0.874160535857927,831.75,0.0747691855072419,1,1,4
"NEU_ISI-AdaptiveEnsemble",2025-03-08,0.705923912197857,0.662722621650764,494.004891304348,0.0458132717768501,0.940838289535093,0.898664432293189,865.75,0.0803223616130637,0.75,1,4
"NEU_ISI-AdaptiveEnsemble",2025-03-15,0.871880400057445,0.820783703147881,560.545652173913,0.0566620283403781,1.79888988206287,1.73956443698231,915,0.0928017288994685,0,1,3
"NEU_ISI-AdaptiveEnsemble",2025-03-22,1.88995271945581,1.65492541328219,1322.59086956522,0.136113965209111,4.15530530845638,3.72731431175128,2358.5,0.238374467205051,0,1,2
"NEU_ISI-AdaptiveEnsemble",2025-03-29,1.17045033142548,1.12905755866711,878.387826086956,0.100358415461483,1.356921852933,1.26466987417411,1276.5,0.14238712418079,0.5,1,2
"NEU_ISI-AdaptiveEnsemble",2025-04-05,0.912861144687973,0.920319096880997,377.056304347826,0.0508105459819335,0.865866067117319,0.889303057425238,328.5,0.0451241626960277,1,1,2
"NEU_ISI-AdaptiveEnsemble",2025-04-12,0.743495693822269,0.730564726819385,396.404202898551,0.0570730555838605,0.780754035163521,0.792598297334697,583.666666666667,0.0863194859946859,0.333333333333333,1,3
"NEU_ISI-AdaptiveEnsemble",2025-04-19,0.591789444603935,0.580241086294264,346.428043478261,0.054874892236935,0.552520019098095,0.574829753123832,438,0.0718844297854373,0.75,1,4
"NEU_ISI-AdaptiveEnsemble",2025-04-26,0.555031908147774,0.567381155649033,291.157173913043,0.052025070103205,0.865337433027527,0.928083424717597,545,0.0968929663422342,0.5,1,4
"NEU_ISI-AdaptiveEnsemble",2025-05-03,0.254430293104481,0.270118762872019,157.486231884058,0.0336812494854334,0.356863109336006,0.396654957255948,283,0.0602255199445623,0.666666666666667,1,3
"NEU_ISI-AdaptiveEnsemble",2025-05-10,0.198521051074121,0.216509341809402,138.992173913043,0.0350043903456472,0.230047892771221,0.266226804923142,240.5,0.0595217845803839,0,1,2
"NEU_ISI-AdaptiveEnsemble",2025-05-17,0.584457179864264,0.596792468831471,406.292173913044,0.110249182771969,0.587205843823553,0.697853872284064,587,0.160309737474588,0,0,1
"NEU_ISI-AdaptiveEnsemble",2025-05-31,1.92351245251388,1.54079904946973,775.32,0.228017065812727,1.93184534664627,2.07397472222714,964,0.288201687948014,0,0,1
"NEU_ISI-AdaptiveEnsemble",2025-06-07,2.18968607356424,1.77416680122919,749.531304347826,0.230568084616031,2.86355839362792,3.13988521801867,996,0.311650925510392,0,0,2
"NEU_ISI-AdaptiveEnsemble",2025-06-14,2.20172441450796,1.71144847896777,759.846666666667,0.251048248950886,5.1196378824295,5.82500969897203,1002.66666666667,0.337758439147327,0,0,3
"NEU_ISI-AdaptiveEnsemble",2025-06-21,2.50453370397877,1.93377332428865,1087.73695652174,0.353157860557045,2.38594394767596,2.81594988584301,1356.25,0.453295777446453,0,0,4
"NEU_ISI-AdaptiveEnsemble",2025-06-28,1.50391530832062,1.24080551957947,613.496630434783,0.206870775371811,2.56160089385863,2.97290966368853,1097,0.370042329414464,0.25,0.5,4
"NEU_ISI-AdaptiveEnsemble",2025-07-05,1.4792692655027,1.22673207928149,680.161630434783,0.225545230821436,1.95620663300149,2.24475752194841,1339.5,0.442009416197352,0,0.75,4
"NEU_ISI-AdaptiveEnsemble",2025-07-12,1.89894553753483,1.6544649505335,1112.41923913043,0.33977080761871,1.84702359603342,2.16830399407038,1893.25,0.594401113446148,0,0,4
"NEU_ISI-AdaptiveEnsemble",2025-07-19,1.45464482897166,1.42537651747514,996.669673913043,0.314022901080198,1.56354940047424,1.86715580195709,1910.5,0.578443935997273,0,1,4
"NEU_ISI-AdaptiveEnsemble",2025-07-26,1.06110283403866,1.18314396964609,1047.44293478261,0.324189928912806,0.999443684496506,1.25983563189975,2013,0.626288228012938,0.5,1,4
"NEU_ISI-AdaptiveEnsemble",2025-08-02,0.754096461823897,0.893407840502027,1007.60554347826,0.272113513236445,0.751769515131278,0.921110302152636,1771,0.463942390403619,0.5,1,4
"NEU_ISI-AdaptiveEnsemble",2025-08-09,0.691779982252438,0.758835192884751,1129.9797826087,0.237089451076021,0.611123818505991,0.547044012935602,1593.25,0.252731740387763,0,1,4
"NEU_ISI-AdaptiveEnsemble",2025-08-16,0.83301734021924,0.898190321405695,1547.06630434783,0.268928176396639,0.768624793652305,0.705402115172253,2234.25,0.319314429784693,0,0.75,4
"NEU_ISI-AdaptiveEnsemble",2025-08-23,0.611282411186504,0.673903652090364,1450.02141304348,0.213591424044287,0.623309794376988,0.552683866968435,2204,0.260339411003049,0,1,4
"NEU_ISI-AdaptiveEnsemble",2025-08-30,0.614470483244308,0.70853649557509,1341.92130434783,0.180599301432511,0.670049385585912,0.612351896356612,2148.5,0.228041176221559,0,1,4
"NEU_ISI-AdaptiveEnsemble",2025-09-06,0.807507633690944,0.909919513884449,1578.1125,0.192209641322748,0.886651873720973,0.854100150514239,2625.5,0.271439632039854,0,1,4
"NEU_ISI-AdaptiveEnsemble",2025-09-13,1.49848144283224,1.68824481427161,1385.43456521739,0.170054808740984,1.54822755471552,1.58948669616383,2461.25,0.268311635402443,0.25,1,4
"NEU_ISI-AdaptiveEnsemble",2025-09-20,1.7316706003858,1.88027590779899,638.744456521739,0.0783954559078779,0.623020995960281,0.632786129774602,570.25,0.0628690950997406,1,1,4
"NEU_ISI-AdaptiveEnsemble",2025-09-27,1.06499618765585,1.05343761306727,816.321956521739,0.0937521221446238,1.11029216707674,1.10332687078772,1481,0.171592602704772,0.25,1,4
"NEU_ISI-AdaptiveEnsemble",2025-10-04,0.652300564512785,0.65684438379755,1136.07608695652,0.148211036823106,0.741694673380447,0.776967663904343,2089.66666666667,0.281609150534139,0,1,3
"NEU_ISI-AdaptiveEnsemble",2025-10-11,0.42189250027719,0.447450948578114,1053.71043478261,0.162645830674334,0.495655137427285,0.564477644632776,1914,0.311043124214041,0,1,2
"NEU_ISI-AdaptiveEnsemble",2025-10-18,0.372123695851716,0.410187598724662,1098.42043478261,0.197054675861228,0.424161669997779,0.512378776409294,1910,0.36456634110313,0,1,1
"NEU_ISI-AdaptiveEnsemble",2025-12-13,0.475941599764697,0.391811003422333,194.384782608696,0.0439569191655526,0.281648351754359,0.248231510525758,166,0.0358957457146651,1,1,1
"NEU_ISI-AdaptiveEnsemble",2025-12-20,0.316910952658702,0.267142419299582,364.466739130435,0.0680653827346481,0.347288766945869,0.294751334480478,615,0.110336732845917,1,1,2
"NEU_ISI-AdaptiveEnsemble",2025-12-27,0.388065924298068,0.327762340483263,922.350434782609,0.132759483646507,0.421653341459868,0.345984793385566,1453.66666666667,0.204834737271703,0,1,3
"NEU_ISI-AdaptiveEnsemble",2026-01-03,0.526299843861318,0.449212206628886,1781.41804347826,0.215992207060183,0.598306907459766,0.500678645427819,2728.75,0.328695642014213,0,1,4
"NEU_ISI-AdaptiveEnsemble",2026-01-10,0.473620710115632,0.400672967271266,791.147934782609,0.098874674406818,0.53807954942919,0.454628875287782,1353.75,0.166242306042365,0.25,1,4
"NEU_ISI-AdaptiveEnsemble",2026-01-17,1.38948974466892,1.15637771271065,883.650543478261,0.104959567111463,1.25681862486939,1.06783695246279,1406.25,0.165897164914035,0.25,1,4
"NEU_ISI-AdaptiveEnsemble",2026-01-24,2.68771649556439,2.51080582824089,1572.03793478261,0.19434247054629,2.65356485153315,2.50091842412329,2310.75,0.283258154766079,0,0.25,4
"NEU_ISI-AdaptiveEnsemble",2026-01-31,2.44918718717094,2.28106380762095,1992.59695652174,0.253155110179951,1.89559542163266,1.77549033089757,2572.66666666667,0.328262111121332,0,0,3
"NEU_ISI-AdaptiveEnsemble",2026-02-07,2.84055461985715,2.55419188840585,1668.04739130435,0.212446049764802,2.74079266930324,2.58188884477922,2360,0.309119121578147,0,0.5,2
"NEU_ISI-AdaptiveEnsemble",2026-02-14,2.26904832669482,1.69082382245992,1254.79347826087,0.14970536220977,3.00664193981337,2.29197813334438,2414,0.283085060767252,0.5,1,2
"NEU_ISI-AdaptiveEnsemble",2026-02-21,1.0483897885764,0.903859832199841,398.592608695652,0.0578060392770561,1.14846099325602,1.05810781571473,624,0.0940026238134166,1,1,1
"NEU_ISI-AdaptiveEnsemble",2026-02-28,2.149099978577,2.00535268304879,647.563260869565,0.0997115286071632,14.0549609157326,13.105410100158,1171,0.182727000521091,0.5,1,2
"NEU_ISI-AdaptiveEnsemble",2026-03-07,1.87014252496824,1.7333092992401,914.602608695652,0.157000473390884,2.26256466879039,2.07590559003665,1653,0.282348357631406,0,1,2
"NEU_ISI-AdaptiveEnsemble",2026-03-14,1.00951597221307,1.06203025456639,780.856956521739,0.158175158017684,0.877577924123515,0.909448662075898,1214,0.247401838667125,0,1,1
"NEU_ISI-AdaptiveEnsemble",2026-03-21,1.22612305079946,1.25386192282976,1049.89782608696,0.220714373389634,1.31198246087851,1.31471237637403,1751,0.365454631590778,0,1,1
"NEU_ISI-AdaptiveEnsemble",2026-09-12,2.02354305332481,1.44789609111456,939.046086956522,0.248371089777502,1.58679666600114,1.59927914198581,1150,0.309944268939253,0,0,1
"NEU_ISI-AdaptiveEnsemble",2026-09-19,1.88408526342551,1.26780290821744,1089.08891304348,0.278418502166026,1.92507209890014,2.02682863409411,1332,0.347055772191406,0,0,2
"NEU_ISI-AdaptiveEnsemble",2026-09-26,1.46602573036533,0.881323089587281,1236.21369565217,0.323741545516245,2.28537715382506,2.48722273984026,1450,0.386488755118499,0,0,2
"NEU_ISI-AdaptiveEnsemble",2026-10-03,0.644816728365498,0.360312143992915,671.670144927536,0.184546936810942,2.3342920236738,2.60359431326677,771.333333333333,0.218813342428913,0.333333333333333,0.333333333333333,3
"OHT_JHU-nbxd",2024-11-30,1.66948992274966,1.45599667915701,813.278347826087,0.0929404548862762,2.43654664484452,2.14484935590909,1488.73,0.172607140488218,0,1,1
"OHT_JHU-nbxd",2024-12-07,0.236146240201236,0.201594341934713,446.451771739131,0.0454020730392675,0.235783730461566,0.200047633527194,471.805,0.048043797094504,1,1,2
"OHT_JHU-nbxd",2024-12-14,0.280691052826621,0.249830969685822,630.65444057971,0.0628854440107145,0.366379789492846,0.325024186907234,871.636666666667,0.0877039020343797,0.666666666666667,1,3
"OHT_JHU-nbxd",2024-12-21,0.295580449901651,0.26839957777108,850.86420326087,0.0796402312649289,0.436033105447649,0.389673392522593,1370,0.127791498018069,0.5,1,4
"OHT_JHU-nbxd",2024-12-28,0.429051929251761,0.399311388092265,2283.58387934783,0.185615056175127,0.67722477460581,0.616161220675624,3906.2525,0.31557605839106,0,1,4
"OHT_JHU-nbxd",2025-01-04,0.75559299292231,0.716671399848624,5990.05143586956,0.408126830898039,0.963155332490584,0.922312602822648,8266.11,0.579620228742501,0,0,4
"OHT_JHU-nbxd",2025-01-11,0.765486720097067,0.773548946793945,2512.0041826087,0.192515924764429,1.04504349567547,1.03996451102485,4313.28,0.328333095511214,0,1,4
"OHT_JHU-nbxd",2025-01-18,1.0693535393721,1.12071850128882,1687.67565108696,0.134217655693951,1.41527383516145,1.46842948980804,3060.1875,0.239728477289487,0.25,1,4
"OHT_JHU-nbxd",2025-01-25,1.25089924675221,1.54836056491325,1266.09352717391,0.107775069933381,1.62015094658151,2.01963349309478,2256.4525,0.189517920638148,0.5,1,4
"OHT_JHU-nbxd",2025-02-01,1.07227482114445,1.29537435166501,1745.04500217391,0.147928766234566,1.0951934895475,1.31818386958872,2870.4175,0.242044093064866,0.25,0.75,4
"OHT_JHU-nbxd",2025-02-08,2.67854643968126,3.00937018564303,2751.01477826087,0.245944849870884,2.74866493192345,3.1547759552301,4202.5275,0.378766384571601,0.25,0.5,4
"OHT_JHU-nbxd",2025-02-15,4.39786987307086,4.94925634013884,2712.1177326087,0.274169632496603,7.10451726390167,8.45970315792161,4252.6375,0.434259402825905,0,0.5,4
"OHT_JHU-nbxd",2025-02-22,3.01582129265144,3.69604755680907,2025.44043804348,0.228840178351429,4.814312489544,5.93627036102393,3328.1425,0.376475476310698,0,1,4
"OHT_JHU-nbxd",2025-03-01,2.88258977163562,3.50972312375556,2029.9670673913,0.233843019581303,3.8426884807303,4.70631683259124,3315.145,0.382803175335023,0,0.75,4
"OHT_JHU-nbxd",2025-03-08,2.77827823183017,3.26262276033776,1664.00081630435,0.198399212386459,4.00278105177518,4.76526748619474,2844.1275,0.33778721123722,0,1,4
"OHT_JHU-nbxd",2025-03-15,2.57403907610111,3.02453879175681,1469.11537934783,0.185936404748577,5.43168810831568,6.44484712037359,2559.2725,0.32155591225851,0,1,4
"OHT_JHU-nbxd",2025-03-22,2.20214688492233,2.58074659338598,1360.58533043478,0.185512453076348,4.66629927478669,5.53571957380884,2423.98333333333,0.326490810290951,0,1,3
"OHT_JHU-nbxd",2025-03-29,1.38187209333729,1.60223356656647,948.404198550724,0.135799634281527,2.17527971964262,2.46926558250331,1769.26,0.24767029778224,0,1,3
"OHT_JHU-nbxd",2025-04-05,0.781766811755897,0.902438593076683,495.251645652174,0.0778883828893521,1.40081861146648,1.5892826163192,823.71,0.125348655670625,1,1,2
"OHT_JHU-nbxd",2025-04-12,0.564372594062534,0.61530507169173,294.10122826087,0.0475194922715754,0.26945456448408,0.292206307727253,206.92,0.0328988213517523,1,1,2
"OHT_JHU-nbxd",2025-04-19,0.581345965650851,0.610973000313863,325.83587826087,0.0571484160888899,0.469088842982282,0.500815097543759,359.24,0.0616269866945102,1,1,3
"OHT_JHU-nbxd",2025-04-26,0.839396825714065,0.898107027566411,396.622717391304,0.0772181371938861,1.12452294050369,1.24074290224547,639.686666666666,0.121336911532669,0.666666666666667,1,3
"OHT_JHU-nbxd",2025-05-03,0.503426317809046,0.557798731484319,312.152327536232,0.0696394694190153,0.315019903355156,0.363400951963188,257.09,0.0569003679927255,1,1,3
"OHT_JHU-nbxd",2025-05-10,0.478169127496975,0.521879421397187,276.200826086957,0.0701302192637974,0.200865891130685,0.230527467657017,215.173333333333,0.0537001956182864,1,1,3
"OHT_JHU-nbxd",2025-05-17,0.548477622996739,0.575011547606921,269.326586956522,0.0741029776238314,0.46707667848419,0.538094679357247,321.44,0.0856458484927411,1,1,3
"OHT_JHU-nbxd",2025-05-24,0.713629408965458,0.695274232119536,278.180988405797,0.0832263693423008,1.02846911950695,1.14738734211744,418.696666666667,0.120315801612387,1,1,3
"OHT_JHU-nbxd",2025-05-31,1.17843115740215,1.00631369442517,493.606647826087,0.153103871402539,1.94523419868951,2.1274924505544,927.7725,0.276264620226798,0.25,1,4
"OHT_JHU-nbxd",2025-06-07,1.38794769345663,1.16422338439859,552.362295652174,0.180202313962836,2.74635332346269,3.0199919386146,1057.6625,0.330931856501498,0,1,4
"OHT_JHU-nbxd",2025-06-14,1.19439728114894,0.965989171615428,454.677189130435,0.156729560186956,3.2056698040921,3.57103488891408,858.685,0.28189981103566,0.5,1,4
"OHT_JHU-nbxd",2025-06-21,1.14237336699525,0.877206225791486,499.669298913043,0.161742123615306,1.6513612938489,1.79288774856534,942.9,0.290991499455728,0.25,1,4
"OHT_JHU-nbxd",2025-06-28,0.886829048214884,0.674677993089198,344.580935869565,0.10722788038822,1.10030765473437,1.13945684403873,484.2475,0.145170695537923,1,1,4
"OHT_JHU-nbxd",2025-07-05,0.712837131795947,0.491550010789088,316.804906521739,0.0876991291635707,0.278487340355834,0.268785356974952,238.2225,0.0656865680842489,1,1,4
"OHT_JHU-nbxd",2025-07-12,0.582135769647628,0.402009031570183,346.466715217391,0.083483041384278,0.166144607882216,0.15203325095835,157.4025,0.0383873197741162,1,1,4
"OHT_JHU-nbxd",2025-07-19,0.5554353761968,0.382154918828817,377.03244673913,0.0820318942529622,0.203226960726652,0.1769816366574,235.545,0.0515446691249739,1,1,4
"OHT_JHU-nbxd",2025-07-26,0.453451508637417,0.327009808423543,415.914404347826,0.0814708800400639,0.191163277710793,0.161698301242116,304.27,0.0591500857253053,1,1,4
"OHT_JHU-nbxd",2025-08-02,0.348613208860603,0.26615044393775,510.122605797101,0.0889346604169789,0.201919934265228,0.165652173978226,491.036666666667,0.0826797893978846,1,1,3
"OHT_JHU-nbxd",2025-08-09,0.363010323483697,0.288909129817953,562.981673913044,0.0856028147150623,0.291884655966305,0.241879104045414,677.24,0.0996097984664684,1,1,3
"OHT_JHU-nbxd",2025-08-16,0.348171582005955,0.292844232819795,631.812976811594,0.0859462073435221,0.345982942541094,0.288428640581676,1000.06333333333,0.130463440620931,1,1,3
"OHT_JHU-nbxd",2025-08-23,0.476915680895091,0.437298434859666,917.041123913044,0.109973888933875,0.616217945281109,0.549466465721224,1744.905,0.20023261219124,0.5,1,2
"OHT_JHU-nbxd",2025-08-30,0.462054027831355,0.431504447373608,1027.97684492754,0.112694153235006,0.587681373720623,0.527167574346411,1963.61,0.206520925824634,0.333333333333333,1,3
"OHT_JHU-nbxd",2025-09-06,0.504458910306819,0.484838228067473,970.749960869565,0.100245580109722,0.629432345944704,0.582280863761637,1857.59333333333,0.184703886032977,0,1,3
"OHT_JHU-nbxd",2025-09-13,0.762224081233059,0.74598058370309,633.017628985507,0.065853562418402,0.711399496256037,0.682461522043211,1012.13333333333,0.101618247975733,1,1,3
"OHT_JHU-nbxd",2025-09-20,1.22891099382007,1.23255450326106,575.235210144928,0.0629969888586085,0.628065844520193,0.636364437739591,456.983333333333,0.0490467154436196,1,1,3
"OHT_JHU-nbxd",2025-09-27,0.931887720726749,0.92921329029637,634.208928985507,0.0736252919985062,0.723649685015557,0.743130641920678,858.09,0.103468736603851,1,1,3
"OHT_JHU-nbxd",2025-10-04,0.588352168514167,0.595163243430853,960.720550724638,0.126845584216448,0.649984871427678,0.692240327378223,1744.62333333333,0.240247433096968,0.333333333333333,1,3
"OHT_JHU-nbxd",2025-10-11,0.650402693253752,0.649576376440217,1391.2126826087,0.210299138574949,0.738992951384731,0.776777754682252,2503.77,0.390157035133023,0,1,2
"OHT_JHU-nbxd",2025-10-18,0.589397325890799,0.61671244572693,1802.45008478261,0.306029193311718,0.675833348505185,0.746019323425697,3137.485,0.543463516067533,0,1,2
"OHT_JHU-nbxd",2025-10-25,NA,NA,2306.01681304348,0.428194169344471,NA,NA,3878.53,0.723831520191608,0,1,1
"OHT_JHU-nbxd",2025-11-22,1.26213226068163,0.928446686027243,317.069630434783,0.0813026783387193,1.3294358974359,1.1686103931513,518.48,0.13873311000904,1,1,1
"OHT_JHU-nbxd",2025-11-29,1.65309895403054,1.07030751643383,522.875347826087,0.123340674163275,1.9805035284332,1.63228702578923,951.015,0.233309127456122,0.5,1,2
"OHT_JHU-nbxd",2025-12-06,0.764823627082756,0.494105097981078,519.289646376812,0.104022410338507,0.676725279758642,0.520349965724646,858.656666666667,0.177693994327125,0.666666666666667,1,3
"OHT_JHU-nbxd",2025-12-13,0.765287157474361,0.479030302485324,640.725979347826,0.11549532209247,0.625349728749945,0.469424820678961,1081.545,0.200678039037667,0.5,1,4
"OHT_JHU-nbxd",2025-12-20,0.327319326139869,0.218812713967818,473.676707608696,0.0731589139086583,0.220821504717936,0.163789865865551,615.6975,0.0974453429984004,1,1,4
"OHT_JHU-nbxd",2025-12-27,0.184094975273801,0.138912286423527,466.354868478261,0.0624312974146238,0.120194105705722,0.0915610640466977,416.5725,0.0554482515741199,1,1,4
"OHT_JHU-nbxd",2026-01-03,0.18064200446537,0.142652563869856,621.140742391304,0.0696370319739684,0.212559483795624,0.160424964771325,975.085,0.106059657411037,1,1,4
"OHT_JHU-nbxd",2026-01-10,0.532121634269158,0.364061358371136,810.5696,0.0813362426073433,0.592026625629403,0.421335347951014,1331.535,0.137130407801525,0.75,1,4
"OHT_JHU-nbxd",2026-01-17,3.56137892029974,2.63767206295091,2271.32557391304,0.239702351930122,3.20397447293835,2.42515940287757,3634.7475,0.382503916293602,0,0.5,4
"OHT_JHU-nbxd",2026-01-24,4.32039055715465,3.69172304264602,2529.02182608696,0.285634422682369,4.56111726080225,3.92320636318453,3965.6825,0.443226442689722,0,0.5,4
"OHT_JHU-nbxd",2026-01-31,2.34243243745451,2.04032133231087,1777.95442717391,0.214110384269496,2.22750616417252,1.92107849733707,2790.425,0.331759403073322,0.25,0.5,4
"OHT_JHU-nbxd",2026-02-07,1.77911696067065,1.68788230941,950.857320652174,0.132266600150189,2.03348046305286,1.96545353870865,1621.6525,0.225934872335681,0.5,1,4
"OHT_JHU-nbxd",2026-02-14,1.66979626488287,1.76563145863134,711.672007608696,0.125055642839921,2.02191501787477,2.19308938433813,1146.2775,0.200858586074914,0.25,1,4
"OHT_JHU-nbxd",2026-02-21,2.45227081066746,2.65107651757027,1053.85782282609,0.201319558867276,3.14993310655918,3.54449212031522,1882.04,0.354493038285435,0,1,4
"OHT_JHU-nbxd",2026-02-28,2.58400532954218,3.03746470851488,860.45622826087,0.183727042213,13.1904883446107,15.8062036007187,1560.995,0.327230778705561,0,1,4
"OHT_JHU-nbxd",2026-03-07,1.2654030276725,1.58196378986158,535.17435326087,0.127305492745059,1.5587922551226,1.89005679902968,957.1225,0.22236090927858,0.25,1,4
"OHT_JHU-nbxd",2026-03-14,0.572390300809391,0.725863974870607,321.881483695652,0.0840785423371471,0.412154006643413,0.508142668651005,473.145,0.122161166717484,0.75,1,4
"OHT_JHU-nbxd",2026-03-21,0.462804438995202,0.576348103150753,240.772243478261,0.0660860520414639,0.376299461407839,0.458714495309391,311.195,0.0834139306888706,1,1,4
"OHT_JHU-nbxd",2026-03-28,0.571637156054622,0.648372693383682,647.75517173913,0.231254354844642,0.550602886582087,0.633593142408753,1089.3925,0.391029848062223,0,0.75,4
"OHT_JHU-nbxd",2026-04-04,0.834782180719322,0.908575192856516,697.686166304348,0.280996434119288,0.79486858959995,0.915139975126158,1118.5225,0.448361894014038,0,0.75,4
"OHT_JHU-nbxd",2026-04-11,0.891883150354673,0.83407648202866,531.603695652174,0.239771267728744,1.033592594799,1.11812551757718,833.8975,0.370597595523075,0.25,0.75,4
"OHT_JHU-nbxd",2026-04-18,0.651262966392447,0.524164136254648,331.188832608696,0.161533785799142,0.926380580223234,1.02667391645822,545.35,0.263993518638172,0.5,1,4
"OHT_JHU-nbxd",2026-04-25,0.807098435161355,0.479609448191349,247.242184782609,0.139355986062869,2.34704845274753,2.26632427639068,441.4525,0.24641441174363,0.25,1,4
"OHT_JHU-nbxd",2026-05-02,0.485257420906561,0.317033125143839,136.329216304348,0.0953411978920622,2.91709469589642,3.17500709876335,230.57,0.155006988247206,0.75,1,4
"OHT_JHU-nbxd",2026-05-09,0.344406464593083,0.21794410255768,98.3503858695652,0.0718377338653905,1.02589342261109,1.09452458894819,102.8075,0.0735249198746011,1,1,4
"OHT_JHU-nbxd",2026-05-16,0.377269903618111,0.222741757387232,104.272716304348,0.0745130405264099,0.89528953981427,0.920899192492659,109.83,0.0785323130594775,1,1,4
"OHT_JHU-nbxd",2026-05-23,0.478019265566546,0.276104228676809,130.936288043478,0.0918633404633469,1.50842372790482,1.50749848570215,207.3225,0.15170450575831,1,1,4
"OHT_JHU-nbxd",2026-05-30,0.801427562822571,0.432327663045856,224.693077173913,0.169779203423492,2.15492023016453,2.05639780866657,408.39,0.31872977848255,0,1,4
"OHT_JHU-nbxd",2026-06-06,0.995621103000121,0.475856407864839,271.995189130435,0.212900045083841,3.08790213185615,2.7538955914637,482.32,0.385323823070767,0,1,4
"OHT_JHU-nbxd",2026-06-13,1.06682521449482,0.461361494129459,282.413434782609,0.225313302735135,4.21355912927632,3.55615306637748,492.97,0.399667562960747,0,1,4
"OHT_JHU-nbxd",2026-06-20,1.36291733913518,0.547541927537159,350.966017391304,0.29976709721181,7.75339445139747,6.31294157506185,586.095,0.50112894975937,0,1,4
"OHT_JHU-nbxd",2026-06-27,1.26595972554414,0.462016166919046,318.481,0.266334860200295,7.89249071285273,5.97696514464696,541.23,0.45597930760596,0,1,4
"OHT_JHU-nbxd",2026-07-04,0.985193579455054,0.338727301714494,258.871566304348,0.204132329774791,2.71663513521954,2.04508734362948,448.3925,0.359463138431241,0.25,1,4
"OHT_JHU-nbxd",2026-07-11,0.683175604340084,0.228692977612349,199.16765326087,0.142189530323835,0.992363078624162,0.73853772066502,333.5525,0.242200977067706,0.5,1,4
"OHT_JHU-nbxd",2026-07-18,0.489464332868585,0.166200469064807,152.824197826087,0.0999444114464969,0.461636130754923,0.345245190829114,233.7725,0.155549542142086,0.75,1,4
"OHT_JHU-nbxd",2026-07-25,0.346067998524993,0.13117260855041,116.451689130435,0.0693880664317697,0.227272154731034,0.175462935592967,138.7325,0.0841527105093738,1,1,4
"OHT_JHU-nbxd",2026-08-01,0.286523231067833,0.119620613144745,109.225701086957,0.0583443246249638,0.0669024064357231,0.0520373785708259,57.1424999999999,0.0306429781553861,1,1,4
"OHT_JHU-nbxd",2026-08-08,0.284421602906453,0.124126502015649,115.15362173913,0.0543231030721733,0.0331845506063198,0.0258808186206742,25.4250000000001,0.0120240711327064,1,1,4
"OHT_JHU-nbxd",2026-08-15,0.263545167574642,0.128209366320928,122.27965326087,0.0511342110612238,0.0485796309595982,0.0385182476387729,41.995,0.017589745906303,1,1,4
"OHT_JHU-nbxd",2026-08-22,0.279154131890998,0.154052571370513,168.110391304348,0.0627341029770608,0.220816791477539,0.17856594852498,251.89,0.0916044275558971,0.75,1,4
"OHT_JHU-nbxd",2026-08-29,0.610570210919136,0.411829167381604,507.056043478261,0.158582875666418,0.569701430050304,0.491601501707722,855.38,0.266112487575024,0,0.75,4
"OHT_JHU-nbxd",2026-09-05,0.900497206519882,0.680757332425545,731.782417391304,0.210278104501114,0.761991393839763,0.692339629808539,1123.555,0.325647189349712,0,0.5,4
"OHT_JHU-nbxd",2026-09-12,1.07609351204735,0.759687803404056,880.434492391304,0.24070760890584,0.941247447212039,0.90851909036812,1281.3475,0.356108071200628,0,0,4
"OHT_JHU-nbxd",2026-09-19,1.1719953568759,0.778105477016204,1002.28156413043,0.262327246687388,1.27215434447561,1.29336461651954,1396.26,0.372824836321381,0,0,4
"OHT_JHU-nbxd",2026-09-26,1.05813740236805,0.634814650871521,928.43752826087,0.243486777191079,2.07017673461384,2.2131400368657,1326.65,0.353424122447008,0,0.25,4
"OHT_JHU-nbxd",2026-10-03,0.491707557627173,0.29332330214347,509.431573913043,0.143825956338095,2.65955727260129,3.01328875240658,823.7275,0.232827582248742,0.25,0.75,4
"UGA_flucast-INFLAenza",2025-03-08,2.26227719577747,2.59747955512846,889.258091304347,0.0967607990525174,3.88170590247001,4.3355777346464,1531,0.166299295581776,0,1,1
"UGA_flucast-INFLAenza",2025-03-15,2.00394545742236,2.27152403682405,885.224610869565,0.103769403572515,4.14357495773483,4.63799429494571,1553.75,0.181089694435196,0,1,2
"UGA_flucast-INFLAenza",2025-03-22,1.54567994034034,1.77742639488536,736.436851449275,0.092881418225714,3.2302705851982,3.61443024277074,1369,0.170540300726699,0,1,3
"UGA_flucast-INFLAenza",2025-03-29,1.1390687231627,1.25135615675724,656.847558695652,0.0885634108357162,1.79725481307477,1.95862342992512,1219.25,0.161661638352039,0,1,4
"UGA_flucast-INFLAenza",2025-04-05,0.496920021618992,0.547105510222338,279.409267934783,0.0407241899559772,0.483833381381146,0.533117751009633,271.875,0.0393082823136606,1,1,4
"UGA_flucast-INFLAenza",2025-04-12,0.450041656318154,0.477554239762965,270.594728804348,0.0413091589534613,0.306180666366932,0.331955969036509,251.875,0.0390590607882007,1,1,4
"UGA_flucast-INFLAenza",2025-04-19,0.48947402687493,0.492272108866229,284.278044021739,0.0463676324455161,0.410807351629786,0.429479518997605,331.25,0.0546184629660766,1,1,4
"UGA_flucast-INFLAenza",2025-04-26,0.538889979137977,0.533374891098165,290.819370108696,0.0503102607946569,0.5768356765032,0.607380545984974,382.875,0.06690842419999,0.75,1,4
"UGA_flucast-INFLAenza",2025-05-03,0.548059768658564,0.525354356910539,300.271410869565,0.0580058553828845,0.639269921744803,0.66252550341174,461.625,0.0914495414922052,0.75,1,4
"UGA_flucast-INFLAenza",2025-05-10,0.678125755030245,0.625375926205427,373.49573423913,0.0796099396728873,0.846941233989219,0.858851553766112,673,0.147310405123605,0.25,1,4
"UGA_flucast-INFLAenza",2025-05-17,0.693744706498478,0.598545422577461,402.19098768116,0.0897925809144979,0.951148405160292,0.961315813749882,718.333333333333,0.164715388772191,0.333333333333333,1,3
"UGA_flucast-INFLAenza",2025-05-24,0.677592149041292,0.562457891744216,344.598728985507,0.0839639169494704,1.25205221848063,1.26672331165685,628.833333333333,0.156386850060668,0.333333333333333,1,3
"UGA_flucast-INFLAenza",2025-05-31,0.71524784918495,0.542758340290811,300.815023188406,0.0804546115650852,1.04571417718546,1.04695999675602,512.166666666667,0.137972420336881,0.333333333333333,1,3
"UGA_flucast-INFLAenza",2025-06-07,0.604400594696283,0.457193951551996,218.969211594203,0.0626038338052587,1.06012005099353,1.05311055254754,392.666666666667,0.110601343767882,0.333333333333333,1,3
"UGA_flucast-INFLAenza",2025-06-14,0.381324886057502,0.257513498946915,159.428874637681,0.0457152508842445,0.498650732276238,0.486694779054985,136.5,0.0392617684378234,1,1,3
"UGA_flucast-INFLAenza",2025-06-21,0.522494640630806,0.348401452130945,222.74157173913,0.0624529372024668,0.698471014888387,0.679362473685474,357.666666666667,0.0986747869672033,0.666666666666667,1,3
"UGA_flucast-INFLAenza",2025-06-28,0.385862083772837,0.259021483438572,145.8086,0.0396125408579137,0.332034556914559,0.316035069179599,132,0.036128378337061,1,1,3
"UGA_flucast-INFLAenza",2025-07-05,0.35678333895376,0.226107458882871,156.822761956522,0.0392881259968222,0.142352759133321,0.129931412523839,87.25,0.022264680895554,1,1,2
"UGA_flucast-INFLAenza",2025-07-12,0.460326681839214,0.308306438198152,245.626597826087,0.056694661016517,0.387481039202819,0.348784940201139,346,0.0821856689517588,0.666666666666667,1,3
"UGA_flucast-INFLAenza",2025-07-19,0.541487905932689,0.381211271556307,355.290968115942,0.0789761304763076,0.488683831224001,0.439655441847181,581.333333333333,0.130470007360506,0.666666666666667,1,3
"UGA_flucast-INFLAenza",2025-07-26,0.402234684982577,0.309675880313584,334.385347101449,0.0690933075730163,0.369550472388907,0.334301858096703,563,0.115290144702506,0.333333333333333,1,3
"UGA_flucast-INFLAenza",2025-08-02,0.328133277531752,0.256308915847124,446.638576086956,0.0790405626443145,0.344554900159457,0.294385543934208,797,0.138854253619331,0.25,1,4
"UGA_flucast-INFLAenza",2025-08-09,0.359849302187344,0.292921839115146,579.617136413043,0.0897001107553529,0.422538586026925,0.363056473382306,1096.25,0.166699718793339,0,1,4
"UGA_flucast-INFLAenza",2025-08-16,0.367264855131761,0.308882287347428,684.622419565217,0.09277338563989,0.443128097652795,0.379041902649268,1294,0.172433609628923,0,1,4
"UGA_flucast-INFLAenza",2025-08-23,0.499472026883585,0.440809750368445,1188.12831956522,0.140317471231182,0.587979300760079,0.518737987990273,2082.75,0.244992652751184,0,1,4
"UGA_flucast-INFLAenza",2025-08-30,0.608376068086146,0.566132179066253,1379.25900163043,0.149601858961903,0.702641806611043,0.649864805154151,2381,0.257758123592375,0,1,4
"UGA_flucast-INFLAenza",2025-09-06,0.704805623175807,0.673713313701597,1409.15364021739,0.145086083370977,0.792348383934093,0.754060536403038,2435.5,0.250079857658473,0,1,4
"UGA_flucast-INFLAenza",2025-09-13,0.910623667636381,0.890808148687905,978.784363043478,0.104760641733067,1.03604146298653,1.01349276210863,1853,0.194969984189936,0,1,3
"UGA_flucast-INFLAenza",2025-09-20,1.23010980091349,1.23059273082928,558.361918478261,0.0630578414583881,1.76386788007789,1.77368436441996,952.25,0.104652010502234,1,1,2
"UGA_flucast-INFLAenza",2025-09-27,0.721022778762306,0.724491425436983,417.19847826087,0.0497283986139071,0.643186297822761,0.651333640821788,610.5,0.0746720445473326,0.5,1,2
"UGA_flucast-INFLAenza",2025-10-04,0.790495543874744,0.794119139650516,1041.03330652174,0.142498248116674,0.821980503817666,0.829392054668176,1798.5,0.246833322436615,0,1,1
"UGA_flucast-INFLAenza",2025-10-11,0.798705140232573,0.827018876893802,1689.67882608696,0.264177139488753,0.78267992531419,0.814443435052629,2627,0.405973302757648,0,0,1
"UGA_flucast-INFLAenza",2025-10-18,0.740190683001645,0.804594919613241,2184.8664326087,0.386528484958913,0.707084166111481,0.773036234830013,3184,0.550028620715144,0,0,1
"UGA_flucast-INFLAenza",2025-11-22,0.326289419261759,0.269190832596463,81.9695913043479,0.023572635891427,0.0282051282051282,0.0266373282029174,11,0.00316228522831885,1,1,1
"UGA_flucast-INFLAenza",2025-11-29,0.432229537372381,0.315868824299048,138.599092391304,0.0368615365034931,0.319564607926287,0.287479170014125,175.5,0.0469784911750928,1,1,2
"UGA_flucast-INFLAenza",2025-12-06,0.420659786850971,0.332268796335068,256.860386956522,0.0631457450997149,0.341689925770194,0.313162286113521,364,0.0903571774908543,0.666666666666667,1,3
"UGA_flucast-INFLAenza",2025-12-13,0.411474318381184,0.317548800853069,284.40289076087,0.064248147373371,0.35915657974641,0.323800259171358,426.75,0.0968712566660552,0.5,1,4
"UGA_flucast-INFLAenza",2025-12-20,0.567362593667443,0.46491899159722,747.975764130435,0.143840328796982,0.56866751310704,0.505625383173003,1258,0.241472893664148,0,0.75,4
"UGA_flucast-INFLAenza",2025-12-27,0.698871939204832,0.594090495133653,1782.19697717391,0.270461570655658,0.688877852378639,0.606864128479502,2551.75,0.395136737810597,0,0,4
"UGA_flucast-INFLAenza",2026-01-03,0.644289567433687,0.558346164727003,2252.36407771739,0.278388859309058,0.680684635822589,0.593285384587462,3184.375,0.402069945757355,0,0,4
"UGA_flucast-INFLAenza",2026-01-10,0.545691965272329,0.472143007887018,976.125183695652,0.125389208573162,0.574960084906014,0.507950298466486,1566.875,0.202694126493536,0.25,1,4
"UGA_flucast-INFLAenza",2026-01-17,0.669050647161401,0.604020967123275,444.286713043478,0.057772441925131,0.584917728079539,0.546780914902141,660.5,0.0864131697578414,0.5,1,4
"UGA_flucast-INFLAenza",2026-01-24,0.720638041945323,0.743430074605166,430.168947282609,0.0583643735532492,0.7928650805083,0.844791941013512,685.25,0.0944670986317551,0.5,1,4
"UGA_flucast-INFLAenza",2026-01-31,0.786102093616533,0.870612941658625,517.691491847826,0.0801213918523272,0.7671317172941,0.85854153502381,828.25,0.129656727669986,0.5,0.75,4
"UGA_flucast-INFLAenza",2026-02-07,1.2306073117149,1.38158057635578,546.237732065217,0.0939208694391961,1.29188764615277,1.48612961864354,840.125,0.145319307117507,0.25,1,4
"UGA_flucast-INFLAenza",2026-02-14,2.12927202553338,2.26004383583194,950.090930978261,0.168457787865254,2.64754472905103,2.8963803147556,1562.625,0.277930434645074,0,0.5,4
"UGA_flucast-INFLAenza",2026-02-21,2.51298453050014,2.62539681625676,1092.94277336957,0.202060771215632,2.83625079281555,3.15554460886906,1713.625,0.32006978075422,0,0.5,4
"UGA_flucast-INFLAenza",2026-02-28,1.93105892560613,2.12841400045596,643.692581521739,0.12823150530997,9.50205149691224,10.8243858287672,1127.375,0.223580016813093,0,1,4
"UGA_flucast-INFLAenza",2026-03-07,0.825511079610217,0.970001782748501,354.01278423913,0.0787800727512986,1.05729916405498,1.21513867114391,651.75,0.142979221815285,0.5,1,4
"UGA_flucast-INFLAenza",2026-03-14,0.33999590862892,0.406677545325633,186.491839130435,0.0454888191840737,0.231139295223879,0.271078715215266,240.625,0.0584433518891307,1,1,4
"UGA_flucast-INFLAenza",2026-03-21,0.332584993753308,0.395888958963088,169.690132065217,0.0443479373480399,0.245173770545257,0.291334927599659,193,0.050248068156983,0.75,1,4
"UGA_flucast-INFLAenza",2026-03-28,0.713101598639081,0.815845947358057,811.253777173913,0.292172944617167,0.596428755480584,0.676467353802488,1188,0.41974361636371,0,0,4
"UGA_flucast-INFLAenza",2026-04-04,0.754286394011262,0.824241460830255,672.478441847826,0.271625798249509,0.6446503588123,0.732249145408434,963.875,0.380208268079292,0.25,0.25,4
"UGA_flucast-INFLAenza",2026-04-11,0.592127458067934,0.571124795291893,486.644306521739,0.218267578898987,0.59374711350718,0.658464315402712,681.375,0.295954261800792,0.5,0.5,4
"UGA_flucast-INFLAenza",2026-04-18,0.554242171119162,0.447561787022765,275.292957608696,0.134946121116955,0.729591432126341,0.806137522207445,398.5,0.191759203216221,0.5,0.75,4
"UGA_flucast-INFLAenza",2026-04-25,0.471281463931456,0.299554610501858,133.996871195652,0.0826115456678688,1.22898675193077,1.27946079496753,212.5,0.13049572193603,0.5,1,4
"UGA_flucast-INFLAenza",2026-05-02,0.284191892947111,0.176417379368419,83.5487369565217,0.0557562922774861,1.5679672945835,1.65676144584483,132,0.086558070650909,0.75,1,4
"UGA_flucast-INFLAenza",2026-05-09,0.211405003147313,0.129082848690672,60.9075184782609,0.0428591446654757,0.614339589819349,0.646457171219879,61.75,0.0435311983164086,1,1,4
"UGA_flucast-INFLAenza",2026-05-16,0.216851787662675,0.127632444541264,63.9261173913044,0.0448570298177551,0.531501774404759,0.549326644155765,77.5,0.0553114086495778,1,1,4
"UGA_flucast-INFLAenza",2026-05-23,0.247187337407828,0.150402848012808,76.5769820652174,0.0557694365011704,0.688393443027781,0.707322391526902,119.375,0.0887301766707891,0.75,1,4
"UGA_flucast-INFLAenza",2026-05-30,0.331172926246412,0.19415225167638,100.551776630435,0.0821359120842383,0.829369078903269,0.848523797031236,174,0.144759011604108,0.25,1,4
"UGA_flucast-INFLAenza",2026-06-06,0.306070332285124,0.163983314008933,103.279251449275,0.0895721452281695,0.890607923719267,0.894236722239851,180.5,0.160362357200947,0.333333333333333,1,3
"UGA_flucast-INFLAenza",2026-06-13,0.272932290949297,0.141730636030199,95.6288336956522,0.0860580784558549,1.27193899134314,1.32223425447148,166.5,0.154414813092891,0.5,1,2
"UGA_flucast-INFLAenza",2026-06-20,0.238360342214958,0.117547606418383,69.6186717391304,0.0705445467582355,1.25130926947276,1.25531912254226,117,0.120083598422134,0.5,1,2
"UGA_flucast-INFLAenza",2026-06-27,0.180820915078966,0.0823836834863595,32.3677847826087,0.0365217279241689,0.802357488803668,0.751019389173877,37.5,0.0420222390209553,1,1,2
"UGA_flucast-INFLAenza",2026-07-04,0.200006551876038,0.0897848842232979,42.3947007246377,0.0445597705123013,0.448166556022212,0.423488105911371,61.8333333333333,0.0638586480361862,1,1,3
"UGA_flucast-INFLAenza",2026-07-11,0.250729842268457,0.107536031324378,63.1212445652174,0.0589568587660762,0.407076013737686,0.373446531233741,110.5,0.100987034248255,0.75,1,4
"UGA_flucast-INFLAenza",2026-07-18,0.280990654706447,0.117061202454023,77.1988059782609,0.0632396880359357,0.355161801915656,0.313605835955049,136.5,0.109252443083872,0.75,1,4
"UGA_flucast-INFLAenza",2026-07-25,0.328804684318548,0.144576277376257,104.05365326087,0.0729418498572767,0.370975545105936,0.3204658803179,193.75,0.132791558697836,0.25,1,4
"UGA_flucast-INFLAenza",2026-08-01,0.335382552987259,0.15587114997575,125.441072282609,0.0752934429330284,0.351261143415894,0.297235970175266,235.875,0.138613027883925,0.25,1,4
"UGA_flucast-INFLAenza",2026-08-08,0.286722929896331,0.137346408795545,117.560713586957,0.0611156169069022,0.284544160390541,0.237280717675452,213.625,0.108368820946037,0.5,1,4
"UGA_flucast-INFLAenza",2026-08-15,0.30682392906787,0.160849031663071,143.327889673913,0.0645332133196882,0.277707165192492,0.232556339066891,242.125,0.107076186664908,0.75,1,4
"UGA_flucast-INFLAenza",2026-08-22,0.444430299226755,0.251023541447969,277.240114492754,0.107497708835927,0.443376965037055,0.373651397648436,508.166666666667,0.1941011736404,0,1,3
"UGA_flucast-INFLAenza",2026-08-29,0.721221301077084,0.488089040647315,653.133746376811,0.207723095696474,0.624631633567598,0.548285141295158,1014.5,0.325385995726847,0,0.333333333333333,3
"UGA_flucast-INFLAenza",2026-09-05,0.82003023690361,0.622856340504768,712.843844202898,0.207099605098225,0.726204401593341,0.660330484362663,1107.66666666667,0.325700742332441,0,0.333333333333333,3
"UGA_flucast-INFLAenza",2026-09-12,0.950150915446793,0.681819403917942,703.823002173913,0.189807502439745,0.942175646625987,0.914660827741219,1140,0.309196118601032,0,1,2
"UGA_flucast-INFLAenza",2026-09-19,0.705492898847464,0.463701791061638,688.414844927536,0.177984779162831,0.929833155080278,0.911688023547855,1118,0.290067046239324,0,0.666666666666667,3
"UGA_flucast-INFLAenza",2026-09-26,0.455973510221297,0.262414903547937,426.668426811594,0.107123965736406,1.1536155156656,1.14300647644104,759.5,0.188969363055555,0,1,3
"UGA_flucast-INFLAenza",2026-10-03,0.202760242314173,0.113660635732263,167.966995652174,0.0434194780843355,0.747958086573427,0.788186098294237,219.666666666667,0.056455157453609,1,1,3
"UM-DeepOutbreak",2024-11-30,2.19590481977746,3.61809783289063,1069.7170551773,0.230953588854747,2.91299325196911,3.17117314212689,1779.83887695313,0.255200733117949,0,1,1
"UM-DeepOutbreak",2024-12-07,1.04348051637953,1.83932914070614,2024.30463312931,0.421399434541039,1.53756045950827,1.67445365844533,3277.50708007812,0.429670184574313,0.5,1,2
"UM-DeepOutbreak",2024-12-14,0.728338045163325,1.35832673213367,1732.83919117741,0.373590291346299,0.432089233178978,0.427671058036194,1351.27018229167,0.154897566747329,0.666666666666667,1,3
"UM-DeepOutbreak",2024-12-21,0.631603910446512,0.901382088683676,1879.66312750742,0.282399191634626,0.666463155222366,0.530665437600176,2176.61022949219,0.17962973565054,1,1,4
"UM-DeepOutbreak",2024-12-28,0.418387916537987,0.59978631783277,2247.64994411609,0.286761714065696,0.512121128469427,0.454343805190555,2929.87353515625,0.230920312700599,0.5,1,4
"UM-DeepOutbreak",2025-01-04,0.364066514979697,0.457581206864566,2944.09187323547,0.266873046221206,0.476453017780171,0.432324319508557,4143.25311279297,0.276445522541795,0.5,1,4
"UM-DeepOutbreak",2025-01-11,0.52556416888533,0.626726658621882,1766.48571425374,0.165075977977619,0.42504567165744,0.344256200792301,1771.22216796875,0.109309095265601,0.75,1,4
"UM-DeepOutbreak",2025-01-18,1.95949033751345,1.95164160046475,3050.94472978249,0.240272516661094,2.47802725682765,1.8810419913477,5253.7021484375,0.300417969241293,0.5,1,4
"UM-DeepOutbreak",2025-01-25,4.35027196986254,3.58543001910743,4201.85053278462,0.256068426192802,6.03033340177343,4.93734520445104,7421.96228027344,0.410702399921365,0.25,1,4
"UM-DeepOutbreak",2025-02-01,1.58830712054026,1.93314967791634,2322.4540428043,0.19546870329715,1.71334975976535,1.61776697509008,3947.74755859375,0.258251530118617,1,1,4
"UM-DeepOutbreak",2025-02-08,1.79631247229998,1.81283829727478,1723.24193403079,0.148422742199815,1.76299733176492,1.60916538478593,2408.10717773438,0.169019186380144,1,1,4
"UM-DeepOutbreak",2025-02-15,2.25544200774757,2.45817971005891,1479.48730473776,0.170563345693052,1.58501748034312,1.53570141354717,966.302856445312,0.0782657564867679,1,1,4
"UM-DeepOutbreak",2025-02-22,2.28889720031124,2.51059754493018,1408.80763305284,0.137938947729861,2.38698485828849,2.32101667230609,1448.21673583984,0.124581231085487,1,1,4
"UM-DeepOutbreak",2025-03-01,2.7682017605083,4.52634459817154,1901.25289483984,0.282951401639324,2.92056644635086,2.83818546716368,2498.70581054688,0.221281411000034,1,1,4
"UM-DeepOutbreak",2025-03-08,2.63072225425594,5.31058842972415,1763.71398103145,0.390762541144039,1.10613618204938,1.19747369196764,1412.89111328125,0.152027422457495,1,1,4
"UM-DeepOutbreak",2025-03-15,2.31929017519,5.83264992506882,1403.97352099473,0.403261921066638,2.60871296527649,2.81903030166634,1288.10485839844,0.148576720736354,1,1,4
"UM-DeepOutbreak",2025-03-22,2.37389545178648,6.32553725747675,1406.87630990298,0.482462182491415,1.89853028154151,2.00864926107293,1149.42932128906,0.13819111916531,1,1,4
"UM-DeepOutbreak",2025-03-29,2.81457044399108,5.12684211146299,1636.14222529743,0.374274365514063,2.29322494969486,2.3725821266746,1513.35961914062,0.186417949470975,0.75,1,4
"UM-DeepOutbreak",2025-04-05,2.54231089662499,4.848090449639,1435.98843380063,0.370790830125247,2.9141600442369,3.45402538978528,1641.52368164063,0.24966215976957,0.5,1,4
"UM-DeepOutbreak",2025-04-12,1.96900558622385,4.07125643499756,1268.96761177496,0.377283561741043,1.71134840929853,1.98034505351464,1605.43908691406,0.261815255385894,0.5,1,4
"UM-DeepOutbreak",2025-04-19,2.01844056673704,4.2687705553982,1141.88792380867,0.402730055370052,1.92801464528169,2.41884325994734,1408.3671875,0.282266588637041,0.25,1,4
"UM-DeepOutbreak",2025-04-26,1.93480827010949,3.78797842853511,1032.55774082518,0.361131226468193,2.29632274933703,2.97667556253325,1441.22576904297,0.315028348209671,0.75,1,4
"UM-DeepOutbreak",2025-05-03,2.08925622028997,6.02168116525364,1138.23929746136,0.7143318957914,2.64144283528385,6.32031379856609,1857.22472763061,0.903046542380839,0.25,1,4
"UM-DeepOutbreak",2025-05-10,1.55171566459805,2.90228749386553,949.949861857826,0.383982519526406,0.657214143674175,0.637334746955455,888.55126953125,0.174862723578943,0.666666666666667,1,3
"UM-DeepOutbreak",2025-05-17,1.77553012727705,2.05432063980561,871.982935871854,0.268196808174769,2.58107038800254,2.32115906970559,1735.55354817708,0.354213728616918,0.666666666666667,1,3
"UM-DeepOutbreak",2025-05-24,2.37875906679332,2.25447511432237,984.645404282739,0.315201291483971,3.31053397609927,2.86083881842803,1469.31209309896,0.328637239893993,0.666666666666667,0.666666666666667,3
"UM-DeepOutbreak",2025-05-31,1.33882290436848,0.892008958930198,571.041458465443,0.144672025251436,1.68607839916736,1.37721044426785,946.45556640625,0.212278634506857,0.666666666666667,1,3
"UM-DeepOutbreak",2025-06-07,1.35953089274712,1.15691408647402,696.921336243246,0.251453328288429,1.27433900861808,1.07491332066096,585.970621744792,0.13357161257611,0.666666666666667,1,3
"UM-DeepOutbreak",2025-06-14,1.40102315007302,1.03987533196951,665.531413238327,0.207907854726987,1.51250386528453,1.23598484710916,842.60546875,0.194177668953005,1,1,2
"UM-DeepOutbreak",2025-06-21,1.222072627275,1.58552021321062,602.907576057157,0.334866748181984,0.882590520127382,0.878010484699069,519.00927734375,0.145986632584265,1,1,1
"UM-DeepOutbreak",2025-11-22,2.06133819550852,2.26502579370263,517.844096226501,0.198344898318592,0.363543076923077,0.349963217430761,141.7818,0.0415463407030074,1,1,1
"UM-DeepOutbreak",2025-11-29,2.26686542312767,2.34748224654131,703.662268807966,0.265352214117555,1.15608378122228,0.989266288507207,571.967725,0.145529806910014,1,1,2
"UM-DeepOutbreak",2025-12-06,1.36308768875272,2.04154052051257,883.350133021617,0.396055008531572,0.730632688352626,0.649093310796847,891.976811111112,0.209028262910408,0.666666666666667,1,3
"UM-DeepOutbreak",2025-12-13,1.64967924389696,2.21370192219623,1220.74830158586,0.497100286703657,1.29870197826922,1.23111838452738,1706.50745041667,0.388556645017745,0.5,1,4
"UM-DeepOutbreak",2025-12-20,1.1111376954842,1.60988310315957,1482.85172982138,0.550378185737612,0.948730788992741,0.982400491394358,2010.25731875,0.447955022173502,0.25,0.5,4
"UM-DeepOutbreak",2025-12-27,0.824231908432419,1.0376609822004,2135.37479856704,0.516115614718266,0.866328917530423,0.829422472755176,3247.148225,0.548284591169828,0.25,0.5,4
"UM-DeepOutbreak",2026-01-03,0.709073309912202,0.723495530995678,2545.88329002248,0.375772170745078,0.77014690001915,0.71609474191856,3642.77882083333,0.493566040555564,0,0.25,4
"UM-DeepOutbreak",2026-01-10,0.671499300042321,0.96153772049837,1141.46988328878,0.260444126074623,0.578656768573038,0.491555264561476,1443.13175833333,0.178026352857674,1,1,4
"UM-DeepOutbreak",2026-01-17,1.96417548014392,2.71189489751626,1338.11760136589,0.288373825503245,1.5288497497584,1.27501255111693,1733.00858958333,0.200661500681986,0.75,0.75,4
"UM-DeepOutbreak",2026-01-24,2.41165727923247,2.75126024337981,1422.43521884333,0.228643900899581,2.69933590223427,2.46269248322178,2391.29404166667,0.284434076721424,0.75,0.75,4
"UM-DeepOutbreak",2026-01-31,1.56881635366193,1.70905775296537,1097.06533453941,0.163527081262202,1.82752265087279,1.79056091734852,2237.74019583333,0.298340151632866,0.5,1,4
"UM-DeepOutbreak",2026-02-07,2.38078076999959,3.77322352578878,1185.42236700354,0.291623299575962,2.30159949601173,2.60993512583879,1785.797825,0.298404112364168,0.75,1,4
"UM-DeepOutbreak",2026-02-14,2.09597702760405,3.71711545783023,954.04424427486,0.290625006173326,2.34350919038659,2.6010845348208,1370.68146666667,0.245999467053422,1,1,3
"UM-DeepOutbreak",2026-02-21,1.80052273908707,2.56462585240106,843.995918953977,0.228994221688973,1.23156470874317,1.27170246918712,730.258894444445,0.127602515222222,1,1,3
"UM-DeepOutbreak",2026-02-28,2.82129610868404,5.45776015431262,872.12581594623,0.372366059929299,11.4918037856951,13.1020358826067,1346.93486777778,0.282129135626273,0.666666666666667,1,3
"UM-DeepOutbreak",2026-03-07,2.20165783303783,2.08282135015184,739.659517477611,0.130899912422727,2.82376802425884,2.65554078138806,1311.46790111111,0.23166109377095,0.666666666666667,1,3
"UM-DeepOutbreak",2026-03-14,1.6757440269935,1.55766721271433,908.298060160197,0.168519255626729,1.84675661126505,1.66770765809727,1787.08145583333,0.329415676906671,0.75,1,4
"UM-DeepOutbreak",2026-03-21,1.5010243122626,1.49782386827882,823.34242845867,0.174548359301488,1.3797078262107,1.27517575455572,1439.09915976191,0.281005286644789,0.75,1,4
"UM-DeepOutbreak",2026-03-28,0.868093182102683,0.915037106867663,1089.31539073966,0.347306435902016,0.905520457943554,0.844695773984271,2016.59999865885,0.570321781667781,0.5,1,4
"UM-DeepOutbreak",2026-04-04,0.890345503414891,1.69261543017142,820.133525643103,0.518927906955917,0.928525924258007,1.07765510506289,1447.84506869085,0.552408695572586,0.75,1,4
"UM-DeepOutbreak",2026-04-11,1.12627122630962,2.33257527246645,692.20038242689,0.61824629428645,1.38876883427748,1.77487218596174,1168.24188373605,0.573370672250673,1,1,4
"UM-DeepOutbreak",2026-04-18,1.49621241346664,3.53383400487389,659.881382532608,0.937660116596705,2.37718921094122,3.60332773909627,1197.89241808873,0.803380431478095,0.75,1,4
"UM-DeepOutbreak",2026-04-25,1.60089536762002,3.20384918824957,493.472671153684,0.986996213714164,4.44952336204792,5.97209963777055,849.195404458147,0.695426401166705,1,1,4
"UM-DeepOutbreak",2026-05-02,1.44674130953536,2.50691217481731,489.066102740836,0.980448902007019,2.89990236688248,3.268744409904,304.881093716518,0.221996539511546,1,1,3
"UM-DeepOutbreak",2026-05-09,1.8113564083733,1.81551753415433,511.025573649522,0.687935964406436,4.94873229780366,4.18516473395148,388.98411259003,0.22480321944845,1,1,3
"UM-DeepOutbreak",2026-05-16,1.85574415718217,1.70796194448995,504.843504010025,0.553862081548216,5.18219529818131,4.34687611539962,632.887866886162,0.364725058349087,1,1,3
"UM-DeepOutbreak",2026-05-23,1.7532413186324,1.50108230295137,428.528532080375,0.459480935974328,4.648128976767,4.12774913292521,537.792396264881,0.355146372766167,1,1,3
"UM-DeepOutbreak",2026-05-30,1.72920982606962,1.65172017687003,581.294723625947,0.780369753989279,3.41251192473885,2.95782596867421,722.691684351935,0.503598806651471,1,1,3
"UM-DeepOutbreak",2026-06-06,1.65388893151435,1.4022692652296,666.096960068648,0.87449146799702,3.62209074216989,3.09428210333917,795.31723859933,0.569767223777562,1,1,2
"UM-DeepOutbreak",2026-06-13,2.06125056275268,1.5713865927426,829.72013195181,1.0758686394838,8.28066217583973,6.41869421447635,1086.48499983259,0.74284729466414,1,1,1
"UMass-ar6_pooled",2024-11-30,0.485184980776044,0.46600676688803,236.353891196707,0.029746551976844,0.0623198442055624,0.0597343726125516,38.0774248095986,0.00480713445776715,1,1,1
"UMass-ar6_pooled",2024-12-07,0.381415675838172,0.373198029815753,757.764858563611,0.0882079021236089,0.594879248145485,0.569060533734897,1294.69223780715,0.149020684164134,0.5,1,2
"UMass-ar6_pooled",2024-12-14,0.368782782326508,0.357303530285204,868.926274637728,0.0944410807037172,0.58955118863031,0.55538962327682,1540.93974951966,0.164874035782666,0.333333333333333,1,3
"UMass-ar6_pooled",2024-12-21,0.408490858658049,0.391452950646809,1223.81543154176,0.121453005393902,0.669521171162756,0.624120411593604,2222.40382490875,0.217124453607902,0.25,1,4
"UMass-ar6_pooled",2024-12-28,0.62460722445234,0.595771349387327,3396.40566355021,0.283733057555702,0.852335976827048,0.811012641946505,5023.33462220605,0.425958868062403,0,0.5,4
"UMass-ar6_pooled",2025-01-04,0.739461159802582,0.697627644495613,5937.47132071266,0.403238024953331,0.899719063512247,0.85916500482661,7794.55576719048,0.546435494074712,0,0,4
"UMass-ar6_pooled",2025-01-11,0.64638359255611,0.615336076703151,2115.68453152665,0.154223810563105,0.840250478615716,0.79222388232312,3453.37706486234,0.251404170326547,0.25,0.75,4
"UMass-ar6_pooled",2025-01-18,1.02162391138746,0.911650441237243,1683.5698190535,0.114758332581097,1.17022909166007,1.0544096475313,2684.19477033297,0.183865542200973,0.5,1,4
"UMass-ar6_pooled",2025-01-25,1.90528982099627,1.78009032059374,2349.1360582947,0.147863609536579,2.33786827838241,2.23100292583239,3828.9810042915,0.24313027764987,0,0.666666666666667,3
"UMass-ar6_pooled",2025-02-01,1.62856704823534,1.50522246852968,2390.72736445672,0.154428070322468,1.65441100298501,1.54211086510563,3895.86157740583,0.252335610391036,0.333333333333333,1,3
"UMass-ar6_pooled",2025-02-08,1.15355545347668,1.11463265832474,1140.46174069743,0.0867619175668506,1.41582827477379,1.38360963986552,2049.10398357166,0.156228951261208,0.333333333333333,1,3
"UMass-ar6_pooled",2025-02-15,1.0638079772505,1.07230229369701,623.832097849882,0.0548680176256196,1.6990553405265,1.7214310032365,977.41148679921,0.0837897157319579,0.666666666666667,1,3
"UMass-ar6_pooled",2025-02-22,0.862419577382655,0.870573176763559,538.2803666259,0.0486745982902145,0.708923802142191,0.722418318082219,407.038257441347,0.0369122858576918,1,1,4
"UMass-ar6_pooled",2025-03-01,0.945494594131462,0.955256450475908,639.469960072319,0.0598836052867519,1.01323535332402,1.0373087861879,823.818092341069,0.078114830774576,0.75,1,4
"UMass-ar6_pooled",2025-03-08,0.918735766142372,0.921254235869988,557.287290359184,0.0551577828409281,1.03704034115744,1.05770832674653,708.510101476504,0.0705905185065543,1,1,4
"UMass-ar6_pooled",2025-03-15,0.884292465232962,0.878550404166212,507.572424722097,0.0535119777573233,1.05661781540459,1.06676167390191,497.111878596191,0.0524759164711823,1,1,4
"UMass-ar6_pooled",2025-03-22,0.868898331883115,0.858103823501721,477.261333876216,0.0533429190984732,1.08025725068632,1.09035526230798,515.572902893624,0.0582446139999471,1,1,4
"UMass-ar6_pooled",2025-03-29,0.928490684602124,0.911682064276527,548.266117465191,0.0649722174368337,1.05579408897872,1.05890042443347,721.381700290053,0.0867824031239821,0.75,1,4
"UMass-ar6_pooled",2025-04-05,0.903607541351787,0.878981991229846,565.881973033307,0.0716888916088926,0.95957982967561,0.95219424005116,816.915408531286,0.104732850782891,0.75,1,4
"UMass-ar6_pooled",2025-04-12,0.945842843566186,0.914727878014524,612.261739296119,0.0844624271295182,1.09689660650204,1.0882608897179,1028.92027733035,0.145069820262155,0.75,1,4
"UMass-ar6_pooled",2025-04-19,0.956110285473428,0.899821795653081,582.212227828313,0.0880933734191787,1.15229696819118,1.13743847540203,988.148352970828,0.152426593008885,0.25,1,4
"UMass-ar6_pooled",2025-04-26,0.96465887014033,0.882688205204173,645.440852780347,0.100507881605164,1.26829577198957,1.22927206279282,1054.94048242142,0.166039576353697,0.666666666666667,1,3
"UMass-ar6_pooled",2025-05-03,0.998817770417227,0.892850784767048,578.159950257104,0.10406412988586,1.17034004615474,1.13051741183486,949.863268586636,0.174684658003451,0.666666666666667,1,3
"UMass-ar6_pooled",2025-05-10,0.968732351111453,0.838506989769186,496.959701312012,0.101839099564497,1.49793048718142,1.43879970629896,883.108240571459,0.186911994413265,0.333333333333333,1,3
"UMass-ar6_pooled",2025-05-17,0.823141547177248,0.723347660726742,386.409233378471,0.0865769643623777,1.15483304518788,1.16860485629717,657.188211850151,0.149356326736511,0.666666666666667,1,3
"UMass-ar6_pooled",2025-05-24,0.96136458960937,0.747538151962584,499.149829192198,0.114534762981433,1.45243482295056,1.37603665128624,849.38233221846,0.197695988237642,0.5,1,4
"UMass-ar6_pooled",2025-05-31,0.833260857551716,0.587355823850213,388.308575912346,0.0949980402817729,1.1611943946503,1.08501578782332,604.843570878425,0.148847802453745,0.5,1,4
"UMass-ar6_pooled",2025-06-07,0.6594684393674,0.458588078048843,284.904195802498,0.0741666564342368,0.818631766242263,0.764113121112586,335.826296662387,0.0870420695779845,1,1,4
"UMass-ar6_pooled",2025-06-14,0.67630727349401,0.427914002336462,263.135354315459,0.0702338741769379,0.899740463423453,0.828327429668772,265.369260771475,0.0713329697773295,1,1,4
"UMass-ar6_pooled",2025-06-21,0.614106574222722,0.384739359536206,270.600524647174,0.0715937133185549,0.420089836479047,0.392358130047847,257.208600610905,0.0686829379925062,1,1,4
"UMass-ar6_pooled",2025-06-28,0.718513852966518,0.455825813135393,281.814938652302,0.0720971846747074,0.742314833803901,0.666652072212427,319.057175319045,0.0816964854836342,1,1,4
"UMass-ar6_pooled",2025-07-05,0.609778049271778,0.399849637917226,275.428676836246,0.0708585563562453,0.381790927760047,0.353465454678546,263.823848201945,0.0684782664294938,1,1,4
"UMass-ar6_pooled",2025-07-12,0.584031319543837,0.42260861732796,338.1870756323,0.0852277532814338,0.400814348940579,0.379544582774903,382.717115467945,0.0966027746585492,0.75,1,4
"UMass-ar6_pooled",2025-07-19,0.558939305138096,0.4210569594288,370.61703696428,0.0888692402259496,0.480670780178993,0.446241168412658,558.826238323492,0.130525894705067,0.5,1,4
"UMass-ar6_pooled",2025-07-26,0.55305923783123,0.442091835220697,501.94418180507,0.109859970929834,0.576152317264098,0.525655006008221,930.292892076893,0.195503698938797,0.25,1,4
"UMass-ar6_pooled",2025-08-02,0.60073929790314,0.503486321119954,785.834228035388,0.148699172929219,0.658356189785219,0.598426720256272,1450.98269533528,0.267701054491887,0,1,4
"UMass-ar6_pooled",2025-08-09,0.588424498731424,0.508814937605,1062.83655032603,0.176630232130696,0.663563430274196,0.605098808437128,1927.72801527768,0.313820967461824,0,1,3
"UMass-ar6_pooled",2025-08-16,0.511412347288728,0.447271470858774,1377.10915682169,0.203661218655778,0.597059709460504,0.535450515005735,2445.07621109224,0.355541280211476,0,1,2
"UMass-ar6_pooled",2025-08-23,0.468863552399735,0.415190872174252,1894.50388137041,0.242300461164681,0.554256738406391,0.492939595752256,3258.05201427722,0.413669413110108,0,1,1
"UMass-ar6_pooled",2025-09-20,1.05655623521775,0.996002223521052,276.062288011643,0.0283126157074882,1.09627040337876,1.05189768581862,183.098643843588,0.0189009716158104,1,1,1
"UMass-ar6_pooled",2025-09-27,1.23028990616963,1.19359634852902,877.458696950541,0.0995667460766946,1.20430822755842,1.16858971527473,1606.37107478076,0.184211202115439,0,1,2
"UMass-ar6_pooled",2025-10-04,1.17144450639611,1.1347785247827,1834.25666232089,0.23521995214018,1.16659784189191,1.12742800894673,2992.21884983766,0.380661246718669,0,0.666666666666667,3
"UMass-ar6_pooled",2025-10-11,1.18086869326034,1.14713110167927,2852.29953838613,0.405795270625326,1.14778475667739,1.1083193009611,4316.38905366364,0.59842672205607,0,0,3
"UMass-ar6_pooled",2025-10-18,1.15497049424747,1.13201211121681,3353.49629905588,0.536044058346175,1.10570146512628,1.07428216358713,4920.10332954072,0.757596092828365,0,0,2
"UMass-ar6_pooled",2025-11-22,0.694851562147457,0.617034350843972,174.558827850689,0.0540327690384323,0.723673025289782,0.711596021473263,282.232479863015,0.0844780516309029,1,1,1
"UMass-ar6_pooled",2025-11-29,0.603185079798039,0.490585811241823,186.740756573402,0.0554793545375997,0.482291757978337,0.46557423700893,221.422509182692,0.0638056358797972,1,1,2
"UMass-ar6_pooled",2025-12-06,0.664230413534541,0.561382197250471,410.531204767802,0.108650494084307,0.654300817739586,0.620208281998777,730.552941922413,0.187561365425837,0.333333333333333,1,3
"UMass-ar6_pooled",2025-12-13,0.595586139396027,0.489162153858235,431.318584050037,0.104750892398733,0.594832432868066,0.550853915935005,781.173408199825,0.182442068895725,0.25,1,4
"UMass-ar6_pooled",2025-12-20,0.671196266161513,0.574479053048266,911.172528280411,0.183890327947352,0.700823849525032,0.642272659049909,1590.70656100163,0.315963311398481,0,1,4
"UMass-ar6_pooled",2025-12-27,0.771347379445345,0.681838418433328,1973.41294387966,0.312301206482153,0.787264359139073,0.718425048681196,2930.27484362475,0.471188638768501,0,0.5,4
"UMass-ar6_pooled",2026-01-03,0.747194732316726,0.674427797334932,2609.06122288325,0.336512958623302,0.790905484733646,0.718829881801761,3703.25129536706,0.48848589562324,0,0,4
"UMass-ar6_pooled",2026-01-10,0.581066125934113,0.509542154309284,1032.70576655353,0.135559413609719,0.659683508193402,0.582018321340358,1756.08549746321,0.228840110252711,0.5,1,4
"UMass-ar6_pooled",2026-01-17,1.77140269838353,1.42699531513122,1093.93546294815,0.126114767261784,1.66276442640255,1.3669632753636,1803.95688474878,0.206567185414679,0.5,1,4
"UMass-ar6_pooled",2026-01-24,3.00736917026517,2.63768910412779,1764.10741548424,0.205184844815518,3.13971946736006,2.76135764521855,2761.78760962249,0.317721043587889,0.25,0.5,4
"UMass-ar6_pooled",2026-01-31,2.28561006195863,1.99884923280352,1882.39723984813,0.222970109331952,2.18951938736789,1.89746034219852,2938.31759797346,0.343792172219128,0.25,0.5,4
"UMass-ar6_pooled",2026-02-07,1.0532861222616,0.991146915195674,388.443844043971,0.0601450405709333,1.22118268420386,1.17072175761435,648.114072104522,0.0998716619971921,1,1,3
"UMass-ar6_pooled",2026-02-14,1.08489958633549,1.03484582564115,471.749680606083,0.074452927597687,1.33429189254767,1.30199630633005,764.818207141095,0.120182216793919,0.75,1,4
"UMass-ar6_pooled",2026-02-21,0.944387704290086,0.917162680428037,393.963136526461,0.0669376317788372,0.960556490134631,0.962338077918801,520.662010966457,0.0867244782598018,0.75,1,4
"UMass-ar6_pooled",2026-02-28,0.927433892324811,0.885977435794513,307.497660278808,0.0524141902560555,1.12410370084547,1.1028899863592,173.043486739916,0.0290803775893287,1,1,4
"UMass-ar6_pooled",2026-03-07,1.1029006024288,1.05649555501082,434.58045149152,0.0778956386182382,1.34057413318939,1.31627274536621,744.848505692488,0.138097430466329,0.75,1,4
"UMass-ar6_pooled",2026-03-14,1.25086794040574,1.20988372706365,687.413766016012,0.133631234408952,1.28380323112333,1.24418507978099,1229.89262398109,0.243521730461455,0.25,1,4
"UMass-ar6_pooled",2026-03-21,1.25030083847933,1.19108451358019,709.972342205912,0.146416446337977,1.29706553610764,1.2430837774612,1186.23444927247,0.24532343213062,0.5,1,4
"UMass-ar6_pooled",2026-03-28,1.26819145719032,1.25169263039149,1545.54971526317,0.472819006512182,1.10324216313419,1.06606458650794,2320.60433750658,0.686029077815879,0,0,4
"UMass-ar6_pooled",2026-04-04,1.24754846802238,1.1864221665425,1165.93137492197,0.404330481951485,1.10954512116246,1.07278967054815,1743.4301401317,0.578470970653884,0.25,0.25,4
"UMass-ar6_pooled",2026-04-11,1.07321864987824,0.912117999899759,842.084734730889,0.326191908319089,1.10120590641514,1.05837607327712,1252.44362675351,0.462042295808196,0.5,0.5,4
"UMass-ar6_pooled",2026-04-18,0.951181921693474,0.678613344997483,501.041748775255,0.211701687423195,1.12540962969765,1.06546171632323,729.903525850016,0.29188675122055,0.75,0.75,4
"UMass-ar6_pooled",2026-04-25,0.571499474792847,0.334833112441537,178.488054270112,0.0995427712447311,1.09086821232641,1.03143779853252,205.749672657201,0.113536748879351,1,1,4
"UMass-ar6_pooled",2026-05-02,0.574351861365381,0.307285240464247,170.899455272495,0.0973248991673634,1.97728989904732,1.84586708957616,176.226260390588,0.101070113807143,1,1,4
"UMass-ar6_pooled",2026-05-09,0.844029600533085,0.424510755004421,243.938275203856,0.139723448122019,4.38911259470934,3.97084007176623,429.213198873218,0.257881655020834,0.75,1,4
"UMass-ar6_pooled",2026-05-16,1.09222328900053,0.53062469599862,332.574499600667,0.19078191010958,4.10295152012993,3.57095254592821,601.422470534357,0.35769077265373,0.25,1,4
"UMass-ar6_pooled",2026-05-23,1.18719686777876,0.590353179442052,382.899861410326,0.224223114019848,4.01323251455342,3.39022357029474,670.831637761533,0.402018550212881,0.25,1,4
"UMass-ar6_pooled",2026-05-30,1.32372730006403,0.627700280591968,413.264121574261,0.268552292159339,3.43365960948378,2.85034418198002,721.893250484278,0.477671938567733,0.25,1,4
"UMass-ar6_pooled",2026-06-06,1.19327631794022,0.520581702622609,353.058705645633,0.247050466860763,3.58393533728359,2.90910129750685,613.084877233879,0.435756352566301,0.25,1,4
"UMass-ar6_pooled",2026-06-13,1.08090614172556,0.442285154516788,298.778006197345,0.221377643670391,3.96135831526878,3.14808489631951,503.51434469282,0.376390362253799,0.5,1,4
"UMass-ar6_pooled",2026-06-20,1.03984756525527,0.405347293416229,280.97260779998,0.229427562420796,6.02371770302504,4.87415426762399,491.126366265376,0.411986640555842,0.5,1,4
"UMass-ar6_pooled",2026-06-27,0.842771528834119,0.314932301535975,227.768615587751,0.190072933175741,4.70256792260616,3.675660116579,380.33272155465,0.323865762122143,0.5,1,4
"UMass-ar6_pooled",2026-07-04,0.684641223022659,0.251574556577478,187.594365099843,0.153797520819279,1.3117743797726,1.03244882862695,273.000825101119,0.22469229352725,0.75,1,4
"UMass-ar6_pooled",2026-07-11,0.570731361619388,0.211561890461048,156.894548224786,0.123278894331738,0.525448335568365,0.41638476547655,183.245253837703,0.141262733093009,1,1,4
"UMass-ar6_pooled",2026-07-18,0.482893159040027,0.184321652508151,142.092730353576,0.104843216736801,0.237993958551412,0.19038449089312,114.522366396772,0.0818014060977708,1,1,4
"UMass-ar6_pooled",2026-07-25,0.431707298706476,0.181724032108131,143.599692299197,0.0953937604107467,0.166561059097864,0.135838432355692,85.5723025066418,0.0550519205749471,1,1,4
"UMass-ar6_pooled",2026-08-01,0.406985215342181,0.187817459268417,155.428640380524,0.091963459775548,0.167376741550737,0.138196303825277,100.08387710472,0.0572398960978042,1,1,4
"UMass-ar6_pooled",2026-08-08,0.397315457402084,0.189559130042937,163.444869941993,0.0842149969064905,0.160137763765385,0.130698794347154,110.124175792422,0.0544835876248275,1,1,4
"UMass-ar6_pooled",2026-08-15,0.386518435721107,0.200555583496702,191.234612353155,0.0865136903734672,0.151378516970365,0.123497060148872,142.471209188961,0.0616032614624897,1,1,3
"UMass-ar6_pooled",2026-08-22,0.364769697965486,0.197005282822793,249.287920587054,0.0979252922367615,0.259759198735588,0.206208062555636,325.249788175668,0.119804811419099,1,1,2
"UMass-ar6_pooled",2026-08-29,0.478940931122771,0.326102326523031,407.096830775965,0.12902601332939,0.491430831484941,0.415836259668352,736.567780138794,0.224400145143407,0.5,1,2
"UMass-ar6_pooled",2026-09-05,0.499947606616878,0.390973947073743,343.657869334475,0.0962087598467085,0.540386198874863,0.480571132603714,644.815088347074,0.175080700894259,0,1,2
"UMass-ar6_pooled",2026-09-12,0.392272793618234,0.269652171811248,282.00787333126,0.0729523347693001,0.414059755418891,0.368756677143854,477.264922594483,0.118616914945103,0.666666666666667,1,3
"UMass-ar6_pooled",2026-09-19,0.306292048993933,0.184936800874791,262.127302384903,0.0623781169765655,0.184931188815158,0.164568444859059,283.253501046267,0.0658200007452843,1,1,4
"UMass-ar6_pooled",2026-09-26,0.318150205027573,0.156864305493493,264.62720720472,0.0561843293082634,0.385738456507761,0.339211521925279,225.505133066416,0.0484876718617295,1,1,4
"UMass-ar6_pooled",2026-10-03,0.572889726687665,0.264072949066971,509.809286816522,0.108765143888703,3.54194049850783,3.19169349895134,946.466485925664,0.207931899477008,0,1,4
"UMass-gbqr",2024-11-30,0.633638351506789,0.639611980985252,308.671735366898,0.0408282720108258,0.55802401229196,0.524916142537358,340.952671510388,0.042242721667078,1,1,1
"UMass-gbqr",2024-12-07,0.508069646148962,0.514300901033389,1017.56603794326,0.122236315487762,0.731872226745337,0.714001300515779,1591.46172991454,0.186940832058023,0.5,1,2
"UMass-gbqr",2024-12-14,0.617877608462789,0.622073750741695,1476.81066702258,0.166588352158091,0.856715755051749,0.837781036956955,2218.76039230468,0.246568111715472,0,0.333333333333333,3
"UMass-gbqr",2024-12-21,0.721246847498716,0.722687271424937,2201.92429111227,0.228796373385541,0.930534247595917,0.9162275145347,3118.51133731019,0.322738449008179,0,0.5,4
"UMass-gbqr",2024-12-28,0.913579814365844,0.929345598643304,5028.07457267431,0.449289659795833,1.08073085461661,1.10668030173323,6392.16177338384,0.584857306609924,0,0,4
"UMass-gbqr",2025-01-04,0.953345261043934,0.977348540752026,7664.48802284777,0.565926517705651,1.06982077808626,1.11174287985688,9271.67143961235,0.707631299462977,0,0.25,4
"UMass-gbqr",2025-01-11,1.12369990007056,1.15952510036248,3695.65463284817,0.294250040961077,1.23692425222065,1.27573000281734,5083.87112989754,0.407642506992162,0,0.5,4
"UMass-gbqr",2025-01-18,1.33720592578205,1.36781316648656,2321.77558058028,0.183201581405928,1.39477689500252,1.40456804909004,3293.10887629416,0.25512774036741,0.25,0.75,4
"UMass-gbqr",2025-01-25,1.17188282565203,1.17258148816232,1453.4965255392,0.0974711935544934,1.19461792488039,1.1703924736101,2296.66117873778,0.148945491407758,0.666666666666667,1,3
"UMass-gbqr",2025-02-01,1.04534186200565,1.04641541198025,1543.94844802553,0.109207901232826,1.20937364668502,1.17611135658913,2844.92129145785,0.193027852875066,0.333333333333333,1,3
"UMass-gbqr",2025-02-08,1.45711799890967,1.52381306166276,1426.67969455312,0.11675528411428,1.55228438100891,1.64278878272843,2188.008701435,0.179176078816197,0.333333333333333,1,3
"UMass-gbqr",2025-02-15,1.6396779242113,1.74952719729478,906.208697853657,0.083899918485609,3.4172771778568,3.63724302408815,1801.48819713489,0.161398139692717,0.666666666666667,1,3
"UMass-gbqr",2025-02-22,1.54912533041656,1.78680723201112,861.875110856013,0.0891127591088114,2.17173239166972,2.4444612688774,1194.6549551522,0.119986185741426,0.75,1,4
"UMass-gbqr",2025-03-01,2.11348958851082,2.50276402765153,1364.90453802194,0.150873685753149,2.89694198409988,3.34548364570481,2303.9508896134,0.247067381634013,0.5,1,4
"UMass-gbqr",2025-03-08,2.57029442373366,3.05695483914192,1438.63893222915,0.172813516345863,3.59456107960124,4.24023337613788,2372.98608789437,0.276611913910216,0.25,1,4
"UMass-gbqr",2025-03-15,2.56499258621468,3.11338094227272,1428.36262594192,0.187810383966637,5.6593407298743,6.73962393030219,2636.62077552738,0.331959683521781,0,1,4
"UMass-gbqr",2025-03-22,2.3847390952037,2.84393439147505,1274.22921609588,0.175648744530401,4.83034385832778,5.7040733181636,2321.08613577831,0.310823595699795,0,1,4
"UMass-gbqr",2025-03-29,2.01997609649383,2.36354329279541,1153.68082248238,0.16610650750509,3.01630916193908,3.48851156150441,2058.47717657622,0.29003645109881,0,1,4
"UMass-gbqr",2025-04-05,1.18181423834452,1.40952168729057,641.903482090587,0.101938287569008,1.9007311774784,2.23528169938343,1133.67031309307,0.175223662316815,0.25,1,4
"UMass-gbqr",2025-04-12,0.796136224357105,0.946482308258799,458.733904544154,0.0790234459892579,0.869304654763713,1.01118469726489,707.2919914555,0.118126150159841,0.25,1,4
"UMass-gbqr",2025-04-19,0.922190620399984,1.04984491702107,493.224472307891,0.0918490246481231,1.05717239819392,1.20498100224753,766.446918619893,0.138437617198789,0.5,1,4
"UMass-gbqr",2025-04-26,0.730177919388716,0.839948930940517,390.573735942877,0.0785454711663779,0.88666976107219,1.03323623445245,510.519584522919,0.0989765476032455,0.333333333333333,1,3
"UMass-gbqr",2025-05-03,0.510591370089089,0.553299744927603,277.236498822069,0.0613046389392311,0.569332485800973,0.622418322149386,392.414006937388,0.0828804605996734,1,1,3
"UMass-gbqr",2025-05-10,0.433879268319932,0.426161261804573,223.754520578403,0.0519408947690841,0.28524407408245,0.304063880517559,167.064803312694,0.0392206376175099,1,1,3
"UMass-gbqr",2025-05-17,0.511237776339895,0.495216613458805,226.089957038632,0.056424236219,0.508057006517357,0.561785641261099,256.56347030006,0.0645089691857651,1,1,3
"UMass-gbqr",2025-05-24,0.704251589468611,0.619439631501166,306.390914770039,0.080976366486196,1.02000314719655,1.09542378104005,456.54832165733,0.12260687885916,0.25,1,4
"UMass-gbqr",2025-05-31,0.965130697379674,0.755345534522426,380.678470781478,0.106284148993678,1.38056553573157,1.45504175655621,578.661757289795,0.164367851865252,0.5,1,4
"UMass-gbqr",2025-06-07,0.969376833100963,0.736195618702506,363.438516835939,0.105785816891257,1.63082077800792,1.69352188192005,557.204673965236,0.163139963526447,0.25,1,4
"UMass-gbqr",2025-06-14,0.707279350112892,0.508136574905588,267.788269872558,0.0816162290068019,1.62147004508483,1.65855245411908,424.44723346765,0.127335981104823,0.5,1,4
"UMass-gbqr",2025-06-21,0.883678853668322,0.613611424529024,389.187364601548,0.11368869900915,1.16751724595068,1.18698359363591,665.275168027296,0.192164535275313,0.25,1,4
"UMass-gbqr",2025-06-28,0.678843453413146,0.489385137743552,263.714364852692,0.077304374227284,0.997880457781526,1.00107757508596,419.171745715641,0.121130312817626,0.25,1,4
"UMass-gbqr",2025-07-05,0.744234425198107,0.534101032043502,325.370214037961,0.092739744389023,0.917005326748196,0.909473937523304,583.504817922366,0.163336700087701,0,1,4
"UMass-gbqr",2025-07-12,0.943752612202272,0.715349714203514,548.447508273672,0.145751037580534,0.923190218349357,0.912883617645709,943.877991323743,0.249040443464605,0,1,4
"UMass-gbqr",2025-07-19,1.0001056803518,0.781561144798911,670.242630702424,0.16749309047909,0.919866535780172,0.910996024026133,1127.05174682275,0.281997429588464,0,1,4
"UMass-gbqr",2025-07-26,0.987161974110411,0.811062910663798,929.999192610029,0.210440814168106,0.877179952798671,0.861661762646581,1467.68276940967,0.334792979456575,0,1,4
"UMass-gbqr",2025-08-02,0.984523282283388,0.854893590394112,1306.8616828771,0.257343840567559,0.881866002651737,0.861503674726063,1962.84626281867,0.390718910764014,0,1,4
"UMass-gbqr",2025-08-09,0.933635327436153,0.831811138648963,1721.1230117956,0.295818378459008,0.893936096159649,0.872058643811468,2616.62681901434,0.457473692879576,0,1,3
"UMass-gbqr",2025-08-16,0.846716875669034,0.768934213394188,2268.27250388408,0.348089010240176,0.815398234709021,0.793223499656738,3336.071328003,0.525640857454563,0,0.5,2
"UMass-gbqr",2025-08-23,0.773374725301366,0.720841134607908,3124.92069673198,0.420674323660625,0.760336928021619,0.744778194837602,4469.44004143771,0.625009557784681,0,0,1
"UMass-gbqr",2025-09-20,0.930643498244563,0.887885518398483,243.163179473931,0.0252392624042459,0.220089292850479,0.212782048836988,36.7592255717354,0.00382336373550629,1,1,1
"UMass-gbqr",2025-09-27,1.01823464591483,0.993410646338241,760.82437153343,0.0866874969517039,0.950301176342722,0.932295621649922,1318.25264487533,0.152512764230823,0.5,1,2
"UMass-gbqr",2025-10-04,0.949286608514567,0.934897659841046,1430.60840606838,0.186895438030688,0.967528639123341,0.959255783146984,2439.05956279976,0.318394537307369,0,0.666666666666667,3
"UMass-gbqr",2025-10-11,1.01398542742285,1.01013734633633,2277.98184801163,0.334088260948483,1.05576674323059,1.0389280293714,3733.1074892858,0.532631055390688,0,0.333333333333333,3
"UMass-gbqr",2025-10-18,0.968007615734357,0.98001471505035,2394.99483403696,0.402614689441439,1.01280392773149,1.00618740890993,4004.59382121122,0.64870637643528,0,0.5,2
"UMass-gbqr",2025-11-22,0.94111309141902,0.835711432755219,236.424017822356,0.0731819918406107,1.29864472878747,1.32321709166373,506.471444227112,0.157087446269066,1,1,1
"UMass-gbqr",2025-11-29,0.625964779941113,0.512262890473512,201.549649306596,0.060467423244969,0.777187514703099,0.779092272292393,387.702159778783,0.11656400235228,1,1,2
"UMass-gbqr",2025-12-06,0.812749881358753,0.677771044636018,534.741956060088,0.140527810545597,0.735811817682225,0.709582323475668,885.434953808906,0.233603268858378,0,1,3
"UMass-gbqr",2025-12-13,0.696075860756847,0.567293616300162,584.758134596211,0.142540080482844,0.614978738944015,0.587779555713096,961.000396532708,0.236028874944217,0,1,4
"UMass-gbqr",2025-12-20,0.734567474737975,0.61575850492575,1051.06138435196,0.20890940450514,0.623881646246503,0.570071633949478,1508.74855194492,0.302238468261999,0,1,4
"UMass-gbqr",2025-12-27,0.77055802481681,0.669694258937625,2026.09217869316,0.316223533096457,0.697930569750618,0.627621463496246,2666.19941437329,0.42565605789415,0,0,4
"UMass-gbqr",2026-01-03,0.719868902682709,0.638372574271267,2561.84513179784,0.325305140232803,0.688715984949581,0.611871441370865,3269.8700318698,0.422660665104155,0,0.25,4
"UMass-gbqr",2026-01-10,0.638943840001171,0.538670995782502,1102.68044907658,0.139786267247201,0.624200300309363,0.530000072456301,1628.15957091219,0.205770472317787,0.25,0.75,4
"UMass-gbqr",2026-01-17,2.13729756120176,1.68743706952521,1317.9676609881,0.148905109236124,2.0656886091473,1.65802926036328,2271.10387996808,0.253946930536392,0.25,1,4
"UMass-gbqr",2026-01-24,3.06913335986467,2.67919708220408,1797.21297474701,0.208217898249885,3.45644404252155,3.00766448724098,3015.40209911713,0.343196643139802,0.25,1,4
"UMass-gbqr",2026-01-31,2.3645084413727,2.14453518995655,1839.81266786707,0.226090557275226,2.39543948948884,2.15783516941968,3020.15538796115,0.36819089715148,0.25,1,4
"UMass-gbqr",2026-02-07,1.3817766667567,1.38652184459759,504.767317174701,0.0840151453540141,1.73404170819523,1.79328996609169,912.59722808675,0.152916007152109,0.333333333333333,1,3
"UMass-gbqr",2026-02-14,1.68349552431553,1.72386299489241,721.839259511241,0.123047275420287,2.01612234939044,2.14378496360941,1169.40258428805,0.201516235205528,0.25,1,4
"UMass-gbqr",2026-02-21,1.95539927840089,2.00470529706541,789.203660691014,0.14251845375049,2.37681445147627,2.55888218638133,1366.39952523483,0.244711201295907,0.5,1,4
"UMass-gbqr",2026-02-28,1.21811101611833,1.2806755043072,398.289312487905,0.0754308089338183,5.47164000365855,5.93699785548414,627.880610911933,0.117953902776008,0.25,1,4
"UMass-gbqr",2026-03-07,0.447609449453143,0.482370715782428,175.857197123923,0.0359117272194989,0.437364785440379,0.462145956798215,236.789031662886,0.0475563448372962,0.75,1,4
"UMass-gbqr",2026-03-14,0.657942705728518,0.692941288746617,341.505164998431,0.0727082479950851,0.615461512222235,0.636661880586701,557.964423099256,0.118772488446062,0.25,1,4
"UMass-gbqr",2026-03-21,0.704908930822458,0.734073574865822,420.2091147537,0.0946663726623145,0.701945488590482,0.724987731758991,669.76932117851,0.149404121777226,0.5,1,4
"UMass-gbqr",2026-03-28,1.10783279585802,1.15361382496102,1328.59615223836,0.431389713629942,0.90502843344224,0.926317004540074,1874.98176343479,0.590886689053348,0,0.25,4
"UMass-gbqr",2026-04-04,1.10502628762262,1.1175479381506,1013.71566160833,0.376443776074236,0.976556169355723,1.02381135367639,1487.97544730418,0.535742989389328,0.25,0.5,4
"UMass-gbqr",2026-04-11,1.11529446795908,0.988129904725672,793.208459509096,0.328365083679214,1.33650221212844,1.3743167741448,1203.57245950143,0.488960742714498,0.25,0.5,4
"UMass-gbqr",2026-04-18,0.969856040682028,0.710243907641498,483.105969919707,0.21605285701623,1.33702583456224,1.33746718443022,746.667058692579,0.329920848991096,0.5,1,4
"UMass-gbqr",2026-04-25,0.631469917348304,0.339769290372615,201.802642555356,0.103727745731039,1.40919502712278,1.19755102756301,344.000435816692,0.168980303540685,0.75,1,4
"UMass-gbqr",2026-05-02,0.649122859494028,0.321281317844494,198.806010717156,0.104659991977733,4.05749680370423,3.52521247138238,375.674446059309,0.198672852942431,0.5,1,4
"UMass-gbqr",2026-05-09,0.856899103395716,0.430805243912765,245.843314065459,0.140244577499491,4.39143448885824,3.97809768971931,425.599055122999,0.256285233819388,0.25,1,4
"UMass-gbqr",2026-05-16,0.957546626851462,0.484976978500648,294.543210617169,0.176069778636676,3.47645485480361,3.09618247665656,514.931653501323,0.313318854426651,0.25,1,4
"UMass-gbqr",2026-05-23,1.07343657013212,0.562121473554682,339.790794129583,0.211253543720417,3.78043618073427,3.31722311672173,605.803900462604,0.379347330440367,0.25,1,4
"UMass-gbqr",2026-05-30,1.19428148060275,0.593842561003404,360.676541533593,0.248466199046025,3.24876824960591,2.75239265462612,657.01783760277,0.449476474895939,0.25,1,4
"UMass-gbqr",2026-06-06,0.992202132828418,0.45144592797073,297.287545458809,0.216692697637073,3.48022996279306,2.89628663015647,595.113202630825,0.43336715535534,0.5,1,4
"UMass-gbqr",2026-06-13,0.907461024455533,0.387181455570596,245.363263165613,0.189732138372878,4.35561758031977,3.5420905846859,522.378069245089,0.402253849752823,0.5,1,4
"UMass-gbqr",2026-06-20,0.645470642925263,0.274573931801339,180.999306808294,0.158403132573437,3.48643445817092,2.96104425573734,351.557696771347,0.300848119178184,0.75,1,4
"UMass-gbqr",2026-06-27,0.580156250781193,0.237663968043348,148.123432739709,0.137970525274602,3.44594620158695,2.8532636674074,243.882939224261,0.220287851862734,1,1,4
"UMass-gbqr",2026-07-04,0.500846837907742,0.221521877879763,120.197486268192,0.124435215120205,1.07702172744793,1.02481135173568,146.082495590134,0.151168414984412,0.75,1,4
"UMass-gbqr",2026-07-11,0.640641534833249,0.282649590108137,160.939189960948,0.153352584642843,1.0731166861203,1.04446526580116,294.249962498796,0.281994417389915,0.75,1,4
"UMass-gbqr",2026-07-18,0.661865108016757,0.295947575850915,193.268604430535,0.171163580820409,0.898021480421264,0.872133436111709,362.171598419694,0.320979092070898,0.5,1,4
"UMass-gbqr",2026-07-25,0.798994985045719,0.395575738099881,266.639856662139,0.214622811553889,0.841162002564241,0.850150851843112,472.856264535207,0.386776426713275,0.5,1,4
"UMass-gbqr",2026-08-01,0.617963177872689,0.309625100574157,249.025313427979,0.164893000221041,0.602249176204415,0.564747930100549,457.083540266602,0.304392927450746,0.75,1,4
"UMass-gbqr",2026-08-08,0.540560784485345,0.28178239343127,242.396021551376,0.141020957008097,0.403628515431231,0.386975805595929,377.604469682592,0.229098882756728,0.75,1,4
"UMass-gbqr",2026-08-15,0.429976078206245,0.230959592805842,217.081055099565,0.103323647165301,0.158915813440119,0.133729978152444,210.191539089044,0.0949658999551781,1,1,3
"UMass-gbqr",2026-08-22,0.414072034973522,0.237845801806107,282.981720103204,0.118225863364793,0.256356449214592,0.208772318543059,320.989136132137,0.12129461837037,0.5,1,2
"UMass-gbqr",2026-08-29,0.56505228914329,0.38771406483336,482.208435115758,0.155263121006276,0.468760162339754,0.394379845084528,708.814834031007,0.214931317490815,0,1,2
"UMass-gbqr",2026-09-05,0.522055402812519,0.399214084483519,358.854498012602,0.0982364484103444,0.434435158614333,0.38505171990902,518.389155323054,0.140281262082803,0,1,2
"UMass-gbqr",2026-09-12,0.293436883389129,0.202603599806904,216.127195354153,0.0563224655872323,0.262691176970316,0.237564559918489,313.194463984872,0.0793244896612334,0.333333333333333,1,3
"UMass-gbqr",2026-09-19,0.245419172148211,0.149385081599717,242.700435960873,0.0592629723310371,0.260402480716968,0.231403960707093,366.317840484732,0.0868129114579088,0.75,1,4
"UMass-gbqr",2026-09-26,0.344957886611215,0.166883177170638,305.709630424938,0.0650454032734116,0.79604334530602,0.669072888521004,529.094706604101,0.110210222790412,1,1,3
"UMass-gbqr",2026-10-03,0.619571928896727,0.282409013017113,535.782448500891,0.114488538166681,4.48329657624688,3.89777305926552,1136.78744196604,0.243007262130336,0,1,3
"ZJU_LeiLab-MPUDE_ens",2026-09-19,0.333290740115678,0.200987639422499,161.554673913044,0.036365560454703,0.287437854722598,0.261388644303961,135.5,0.0301989631930546,1,1,1
"ZJU_LeiLab-MPUDE_ens",2026-09-26,0.333150106045714,0.168122086742665,223.77557173913,0.047644831931973,0.211645173668392,0.191044813203761,100.125,0.0216524184955817,1,1,2
"ZJU_LeiLab-MPUDE_ens",2026-10-03,0.53250394980964,0.24810669609087,428.976579710145,0.0912530832971798,2.89783399937847,2.69215737549886,701.333333333333,0.15804983050325,0.666666666666667,1,3
"docxology-analog",2026-10-03,0.199448740675419,0.109374444189578,102.131127842004,0.0254701373219238,0.0338147345227236,0.0338198655203641,4.83282621282342,0.00118352533467636,1,1,1
