"model_id","target_end_date","wis_scaled_relative_skill","wis_scaled_relative_skill__log","wis","wis__log","ae_median_scaled_relative_skill","ae_median_scaled_relative_skill__log","ae_median","ae_median__log","interval_coverage_50","interval_coverage_95","n"
"CADPH-CovidCAT_Ensemble",2025-11-29,0.48547015225135,0.405823761979742,13.3407251840661,0.0519125147986194,Inf,Inf,24.709279585922,0.0972214985239264,0,1,1
"CADPH-CovidCAT_Ensemble",2025-12-06,0.885323084756053,0.780719080813641,32.5783906722864,0.136392240955718,0.692153804224046,0.740686551982016,36.719383780922,0.15932488544301,0.5,0.5,2
"CADPH-CovidCAT_Ensemble",2025-12-13,1.21271525859043,1.05456761217808,54.931084363733,0.222355576404961,1.10985545655257,1.20990697992258,72.187878092608,0.297889618553308,0.333333333333333,0.333333333333333,3
"CADPH-CovidCAT_Ensemble",2025-12-20,0.968972142483721,0.889397624351302,56.5828341833435,0.219476574027348,0.906429097361502,1.06373929383249,80.637572605948,0.317254963516068,0.25,0.5,4
"CADPH-CovidCAT_Ensemble",2025-12-27,1.04030394329676,1.08677781569008,67.5193482864476,0.251293254253547,1.16704758241229,1.41073454032594,97.9001736853185,0.371585856081309,0.25,0.5,4
"CADPH-CovidCAT_Ensemble",2026-01-03,0.393720140590998,0.398578145731608,30.4732216319255,0.10362595863148,0.38435110597546,0.435321184065266,43.7697420511343,0.152296024991631,0.75,1,4
"CADPH-CovidCAT_Ensemble",2026-01-10,0.479263461575743,0.386883128326064,27.0384293280925,0.0747408889391513,0.439904669359485,0.398598930433924,34.3919536994465,0.093587048881657,0.75,1,4
"CADPH-CovidCAT_Ensemble",2026-01-17,1.07974113458252,0.805813906700542,42.6036204204877,0.119536467020691,1.46403163479664,1.24524415472994,64.9662654229872,0.182454595332704,0.25,1,4
"CADPH-CovidCAT_Ensemble",2026-01-24,1.12972476501885,0.884550931297303,53.1209420125434,0.150121925122681,1.3584715147222,1.21807172337458,88.0985508076032,0.253156717653233,0.25,1,4
"CADPH-CovidCAT_Ensemble",2026-01-31,1.05400919473359,0.759767015275138,54.473740580619,0.153617129024736,1.07482319547648,0.866594916372955,85.7747687680697,0.243059708877493,0.5,0.75,4
"CADPH-CovidCAT_Ensemble",2026-02-07,1.1697421491585,1.03093119469147,42.7932712770295,0.148195588126315,1.07825346956949,1.16836292916171,58.0662197117015,0.204541188823002,0.5,0.75,4
"CADPH-CovidCAT_Ensemble",2026-02-14,1.50574977038813,1.35105569750322,69.3371320391456,0.239333753566822,1.46960456868374,1.58967799165906,103.168772808708,0.359318097676716,0,0.5,4
"CADPH-CovidCAT_Ensemble",2026-02-21,1.21131939400577,1.07141428287911,34.0432715320295,0.135355668140504,1.78454882895036,1.88690332474536,59.0636918488877,0.233753893764587,0.25,1,4
"CADPH-CovidCAT_Ensemble",2026-02-28,1.07318413066139,1.00583802284656,31.4119119087255,0.129110583346032,1.56681452815563,1.7842804129498,53.5950073035085,0.220709217678205,0.25,1,4
"CADPH-CovidCAT_Ensemble",2026-03-07,0.554148698065674,0.571592283477862,19.3752919478854,0.0800026347096687,0.690743498920031,0.773973044544281,31.6067763677397,0.130685293552672,0.5,1,4
"CADPH-CovidCAT_Ensemble",2026-03-14,0.501109632091564,0.537417577195972,22.9346259031991,0.104021903288498,0.559482976093915,0.664650811060896,36.860731775992,0.167620733137718,0.5,1,4
"CADPH-CovidCAT_Ensemble",2026-03-21,0.804894421597165,0.869436019228203,28.7679417342717,0.15084338326448,0.95180031042248,1.10526778597175,48.1514797912993,0.250954135587445,0.25,0.75,4
"CADPH-CovidCAT_Ensemble",2026-03-28,0.498307205033591,0.581242557856448,15.4118189031029,0.09349872492304,0.636946959460583,0.817294337698017,26.3268230975455,0.158042087246387,0.5,1,4
"CADPH-CovidCAT_Ensemble",2026-04-04,0.751328326751885,0.915369412999767,22.5031402866862,0.160831685297135,0.697985765312273,0.91057560112985,33.9570063607297,0.24170328600572,0.25,0.75,4
"CADPH-CovidCAT_Ensemble",2026-04-11,0.877740810253571,0.991036827890184,24.8452778473564,0.182869853412019,0.936386300234371,1.18389208997267,37.1709976455269,0.27493514236904,0.5,0.75,4
"CADPH-CovidCAT_Ensemble",2026-04-18,0.94133113747788,0.995738657260907,28.6259881365778,0.23523234234764,1.05655313824551,1.3383938038869,42.1109340726477,0.352269467850124,0.25,0.5,4
"CADPH-CovidCAT_Ensemble",2026-04-25,1.31034395971462,1.26224128762422,31.0905607713074,0.276589932722564,1.75112746702731,1.90282248414051,45.3158210753104,0.412873833753764,0.25,0.5,4
"CADPH-CovidCAT_Ensemble",2026-05-02,1.01859781663694,0.938361469764135,31.2083049547643,0.246041089305136,1.51427382278392,1.55239929965913,47.9987934811899,0.37975805399715,0,0.75,4
"CADPH-CovidCAT_Ensemble",2026-05-09,1.03177878690789,0.923089387215858,30.8574826878859,0.244274949223807,1.61323373018878,1.64380620226319,45.5128613347129,0.366301588116044,0.25,0.75,4
"CADPH-CovidCAT_Ensemble",2026-05-16,0.642562927768831,0.510486826557752,14.4457948362919,0.0933501525756964,1.36113009617652,1.28361758318779,21.6018944624093,0.138270240511142,0.666666666666667,1,3
"CADPH-CovidCAT_Ensemble",2026-05-23,0.526184485238332,0.455835959218243,13.6539219034931,0.0784623070467459,0.94932201816501,0.883147736265685,22.604820114801,0.130311232704582,0.666666666666667,1,3
"CADPH-CovidCAT_Ensemble",2026-05-30,1.17581524166018,0.995973356061554,32.2907271618301,0.209873181733753,2.2316947811903,1.85718297987976,53.0155046908177,0.345847890032412,0,0.666666666666667,3
"CADPH-CovidCAT_Ensemble",2026-06-06,0.608448255556374,0.602152472567766,17.220854136889,0.121484793861078,0.500658198101726,0.504827094643304,17.511880988875,0.130619489400564,0.666666666666667,0.666666666666667,3
"CADPH-CovidCAT_Ensemble",2026-06-13,0.545023487817265,0.53694815272073,13.8239054389351,0.0976887610824128,1.26862263963772,1.14701429764513,23.6082780358958,0.171227090527662,0.25,1,4
"CADPH-CovidCAT_Ensemble",2026-06-20,0.502477368602031,0.499964559618894,13.5617234700146,0.0942382100666238,0.924472272631052,0.851225651353272,22.39840449243,0.158982664110687,0.75,1,4
"CADPH-CovidCAT_Ensemble",2026-06-27,0.779912503142139,0.674012312135272,17.2495681518803,0.122711083988214,1.93779890119169,1.65524916307878,29.8583193224488,0.213513316561768,0.25,1,4
"CADPH-CovidCAT_Ensemble",2026-07-04,0.481262828841427,0.412133712840432,13.2128235110372,0.0814937740381101,0.649023959734741,0.608721336067124,16.6223244958502,0.105936140063059,0.75,1,4
"CADPH-CovidCAT_Ensemble",2026-07-11,0.483639975399652,0.389626608326995,13.2393546685849,0.0793097272683256,0.496156057438476,0.48260327227244,14.949239206981,0.0929318263314167,0.75,1,4
"CADPH-CovidCAT_Ensemble",2026-07-18,0.532111932540469,0.448728130799903,22.9159375913577,0.119222686355279,0.726142021226989,0.753943007680798,40.234620703497,0.206722721072268,0.5,1,4
"CADPH-CovidCAT_Ensemble",2026-07-25,0.570006514356498,0.450957268512872,22.6541755104061,0.105769430654057,0.591691575239991,0.609418538151433,37.676347289149,0.175932525870299,0.25,1,4
"CADPH-CovidCAT_Ensemble",2026-08-01,0.492415278827674,0.401699332703451,45.107231225447,0.149958735378426,0.502516410805775,0.475499367948728,74.5462673983187,0.247699392801414,0.25,0.75,4
"CADPH-CovidCAT_Ensemble",2026-08-08,0.396834156013389,0.312490235729835,34.78893952821,0.0968361044801271,0.389651363411529,0.401779216012985,54.670837568704,0.151962054305911,0.5,1,4
"CADPH-CovidCAT_Ensemble",2026-08-15,0.526079709430262,0.364134127143124,34.7423392738536,0.0819314974008804,0.488379706963373,0.417182919615143,54.7751255440358,0.131040898280853,0.5,1,4
"CADPH-CovidCAT_Ensemble",2026-08-22,0.466795350610008,0.35806194224359,58.8874003423121,0.120800281936362,0.450023278951029,0.418839184648966,100.561438790521,0.207552435296445,0.25,1,4
"CADPH-CovidCAT_Ensemble",2026-08-29,0.562900400670155,0.453642547379839,137.094582870855,0.213125719794899,0.594529958098237,0.519403748002358,196.244340706632,0.309442946210835,0.25,0.5,4
"CADPH-CovidCAT_Ensemble",2026-09-05,0.590727020569219,0.461323446860653,141.423284113381,0.211909622820224,0.644053978252738,0.541525712451872,227.862854090052,0.343270197656711,0,0.5,4
"CADPH-CovidCAT_Ensemble",2026-09-12,0.723541496661898,0.490898719760372,241.810919074639,0.311933652435992,0.793244657110108,0.643051885342309,348.134382595318,0.459975892678325,0,0,4
"CADPH-CovidCAT_Ensemble",2026-09-19,0.568771787353384,0.416788846020399,223.415929797233,0.262964425693616,0.59700697083617,0.533616454027956,322.294452437328,0.389893703606136,0.25,0.25,4
"CADPH-CovidCAT_Ensemble",2026-09-26,0.676958883842281,0.497413081538471,144.376289829053,0.164123528746855,1.25360746399852,0.960567211769337,246.817853218453,0.281908199246594,0.25,1,4
"CEPH-Rtrend_covid",2025-11-29,0.793077080846814,0.702751088159102,7.62796822742475,0.182343949566237,0,0,11.6153846153846,0.262225024935772,0.461538461538462,0.826923076923077,52
"CEPH-Rtrend_covid",2025-12-06,0.930826511465837,0.717237901265645,14.4007316053512,0.229911843135534,0.92798068498132,0.832989413579462,21.8076923076923,0.348871181121623,0.317307692307692,0.740384615384615,104
"CEPH-Rtrend_covid",2025-12-13,1.00454786258793,0.745032931266121,17.0523439241917,0.240934428288175,1.02248105763798,0.90833944615869,26.3910256410256,0.367276210079225,0.423076923076923,0.852564102564103,156
"CEPH-Rtrend_covid",2025-12-20,0.934431913221161,0.722710547054024,25.8464318561873,0.276058328038078,0.924874025176957,0.867944860645586,41.4615384615385,0.435465319651322,0.379807692307692,0.850961538461538,208
"CEPH-Rtrend_covid",2025-12-27,0.908735892565537,0.753117364353104,45.1672449832776,0.392062118043276,0.890363721381665,0.828711208601667,66.4951923076923,0.594612099087661,0.221153846153846,0.6875,208
"CEPH-Rtrend_covid",2026-01-03,0.844086554807643,0.70747221926472,54.3637918060201,0.357548158136077,0.852613852034303,0.787530199921607,79.6346153846154,0.547274595516609,0.221153846153846,0.658653846153846,208
"CEPH-Rtrend_covid",2026-01-10,0.724141958250839,0.581401360128752,25.7873704013378,0.188258452777042,0.748808210130693,0.652976168238628,43.0673076923077,0.304083292233742,0.538461538461538,0.961538461538462,208
"CEPH-Rtrend_covid",2026-01-17,1.21338007495889,0.933829238050128,25.6527403846154,0.189271945590185,1.36636384080912,1.17877703010654,39.3990384615385,0.286067196957284,0.519230769230769,0.884615384615385,208
"CEPH-Rtrend_covid",2026-01-24,1.50912443954339,1.15742182602559,31.0354640468227,0.221953495048952,1.69335628461059,1.41334737515523,48.2163461538462,0.341449587367117,0.418269230769231,0.850961538461538,208
"CEPH-Rtrend_covid",2026-01-31,1.34112640355879,1.03147466900097,29.3594105351171,0.22462529412135,1.46875998570405,1.23821185403812,46.6826923076923,0.357929802023304,0.394230769230769,0.860576923076923,208
"CEPH-Rtrend_covid",2026-02-07,1.03823187481065,0.894798909745331,18.8094941471572,0.184714841590623,1.13188112220501,1.1470726401892,29.2355769230769,0.291489293917852,0.504807692307692,0.918269230769231,208
"CEPH-Rtrend_covid",2026-02-14,1.15734829537226,1.03240691877663,21.0617286789298,0.237575415897337,1.2461259060928,1.26773622298087,33.9471153846154,0.377468684270286,0.403846153846154,0.879807692307692,208
"CEPH-Rtrend_covid",2026-02-21,1.25729863407764,1.01478556598407,21.6861768394649,0.238890128932466,1.42178390081218,1.31007456540416,35.1778846153846,0.385378264456848,0.394230769230769,0.879807692307692,208
"CEPH-Rtrend_covid",2026-02-28,1.06970412142634,0.902766390444439,16.0819795150502,0.18847330395981,1.29135594696965,1.24838240296501,26.4375,0.302868822828098,0.591346153846154,0.951923076923077,208
"CEPH-Rtrend_covid",2026-03-07,0.941447065353414,0.920823434669339,14.6151484113712,0.218437348510325,0.990198197759358,1.04900172410478,22.3942307692308,0.325119966095162,0.572115384615385,0.923076923076923,208
"CEPH-Rtrend_covid",2026-03-14,0.776597033467721,0.796305593221427,12.4437165551839,0.195587640131755,0.733525701796547,0.855181416224778,17.9903846153846,0.299205412847403,0.605769230769231,0.966346153846154,208
"CEPH-Rtrend_covid",2026-03-21,0.759880969866219,0.77919179001893,11.9508674749164,0.212068030885446,0.805631206032115,0.89753028809281,18.125,0.336354802686235,0.610576923076923,0.971153846153846,208
"CEPH-Rtrend_covid",2026-03-28,0.761358030908451,0.844418398285225,18.5973850334448,0.381730369709533,0.738173189114334,0.887089220654019,27.4807692307692,0.562037673808134,0.403846153846154,0.783653846153846,208
"CEPH-Rtrend_covid",2026-04-04,0.684124075281758,0.773049131936396,13.2323871237458,0.342070400105276,0.622917387377292,0.764501185616829,19.3221153846154,0.490305222323159,0.528846153846154,0.831730769230769,208
"CEPH-Rtrend_covid",2026-04-11,0.645182002316079,0.727764803407721,9.81187081939799,0.328849298864449,0.682065000141034,0.865710623982357,14.8653846153846,0.510349041368925,0.514423076923077,0.918269230769231,208
"CEPH-Rtrend_covid",2026-04-18,0.684704238600763,0.672423621302802,7.7916262541806,0.283923269069962,0.787493322161086,0.899457366170438,11.3317307692308,0.434697959691595,0.581730769230769,0.913461538461538,208
"CEPH-Rtrend_covid",2026-04-25,0.951680115963116,0.873910795150742,8.94664715719064,0.391684475917234,1.35989468496332,1.24851028778318,14.3605769230769,0.608783604379012,0.475961538461538,0.875,208
"CEPH-Rtrend_covid",2026-05-02,0.856744310018071,0.847046460015341,7.64160326086956,0.387647047891875,1.32699454729756,1.30482338997033,12.4903846153846,0.618038302141616,0.509615384615385,0.884615384615385,208
"CEPH-Rtrend_covid",2026-05-09,0.826446989629,0.783144511068963,6.98034489966555,0.350598515597116,1.21081637508977,1.20972990580205,10.5432692307692,0.546253047582493,0.514423076923077,0.884615384615385,208
"CEPH-Rtrend_covid",2026-05-16,0.785349481888093,0.694191819541735,7.0523118729097,0.31498965493519,1.08599151592732,1.14591466994872,9.75961538461539,0.483179753820363,0.5,0.889423076923077,208
"CEPH-Rtrend_covid",2026-05-23,0.79063529509358,0.790120105946291,6.79810200668896,0.363238342129712,1.14559691805146,1.112334292362,9.69230769230769,0.511508054695049,0.480769230769231,0.817307692307692,208
"CEPH-Rtrend_covid",2026-05-30,0.689425846408604,0.665234226919715,5.54196070234114,0.317209460891258,0.948163827369135,0.88219124291211,7.90384615384615,0.472490475346774,0.543269230769231,0.903846153846154,208
"CEPH-Rtrend_covid",2026-06-06,0.630185500145098,0.692012097439212,4.72310200668896,0.331999986553869,0.896016707355819,0.954323613084428,6.48076923076923,0.484602428175027,0.591346153846154,0.889423076923077,208
"CEPH-Rtrend_covid",2026-06-13,0.650561761897162,0.762914752890191,4.7345610367893,0.390001646985307,1.09411209320383,1.10176570764075,6.71153846153846,0.566560495287025,0.509615384615385,0.850961538461538,208
"CEPH-Rtrend_covid",2026-06-20,0.659252062568297,0.813553895241011,4.45377717391304,0.404623894236698,1.19104004404854,1.18503789310167,6.76923076923077,0.587628707261659,0.427884615384615,0.870192307692308,208
"CEPH-Rtrend_covid",2026-06-27,0.619596977196606,0.762973711470141,4.14501045150502,0.375424153893865,1.16349937480156,1.25767349081478,6.52884615384615,0.565810003899914,0.495192307692308,0.850961538461538,208
"CEPH-Rtrend_covid",2026-07-04,0.786469119681319,0.81263081035373,5.15332775919732,0.394143116232867,1.38466764388573,1.3377846778478,8.48557692307692,0.608918318216572,0.504807692307692,0.884615384615385,208
"CEPH-Rtrend_covid",2026-07-11,0.93622154270463,0.884459487117496,6.69670777591973,0.44198349529878,1.32026191194961,1.33629380609778,10.6105769230769,0.666742901955475,0.451923076923077,0.822115384615385,208
"CEPH-Rtrend_covid",2026-07-18,1.07808828643397,1.04148227883588,8.11644857859532,0.516788789353713,1.35215732653138,1.4472208998242,12.9326923076923,0.759510199792742,0.394230769230769,0.783653846153846,208
"CEPH-Rtrend_covid",2026-07-25,1.09803438835051,1.06266372154954,10.1165948996656,0.536991079519972,1.28176510516844,1.4739238044114,15.5961538461538,0.78008337216134,0.355769230769231,0.754807692307692,208
"CEPH-Rtrend_covid",2026-08-01,1.01509036435882,0.979643324401638,10.488143812709,0.477900429694491,1.1270156800043,1.18813912277841,16.9711538461538,0.709091979963192,0.384615384615385,0.764423076923077,208
"CEPH-Rtrend_covid",2026-08-08,0.962611214813125,0.936874376124791,10.4840781772575,0.443410740175073,1.07271999495409,1.25122966719446,17.0336538461538,0.633246782405153,0.384615384615385,0.783653846153846,208
"CEPH-Rtrend_covid",2026-08-15,0.881763467972367,0.810298826825884,9.99303302675585,0.396118136203733,0.907102161970361,0.918848557074591,16.1105769230769,0.577428305296708,0.384615384615385,0.802884615384615,208
"CEPH-Rtrend_covid",2026-08-22,0.93645452617485,0.861327209304383,13.3554368729097,0.412263818463713,0.950204165390199,1.00173853652916,21.1778846153846,0.607909056650431,0.317307692307692,0.740384615384615,208
"CEPH-Rtrend_covid",2026-08-29,0.953696991838505,0.832897668633192,20.1462834448161,0.40027084195855,0.979316425879729,0.935368207548441,31.1105769230769,0.6062320440213,0.264423076923077,0.75,208
"CEPH-Rtrend_covid",2026-09-05,0.981876508981743,0.852432617992869,21.863752090301,0.391107674928642,1.0000184182244,0.918347077063928,33.5673076923077,0.583113495941829,0.346153846153846,0.730769230769231,208
"CEPH-Rtrend_covid",2026-09-12,0.928982647921975,0.780195157780497,20.1598306856187,0.348959484735752,1.01916654967699,0.985110362788613,30.8653846153846,0.515238458929312,0.379807692307692,0.75,208
"CEPH-Rtrend_covid",2026-09-19,0.829604028473933,0.758693460375999,18.8943415551839,0.360712964501736,1.02302814633157,1.05093666284469,29.2788461538462,0.521864968484251,0.322115384615385,0.706730769230769,208
"CEPH-Rtrend_covid",2026-09-26,0.682551489535408,0.62536297844286,15.2590447324415,0.308796893816246,1.11482619064664,0.96760031184687,23.6634615384615,0.449191107563026,0.432692307692308,0.793269230769231,208
"CFA-EpiAutoGP",2025-11-22,0.888962469176332,0.702070305055279,7.60640090668016,0.157709138313454,1.0470216548434,0.853081792149505,12.1924324708333,0.259669324305674,0.520833333333333,0.979166666666667,48
"CFA-EpiAutoGP",2025-11-29,0.882391166620009,0.703340025625726,8.91453303941129,0.17777431631113,0.94755438119625,0.819070840410323,13.25356311875,0.2697528663401,0.572916666666667,0.9375,96
"CFA-EpiAutoGP",2025-12-06,0.692332206568472,0.596254241742692,11.4551610095972,0.198871148491996,0.7001031145038,0.719289739446873,17.3056627208333,0.313744107766586,0.527777777777778,0.951388888888889,144
"CFA-EpiAutoGP",2025-12-13,0.745833493759518,0.623924307362008,14.1139100948205,0.216785186054135,0.731920213847945,0.765979102032484,21.0279450098958,0.336566579054963,0.53125,0.984375,192
"CFA-EpiAutoGP",2025-12-20,0.62233814351928,0.559324131375991,17.3718801974152,0.211993120510499,0.602960137648948,0.653300831941475,27.4780081848958,0.328187086135712,0.536458333333333,0.958333333333333,192
"CFA-EpiAutoGP",2025-12-27,0.610700112157801,0.560545086627976,29.735310206608,0.289565302843888,0.630046321056396,0.636004871002947,46.3106239927083,0.45039202745967,0.380208333333333,0.848958333333333,192
"CFA-EpiAutoGP",2026-01-03,0.636319126845361,0.573829394256524,44.5429646810381,0.324912976063821,0.68089663590201,0.665522821354382,68.4947273541667,0.512820746470969,0.3125,0.847222222222222,144
"CFA-EpiAutoGP",2026-01-10,0.814411065709539,0.635555490440412,28.4763257907644,0.205112998767963,0.867587968105113,0.74361668869952,46.1822810027778,0.324323086131339,0.4375,0.979166666666667,144
"CFA-EpiAutoGP",2026-01-17,1.61150707659971,1.11057536144934,34.0425857020244,0.225492528128759,1.87440701177802,1.45537538905111,54.3670291493056,0.357374588566756,0.340277777777778,0.888888888888889,144
"CFA-EpiAutoGP",2026-01-24,1.95023596455839,1.33053473371732,38.9427452943299,0.246019155172254,2.22247977989683,1.69018211041265,62.3612008902778,0.40037464053818,0.298611111111111,0.888888888888889,144
"CFA-EpiAutoGP",2026-01-31,1.68098179578831,1.13792940656375,36.9662431700312,0.247094041787019,1.83610018009937,1.34874724942967,59.2639848333333,0.394384424619457,0.390625,0.927083333333333,192
"CFA-EpiAutoGP",2026-02-07,1.16405786140685,0.897480904691521,22.9251655653541,0.191743466354245,1.2771813113595,1.12428123325429,36.1935391958333,0.297491431049482,0.572916666666667,0.979166666666667,192
"CFA-EpiAutoGP",2026-02-14,0.930810859334908,0.744642119488575,18.1088304313332,0.17952202355349,0.94792401174892,0.858525106206658,27.3655977807292,0.265308716069869,0.614583333333333,0.96875,192
"CFA-EpiAutoGP",2026-02-21,0.963077810334815,0.78381110154069,16.4747812689775,0.184148792273557,0.959508294732103,0.884772458292545,24.065444315625,0.264941821862397,0.661458333333333,0.96875,192
"CFA-EpiAutoGP",2026-02-28,1.02703450367583,0.866862404353116,14.716208641339,0.172880138735569,1.13284202230498,1.12025098788032,21.3892611572917,0.254008835987966,0.640625,0.973958333333333,192
"CFA-EpiAutoGP",2026-03-07,1.1636552131785,1.00777847474304,17.2121866413381,0.199863925380605,1.2645156130989,1.21479583362251,26.1481858323958,0.315176821302722,0.546875,0.963541666666667,192
"CFA-EpiAutoGP",2026-03-14,1.24164032192111,1.01158933080225,20.091394561076,0.244581199174771,1.32843930674052,1.22576941260448,31.7748262254688,0.405691982536742,0.333333333333333,0.942708333333333,192
"CFA-EpiAutoGP",2026-03-21,1.10051712534101,0.908961149859691,18.9503539147005,0.260915393666462,1.21892500553335,1.08570254199977,30.1688371575521,0.425886468152066,0.354166666666667,0.927083333333333,192
"CFA-EpiAutoGP",2026-03-28,1.10956995332229,1.0345914735926,29.195397419585,0.490400621040299,1.08144058957474,1.0781858416107,43.6803356570313,0.715440257097746,0.208333333333333,0.666666666666667,192
"CFA-EpiAutoGP",2026-04-04,1.04114762589734,1.00884236740699,21.1102781979289,0.459792202293692,0.991976482039295,1.02841790470939,32.1626958054688,0.673195327062929,0.286458333333333,0.75,192
"CFA-EpiAutoGP",2026-04-11,0.953496679957489,0.926394423199075,15.599177756669,0.432993296130362,1.01748173730272,1.05831853845462,23.8086146167407,0.637704298702914,0.296875,0.776041666666667,192
"CFA-EpiAutoGP",2026-04-18,0.897566600076545,0.780685186479038,10.9097248965568,0.340118483357332,1.08344586852526,1.05127417027121,16.6560319460029,0.519935010392349,0.397905759162304,0.879581151832461,191
"CFA-EpiAutoGP",2026-04-25,0.798245272653053,0.757657483586586,7.84958518468665,0.356768255627994,1.07762997000913,1.07150572392227,11.870543391672,0.547466890511746,0.392670157068063,0.869109947643979,191
"CFA-EpiAutoGP",2026-05-02,0.703952529325311,0.658669483570725,6.29804649284382,0.307072114778902,0.925605792057124,0.940676158283592,8.90566279967089,0.46145993897056,0.50261780104712,0.916230366492147,191
"CFA-EpiAutoGP",2026-05-09,0.811514677043167,0.647023703236373,6.99255925174733,0.289731265673498,1.15841579852883,0.988754164412629,10.3926332232461,0.451156462533968,0.492146596858639,0.910994764397906,191
"CFA-EpiAutoGP",2026-05-16,0.886808979625951,0.670922505586196,7.65604055169301,0.300072804451696,1.36271279864284,1.17889215900386,11.7836701529167,0.479555063958777,0.427083333333333,0.911458333333333,192
"CFA-EpiAutoGP",2026-05-23,0.896643619295528,0.749925389475799,7.61452952893289,0.332156892934683,1.36347059347081,1.14184832946697,11.6740160111458,0.514348502467416,0.442708333333333,0.890625,192
"CFA-EpiAutoGP",2026-05-30,1.00066571968302,0.828993013969247,7.64636963959311,0.362052742394163,1.54903494716262,1.20849762276351,11.8463324580937,0.572128615743617,0.395833333333333,0.864583333333333,192
"CFA-EpiAutoGP",2026-06-06,0.733508708261921,0.722171200030803,5.73668732370111,0.35170059735694,1.15813350486451,1.07520983880996,8.75668831696354,0.552239030577398,0.375,0.895833333333333,192
"CFA-EpiAutoGP",2026-06-13,0.738884098607641,0.736576584295968,5.93236015505723,0.376792676376113,1.35888515405997,1.18196613654181,8.91411061627569,0.590393029064173,0.395833333333333,0.861111111111111,144
"CFA-EpiAutoGP",2026-06-20,0.746276553650897,0.704796665754116,6.69879125819706,0.406930510491662,1.38130740592107,1.11225202376539,10.1908509963437,0.623611437995983,0.4375,0.864583333333333,96
"CFA-EpiAutoGP",2026-06-27,0.624817760562771,0.549837484225899,6.03438631240559,0.307781456400293,1.05148055955821,0.946038401374799,8.38946542916667,0.479888092281778,0.583333333333333,0.958333333333333,48
"CFA-PyRenew_H",2026-09-19,0.724710448201407,0.624906155409583,9.11265063938619,0.237995312346781,0.845770813938884,0.97413116154117,14,0.402346768116236,0.450980392156863,0.980392156862745,51
"CFA-PyRenew_H",2026-09-26,0.775799890861785,0.631614984878912,11.4945744458653,0.274933007032239,1.32614183090372,1.09795244890389,18.2205882352941,0.438319255211688,0.490196078431373,0.980392156862745,102
"CFA-PyRenew_HE",2026-09-19,1.18554328053113,0.605772666713236,13.8491809898242,0.19174292683923,1.70259005108254,1.06785572836066,22.9574468085106,0.31872291669007,0.319148936170213,0.914893617021277,47
"CFA-PyRenew_HE",2026-09-26,1.31907724963969,0.646054645289439,19.2082153985507,0.261983627426672,2.18191287194767,1.06568867811069,29.640625,0.400820548276389,0.364583333333333,0.822916666666667,96
"CFA_Pyrenew-PyrenewHEW_COVID",2025-11-22,1.11333582963148,0.810260349674445,10.6577429841897,0.188547256568774,1.18784164528025,0.904712837866755,15.3181818181818,0.282144991877617,0.340909090909091,0.818181818181818,44
"CFA_Pyrenew-PyrenewHEW_COVID",2025-11-29,0.987141011155246,0.744633392237629,10.510998493083,0.169001996765795,1.07298418772612,0.880575341120409,16.0397727272727,0.25971192687248,0.375,0.840909090909091,88
"CFA_Pyrenew-PyrenewHEW_COVID",2025-12-06,1.14916397271659,0.832768416359442,16.7856646426787,0.236743576739904,1.10828124980821,0.974520592718863,25.0057471264368,0.368872024216452,0.172413793103448,0.804597701149425,87
"CFA_Pyrenew-PyrenewHEW_COVID",2025-12-13,0.852751393978429,0.639716315614257,13.2915978510745,0.185307865789441,0.831114172048105,0.779726916544465,20.0114942528736,0.288080147797375,0.425287356321839,0.908045977011494,87
"CFA_Pyrenew-PyrenewHEW_COVID",2025-12-20,0.778995355202591,0.632733539225179,20.3072681324111,0.208039023531496,0.761832593354673,0.781174034972488,32.3977272727273,0.336429962661567,0.295454545454545,0.863636363636364,44
"CFA_Pyrenew-Pyrenew_HE_COVID",2025-11-22,1.10686821362487,0.819694590637616,10.277738760407,0.187410256605582,1.17863313402219,0.915396301932098,14.7659574468085,0.2817046454219,0.361702127659574,0.829787234042553,47
"CFA_Pyrenew-Pyrenew_HE_COVID",2025-11-29,0.990783797077113,0.741905289625329,10.3277799028677,0.173069455023031,1.07026203507897,0.893725488169165,15.7234042553191,0.27301393097024,0.361702127659574,0.851063829787234,94
"CFA_Pyrenew-Pyrenew_HE_COVID",2025-12-06,1.12600867577659,0.817379769980852,16.5481148741419,0.229656520983779,1.07423220209435,0.953986839942068,24.5842105263158,0.358846515255604,0.178947368421053,0.821052631578947,95
"CFA_Pyrenew-Pyrenew_HE_COVID",2025-12-13,0.815082215058813,0.626993816429265,12.9331414874142,0.177568875877415,0.787772255679485,0.767392697581244,19.4421052631579,0.279049110086246,0.442105263157895,0.905263157894737,95
"CFA_Pyrenew-Pyrenew_HE_COVID",2025-12-20,0.687559712172951,0.558891154447816,15.9337298296728,0.168309551515259,0.673099203672264,0.672909704498651,25.639175257732,0.270186707042851,0.412371134020619,0.896907216494845,97
"CFA_Pyrenew-Pyrenew_HE_COVID",2025-12-27,0.521896667445623,0.472658129242153,22.1101466590389,0.194166616558211,0.497045276852702,0.509214385714443,33.8421052631579,0.306157591309362,0.336842105263158,0.894736842105263,95
"CFA_Pyrenew-Pyrenew_HE_COVID",2026-01-03,0.417070381516226,0.403334594265941,20.3899564508507,0.136460670797418,0.455058508987315,0.457425553128105,32.3913043478261,0.213081166964799,0.358695652173913,0.858695652173913,92
"CFA_Pyrenew-Pyrenew_HE_COVID",2026-01-10,0.766961784322372,0.591113793676581,18.5699628641865,0.12119299680687,0.778910031175954,0.657151941516111,29.639175257732,0.190793929237729,0.515463917525773,0.958762886597938,97
"CFA_Pyrenew-Pyrenew_HE_COVID",2026-01-17,0.773053169130507,0.675637492712154,17.1684610652174,0.135947848433402,0.869017879672954,0.861718141151946,27.545,0.221471614096263,0.43,0.96,100
"CFA_Pyrenew-Pyrenew_HE_COVID",2026-01-24,0.922428079386205,0.967288589574183,14.0399488142292,0.154577175665793,1.0590225032449,1.20075062042628,22.4292929292929,0.243091535848193,0.464646464646465,0.919191919191919,99
"CFA_Pyrenew-Pyrenew_HE_COVID",2026-01-31,1.04467163700633,0.824709633931026,11.7220097496706,0.129759291861552,1.17053915465493,1.02884002275362,18,0.207453555496924,0.585858585858586,0.97979797979798,99
"CFA_Pyrenew-Pyrenew_HE_COVID",2026-02-07,0.876532058405884,0.719034046516057,12.3497421086957,0.138262007488725,0.973773900029768,0.931364791250272,19.04,0.218815585702595,0.5,0.96,100
"CFA_Pyrenew-Pyrenew_HE_COVID",2026-02-14,0.78397565718023,0.69564516060137,12.2596644347826,0.134027750354999,0.882816652534934,0.900305212001751,20.58,0.222737000976172,0.46,0.98,100
"CFA_Pyrenew-Pyrenew_HE_COVID",2026-02-21,0.935073075836205,0.678783382286092,13.5684493345164,0.129293422836338,0.964222486458672,0.858289253659552,20.2295918367347,0.206515810038312,0.5,0.948979591836735,98
"CFA_Pyrenew-Pyrenew_HE_COVID",2026-02-28,0.949504651681488,0.797982536781396,11.2516218944099,0.125645529080975,1.08819860498553,1.04274663748173,17.1989795918367,0.19115484944561,0.591836734693878,0.969387755102041,98
"CFA_Pyrenew-Pyrenew_HE_COVID",2026-03-07,0.858675925380225,0.875848034911133,10.363575173913,0.139006200805285,0.923226267676213,1.00792376196679,15.9,0.212544160490047,0.52,0.93,100
"CFA_Pyrenew-Pyrenew_HE_COVID",2026-03-14,0.846863264814448,0.83007638635359,9.85397280434783,0.158434813373738,0.982987461696672,1.03831294173979,16.545,0.263624355667988,0.48,0.99,100
"CFA_Pyrenew-Pyrenew_HE_COVID",2026-03-21,0.838315921574138,0.722198632526797,9.96253480434783,0.163930108387189,0.930008518163125,0.876836062478875,15.585,0.266613079893966,0.49,0.93,100
"CFA_Pyrenew-Pyrenew_HE_COVID",2026-03-28,0.719720458985576,0.814883543996599,14.663638801054,0.318327814317793,0.675359707506589,0.833615951774862,20.2979797979798,0.436583875938619,0.424242424242424,0.727272727272727,99
"CFA_Pyrenew-Pyrenew_HE_COVID",2026-04-04,0.934872125543071,0.973001637296661,14.9757554018445,0.394853238254385,0.861254269237444,0.968223967589487,21.2878787878788,0.545598686927149,0.282828282828283,0.707070707070707,99
"CFA_Pyrenew-Pyrenew_HE_COVID",2026-04-11,1.3341692935072,1.09492918725336,10.8618006379962,0.347488959621766,1.44564233937309,1.2744097585923,16.3586956521739,0.523352349404508,0.369565217391304,0.760869565217391,92
"CFA_Pyrenew-Pyrenew_HE_COVID",2026-04-18,0.815063120328425,0.697645264384549,6.35294720849802,0.240391284128643,1.03525197686358,0.99984737150138,10.1306818181818,0.386480118873032,0.477272727272727,0.943181818181818,88
"CFA_Pyrenew-Pyrenew_HE_COVID",2026-04-25,0.673713970942528,0.581349052788712,5.42119274519717,0.247351558254717,0.857577670066949,0.821488655706359,7.80232558139535,0.374267045261676,0.558139534883721,0.918604651162791,86
"CFA_Pyrenew-Pyrenew_HE_COVID",2026-05-02,0.748058162405885,0.641721066845747,5.07665143280632,0.221699784010045,1.11181123973299,0.989620276026824,7.98295454545455,0.352557630596494,0.590909090909091,0.920454545454545,88
"CFA_Pyrenew-Pyrenew_HE_COVID",2026-05-09,0.83050469804671,0.74233049673083,5.55794581068841,0.253999719765207,1.21872324471649,1.1478970830509,8.67708333333333,0.396986340922357,0.479166666666667,0.916666666666667,96
"CFA_Pyrenew-Pyrenew_HE_COVID",2026-05-16,0.587747007485331,0.59094263948528,3.63679540229885,0.228768894715069,0.914090726320957,1.02910925939606,5.6551724137931,0.3701644566795,0.609195402298851,0.942528735632184,87
"CFA_Pyrenew-Pyrenew_HE_COVID",2026-05-23,0.700363454705795,0.618250174741327,3.71704628508531,0.248198908614449,1.08693449145211,0.980427777556128,5.89873417721519,0.403504439837498,0.493670886075949,0.949367088607595,79
"CFA_Pyrenew-Pyrenew_HE_COVID",2026-05-30,0.725565082672361,0.594316975939369,4.05123390203632,0.26853459609634,1.07129709872748,0.8476684172576,6.09493670886076,0.420663252104513,0.582278481012658,0.873417721518987,79
"CFA_Pyrenew-Pyrenew_HE_COVID",2026-06-06,0.607023966818401,0.589245779851171,2.84248448738594,0.234445409058803,0.986000855150651,0.878812265445312,4.44444444444444,0.36254961314509,0.604938271604938,0.975308641975309,81
"CFA_Pyrenew-Pyrenew_HE_COVID",2026-06-13,0.573377238004234,0.613123567874414,2.82780172413793,0.288450568543486,1.0895714454133,1.01795841434283,4.40804597701149,0.461974242225274,0.540229885057471,0.942528735632184,87
"CFA_Pyrenew-Pyrenew_HE_COVID",2026-06-20,0.523074735050974,0.609455559184043,2.42609829545455,0.273531873935753,1.02949286217078,1.014783907774,4.01704545454545,0.45475487086044,0.579545454545455,0.965909090909091,88
"CFA_Pyrenew-Pyrenew_HE_COVID",2026-06-27,0.46622408351587,0.500450187070059,2.55178731485905,0.242731464508241,0.823122176097626,0.865162045626737,3.81318681318681,0.382908222611839,0.571428571428571,0.956043956043956,91
"CFA_Pyrenew-Pyrenew_HE_COVID",2026-07-04,0.483601448152433,0.480924238344758,2.82540061784897,0.223623102971816,0.837953492887956,0.81479617771203,4.7,0.358213311016184,0.6,0.989473684210526,95
"CFA_Pyrenew-Pyrenew_HE_COVID",2026-07-11,0.441313625697557,0.424540958686257,2.69632703804348,0.207683860181716,0.549868000860933,0.661634415923424,3.98958333333333,0.338814204980516,0.666666666666667,0.989583333333333,96
"CFA_Pyrenew-Pyrenew_HE_COVID",2026-07-18,0.462198431138114,0.486151094588805,2.98826996450754,0.232482429298528,0.452287813022744,0.657075153421538,4.19387755102041,0.370511873564884,0.63265306122449,0.938775510204082,98
"CFA_Pyrenew-Pyrenew_HE_COVID",2026-07-25,0.520355480746891,0.515394728567925,4.23428621694308,0.244043758535739,0.626467494861298,0.781087903488369,6.54123711340206,0.380427018568939,0.628865979381443,0.938144329896907,97
"CFA_Pyrenew-Pyrenew_HE_COVID",2026-08-01,0.431551449993429,0.481577216983441,3.92285750572082,0.217662504953413,0.471845606430422,0.642967640607945,6.11052631578947,0.348915028616327,0.652631578947368,0.957894736842105,95
"CFA_Pyrenew-Pyrenew_HE_COVID",2026-08-08,0.44884660817846,0.410506277945458,4.17413392210145,0.179625151476536,0.448207104168035,0.565821138861237,6.01041666666667,0.267659251164769,0.71875,0.989583333333333,96
"CFA_Pyrenew-Pyrenew_HE_COVID",2026-08-15,0.824360732638749,0.503764634047537,7.15600583407276,0.211761409014703,0.802283832721216,0.621319040144293,10.8112244897959,0.350653675659661,0.489795918367347,0.969387755102041,98
"CFA_Pyrenew-Pyrenew_HE_COVID",2026-08-22,0.745357726894768,0.532901536159624,8.96741754818467,0.23171462986762,0.704784952476179,0.629294969723113,13.6701030927835,0.357936898392383,0.494845360824742,0.927835051546392,97
"CFA_Pyrenew-Pyrenew_HE_COVID",2026-08-29,0.361623953201684,0.435103451282288,8.84753670999552,0.235873725213554,0.367670305762586,0.459882059039133,13.7010309278351,0.351530937658979,0.525773195876289,0.896907216494845,97
"CFA_Pyrenew-Pyrenew_HE_COVID",2026-09-05,0.657269934652074,0.491883258970146,13.4947790404798,0.209451582418254,0.698529824188078,0.567513118308051,20.8586206896552,0.324291398492113,0.537931034482759,0.937931034482759,145
"CFA_Pyrenew-Pyrenew_HE_COVID",2026-09-12,1.01131717839424,0.528793127661191,21.1987681709145,0.221457245361553,1.11739221321864,0.714235374169618,31.8034482758621,0.342432131937526,0.482758620689655,0.889655172413793,145
"CFA_Pyrenew-Pyrenew_HE_COVID",2026-09-19,1.0582775738342,0.575501941348942,26.5581755661232,0.262753480121756,1.33555262433389,0.880045776731235,40.21875,0.406027713577044,0.34375,0.833333333333333,96
"CFA_Pyrenew-Pyrenew_HE_COVID",2026-09-26,0.99380820461221,0.559355356393322,28.643243115942,0.313251969012852,1.67457913841945,0.953994280202051,43.625,0.478446668285129,0.375,0.770833333333333,48
"CFA_Pyrenew-Pyrenew_HW_COVID",2025-11-22,1.125920697125,0.951791934985144,10.6426499516908,0.226757154140281,1.30402863412691,1.10752088903929,16.6222222222222,0.354796459222206,0.488888888888889,0.933333333333333,45
"CFA_Pyrenew-Pyrenew_HW_COVID",2025-11-29,0.983140533914647,0.908654616533446,11.071309486166,0.238726485469644,0.97036196458357,1.03293423582822,17.0738636363636,0.39623313682967,0.488636363636364,0.954545454545455,88
"CFA_Pyrenew-Pyrenew_HW_COVID",2025-12-06,1.07748467009696,1.01266086088885,15.5072945904954,0.310570409233065,1.14707427418991,1.22796742944764,25.1686046511628,0.495770189560219,0.337209302325581,0.883720930232558,86
"CFA_Pyrenew-Pyrenew_HW_COVID",2025-12-13,1.01196611230661,0.980120051309018,16.2599882097187,0.306322846710186,1.02752176019042,1.21978854383352,25.1235294117647,0.478315406323071,0.423529411764706,0.882352941176471,85
"CFA_Pyrenew-Pyrenew_HW_COVID",2025-12-20,0.836574202529447,0.810714656632599,21.4575923913043,0.285340252474716,0.797243675635108,0.991148437489327,32.9166666666667,0.450724295729564,0.5,0.976190476190476,42
"CFA_Pyrenew-Pyrenew_H_COVID",2025-11-22,1.0994859221117,0.963068389925497,10.1075601449275,0.224691784879656,1.26793347234599,1.11275913106345,15.7395833333333,0.349259058859946,0.4375,0.854166666666667,48
"CFA_Pyrenew-Pyrenew_H_COVID",2025-11-29,0.932108859823092,0.898505672114448,10.747454076087,0.244810222844548,1.01906993002307,1.10835010231784,16.671875,0.399696523835395,0.447916666666667,0.958333333333333,96
"CFA_Pyrenew-Pyrenew_H_COVID",2025-12-06,1.06161649755688,0.968300919589191,16.2276678619453,0.296189458274929,1.12357033446967,1.16672252317944,26.3865979381443,0.470690569533766,0.288659793814433,0.896907216494845,97
"CFA_Pyrenew-Pyrenew_H_COVID",2025-12-13,0.994442564252684,0.914928413609889,16.2865430524429,0.274710235910519,0.969327481680713,1.09665625425631,24.6082474226804,0.419106365519768,0.463917525773196,0.88659793814433,97
"CFA_Pyrenew-Pyrenew_H_COVID",2025-12-20,0.883820542948877,0.833496100169404,20.8931860562143,0.259387459514813,0.804367231817922,0.976926944335678,31.0353535353535,0.402598111497384,0.393939393939394,0.878787878787879,99
"CFA_Pyrenew-Pyrenew_H_COVID",2025-12-27,0.832059316290399,0.789250070837814,34.5143519273868,0.320974113123149,0.846615358836355,0.893360463293936,53.4536082474227,0.505005021523472,0.288659793814433,0.804123711340206,97
"CFA_Pyrenew-Pyrenew_H_COVID",2026-01-03,0.616802061752195,0.627528299947304,30.8515976410731,0.221390571788648,0.69594207212476,0.740028043266084,49.5531914893617,0.352903403038254,0.393617021276596,0.936170212765957,94
"CFA_Pyrenew-Pyrenew_H_COVID",2026-01-10,1.1175579598692,0.79949319208161,28.5580424242424,0.178503468854194,1.09708890602169,0.890844413817305,44.2373737373737,0.285050924794132,0.444444444444444,0.95959595959596,99
"CFA_Pyrenew-Pyrenew_H_COVID",2026-01-17,1.74066298064528,1.1070965276084,41.1719540707587,0.234299902723183,1.66501145224972,1.21985389800931,63.6813725490196,0.373854956449224,0.411764705882353,0.901960784313726,102
"CFA_Pyrenew-Pyrenew_H_COVID",2026-01-24,1.3512228571439,1.2810122754186,21.2128008951407,0.213803104016767,1.37413886141307,1.47878315247681,31.0294117647059,0.322345780033837,0.519607843137255,0.92156862745098,102
"CFA_Pyrenew-Pyrenew_H_COVID",2026-01-31,2.27049067056368,1.72737925183493,26.3932279198636,0.284763951203112,2.56264648651657,2.15272188702486,40.3921568627451,0.450060115370022,0.294117647058824,0.862745098039216,102
"CFA_Pyrenew-Pyrenew_H_COVID",2026-02-07,1.68490693035996,1.40290926873919,23.2539575873828,0.268323535361912,1.82456533399847,1.77067079073781,35.4705882352941,0.419013617588855,0.392156862745098,0.892156862745098,102
"CFA_Pyrenew-Pyrenew_H_COVID",2026-02-14,1.29349237869558,1.165401649934,19.7248773870418,0.224575121940215,1.33864515834725,1.38988603570736,30.8186274509804,0.346789377980717,0.382352941176471,0.911764705882353,102
"CFA_Pyrenew-Pyrenew_H_COVID",2026-02-21,1.41186106392271,1.20790703503317,20.451100673913,0.233093754583211,1.51632951196118,1.48101095968947,31.95,0.361884566514914,0.51,0.93,100
"CFA_Pyrenew-Pyrenew_H_COVID",2026-02-28,1.32499852345654,1.15648746918991,15.7091598043478,0.19404058754575,1.51706061765055,1.52472674808992,24.13,0.298236145415045,0.51,0.96,100
"CFA_Pyrenew-Pyrenew_H_COVID",2026-03-07,1.2868726268115,1.13749669545161,15.2253911764706,0.178289814187309,1.42483529381194,1.37510305498561,24.2696078431373,0.289167098410157,0.509803921568627,0.980392156862745,102
"CFA_Pyrenew-Pyrenew_H_COVID",2026-03-14,1.04616255925465,0.966297415574585,11.5546738913043,0.168599809149995,1.08043239525632,1.10598596464062,17.305,0.256777615351351,0.7,0.97,100
"CFA_Pyrenew-Pyrenew_H_COVID",2026-03-21,1.10232590178126,0.958548470901069,13.1263755869565,0.21551276504144,1.15642337213129,1.07099415780388,19.33,0.32000093202524,0.62,0.92,100
"CFA_Pyrenew-Pyrenew_H_COVID",2026-03-28,0.713243741500148,0.781137814813017,14.5605828005115,0.31106279883745,0.684374740067124,0.870465062027216,20.5588235294118,0.466545021539623,0.42156862745098,0.852941176470588,102
"CFA_Pyrenew-Pyrenew_H_COVID",2026-04-04,0.835713111772833,0.794080986699455,12.5925618712702,0.30047480248719,0.775912372651227,0.842393282890628,18.4166666666667,0.453061752283682,0.470588235294118,0.872549019607843,102
"CFA_Pyrenew-Pyrenew_H_COVID",2026-04-11,1.13861095926545,0.977619490850845,8.68505603154305,0.31585782572173,1.26214334642674,1.16882530424827,13.4460784313725,0.484655143805659,0.46078431372549,0.882352941176471,102
"CFA_Pyrenew-Pyrenew_H_COVID",2026-04-18,1.25172806993974,1.09609374687561,9.29712632139812,0.37931250375973,1.49067022845318,1.53135613691393,13.9117647058824,0.59792496344887,0.382352941176471,0.852941176470588,102
"CFA_Pyrenew-Pyrenew_H_COVID",2026-04-25,1.18250018515065,1.14845386170343,10.1403299445865,0.502302957504057,1.57220704606567,1.59069501656102,15.4803921568627,0.757218584132296,0.303921568627451,0.764705882352941,102
"CFA_Pyrenew-Pyrenew_H_COVID",2026-05-02,1.10948762535456,0.963941097915539,7.71006736999148,0.351323707185449,1.66445865213936,1.45564272913533,12.1617647058824,0.54330831273455,0.480392156862745,0.911764705882353,102
"CFA_Pyrenew-Pyrenew_H_COVID",2026-05-09,1.30778560664271,0.922287083720322,9.40738105285592,0.325760510215098,1.85642645069491,1.39826576727813,13.8725490196078,0.488988597049856,0.549019607843137,0.941176470588235,102
"CFA_Pyrenew-Pyrenew_H_COVID",2026-05-16,0.763483083261343,0.661673642324977,5.84933113810742,0.269848325889246,1.06072571227864,1.06828333419411,8.62745098039216,0.415495922170506,0.637254901960784,0.941176470588235,102
"CFA_Pyrenew-Pyrenew_H_COVID",2026-05-23,0.871316835761542,0.742263238189192,5.43799863597613,0.307559677104036,1.33800450105182,1.16433174123817,8.52450980392157,0.481906662361043,0.53921568627451,0.970588235294118,102
"CFA_Pyrenew-Pyrenew_H_COVID",2026-05-30,0.693387999580097,0.681576393364043,4.20916280903666,0.29558688260902,1.02065410047168,0.964878802689123,6.4656862745098,0.472786239618663,0.627450980392157,0.950980392156863,102
"CFA_Pyrenew-Pyrenew_H_COVID",2026-06-06,0.714609225535791,0.672231828146722,3.6639,0.25683828094416,1.12118709154929,1.01889742077143,5.48529411764706,0.403959078005967,0.715686274509804,0.950980392156863,102
"CFA_Pyrenew-Pyrenew_H_COVID",2026-06-13,0.848053387359201,0.80662871964592,4.20021353367434,0.347954397572924,1.65421113518856,1.3374373214031,6.69117647058824,0.553804679919013,0.5,0.950980392156863,102
"CFA_Pyrenew-Pyrenew_H_COVID",2026-06-20,0.737330977438598,0.793286008335676,3.67945803495311,0.345010036974045,1.39795400986485,1.28050257165072,5.78921568627451,0.550066505708558,0.509803921568627,0.950980392156863,102
"CFA_Pyrenew-Pyrenew_H_COVID",2026-06-27,0.632365702907028,0.68359963291175,3.4839776001705,0.32423267432705,1.18588800378232,1.27739902849362,5.43627450980392,0.548781466456132,0.5,0.970588235294118,102
"CFA_Pyrenew-Pyrenew_H_COVID",2026-07-04,0.769186095926836,0.698346380785228,4.23410460358056,0.314870805401933,1.18553648307959,1.19120493569165,6.28921568627451,0.516209614431903,0.568627450980392,0.941176470588235,102
"CFA_Pyrenew-Pyrenew_H_COVID",2026-07-11,0.829757742542802,0.753666572267892,4.52680249360614,0.33487052091088,1.04911497243544,1.15987834212391,6.7843137254902,0.535330550881564,0.490196078431373,0.92156862745098,102
"CFA_Pyrenew-Pyrenew_H_COVID",2026-07-18,0.844298999148003,0.752803990033612,4.88158797953964,0.322777910521085,1.0443637425905,1.18595276277224,7.92647058823529,0.549261140473637,0.57843137254902,0.950980392156863,102
"CFA_Pyrenew-Pyrenew_H_COVID",2026-07-25,0.800504014535316,0.713185171865564,6.15252348678602,0.320787881463195,0.933028034647738,1.11616952350936,9.14705882352941,0.515381240097991,0.5,0.941176470588235,102
"CFA_Pyrenew-Pyrenew_H_COVID",2026-08-01,0.836697240932671,0.816367949650696,6.90025080988917,0.353745620574008,0.911149469844399,1.07531815232603,10.8529411764706,0.566859892767266,0.470588235294118,0.911764705882353,102
"CFA_Pyrenew-Pyrenew_H_COVID",2026-08-08,0.706954718882315,0.610538388337816,5.89395108695652,0.244178093092312,0.723066433534246,0.843104366885455,8.64705882352941,0.362034920622304,0.647058823529412,0.980392156862745,102
"CFA_Pyrenew-Pyrenew_H_COVID",2026-08-15,0.802137017769801,0.672583648073228,7.13190948422847,0.310332034561861,0.766046050120585,0.800477218578918,10.4950980392157,0.491232417611277,0.558823529411765,0.941176470588235,102
"CFA_Pyrenew-Pyrenew_H_COVID",2026-08-22,0.774520453919767,0.690325896484522,8.45732789855072,0.288297995523294,0.707353570705022,0.7858210248002,12.4803921568627,0.429666973588677,0.57843137254902,0.950980392156863,102
"CFA_Pyrenew-Pyrenew_H_COVID",2026-08-29,0.819559724628403,0.677832538272104,16.7475482736573,0.304821219924768,0.881415349640514,0.824619471318754,25.8529411764706,0.49601370975614,0.480392156862745,0.92156862745098,102
"CFA_Pyrenew-Pyrenew_H_COVID",2026-09-05,0.914088984570201,0.785649414935301,19.0153185421995,0.341094417891779,0.952456333950613,0.925655306535106,28.8660130718954,0.542888186779141,0.490196078431373,0.947712418300654,153
"CFA_Pyrenew-Pyrenew_H_COVID",2026-09-12,1.09735397089182,0.702323583010949,22.2877788292128,0.295040114557426,1.23614321766846,0.96816623155555,34.2222222222222,0.470128498076244,0.549019607843137,0.980392156862745,153
"CFA_Pyrenew-Pyrenew_H_COVID",2026-09-19,0.984800103180338,0.702499340001903,24.1649084612106,0.348434435634648,1.26901422315308,1.10249580929046,36.921568627451,0.548877508429964,0.490196078431373,0.970588235294118,102
"CFA_Pyrenew-Pyrenew_H_COVID",2026-09-26,0.881232771040514,0.669806414956536,26.3545547740835,0.402398084164509,1.4211438485788,1.1646496406992,37.656862745098,0.620578415146531,0.549019607843137,0.96078431372549,51
"CMU-TimeSeries",2025-10-04,NA,NA,24.9612160617244,0.199176069672185,NA,NA,40.8308740718735,0.328774509346238,0.25,0.980769230769231,52
"CMU-TimeSeries",2025-10-11,NA,NA,44.5509671821525,0.353142865800841,NA,NA,70.863792989567,0.550677411808869,0.134615384615385,0.788461538461538,104
"CMU-TimeSeries",2025-10-18,NA,NA,61.287369965622,0.520406177024272,NA,NA,90.8631894802004,0.744005662184706,0.173076923076923,0.75,156
"CMU-TimeSeries",2025-10-25,NA,NA,69.9595875097778,0.609373659411108,NA,NA,104.147555150409,0.88895475601778,0.179487179487179,0.730769230769231,156
"CMU-TimeSeries",2025-11-01,NA,NA,73.0231863365777,0.625724379106596,NA,NA,108.248713594233,0.917951364020039,0.211538461538462,0.721153846153846,104
"CMU-TimeSeries",2025-11-08,NA,NA,78.0827526661697,0.688298838244177,NA,NA,112.72708897216,0.997981230129805,0.211538461538462,0.692307692307692,52
"CMU-TimeSeries",2025-11-22,0.913309912543925,0.84924335968202,8.09021540431918,0.199939943976092,0.981706323538288,0.957630152569583,11.7545149103406,0.303326320471394,0.461538461538462,0.923076923076923,52
"CMU-TimeSeries",2025-11-29,0.899655678720698,0.715468705226089,9.04271142502153,0.182509601817772,0.939138281186453,0.837376055142043,13.1567871456827,0.277287953319522,0.557692307692308,0.942307692307692,104
"CMU-TimeSeries",2025-12-06,0.751523024329566,0.606517497518305,12.1510001051975,0.199185808969912,0.682272928972752,0.712794718460254,16.7377422900165,0.308680682187567,0.506410256410256,0.980769230769231,156
"CMU-TimeSeries",2025-12-13,0.752559149518276,0.573614715400694,14.7463471679949,0.205381164103514,0.661255158922777,0.671077783582779,20.704823090401,0.314911056347449,0.610576923076923,0.961538461538462,208
"CMU-TimeSeries",2025-12-20,0.613759939385135,0.485450960535904,16.5617102869418,0.184064963151308,0.567487010258997,0.562955900332221,24.6820313173648,0.280996477146912,0.596153846153846,0.980769230769231,208
"CMU-TimeSeries",2025-12-27,0.584522536253918,0.511782987538787,27.2103902036438,0.2551044629901,0.614340191993805,0.571940128071339,43.9560208740799,0.394891611850401,0.389423076923077,0.932692307692308,208
"CMU-TimeSeries",2026-01-03,0.569664465130292,0.499122772188704,34.154363879095,0.241249238691132,0.650801366267741,0.582659755850708,56.2923254267238,0.380361518728367,0.389423076923077,0.932692307692308,208
"CMU-TimeSeries",2026-01-10,0.68392105388432,0.540579025615313,22.1778232000327,0.162618327774606,0.683666813964549,0.617116339821443,33.9854657595064,0.251170971089915,0.567307692307692,0.980769230769231,208
"CMU-TimeSeries",2026-01-17,1.57390122871115,1.10965019258304,32.252417487101,0.21849294003917,1.88887238847634,1.53883464081652,53.0272963655562,0.367348476744779,0.360576923076923,0.966346153846154,208
"CMU-TimeSeries",2026-01-24,1.94372423190205,1.40262745632883,37.9031583666451,0.260686705882551,2.26831746491113,1.79722651672157,61.9564928616426,0.425328371390231,0.298076923076923,0.932692307692308,208
"CMU-TimeSeries",2026-01-31,1.50997207210569,1.05723701656809,32.9876392609942,0.229258106297435,1.61344927128693,1.27189031915044,51.5689289847163,0.365974626395728,0.360576923076923,0.947115384615385,208
"CMU-TimeSeries",2026-02-07,1.26727468116409,0.847798702891692,26.0077901936896,0.187210907702843,1.3257813050472,1.07937792825482,39.8259071871178,0.29588079487442,0.519230769230769,0.961538461538462,208
"CMU-TimeSeries",2026-02-14,0.874900856292453,0.677423262102191,15.8370805716139,0.151995912455645,0.852076246641835,0.796431699223283,23.1786104815981,0.232704934233532,0.644230769230769,0.980769230769231,208
"CMU-TimeSeries",2026-02-21,0.927201549131345,0.68156945555717,14.8317017657942,0.14874027636707,0.908460099305723,0.814332278291576,20.9669381932676,0.223706852482283,0.620192307692308,0.985576923076923,208
"CMU-TimeSeries",2026-02-28,0.850009628917907,0.746484804224739,12.1717044474787,0.150258247654199,0.782917385720891,0.913539516539055,14.773662277386,0.211616712532647,0.658653846153846,0.966346153846154,208
"CMU-TimeSeries",2026-03-07,0.833614452133824,0.822677575372467,12.4125032899207,0.189758260738443,0.838644866840688,0.957131206660245,17.1369343589447,0.276518501734314,0.528846153846154,0.966346153846154,208
"CMU-TimeSeries",2026-03-14,0.700901227434158,0.736156882390013,11.0106875770754,0.17846697769816,0.674180543192363,0.809383498768617,15.6809435086932,0.265482691565053,0.552884615384615,0.927884615384615,208
"CMU-TimeSeries",2026-03-21,0.690854125400578,0.764176342371202,10.7858252238758,0.213454862025897,0.696510481481091,0.832883189953817,15.6192319371727,0.319087503585367,0.432692307692308,0.942307692307692,208
"CMU-TimeSeries",2026-03-28,0.770152343710702,0.848094084091599,19.4159697911526,0.403263191591361,0.752373344531352,0.874370909102009,29.1551530544892,0.581892251972845,0.216346153846154,0.745192307692308,208
"CMU-TimeSeries",2026-04-04,0.746583395113316,0.824126671526882,14.9248100362404,0.380662386651458,0.720088489782784,0.850860964252769,22.9713376017989,0.563343841447296,0.298076923076923,0.846153846153846,208
"CMU-TimeSeries",2026-04-11,0.690931077090029,0.744230753503775,10.9998385738653,0.353274588966407,0.712728703547598,0.841465803129726,16.6351049794746,0.526266051381878,0.326923076923077,0.884615384615385,208
"CMU-TimeSeries",2026-04-18,0.659205233707299,0.63856122393563,7.7098828567283,0.275701569708494,0.783340411577116,0.854249421109118,11.5551625508168,0.418253833601573,0.461538461538462,0.951923076923077,208
"CMU-TimeSeries",2026-04-25,0.795482209261991,0.758259374940924,7.33806918528136,0.336748674086708,1.10594605474639,1.07136758792695,11.4570749135933,0.520125320649884,0.389423076923077,0.913461538461538,208
"CMU-TimeSeries",2026-05-02,0.712802517270702,0.716275962680459,6.12059518416233,0.318134221792071,1.06386275104434,1.07324594324343,9.51327578324899,0.489014793927058,0.480769230769231,0.932692307692308,208
"CMU-TimeSeries",2026-05-09,0.665997386861457,0.71601993274097,5.55634696970614,0.31981604240889,1.00585172504324,1.11197849717072,8.70364326136339,0.499239547317204,0.427884615384615,0.951923076923077,208
"CMU-TimeSeries",2026-05-16,0.62446622532702,0.630318374498789,5.42853836654176,0.286125778970846,0.911791471043176,1.05670990681266,8.15609468681841,0.448698444739459,0.456730769230769,0.966346153846154,208
"CMU-TimeSeries",2026-05-23,0.596442578540817,0.636338887285852,4.74652932930236,0.287874095745121,0.931092466958492,0.992628557572585,7.3921442319143,0.451723036670777,0.466346153846154,0.927884615384615,208
"CMU-TimeSeries",2026-05-30,0.580287931033745,0.6730836622741,4.60395793907824,0.31723287264261,0.78127269605447,0.886412302108491,6.6003992513639,0.478675956292102,0.509615384615385,0.899038461538462,208
"CMU-TimeSeries",2026-06-06,0.534696260039341,0.614104031971631,4.06977215732349,0.299560497237889,0.809705512270661,0.884513947236795,6.01390608354154,0.460455725997354,0.528846153846154,0.923076923076923,208
"CMU-TimeSeries",2026-06-13,0.559733490860802,0.650414560090115,4.07477851064047,0.335283671987689,0.900132438473633,0.940012651231707,5.7629261607652,0.508300792803013,0.456730769230769,0.865384615384615,208
"CMU-TimeSeries",2026-06-20,0.536477973172631,0.637840044112884,3.63632947983626,0.32171791933169,0.909491286246438,0.953894008885955,5.25626850501719,0.486813214064194,0.475961538461538,0.870192307692308,208
"CMU-TimeSeries",2026-06-27,0.587037735530524,0.60620509708205,3.92481275232777,0.298190770185595,0.955606204581534,0.944552059252056,5.69706040462174,0.45492253707147,0.514423076923077,0.932692307692308,208
"CMU-TimeSeries",2026-07-04,0.646479322785644,0.604047484894335,4.0924948843884,0.282907552718626,1.09585245752463,0.979289386423877,6.38610233275489,0.426490529104144,0.5,0.932692307692308,208
"CMU-TimeSeries",2026-07-11,0.779916635069965,0.659210039708829,5.43857446636516,0.318837778897517,1.11272960277715,1.01825400901563,8.73545062556622,0.491718481833908,0.471153846153846,0.932692307692308,208
"CMU-TimeSeries",2026-07-18,0.91766834844132,0.713445809807502,6.69645581847613,0.341530632221221,1.1878072838727,1.07536843566135,11.2134256749473,0.550451500040229,0.326923076923077,0.913461538461538,208
"CMU-TimeSeries",2026-07-25,1.00215658892096,0.720768738004802,9.02451111809487,0.349321305042676,1.13501373826263,1.04863819718146,13.6037413438162,0.539087414515807,0.370192307692308,0.855769230769231,208
"CMU-TimeSeries",2026-08-01,1.02635519272459,0.789167412288127,10.3090265948268,0.372825994959202,1.07116505484394,1.01722565085509,15.7191390573326,0.594076624876265,0.317307692307692,0.894230769230769,208
"CMU-TimeSeries",2026-08-08,0.96263114609461,0.660302954905941,10.2290167763689,0.298246530701506,0.962957308011181,0.923605626536193,15.205384730867,0.459298921155948,0.370192307692308,0.918269230769231,208
"CMU-TimeSeries",2026-08-15,0.9071873030009,0.711654016931952,10.1565499583597,0.335596535701859,0.893051932014875,0.868453777611861,16.0068531141816,0.541341010525832,0.293269230769231,0.899038461538462,208
"CMU-TimeSeries",2026-08-22,0.846524713962457,0.649237537451595,11.7847956162751,0.297756705191921,0.806296503603276,0.78499339192512,17.9686441965014,0.468070617952477,0.346153846153846,0.908653846153846,208
"CMU-TimeSeries",2026-08-29,0.793517585130758,0.696359345227485,16.244800574032,0.324630926209621,0.805517425593776,0.782358221400969,24.8074963474459,0.493918930538823,0.341346153846154,0.860576923076923,208
"CMU-TimeSeries",2026-09-05,0.696917859477935,0.649054282838748,14.9171574211831,0.29553281454958,0.697639524495792,0.718115598912384,22.7296672125979,0.453800888500387,0.346153846153846,0.860576923076923,208
"CMU-TimeSeries",2026-09-12,0.646381875203875,0.498360695067875,13.0899025549742,0.212243824311587,0.658979248954719,0.637545996616565,18.676061184109,0.318103868564546,0.466346153846154,0.913461538461538,208
"CMU-TimeSeries",2026-09-19,0.656385090948821,0.498654002732779,14.7115654464512,0.229508907992334,0.752727820299379,0.705801818663936,21.0412533462983,0.341233224813413,0.423076923076923,0.894230769230769,208
"CMU-TimeSeries",2026-09-26,0.68752400637535,0.508069229022515,15.7023984033471,0.257996522842176,1.0803913616214,0.838312676761859,23.3785168151039,0.398204023363751,0.394230769230769,0.903846153846154,208
"CMU-TimeSeries_Cal",2026-09-26,0.740987947521603,0.520347444875202,9.64787695728594,0.217515524943475,1.27732848232437,0.879928417587259,16.1644017361518,0.356364525764568,0.403846153846154,0.903846153846154,52
"CovidHub-baseline",2025-11-22,1,1,8.91633704750091,0.238518745111684,1,1,12.0769230769231,0.318796925897508,0.596153846153846,1,52
"CovidHub-baseline",2025-11-29,1,1,10.3993249693055,0.264411941341863,1,1,14.6249983413296,0.344209458129377,0.634615384615385,1,104
"CovidHub-baseline",2025-12-06,1,1,16.2034603512193,0.337306678741174,1,1,25.4230769230769,0.447239489927541,0.5,1,156
"CovidHub-baseline",2025-12-13,1,1,18.9800406383859,0.36296919397585,1,1,29.6394230769231,0.457066967569396,0.533653846153846,0.980769230769231,208
"CovidHub-baseline",2025-12-20,1,1,27.7595142194873,0.390852164736345,1,1,45.3894230769231,0.508625753491833,0.413461538461538,0.947115384615385,208
"CovidHub-baseline",2025-12-27,1,1,48.3726592904937,0.511791529326706,1,1,73.0961538461538,0.704021406848939,0.206730769230769,0.75,208
"CovidHub-baseline",2026-01-03,1,1,63.5276194005553,0.50165740256026,1,1,90.8990384615385,0.684397764822459,0.221153846153846,0.6875,208
"CovidHub-baseline",2026-01-10,1,1,36.5108329662403,0.33078390034881,1,1,56.6778846153846,0.45666294410254,0.379807692307692,0.884615384615385,208
"CovidHub-baseline",2026-01-17,1,1,22.0650935533308,0.217168077561446,1,1,33.0048076923077,0.281641100547344,0.576923076923077,0.966346153846154,208
"CovidHub-baseline",2026-01-24,1,1,19.8777764392017,0.193747141587061,1,1,29.375,0.257317727320951,0.615384615384615,0.971153846153846,208
"CovidHub-baseline",2026-01-31,1,1,21.1511706804785,0.214916524261249,1,1,31.9134615384615,0.293217862216122,0.600961538461538,0.980769230769231,208
"CovidHub-baseline",2026-02-07,1,1,18.3409602240388,0.204022725807615,1,1,26.5865384615385,0.251051323466067,0.677884615384615,0.971153846153846,208
"CovidHub-baseline",2026-02-14,1,1,18.0993630085849,0.226902395761248,1,1,26.875,0.290923539290781,0.605769230769231,0.975961538461538,208
"CovidHub-baseline",2026-02-21,1,1,16.3498607569595,0.223926279323545,1,1,24.1057692307692,0.28586208390878,0.6875,0.971153846153846,208
"CovidHub-baseline",2026-02-28,1,1,14.2953999695443,0.198935186743933,1,1,19.5144230769231,0.231296847538347,0.697115384615385,0.995192307692308,208
"CovidHub-baseline",2026-03-07,1,1,15.1293971759067,0.224946603619409,1,1,22.3221153846154,0.307838647318375,0.610576923076923,0.995192307692308,208
"CovidHub-baseline",2026-03-14,1,1,15.9516139443973,0.242521844607736,1,1,24.1586538461538,0.339635958160487,0.644230769230769,1,208
"CovidHub-baseline",2026-03-21,1,1,16.0057565810617,0.272513586147981,1,1,24.0240384615385,0.393399501735523,0.644230769230769,0.995192307692308,208
"CovidHub-baseline",2026-03-28,1,1,25.0111236131895,0.453721178612317,1,1,40.8990384615385,0.688259847426311,0.447115384615385,0.956730769230769,208
"CovidHub-baseline",2026-04-04,1,1,19.8523043023034,0.441294770151343,1,1,32.625,0.660399197840773,0.610576923076923,0.995192307692308,208
"CovidHub-baseline",2026-04-11,1,1,15.7751147187356,0.448043068896288,1,1,24.3125001201935,0.625506203647881,0.716346153846154,1,208
"CovidHub-baseline",2026-04-18,1,1,11.9249817212907,0.42477998575266,1,1,15.8317307692308,0.507447479174433,0.846153846153846,1,208
"CovidHub-baseline",2026-04-25,1,1,9.45990587535808,0.444987538850331,1,1,10.6971151802864,0.503358402470042,0.879807692307692,1,208
"CovidHub-baseline",2026-05-02,1,1,8.83844656336917,0.444391393447959,1,1,9.15865384615385,0.467780243728312,0.932692307692308,1,208
"CovidHub-baseline",2026-05-09,1,1,8.58578091807256,0.440942640404118,1,1,8.76442307692308,0.454517540407236,0.961538461538462,1,208
"CovidHub-baseline",2026-05-16,1,1,8.73835556342071,0.440692018681626,1,1,9.41346153846154,0.443993150552597,0.942307692307692,1,208
"CovidHub-baseline",2026-05-23,1,1,8.30648772281044,0.454850974013788,1,1,8.32692129805914,0.473527139632698,0.961538461538462,1,208
"CovidHub-baseline",2026-05-30,1,1,8.09874041316615,0.46786288710359,1,1,8.22115384615385,0.518906079535986,0.956730769230769,1,208
"CovidHub-baseline",2026-06-06,1,1,7.68294658510841,0.47613334380499,1,1,7.37019448319483,0.511286815366915,0.980769230769231,1,208
"CovidHub-baseline",2026-06-13,1,1,7.29034450193906,0.493919811382428,1,1,6.41345991584916,0.537651554484306,0.966346153846154,1,208
"CovidHub-baseline",2026-06-20,1,1,6.99432647550545,0.494229703557601,1,1,5.95192449520649,0.520315118918214,0.985576923076923,1,208
"CovidHub-baseline",2026-06-27,1,1,6.81815323176768,0.482709633153903,1,1,5.66826923076923,0.460170523904007,0.980769230769231,1,208
"CovidHub-baseline",2026-07-04,1,1,6.73420311510807,0.484182614823881,1,1,5.97114908649086,0.449821843291393,0.985576923076923,1,208
"CovidHub-baseline",2026-07-11,1,1,7.22162170969797,0.492252206406018,1,1,7.9423065144113,0.487965905328658,0.951923076923077,1,208
"CovidHub-baseline",2026-07-18,1,1,7.54786718203083,0.494232706615404,1,1,9.33653943510589,0.511173112806554,0.932692307692308,1,208
"CovidHub-baseline",2026-07-25,1,1,9.19539701916626,0.501199252099297,1,1,11.9326871874488,0.514489412686381,0.865384615384615,0.980769230769231,208
"CovidHub-baseline",2026-08-01,1,1,10.0810701671987,0.482598191366979,1,1,14.5240352042943,0.578152393203157,0.908653846153846,1,208
"CovidHub-baseline",2026-08-08,1,1,10.5770899135228,0.467010687050286,1,1,15.4567247595553,0.491250127709564,0.826923076923077,1,208
"CovidHub-baseline",2026-08-15,1,1,11.0943552412529,0.481564529039434,1,1,17.4855765865351,0.617361763938015,0.798076923076923,1,208
"CovidHub-baseline",2026-08-22,1,1,13.8552118308834,0.467908056418049,1,1,22.0288437980534,0.595403337607633,0.759615384615385,0.985576923076923,208
"CovidHub-baseline",2026-08-29,1,1,21.0769190117536,0.484529327723536,1,1,31.8461466105046,0.651899243445121,0.653846153846154,0.966346153846154,208
"CovidHub-baseline",2026-09-05,1,1,21.9193679877361,0.466932249022857,1,1,33.3605754326774,0.653072877358126,0.586538461538462,0.9375,208
"CovidHub-baseline",2026-09-12,1,1,21.0377459895704,0.438107910012408,1,1,29.6538448557563,0.512737262706678,0.759615384615385,0.985576923076923,208
"CovidHub-baseline",2026-09-19,1,1,21.8671373253112,0.467000483913474,1,1,27.7644268990767,0.498753928584703,0.793269230769231,0.980769230769231,208
"CovidHub-baseline",2026-09-26,1,1,21.4274782306431,0.489067805200926,1,1,21.1490370913325,0.466521536117793,0.899038461538462,0.990384615384615,208
"CovidHub-ensemble",2025-11-22,0.792687067431067,0.710909853247952,7.07573913876946,0.16903306691031,0.896845913109322,0.80941477003497,10.8347064288461,0.260281872293793,0.461538461538462,0.961538461538462,52
"CovidHub-ensemble",2025-11-29,0.746662833708832,0.635403459957099,7.67345755436961,0.165136322263965,0.811667137598316,0.753800673146579,11.559775344546,0.2540534573176,0.576923076923077,0.951923076923077,104
"CovidHub-ensemble",2025-12-06,0.684973228887083,0.572193037625748,11.3532304406673,0.192271387575577,0.708663423393092,0.691999197334462,17.7723879167381,0.305149324430808,0.442307692307692,0.955128205128205,156
"CovidHub-ensemble",2025-12-13,0.696997202605824,0.555471041827629,13.1913800104393,0.193258976057201,0.71051691579187,0.68432217450955,20.7024415426825,0.304081519828777,0.552884615384615,0.966346153846154,208
"CovidHub-ensemble",2025-12-20,0.64865195695475,0.51069121923665,17.9384891846821,0.195912354065052,0.638120740617904,0.610125243690057,28.8306064959292,0.309260788530523,0.480769230769231,0.942307692307692,208
"CovidHub-ensemble",2025-12-27,0.669935680590998,0.556325446859237,33.432272829669,0.293051617898639,0.62739693191337,0.588415583551801,49.7089939620232,0.449452638942666,0.331730769230769,0.783653846153846,208
"CovidHub-ensemble",2026-01-03,0.663650023094285,0.536134205275954,42.3171021144556,0.271759997836678,0.682938139861942,0.600514797401384,63.5314213195304,0.420470893495664,0.293269230769231,0.802884615384615,208
"CovidHub-ensemble",2026-01-10,0.663598806417049,0.527050662802964,22.8210176149675,0.165738110641276,0.702283237787969,0.623112701190282,36.7749972528654,0.265372212652372,0.519230769230769,0.980769230769231,208
"CovidHub-ensemble",2026-01-17,1.14641243993428,0.871776184016962,23.6269938801953,0.174230785162162,1.40695151767321,1.18358486419926,39.2076987904511,0.280826997509844,0.427884615384615,0.966346153846154,208
"CovidHub-ensemble",2026-01-24,1.36985253310223,1.05159105582059,26.9463847592413,0.197041955771546,1.63420817682504,1.40225191202602,44.7786825421953,0.33157319445703,0.418269230769231,0.947115384615385,208
"CovidHub-ensemble",2026-01-31,1.21403976063575,0.909794480698249,26.1461151371075,0.195693178989034,1.36124669112854,1.11587281392707,43.0538982061271,0.318003662000418,0.451923076923077,0.966346153846154,208
"CovidHub-ensemble",2026-02-07,0.910338687639829,0.742732213946859,16.845909677346,0.15345766198374,1.00287173600948,0.947260709396906,26.8750540637717,0.243487625882338,0.572115384615385,0.966346153846154,208
"CovidHub-ensemble",2026-02-14,0.913711640108683,0.777088691681763,16.3663202655633,0.173675887184434,0.954863511177169,0.938328000634109,25.7532407260015,0.273582959201208,0.495192307692308,0.9375,208
"CovidHub-ensemble",2026-02-21,0.95689621819979,0.750014024148684,15.89293313982,0.170120398946097,1.00779274004376,0.907205946629361,25.3753960388774,0.270582632147705,0.485576923076923,0.975961538461538,208
"CovidHub-ensemble",2026-02-28,0.80089066580948,0.696945826558843,11.6018586821303,0.141106180880195,0.873008928638036,0.892386337908677,17.6351218409748,0.216751279261377,0.673076923076923,0.995192307692308,208
"CovidHub-ensemble",2026-03-07,0.715853035832756,0.750073907716554,10.8177204664728,0.177024623910675,0.753956663834806,0.891743139459469,16.2002704025725,0.268864263699595,0.572115384615385,0.975961538461538,208
"CovidHub-ensemble",2026-03-14,0.643660592388598,0.678525559462363,9.9880721511068,0.161914385903307,0.650403509458903,0.792231797238245,14.8376454787208,0.256634027520777,0.591346153846154,0.975961538461538,208
"CovidHub-ensemble",2026-03-21,0.675736424482948,0.68588990497965,10.6108537582803,0.189681733420361,0.722899048017893,0.797638451314888,16.369371371765,0.303045508720462,0.495192307692308,0.971153846153846,208
"CovidHub-ensemble",2026-03-28,0.78291647197197,0.837735202674567,19.6857197447838,0.395975575656406,0.782359755536491,0.887979383723538,30.2069826210542,0.586233044047931,0.269230769230769,0.75,208
"CovidHub-ensemble",2026-04-04,0.76715291361494,0.823881441232974,15.1525713039936,0.374865255001731,0.752008652337928,0.858162003440297,23.3746529759747,0.549797444067432,0.389423076923077,0.831730769230769,208
"CovidHub-ensemble",2026-04-11,0.708771856712275,0.747026225747183,11.449372830532,0.356558701771232,0.758512192142451,0.89152738145071,17.5634908155901,0.550111014808241,0.355769230769231,0.846153846153846,208
"CovidHub-ensemble",2026-04-18,0.656185430687523,0.620220177236663,7.81260321917535,0.273683961898581,0.783268757516432,0.844596986343721,11.7871463675967,0.42221365481035,0.490384615384615,0.942307692307692,208
"CovidHub-ensemble",2026-04-25,0.67135890393332,0.592257813150672,6.28713889381323,0.267662000068589,0.918422949959915,0.843187880338588,9.65461478232957,0.415794991201563,0.528846153846154,0.942307692307692,208
"CovidHub-ensemble",2026-05-02,0.581452473288098,0.542876440849621,5.06276457171946,0.2453769295796,0.827271352989391,0.793167053544505,7.51523911490707,0.364675778160678,0.658653846153846,0.961538461538462,208
"CovidHub-ensemble",2026-05-09,0.612641117779408,0.544908298245646,5.16597832519928,0.245008594871369,0.912622023940999,0.825555349811654,7.91709474596637,0.370289717587859,0.600961538461538,0.975961538461538,208
"CovidHub-ensemble",2026-05-16,0.587312107918854,0.526391671588899,5.19786377821999,0.242760213321393,0.78802788569408,0.838558280077152,7.61315062744152,0.386734365137923,0.5625,0.975961538461538,208
"CovidHub-ensemble",2026-05-23,0.603269490125559,0.642501696537892,5.1293478881453,0.310995561549912,0.848941745715323,0.973458878084658,7.43186496055575,0.488308173685161,0.533653846153846,0.927884615384615,208
"CovidHub-ensemble",2026-05-30,0.671474579576978,0.650524891883425,5.37206652506495,0.307079100413202,1.01200197533685,0.979260787412173,8.14167106623205,0.500668403461796,0.495192307692308,0.956730769230769,208
"CovidHub-ensemble",2026-06-06,0.598930131118951,0.644686620938236,4.66412968736265,0.321747364987563,0.932284735145198,0.996440314089079,7.05999437312582,0.529818662557567,0.490384615384615,0.961538461538462,208
"CovidHub-ensemble",2026-06-13,0.59645912486384,0.659614563996363,4.38687795913557,0.342839043322399,1.08768547965227,1.05449797528145,6.65086555185563,0.541460895622528,0.485576923076923,0.918269230769231,208
"CovidHub-ensemble",2026-06-20,0.58795389352454,0.653537765683943,4.20601016267865,0.344689911003462,1.03995893478219,1.01054781409923,6.37568478601671,0.538719297127748,0.533653846153846,0.913461538461538,208
"CovidHub-ensemble",2026-06-27,0.577547937172374,0.529993507680021,3.97402588297642,0.267834829554836,1.02528399774387,0.905573392379676,5.95813443815662,0.423513380228213,0.581730769230769,0.975961538461538,208
"CovidHub-ensemble",2026-07-04,0.532216561205518,0.522238047440643,3.58716972514408,0.265253586473322,0.819995992060942,0.847639730332879,5.25252170336624,0.415110168258218,0.620192307692308,0.975961538461538,208
"CovidHub-ensemble",2026-07-11,0.583693268376037,0.487141986855948,4.27672155587853,0.2479451382404,0.794214203874129,0.72173057905876,6.63273357043339,0.36977595134327,0.663461538461538,0.971153846153846,208
"CovidHub-ensemble",2026-07-18,0.601801980595247,0.530650649161453,4.4883796698188,0.265735581229389,0.770268879102501,0.801018130459007,7.34641471505642,0.422580070509663,0.533653846153846,0.990384615384615,208
"CovidHub-ensemble",2026-07-25,0.630626977581313,0.541347399849494,5.84601056418851,0.278969859396958,0.713641621647015,0.779877111850335,8.83303645456763,0.423438741199518,0.625,0.9375,208
"CovidHub-ensemble",2026-08-01,0.619603655786699,0.51241509350536,6.19699170713182,0.243703865166264,0.690284133490491,0.638740484269687,9.99912992783498,0.364939741571667,0.668269230769231,0.975961538461538,208
"CovidHub-ensemble",2026-08-08,0.567264744606962,0.478721393905316,5.99189857643491,0.222603148277002,0.628728912677457,0.683090136147271,9.72128721989525,0.337302667325396,0.615384615384615,0.990384615384615,208
"CovidHub-ensemble",2026-08-15,0.557343637739608,0.460884333055027,6.32136972746612,0.226301506063179,0.543718920536373,0.533338196697933,9.75109778599364,0.33598337267806,0.605769230769231,0.971153846153846,208
"CovidHub-ensemble",2026-08-22,0.626744906451238,0.502135638908308,8.88726980075537,0.238809999712868,0.600689324631903,0.580452182364309,13.3235473489191,0.351703588105189,0.586538461538462,0.932692307692308,208
"CovidHub-ensemble",2026-08-29,0.722123275711974,0.551220689480859,15.0228419813727,0.256654926172311,0.759295852865943,0.636021273590457,23.7031439926453,0.397892506398208,0.456730769230769,0.913461538461538,208
"CovidHub-ensemble",2026-09-05,0.747124760820238,0.570214768052239,16.1486776047888,0.2494331325162,0.786217430434312,0.648505723708908,25.5733163986243,0.39101436678419,0.442307692307692,0.908653846153846,208
"CovidHub-ensemble",2026-09-12,0.714956627150153,0.488063273920504,15.0966727035524,0.207253804549501,0.781077211660698,0.646775228619947,23.0957297168603,0.32250079504892,0.490384615384615,0.932692307692308,208
"CovidHub-ensemble",2026-09-19,0.663695077238939,0.513833945933808,14.8676842662137,0.236301483351903,0.842685679209526,0.779968740238853,23.2480843917069,0.372323876914942,0.471153846153846,0.918269230769231,208
"CovidHub-ensemble",2026-09-26,0.568985842706446,0.48289612237428,12.5278334212894,0.234348718662253,0.938001335034923,0.822197767253479,19.7159630762331,0.37316577211777,0.4375,0.947115384615385,208
"Google_SAI-Ensemble",2025-12-13,0.665538824528737,0.572912554119926,8.91608528428094,0.154872460171594,0.671907740472538,0.709597457434423,13.7461538461538,0.239592136533855,0.5,0.884615384615385,52
"Google_SAI-Ensemble",2025-12-20,0.604503566835869,0.517689940844774,14.4469816053512,0.171031034313467,0.528425689570358,0.575556703031156,22.3673076923077,0.271819795413026,0.471153846153846,0.942307692307692,104
"Google_SAI-Ensemble",2025-12-27,0.568100261336871,0.505582966906908,24.8878383500557,0.242072295503176,0.557012641132883,0.554567098201572,37.9923076923077,0.374253274569514,0.358974358974359,0.903846153846154,156
"Google_SAI-Ensemble",2026-01-03,0.542476457299043,0.454724720948298,32.2433741638796,0.215514272898048,0.588530962389236,0.531425338309393,50.3961538461538,0.341456071264509,0.375,0.9375,208
"Google_SAI-Ensemble",2026-01-10,0.689209982909351,0.534332312514633,22.7903786768395,0.161056002128108,0.718304880428856,0.642250550552157,36.5223557692308,0.265819438161501,0.475961538461538,0.966346153846154,208
"Google_SAI-Ensemble",2026-01-17,0.969109464467796,0.80079270194468,20.1591803949508,0.160408269932804,1.10691397027139,1.05118683062452,31.7987446581197,0.255905414150912,0.447115384615385,0.932692307692308,208
"Google_SAI-Ensemble",2026-01-24,0.923443792219908,0.921061254324422,17.5263837936641,0.169580399554776,1.01010754090397,1.15491937244402,26.9362713675214,0.271598511768336,0.418269230769231,0.9375,208
"Google_SAI-Ensemble",2026-01-31,0.835156835079636,0.776121440696239,16.2109588977146,0.157864215702007,0.888891252784677,0.91965901619358,25.101014957265,0.247674797968524,0.471153846153846,0.971153846153846,208
"Google_SAI-Ensemble",2026-02-07,0.83493766313137,0.783827462007326,14.2302925827701,0.155735186347558,0.923009221726862,1.01383337798827,22.2268629807692,0.245038002845113,0.475961538461538,0.975961538461538,208
"Google_SAI-Ensemble",2026-02-14,1.00095775453909,0.895354267439939,17.9233744305381,0.201252703879029,1.07528518641963,1.11707378968619,28.7758413461538,0.324557971379537,0.326923076923077,0.9375,208
"Google_SAI-Ensemble",2026-02-21,1.12452338027962,0.857293553867264,18.9461879890433,0.196704450144785,1.24354964669555,1.09492465839638,30.6545806623932,0.318708313166745,0.302884615384615,0.942307692307692,208
"Google_SAI-Ensemble",2026-02-28,0.858909020521204,0.731270553205434,12.6317258282818,0.150589978035263,0.98687776774397,0.972426573133771,20.0628004807692,0.238440641066543,0.471153846153846,0.971153846153846,208
"Google_SAI-Ensemble",2026-03-07,0.678279913656734,0.728999048127658,10.2484717574206,0.172007652563084,0.746972559194375,0.869457920239603,16.1355168269231,0.261247815780966,0.451923076923077,0.966346153846154,208
"Google_SAI-Ensemble",2026-03-14,0.56929393870547,0.6423115538207,8.59419409359323,0.150630256328452,0.592645528905885,0.74215185786531,13.1730769230769,0.235050445364902,0.519230769230769,0.961538461538462,208
"Google_SAI-Ensemble",2026-03-21,0.650950565049059,0.680464079237199,10.0012335526698,0.186617177618873,0.714525575113689,0.786585550180842,15.7498330662393,0.293004701963429,0.399038461538462,0.927884615384615,208
"Google_SAI-Ensemble",2026-03-28,0.702184936661913,0.824173513344984,17.491644200576,0.389353846114615,0.66622699157629,0.83101087065129,25.3553685897436,0.547135434212317,0.25,0.682692307692308,208
"Google_SAI-Ensemble",2026-04-04,0.688319970466266,0.821829866390206,13.4149487429162,0.37348476662745,0.650874675342275,0.829537854062015,19.9117254273504,0.530218960385938,0.274038461538462,0.774038461538462,208
"Google_SAI-Ensemble",2026-04-11,0.655692058328859,0.750185421950307,10.4898068921869,0.360726471695327,0.679615002447755,0.852129288827158,15.5293803418803,0.52641148917525,0.322115384615385,0.793269230769231,208
"Google_SAI-Ensemble",2026-04-18,0.643609253436408,0.655466701787075,7.54664390212746,0.290472917656509,0.771597944037726,0.882491604279855,11.5221688034188,0.443928322315271,0.360576923076923,0.879807692307692,208
"Google_SAI-Ensemble",2026-04-25,0.639533431273338,0.541101570440497,6.04449650919732,0.249630702735922,0.820139324679895,0.720769876663967,9.03472222222222,0.375069570711337,0.490384615384615,0.956730769230769,208
"Google_SAI-Ensemble",2026-05-02,0.527031912608752,0.494009048955328,4.64910697115385,0.227840294840462,0.736912526132426,0.717152612474636,6.96260683760684,0.345277015814769,0.615384615384615,0.951923076923077,208
"Google_SAI-Ensemble",2026-05-09,0.57438555981234,0.494032317378066,4.91337120726496,0.226510700057523,0.832747171738688,0.73434781882376,7.46340811965812,0.34127487195696,0.572115384615385,0.961538461538462,208
"Google_SAI-Ensemble",2026-05-16,0.514514945963489,0.4921374005301,4.51314855885359,0.227242487072618,0.726188230666511,0.817014286978443,6.56036324786325,0.353012581614371,0.528846153846154,0.966346153846154,208
"Google_SAI-Ensemble",2026-05-23,0.550781661176653,0.633800724073869,4.53154904426793,0.303965448822025,0.794030324328899,0.956645344590471,6.63274572649573,0.471706551924414,0.447115384615385,0.913461538461538,208
"Google_SAI-Ensemble",2026-05-30,0.569319271472755,0.610499313519099,4.4743213280379,0.287027382671521,0.875062923906122,0.912491690338659,6.87099358974359,0.461531182633206,0.447115384615385,0.961538461538462,208
"Google_SAI-Ensemble",2026-06-06,0.536248297222888,0.634245299684581,4.11861150013935,0.315527134385692,0.805916263937402,0.930350771954013,6.04727564102564,0.491871200620424,0.471153846153846,0.913461538461538,208
"Google_SAI-Ensemble",2026-06-13,0.548294779332604,0.64022977543939,4.03323991429766,0.334213528673194,0.982427491621571,0.980142790510723,6.04780982905983,0.508359711607324,0.466346153846154,0.889423076923077,208
"Google_SAI-Ensemble",2026-06-20,0.534537462148915,0.62730207061444,3.78505234462096,0.332662569434203,0.873720890546315,0.913293615324361,5.32852564102564,0.49235543812725,0.557692307692308,0.889423076923077,208
"Google_SAI-Ensemble",2026-06-27,0.552675344739896,0.502245098374825,3.67439218808064,0.24637133495167,0.960942965091141,0.835592369551989,5.30181623931624,0.371797648814942,0.634615384615385,0.975961538461538,208
"Google_SAI-Ensemble",2026-07-04,0.531236601577685,0.522131196239974,3.50022110274991,0.262689901094491,0.794416069811319,0.832034141248738,4.95860042735043,0.400476101089942,0.620192307692308,0.966346153846154,208
"Google_SAI-Ensemble",2026-07-11,0.570258410861957,0.484609766566566,4.15045977564103,0.246805491536814,0.72828735172196,0.691022300040654,6.1428952991453,0.359923238409041,0.668269230769231,0.966346153846154,208
"Google_SAI-Ensemble",2026-07-18,0.597440852739724,0.530714282252611,4.46326258941843,0.267828007257722,0.74615854820021,0.796042115929047,7.14823717948718,0.42690922067133,0.514423076923077,0.961538461538462,208
"Google_SAI-Ensemble",2026-07-25,0.639512013043697,0.552289329077388,5.89640696883129,0.286314720060402,0.718762685006534,0.779673872692845,8.84027777777778,0.424530611876908,0.625,0.932692307692308,208
"Google_SAI-Ensemble",2026-08-01,0.636331109434271,0.512568691100847,6.32906382501858,0.24449651310132,0.697296979855184,0.627705554853089,10.0718482905983,0.360095795294679,0.682692307692308,0.980769230769231,208
"Google_SAI-Ensemble",2026-08-08,0.60520442617577,0.498253863551899,6.37068289785396,0.231004184092145,0.652672963700497,0.7214135932867,10.1036324786325,0.360116309720193,0.596153846153846,0.990384615384615,208
"Google_SAI-Ensemble",2026-08-15,0.596269218307174,0.479791134602667,6.74091354398922,0.234537730656674,0.583078712146535,0.557484292150583,10.4513888888889,0.351780094686816,0.639423076923077,0.985576923076923,208
"Google_SAI-Ensemble",2026-08-22,0.678108659799354,0.521146181333408,9.55647991917503,0.246429298068473,0.668027047049126,0.617587943428414,14.8512286324786,0.374778313151831,0.5625,0.961538461538462,208
"Google_SAI-Ensemble",2026-08-29,0.780266718327571,0.570497794323161,16.2120608335656,0.264132275708287,0.802110797261617,0.652060505180954,25.0689102564103,0.40726786424437,0.451923076923077,0.942307692307692,208
"Google_SAI-Ensemble",2026-09-05,0.820543088393445,0.595426676273515,17.6201805044593,0.257738610186988,0.858489901502684,0.67302293105681,27.7203525641026,0.402752113037694,0.427884615384615,0.966346153846154,208
"Google_SAI-Ensemble",2026-09-12,0.82748571879295,0.529369570788344,17.1800064137402,0.220114520263992,0.905894486423013,0.704221693919504,26.2590811965812,0.343655054260133,0.533653846153846,0.966346153846154,208
"Google_SAI-Ensemble",2026-09-19,0.800176268314476,0.565406980691526,17.7288887623096,0.256554364541811,0.965864649670558,0.854512598230163,26.4903846153846,0.406905444850081,0.408653846153846,0.942307692307692,208
"Google_SAI-Ensemble",2026-09-26,0.650215839570658,0.497497178020326,14.1777021438359,0.235697357357263,1.05400451081062,0.853261326779541,21.5985042735043,0.377637484455075,0.456730769230769,0.956730769230769,208
"NEU_ISI-AdaptiveEnsemble",2025-11-22,1.09159630104149,0.736676407354009,10.1467391304348,0.172286960325702,1.35526500930975,0.84140798608743,16.9565217391304,0.266157458094752,0.41304347826087,0.804347826086957,46
"NEU_ISI-AdaptiveEnsemble",2025-11-29,0.975647848044262,0.718215641807232,10.4211014492754,0.165619616416205,1.13255882599219,0.832540400637601,17.0444444444444,0.249687982793708,0.466666666666667,0.855555555555556,90
"NEU_ISI-AdaptiveEnsemble",2025-12-06,0.669895346114085,0.622640265990231,11.4326511932004,0.19489685373775,0.681765756594926,0.70324312330811,17.8571428571429,0.29137727784545,0.390977443609023,0.879699248120301,133
"NEU_ISI-AdaptiveEnsemble",2025-12-13,0.687165556312637,0.581176550931011,12.7715204825333,0.187263739276226,0.657850118987771,0.642195568223632,18.8092485549133,0.266891179146755,0.566473988439306,0.884393063583815,173
"NEU_ISI-AdaptiveEnsemble",2025-12-20,0.602571509324601,0.433066296652975,16.2127892194254,0.151948781374808,0.598565183039077,0.523089673046826,25.7543859649123,0.24137284235604,0.543859649122807,0.947368421052632,171
"NEU_ISI-AdaptiveEnsemble",2025-12-27,0.612055789937805,0.536151054808303,28.5658534161491,0.2470724750626,0.60240719164,0.567341619266457,43.4628571428571,0.366335431662512,0.377142857142857,0.754285714285714,175
"NEU_ISI-AdaptiveEnsemble",2026-01-03,0.646498815483771,0.579799831167962,37.070275599905,0.241217143357981,0.731788264699523,0.676440083644459,57.7267759562842,0.36321295813324,0.26775956284153,0.754098360655738,183
"NEU_ISI-AdaptiveEnsemble",2026-01-10,0.659303447077584,0.565821928577405,22.7987001811594,0.165381662531964,0.669753290610837,0.637482724561318,35.6458333333333,0.255652948038332,0.390625,0.854166666666667,192
"NEU_ISI-AdaptiveEnsemble",2026-01-17,1.39664388562253,1.01356142988616,31.2981931396111,0.212939555573175,1.56603921409374,1.26553010463764,47.8693467336683,0.323205683375034,0.276381909547739,0.718592964824121,199
"NEU_ISI-AdaptiveEnsemble",2026-01-24,1.76978859193389,1.21577615047732,37.7608071348941,0.235360544951742,2.07053750393863,1.52368858256617,61.374358974359,0.371872158575288,0.292307692307692,0.805128205128205,195
"NEU_ISI-AdaptiveEnsemble",2026-01-31,1.53410662558313,1.11146196472063,36.0164182194617,0.244715658369034,1.72392913483196,1.30297002243796,60.6402116402116,0.387833981458616,0.317460317460317,0.777777777777778,189
"NEU_ISI-AdaptiveEnsemble",2026-02-07,1.30183383282186,1.02001508610183,25.5480929376582,0.209189415049282,1.42218243309295,1.25170984081506,40.6031746031746,0.320754925764396,0.407407407407407,0.814814814814815,189
"NEU_ISI-AdaptiveEnsemble",2026-02-14,1.0460766209922,0.944236112677406,18.0910846438483,0.205854294347304,1.04809751488845,1.07496895330701,27.0691489361702,0.302669790979537,0.367021276595745,0.771276595744681,188
"NEU_ISI-AdaptiveEnsemble",2026-02-21,0.884834781643604,0.788386462330871,13.7057948369565,0.164485563548493,0.931156598632903,0.924954488258998,20.5833333333333,0.241435712612394,0.46875,0.854166666666667,192
"NEU_ISI-AdaptiveEnsemble",2026-02-28,0.936758828075675,0.810526738342288,13.2887549407115,0.15033225807877,1.09769456784358,1.06908277284007,20.8787878787879,0.231369612291792,0.525252525252525,0.898989898989899,198
"NEU_ISI-AdaptiveEnsemble",2026-03-07,0.844289543559827,0.857457173668132,12.59955,0.161089657888118,0.85786021917892,0.962131566207877,18.58,0.244378009792154,0.48,0.905,200
"NEU_ISI-AdaptiveEnsemble",2026-03-14,0.678775114322221,0.762347602667154,10.586537032991,0.172702209551597,0.708971633189158,0.852541624612014,16.1658291457286,0.259251016740348,0.437185929648241,0.85929648241206,199
"NEU_ISI-AdaptiveEnsemble",2026-03-21,0.811123778447539,0.811911823946942,12.8167434782609,0.220257779180888,0.807840755273281,0.890799845874251,18.365,0.329564805653246,0.445,0.84,200
"NEU_ISI-AdaptiveEnsemble",2026-03-28,1.00460763241633,1.00426397243044,24.4011476495255,0.444804224216882,0.943492592863146,1.00612928350428,34.3096446700508,0.606872010020331,0.233502538071066,0.568527918781726,197
"NEU_ISI-AdaptiveEnsemble",2026-04-04,1.01575954474278,0.967406002964191,20.0873435010244,0.427072283949777,0.89976673827709,0.920670989478869,27.9895287958115,0.57616373666549,0.324607329842932,0.680628272251309,191
"NEU_ISI-AdaptiveEnsemble",2026-04-11,0.873915050372478,0.872883386158546,14.6359681634593,0.402588466262954,0.890220561484206,0.94834120011426,21.1366120218579,0.559247249205682,0.300546448087432,0.672131147540984,183
"NEU_ISI-AdaptiveEnsemble",2026-04-18,0.704958086745126,0.671806923371045,8.62114340619745,0.286638467746894,0.79996647781332,0.835852016287674,12.6022099447514,0.40737478548651,0.386740331491713,0.790055248618785,181
"NEU_ISI-AdaptiveEnsemble",2026-04-25,0.759687533039505,0.73558281547022,7.14097885483488,0.331280250944041,0.947547719155594,0.96857870635714,9.95628415300546,0.474314902772365,0.377049180327869,0.781420765027322,183
"NEU_ISI-AdaptiveEnsemble",2026-09-05,1.35423806370613,0.841732495835197,18.2266252587992,0.271078264319943,1.14373941652629,0.804655728229654,22.5952380952381,0.348549709066856,0.333333333333333,0.571428571428571,42
"NEU_ISI-AdaptiveEnsemble",2026-09-12,1.35979177954535,0.706959653487094,22.9782775919732,0.229861473820918,1.237550646499,0.806916218988816,28.025641025641,0.298324105607786,0.384615384615385,0.641025641025641,78
"NEU_ISI-AdaptiveEnsemble",2026-09-19,1.10896651687256,0.741743551638698,23.2413774528665,0.312766388353662,1.07167281889588,0.907989638824038,27.7522123893805,0.397214825046653,0.283185840707965,0.548672566371681,113
"NEU_ISI-AdaptiveEnsemble",2026-09-26,0.923385619646933,0.675264919905168,20.5048266745006,0.319178388452703,1.21453122004846,0.933102834538083,25.1351351351351,0.411280734992048,0.243243243243243,0.567567567567568,148
"OHT_JHU-nbxd",2025-10-04,NA,NA,23.1693137123746,0.185086594798274,NA,NA,38.5032692307692,0.306848747848772,0.307692307692308,0.903846153846154,52
"OHT_JHU-nbxd",2025-10-11,NA,NA,30.9621684782609,0.244918117702928,NA,NA,52.17,0.411957895648885,0.192307692307692,0.923076923076923,52
"OHT_JHU-nbxd",2025-10-18,NA,NA,40.6883227424749,0.354628949856136,NA,NA,66.9826923076923,0.554037273873808,0.230769230769231,0.826923076923077,52
"OHT_JHU-nbxd",2025-10-25,NA,NA,47.5714341973244,0.426767022909672,NA,NA,77.7707692307692,0.678595304708466,0.115384615384615,0.807692307692308,52
"OHT_JHU-nbxd",2025-11-22,1.38263810093888,1.00719131777421,12.3908134615385,0.242930133195676,1.57180681276818,1.05252906698188,18.9748076923077,0.342505460124041,0.5,0.865384615384615,52
"OHT_JHU-nbxd",2025-11-29,1.68473886075225,1.08681060170468,16.8660721989967,0.273561127123011,1.86088999008972,1.21805399291043,25.9285576923077,0.394956572501889,0.384615384615385,0.788461538461538,104
"OHT_JHU-nbxd",2025-12-06,1.35919388922261,0.865727624423879,21.3578099219621,0.274540128538074,1.39059208758351,0.988873250228436,33.1019230769231,0.408191451498826,0.333333333333333,0.756410256410256,156
"OHT_JHU-nbxd",2025-12-13,1.47726352714984,0.87776141067639,27.2868807692308,0.296458976769283,1.50179953841937,1.04259879201545,42.0523076923077,0.439298618472524,0.307692307692308,0.735576923076923,208
"OHT_JHU-nbxd",2025-12-20,1.13797865740081,0.804807830220308,29.565637520903,0.293281528369667,1.09554008571947,0.907627007925677,46.0858173076923,0.431552951611384,0.302884615384615,0.716346153846154,208
"OHT_JHU-nbxd",2025-12-27,0.996022069882142,0.749399349916864,44.3195634406354,0.358564781196077,0.959940331314655,0.766849332036199,64.6117307692308,0.504086769073453,0.230769230769231,0.605769230769231,208
"OHT_JHU-nbxd",2026-01-03,1.00405129762723,0.746310469411186,56.1671630016722,0.334118200703143,0.985376287334086,0.764945968349989,79.116875,0.465080384451055,0.245192307692308,0.586538461538462,208
"OHT_JHU-nbxd",2026-01-10,1.45610286101583,0.946807339341398,44.1298202550167,0.26607663758156,1.45070079698538,1.03139350107196,67.6939903846154,0.397133722489368,0.216346153846154,0.735576923076923,208
"OHT_JHU-nbxd",2026-01-17,3.01988823668455,1.96283750885891,58.4591669314381,0.370413388977823,3.19889215244199,2.25518213575148,85.5340384615385,0.520433165518394,0.134615384615385,0.466346153846154,208
"OHT_JHU-nbxd",2026-01-24,2.99891380686333,2.00018117430096,55.0580274874582,0.356507554648429,3.16747941868755,2.21195190480532,81.5257211538461,0.501863409511079,0.182692307692308,0.519230769230769,208
"OHT_JHU-nbxd",2026-01-31,1.93172494504929,1.30110327607288,39.5462135660535,0.274279801748084,2.00838813105279,1.45399083025267,59.7812980769231,0.404897171606354,0.259615384615385,0.682692307692308,208
"OHT_JHU-nbxd",2026-02-07,1.35946331993275,1.1006924378779,25.1590574414716,0.225916896830218,1.44195748422008,1.35096821391496,38.5340865384615,0.342591219961278,0.365384615384615,0.817307692307692,208
"OHT_JHU-nbxd",2026-02-14,1.11228283108303,1.04918598413353,19.688283423913,0.232931651454031,1.11495693380368,1.21149913667925,29.5613461538462,0.349273883139711,0.375,0.807692307692308,208
"OHT_JHU-nbxd",2026-02-21,1.40652798506456,1.17326398661963,23.7326821906355,0.273751194317329,1.46740476137714,1.38706351070523,37.2107692307692,0.421556633059773,0.259615384615385,0.802884615384615,208
"OHT_JHU-nbxd",2026-02-28,1.36880543823974,1.22354006424755,20.4818176839465,0.26202750127615,1.60585286348707,1.61415911783341,33.0525,0.408863148188227,0.240384615384615,0.831730769230769,208
"OHT_JHU-nbxd",2026-03-07,0.986853335284969,0.998143101176013,15.2515245610368,0.238812677234089,1.11168388162235,1.17708125424611,24.489375,0.359272067887409,0.346153846153846,0.841346153846154,208
"OHT_JHU-nbxd",2026-03-14,0.720926215193429,0.778311868251146,11.2543647575251,0.185520606410134,0.746846371151592,0.864168010734488,17.3157211538462,0.278212634600991,0.461538461538462,0.884615384615385,208
"OHT_JHU-nbxd",2026-03-21,0.720977758508384,0.771977630966358,11.3089881270903,0.217224561407098,0.772328615720469,0.836586647674222,17.6709134615385,0.324213693193889,0.375,0.822115384615385,208
"OHT_JHU-nbxd",2026-03-28,0.672645625204179,0.869357704611162,15.9775639632107,0.400491863074657,0.647016630347797,0.861677568445939,23.19375,0.543342510507103,0.216346153846154,0.596153846153846,208
"OHT_JHU-nbxd",2026-04-04,0.870464900346797,0.994964427561804,16.5436016095318,0.447043136782279,0.781054239159786,0.925734923795881,23.5057211538462,0.589315891530473,0.230769230769231,0.576923076923077,208
"OHT_JHU-nbxd",2026-04-11,0.915526402475665,0.964090447989124,14.1601862876254,0.462939324899198,0.860360346889219,0.945775704738971,19.9549038461538,0.614033969818618,0.182692307692308,0.533653846153846,208
"OHT_JHU-nbxd",2026-04-18,0.785106625643937,0.779291358280756,10.0341204431438,0.366112032121185,0.875668506535293,0.931046593662958,14.3747596153846,0.500077444589554,0.317307692307692,0.620192307692308,208
"OHT_JHU-nbxd",2026-04-25,0.954338363319452,0.836178794053001,9.27022447742475,0.386552121863513,1.2372550482843,1.06761007026489,13.6970192307692,0.543019490207816,0.230769230769231,0.658653846153846,208
"OHT_JHU-nbxd",2026-05-02,0.805128771167701,0.792743717527456,6.99514594481605,0.360315929937856,1.21604592526873,1.12485684444072,11.0408653846154,0.519498713087076,0.274038461538462,0.745192307692308,208
"OHT_JHU-nbxd",2026-05-09,0.798676430676546,0.808471601363934,6.66659903846154,0.361473548547425,1.19245398723504,1.18401531177682,10.2395192307692,0.524220257661487,0.245192307692308,0.677884615384615,208
"OHT_JHU-nbxd",2026-05-16,0.734551494970972,0.730262884143712,6.54988127090301,0.339566565877191,1.05073050220307,1.12086513435749,9.57091346153846,0.481939600953287,0.336538461538462,0.701923076923077,208
"OHT_JHU-nbxd",2026-05-23,0.796151496385748,0.858422859637265,6.92807884615385,0.425267238310333,1.14980340063586,1.14078895126217,10.2301442307692,0.577232303519589,0.274038461538462,0.639423076923077,208
"OHT_JHU-nbxd",2026-05-30,1.01607437091995,0.97050697511691,7.98388010033445,0.457728997790788,1.50632595518331,1.24629032901112,11.8015384615385,0.628502366769673,0.221153846153846,0.567307692307692,208
"OHT_JHU-nbxd",2026-06-06,1.02275768563956,1.01034746882561,8.11351258361204,0.520950393123102,1.59198836893304,1.30585950162643,12.0697596153846,0.69285249434693,0.230769230769231,0.538461538461538,208
"OHT_JHU-nbxd",2026-06-13,1.13357312556076,1.11163160991792,8.33290378344482,0.578024864610406,2.05760716831689,1.5084904613191,12.3856730769231,0.757742171377318,0.1875,0.495192307692308,208
"OHT_JHU-nbxd",2026-06-20,1.27541655472446,1.21423034572303,9.37289571488294,0.658242669254327,2.19575798200536,1.59562315946747,13.6174519230769,0.851092533172655,0.110576923076923,0.451923076923077,208
"OHT_JHU-nbxd",2026-06-27,1.32324351409954,1.03821916335998,9.12766306438127,0.524506896944233,2.42218997050937,1.60174651501464,13.7027884615385,0.718932149470442,0.125,0.485576923076923,208
"OHT_JHU-nbxd",2026-07-04,1.07563228291136,1.02229427763694,8.00880869565217,0.573102728678596,1.68639321555357,1.46086320524537,11.7480769230769,0.761447112685657,0.177884615384615,0.504807692307692,208
"OHT_JHU-nbxd",2026-07-11,1.05439818581316,0.865355911008996,8.4192470735786,0.48519406465723,1.36593574744822,1.18795003028741,12.358125,0.66382287200829,0.211538461538462,0.576923076923077,208
"OHT_JHU-nbxd",2026-07-18,0.985265849415693,0.911863770198932,8.07038024665552,0.495559337529344,1.16947018122234,1.17871452262985,12.1705288461538,0.671976921817865,0.197115384615385,0.538461538461538,208
"OHT_JHU-nbxd",2026-07-25,0.908543078484876,0.875085327208655,9.10782244983278,0.491662283403814,1.02757701518308,1.14495364728329,13.5354807692308,0.664260448603297,0.192307692307692,0.557692307692308,208
"OHT_JHU-nbxd",2026-08-01,0.859028013921613,0.79193678230368,8.98062259615385,0.392426310803844,0.911907633620775,0.896091295356529,13.7799038461538,0.534634392799382,0.3125,0.663461538461538,208
"OHT_JHU-nbxd",2026-08-08,0.893585862702859,0.844561972820758,9.53655315635451,0.400220955937556,0.94296615281532,1.09831808512568,14.6972596153846,0.555104255699082,0.211538461538462,0.605769230769231,208
"OHT_JHU-nbxd",2026-08-15,0.751856108328144,0.625710451936608,8.40432316053512,0.30942632377473,0.737102604552784,0.685043514889599,12.9812019230769,0.435453193615269,0.307692307692308,0.716346153846154,208
"OHT_JHU-nbxd",2026-08-22,0.786503917180767,0.711518155751908,11.2557801003344,0.341707466650974,0.741767544014465,0.768852184336095,16.6762980769231,0.470325606114653,0.259615384615385,0.634615384615385,208
"OHT_JHU-nbxd",2026-08-29,0.902195331099515,0.740480941469558,18.4315153219064,0.340241557743742,0.810057368872769,0.732670281673036,24.9904326923077,0.457281370448077,0.235576923076923,0.576923076923077,208
"OHT_JHU-nbxd",2026-09-05,1.0425508281978,0.793029986682702,20.6603144648829,0.315646784181513,0.892334219575095,0.748667787453342,26.7260576923077,0.41510895977616,0.254807692307692,0.552884615384615,208
"OHT_JHU-nbxd",2026-09-12,1.11621334779428,0.740751433949194,22.2252682483278,0.293367132642417,1.02307603482339,0.847829002381321,28.4159134615385,0.396351777091101,0.1875,0.538461538461538,208
"OHT_JHU-nbxd",2026-09-19,1.14013153040529,0.795442860816393,24.0807227424749,0.344020776628107,1.14826197100614,0.966923601069146,30.3129807692308,0.442256312868069,0.201923076923077,0.543269230769231,208
"OHT_JHU-nbxd",2026-09-26,1.03260662650345,0.810183014963547,21.7066651128763,0.37481198627046,1.40472007704341,1.10914943344353,27.9159134615385,0.483174685629027,0.149038461538462,0.461538461538462,208
"UGA_flucast-INFLAenza",2025-11-22,0.771723215963793,0.721074333390973,6.9142033444816,0.17268485934114,0.865708218736432,0.83653726039592,10.5192307692308,0.271184666440394,0.480769230769231,0.923076923076923,52
"UGA_flucast-INFLAenza",2025-11-29,0.822892957352633,0.650306405347106,8.25228451086956,0.163515563086761,0.925947578582337,0.779219376558471,12.9615384615385,0.255136384344471,0.490384615384615,0.951923076923077,104
"UGA_flucast-INFLAenza",2025-12-06,0.772932219971735,0.604651289785805,12.3747218645485,0.196023863470861,0.798595852282084,0.718204979565531,19.4038461538462,0.305601796762331,0.378205128205128,0.92948717948718,156
"UGA_flucast-INFLAenza",2025-12-13,0.790974479686849,0.599133344375066,14.8530154368729,0.205571861501288,0.820559177564081,0.739416493087447,23.8870192307692,0.325166937933072,0.394230769230769,0.903846153846154,208
"UGA_flucast-INFLAenza",2025-12-20,0.744856399201231,0.572566748124051,20.6368629180602,0.21703168462965,0.700083418448302,0.663537169422165,31.875,0.338146735835418,0.375,0.875,208
"UGA_flucast-INFLAenza",2025-12-27,0.769991509724185,0.62512050070188,38.9555714151338,0.335913555404053,0.667857429510646,0.620647649443933,54.9807692307692,0.495416072709383,0.235576923076923,0.697115384615385,208
"UGA_flucast-INFLAenza",2026-01-03,0.748223946332801,0.598938045613656,48.3683783862876,0.307542055415494,0.730428541453812,0.644995258550445,68.7596153846154,0.45569336061956,0.269230769230769,0.701923076923077,208
"UGA_flucast-INFLAenza",2026-01-10,0.765001868056032,0.589038087665254,27.3365354201505,0.189869644757009,0.756439230998155,0.669289579067429,41.6826923076923,0.295463908678099,0.461538461538462,0.879807692307692,208
"UGA_flucast-INFLAenza",2026-01-17,0.904925044843183,0.728003400479643,19.7354087897157,0.152167693962197,1.02722108459631,0.944034725376142,30.8990384615385,0.237836300796796,0.538461538461538,0.942307692307692,208
"UGA_flucast-INFLAenza",2026-01-24,0.792412398859639,0.766125329033547,15.7433166910535,0.148387510394081,0.857895969172976,0.962851823196518,24.0336538461538,0.238038186604936,0.576923076923077,0.961538461538462,208
"UGA_flucast-INFLAenza",2026-01-31,0.765484538396589,0.763324573190535,15.4979493938127,0.161581044586174,0.773165758393453,0.851722249415838,22.8822115384615,0.240556894021382,0.567307692307692,0.932692307692308,208
"UGA_flucast-INFLAenza",2026-02-07,0.924077446240985,0.923561598915728,15.4343221049331,0.179279477783146,0.985004283561688,1.12661364524495,23.0576923076923,0.265918510601655,0.552884615384615,0.903846153846154,208
"UGA_flucast-INFLAenza",2026-02-14,1.19190637586619,1.11653765688515,21.2642754494147,0.251381118284684,1.25086293087317,1.33383249680408,33.2740384615385,0.38606970837573,0.298076923076923,0.836538461538462,208
"UGA_flucast-INFLAenza",2026-02-21,1.34084841311093,1.1375301442549,22.2862756479933,0.258642100435548,1.5051690010106,1.40218998324049,35.6923076923077,0.395034700103945,0.288461538461538,0.846153846153846,208
"UGA_flucast-INFLAenza",2026-02-28,1.07504666478985,0.921170732193784,15.4874783758361,0.182676874751082,1.33921139412169,1.27015983747503,25.5552884615385,0.288124102954407,0.418269230769231,0.951923076923077,208
"UGA_flucast-INFLAenza",2026-03-07,0.781727594879975,0.816229522400835,12.1591224707358,0.193935382222583,0.854357661136661,0.951419204563333,18.7980769230769,0.287262172530433,0.485576923076923,0.942307692307692,208
"UGA_flucast-INFLAenza",2026-03-14,0.558645738728909,0.637302043854852,8.92180612458194,0.157252957098669,0.533461622049243,0.700750624211333,12.8629807692308,0.239823281514773,0.634615384615385,0.961538461538462,208
"UGA_flucast-INFLAenza",2026-03-21,0.653549984010074,0.650545381581502,9.9153072951505,0.173670163687947,0.737485743685891,0.776317078056941,15.9807692307692,0.281436121620994,0.471153846153846,0.966346153846154,208
"UGA_flucast-INFLAenza",2026-03-28,0.626305218718837,0.753408208725724,15.619695882107,0.35448075267467,0.592883043823335,0.770278767792552,23.125,0.518097084702462,0.317307692307692,0.754807692307692,208
"UGA_flucast-INFLAenza",2026-04-04,0.676649518484531,0.789518203302045,13.4096943770903,0.360936536525809,0.626294823462775,0.776148139776304,20.0264423076923,0.512348022886277,0.355769230769231,0.793269230769231,208
"UGA_flucast-INFLAenza",2026-04-11,0.69879243598307,0.755349254178611,11.1005603365385,0.355180456622716,0.717135735982461,0.856783592161155,16.4639423076923,0.525428880400488,0.365384615384615,0.774038461538462,208
"UGA_flucast-INFLAenza",2026-04-18,0.638531658676077,0.626836166191947,7.61853851379599,0.278876903336807,0.783261902922021,0.853780479865268,11.8076923076923,0.427338531058829,0.4375,0.870192307692308,208
"UGA_flucast-INFLAenza",2026-04-25,0.625308551835575,0.528443447952858,5.73922248118729,0.23382635654042,0.88017632229035,0.73587970871996,9.04326923076923,0.352136220474928,0.543269230769231,0.908653846153846,208
"UGA_flucast-INFLAenza",2026-05-02,0.552060282940968,0.499945032835088,4.70338298494983,0.219345548507472,0.84360387601312,0.756886949831015,7.50240384615385,0.337325012251326,0.567307692307692,0.932692307692308,208
"UGA_flucast-INFLAenza",2026-05-09,0.576944121851507,0.533952496129939,4.67196242683946,0.229719561324763,0.901657343863822,0.84900639914222,7.56971153846154,0.365040062958829,0.490384615384615,0.942307692307692,208
"UGA_flucast-INFLAenza",2026-05-16,0.538279515901799,0.495341708547937,4.74450049122074,0.224778881849772,0.829610336908803,0.843522624490406,7.32451923076923,0.348731262938674,0.533653846153846,0.942307692307692,208
"UGA_flucast-INFLAenza",2026-05-23,0.565756514523243,0.647594247419964,4.58759123118729,0.303110695972107,0.923411893640786,1.00936786704335,7.43509615384615,0.471604794337848,0.451923076923077,0.923076923076923,208
"UGA_flucast-INFLAenza",2026-05-30,0.537930306464893,0.573792469248774,4.49097676630435,0.283982197771534,0.811380902355328,0.819835188458141,7.03365384615385,0.4521008114959,0.418269230769231,0.908653846153846,208
"UGA_flucast-INFLAenza",2026-06-06,0.572961338481877,0.663515047584186,4.58298906075808,0.328420121977588,1.04907641990644,1.09067083325626,7.21794871794872,0.505912295981799,0.461538461538462,0.897435897435897,156
"UGA_flucast-INFLAenza",2026-06-13,0.469687385566897,0.625657491213706,4.39783752090301,0.363954565199639,0.903878229066433,0.965251197752734,7.08173076923077,0.569951336794146,0.355769230769231,0.884615384615385,104
"UGA_flucast-INFLAenza",2026-06-20,0.550260216054816,0.685500804299045,3.72686344063545,0.325798218845452,1.04632063775155,1.08908328100262,5.90384615384615,0.506085983482962,0.5,0.923076923076923,104
"UGA_flucast-INFLAenza",2026-06-27,0.539330095610082,0.45522992307692,2.9595114548495,0.210303965575134,0.953664431722624,0.743308136395579,4.56730769230769,0.322147438319882,0.596153846153846,0.932692307692308,104
"UGA_flucast-INFLAenza",2026-07-04,0.540285550664764,0.509592125239036,3.19808779264214,0.234773180140922,0.956897682745475,0.91756785259427,5.27884615384615,0.393121378458715,0.480769230769231,0.993589743589744,156
"UGA_flucast-INFLAenza",2026-07-11,0.579497873413919,0.446224399186575,4.18459299749164,0.221842601197586,0.847753205790559,0.698320745910139,6.89903846153846,0.345615060461716,0.557692307692308,0.980769230769231,208
"UGA_flucast-INFLAenza",2026-07-18,0.580461877416069,0.490355518752625,4.23124152382943,0.240167036462233,0.764920582513609,0.761093917493271,7.16105769230769,0.395664499963618,0.471153846153846,0.985576923076923,208
"UGA_flucast-INFLAenza",2026-07-25,0.588347354681825,0.473377671893228,5.37903448996655,0.240401419323927,0.687945435244783,0.684801697263214,8.38221153846154,0.365258123920889,0.634615384615385,0.942307692307692,208
"UGA_flucast-INFLAenza",2026-08-01,0.572333371381238,0.452300764517327,5.64791315844482,0.211059019376777,0.657032030532914,0.595256112258882,9.39423076923077,0.337183630913021,0.610576923076923,0.961538461538462,208
"UGA_flucast-INFLAenza",2026-08-08,0.498371845510864,0.446600729939459,5.14603018394649,0.203922740435952,0.577832538402665,0.689424547391773,8.77163461538461,0.338856778994345,0.576923076923077,0.995192307692308,208
"UGA_flucast-INFLAenza",2026-08-15,0.495200705732856,0.42954149583486,5.48272845944816,0.208395545088629,0.495969614961828,0.517523342704639,8.71153846153846,0.32595737970416,0.548076923076923,0.985576923076923,208
"UGA_flucast-INFLAenza",2026-08-22,0.582846287673706,0.434171780637895,8.6481256270903,0.213371957515848,0.577214614450517,0.528723678784462,13.2852564102564,0.332158094427534,0.66025641025641,0.942307692307692,156
"UGA_flucast-INFLAenza",2026-08-29,0.694084875032147,0.528235014540962,14.3406519788183,0.242482856681377,0.733636906931035,0.613586992402447,22.8942307692308,0.379905562139927,0.474358974358974,0.897435897435897,156
"UGA_flucast-INFLAenza",2026-09-05,0.743136846968374,0.575472131018794,15.6515404821628,0.248416059414282,0.806338645562051,0.656175400299003,25.5544871794872,0.392395417674253,0.346153846153846,0.884615384615385,156
"UGA_flucast-INFLAenza",2026-09-12,0.76809045316463,0.515216225857293,16.3061321070234,0.222812623356884,0.872689629887624,0.688650500556871,26.1009615384615,0.35258918559428,0.432692307692308,0.913461538461538,104
"UGA_flucast-INFLAenza",2026-09-19,0.743580651918008,0.537720118969456,16.5776429487179,0.247384337173917,0.929083982260183,0.810175500297971,25.9583333333333,0.392051808158714,0.448717948717949,0.846153846153846,156
"UGA_flucast-INFLAenza",2026-09-26,0.665302910655812,0.519770000592265,12.6314563545151,0.232131518225814,1.08736360909014,0.890749119149938,19.5833333333333,0.37210393160732,0.429487179487179,0.897435897435897,156
"UM-DeepOutbreak",2025-11-22,1.2156633432899,1.06940243011089,10.8514071430874,0.256138645962915,1.20797552260342,0.932038405422005,14.6156485508654,0.301887314045345,0.807692307692308,0.980769230769231,52
"UM-DeepOutbreak",2025-11-29,1.22173771868404,1.06181720909688,12.579004886663,0.2745156363636,1.11126018484866,0.955046143271969,16.0330214250481,0.321722175532575,0.759615384615385,0.990384615384615,104
"UM-DeepOutbreak",2025-12-06,1.05401703944333,0.954856851149793,17.0918904034133,0.308694190798589,0.919228028671989,0.785462431609011,23.426529930047,0.345758075886556,0.653846153846154,0.955128205128205,156
"UM-DeepOutbreak",2025-12-13,1.10781658991165,0.970282606300021,21.1216393850963,0.333959167591765,0.975202477676758,0.811687263162119,29.7514930515184,0.37173258181133,0.682692307692308,0.961538461538462,208
"UM-DeepOutbreak",2025-12-20,0.898491364432069,0.892308121774348,23.1829231409526,0.319261809266603,0.724347207140342,0.747853378493271,30.4070932580168,0.36319528942856,0.610576923076923,0.913461538461538,208
"UM-DeepOutbreak",2025-12-27,0.806860799296058,0.747439716921286,37.1484987288774,0.359382565488252,0.699142316195824,0.630368600581138,50.2837578913181,0.437599739997667,0.418269230769231,0.730769230769231,208
"UM-DeepOutbreak",2026-01-03,0.811101005093624,0.727029192074621,48.7519725104002,0.343107745270017,0.700284633959669,0.607237216617812,61.7776865106851,0.401522927548462,0.413461538461538,0.634615384615385,208
"UM-DeepOutbreak",2026-01-10,0.878115071239133,0.897404888961522,28.5491381644552,0.269296054673769,0.821427701392011,0.725463976456299,41.0991974552885,0.300240264593227,0.509615384615385,0.836538461538462,208
"UM-DeepOutbreak",2026-01-17,1.68907378207041,1.47367371852023,33.5756914004352,0.289937909555447,1.85550819204556,1.59240806140015,50.3000039379728,0.37496873103789,0.519230769230769,0.822115384615385,208
"UM-DeepOutbreak",2026-01-24,1.91680651227102,1.58411920574952,37.9890323865217,0.298394046653147,2.15692832103597,1.77033149723453,59.1140931696154,0.419227376179592,0.5,0.802884615384615,208
"UM-DeepOutbreak",2026-01-31,1.67432481308747,1.42726547913883,36.2324471232188,0.298684798090808,1.79580131200594,1.46035069683287,55.7926293386779,0.408024008654238,0.528846153846154,0.850961538461538,208
"UM-DeepOutbreak",2026-02-07,1.5386273975927,1.63666752036761,27.2511076530694,0.316708842667235,1.61609314861934,1.46609273754361,41.2180276489583,0.364370273515598,0.586538461538462,0.9375,208
"UM-DeepOutbreak",2026-02-14,1.53955705735393,1.84649531797494,29.3865217159989,0.418335065150493,1.42282097296362,1.50067323121219,42.2196664349509,0.47145215199142,0.506410256410256,0.92948717948718,156
"UM-DeepOutbreak",2026-02-21,1.5701836747981,1.56907997856688,26.6883780748015,0.36251857389173,1.56967457185176,1.41038879259606,40.1435106962714,0.43526198351518,0.551282051282051,0.903846153846154,156
"UM-DeepOutbreak",2026-02-28,1.36134832405657,1.59335684405155,18.7621475595467,0.312428002604365,1.45747899534875,1.44543164695262,26.5454553168205,0.334285733925583,0.737179487179487,0.980769230769231,156
"UM-DeepOutbreak",2026-03-07,1.27427887272032,1.19861782507255,17.8296924536896,0.261658226345699,1.34119051009319,1.20189059727902,26.141613496734,0.33029754320532,0.698717948717949,0.974358974358974,156
"UM-DeepOutbreak",2026-03-14,1.3352346808819,1.22194610846247,20.5857684435553,0.288990664585254,1.44795634842633,1.21552436996458,32.7896551984505,0.385114652280756,0.706730769230769,0.985576923076923,208
"UM-DeepOutbreak",2026-03-21,1.28849441017813,1.17351311870217,19.8140216721986,0.311157964246121,1.37485247988637,1.09759229065945,30.9756211504753,0.404369368540347,0.740384615384615,0.995192307692308,208
"UM-DeepOutbreak",2026-03-28,1.00146803959345,1.06757847616843,24.1396275173556,0.464165656171322,1.16896941102717,1.11445706514546,43.2553723149678,0.697498032342363,0.581730769230769,0.975961538461538,208
"UM-DeepOutbreak",2026-04-04,1.00944260881388,1.07913752906469,19.4640187928053,0.46659627143926,1.05385571890796,1.01093594567983,32.8181913012577,0.637993541184034,0.706730769230769,1,208
"UM-DeepOutbreak",2026-04-11,1.0145899856444,1.13635479499574,14.9497257881343,0.485556147571266,1.02405311618115,1.04147355108571,22.2751072613615,0.603236573204404,0.778846153846154,0.995192307692308,208
"UM-DeepOutbreak",2026-04-18,1.17038593782496,1.2395226721792,13.1437964518778,0.503204155311082,1.32458083968009,1.24239479875804,18.5390468735355,0.578526897574246,0.831730769230769,1,208
"UM-DeepOutbreak",2026-04-25,1.29539346163971,1.15916943301292,12.2011958007414,0.499918226120059,1.51295862749848,1.08265946324396,16.2610914645103,0.526672279426762,0.817307692307692,1,208
"UM-DeepOutbreak",2026-05-02,1.31482603446252,1.13903016927759,12.7038208471286,0.533757102210945,1.45417615427117,1.09420194511712,15.1802131111511,0.55067837585264,0.858974358974359,1,156
"UM-DeepOutbreak",2026-05-09,1.39453855942581,1.09673613871537,11.9678915025084,0.480461247028434,1.71694858739404,1.12735016683838,15.380990368699,0.518666336867119,0.871794871794872,0.987179487179487,156
"UM-DeepOutbreak",2026-05-16,1.22865546037671,1.04611710328546,10.3655744541261,0.441303336027921,1.39993407377374,1.1558920956578,13.2841304860357,0.524640450106269,0.833333333333333,1,156
"UM-DeepOutbreak",2026-05-23,1.26342370249633,1.02127559444012,9.4517007270765,0.452357101120582,1.72067093582888,1.37844298515264,13.2634077945996,0.641642870680441,0.814102564102564,1,156
"UM-DeepOutbreak",2026-05-30,1.44155092959052,1.11461966039163,12.9273121437701,0.530713894437143,2.12642769564086,1.41028201588967,19.2790703557423,0.754430249390481,0.82051282051282,1,156
"UM-DeepOutbreak",2026-06-06,1.58685470866132,1.10044364690926,15.3054755842211,0.60475329903577,3.31124220440596,2.1437672579673,24.5045532249302,1.0042198144102,0.846153846153846,1,104
"UM-DeepOutbreak",2026-06-13,1.62840212529071,1.19452992106584,16.1425339733194,0.664488600838922,3.17683635298696,1.9000999542653,25.3311513503289,1.06806821085143,0.865384615384615,1,52
"UMass-ar6_pooled",2025-10-04,NA,NA,29.7752297996453,0.215997806744097,NA,NA,50.8314258055014,0.372702708828506,0.326923076923077,0.980769230769231,52
"UMass-ar6_pooled",2025-10-11,NA,NA,44.553973228238,0.318472747595085,NA,NA,74.5625529465722,0.537487169944921,0.211538461538462,0.961538461538462,52
"UMass-ar6_pooled",2025-10-18,NA,NA,57.6377994982835,0.451794317940743,NA,NA,93.9189689012441,0.73085104012229,0.192307692307692,0.865384615384615,52
"UMass-ar6_pooled",2025-11-22,0.904702004877431,0.85938477009745,8.04841928399157,0.202846027137114,0.942447077016658,0.95371490080766,11.3734319098428,0.303871163816834,0.557692307692308,0.903846153846154,52
"UMass-ar6_pooled",2025-11-29,0.825314146575863,0.766339097286476,8.66729752897976,0.203935090029059,0.833857829094139,0.896170219233988,12.237038851785,0.312261035628833,0.576923076923077,0.951923076923077,104
"UMass-ar6_pooled",2025-12-06,0.815394916608522,0.741571227121467,13.1759907806531,0.246536241773934,0.836401473590045,0.879711931943739,20.6244367968966,0.38520247470796,0.487179487179487,0.955128205128205,156
"UMass-ar6_pooled",2025-12-13,0.801910516099243,0.693587534157128,14.9798430167273,0.242867042394198,0.799831124987661,0.820396046258311,22.9757247232788,0.364318489304052,0.576923076923077,0.961538461538462,208
"UMass-ar6_pooled",2025-12-20,0.764364978838242,0.664101422388676,21.279389320692,0.255491532493269,0.754945407378987,0.760995460692827,34.4839576926206,0.384969450017482,0.495192307692308,0.932692307692308,208
"UMass-ar6_pooled",2025-12-27,0.791140460395305,0.699315960697299,38.9756451687734,0.364754223423837,0.791252133169753,0.774835256717352,59.3464455229637,0.559918846765876,0.336538461538462,0.807692307692308,208
"UMass-ar6_pooled",2026-01-03,0.762605982257087,0.671927757814293,49.5087689086121,0.347582974831599,0.754706041323542,0.718669425038983,74.4906941409218,0.533946142180115,0.274038461538462,0.788461538461538,208
"UMass-ar6_pooled",2026-01-10,0.75791259754022,0.656843328298816,27.0686011990506,0.215535490153595,0.760645534741035,0.730811983333293,43.0178978280214,0.334886324525022,0.533653846153846,0.956730769230769,208
"UMass-ar6_pooled",2026-01-17,1.33511377623258,1.0267607751967,27.4927727765478,0.2074968936531,1.55188231849014,1.33450724715864,43.1707184924798,0.318642429648816,0.524038461538462,0.975961538461538,208
"UMass-ar6_pooled",2026-01-24,1.8059299287818,1.2493414236814,35.1664055373511,0.233914872324853,2.08149124029922,1.60650550202837,56.4610087476783,0.379827818026616,0.471153846153846,0.9375,208
"UMass-ar6_pooled",2026-01-31,1.64312140757556,1.18384188646373,36.5551423180344,0.257526323265535,1.78400384818366,1.38748194399793,58.3705412956151,0.399567865485104,0.456730769230769,0.951923076923077,208
"UMass-ar6_pooled",2026-02-07,1.03999530800131,0.908922023281091,15.7562575822879,0.179292908149052,1.03151912381419,1.04103921731835,21.8997873861841,0.248408053597758,0.705128205128205,0.967948717948718,156
"UMass-ar6_pooled",2026-02-14,0.967015768725158,0.862640671351336,17.9229349843311,0.201161884291634,0.938900285580036,0.973971463022595,26.0219404495981,0.294071821407366,0.716346153846154,0.956730769230769,208
"UMass-ar6_pooled",2026-02-21,0.985936902463976,0.882308401844719,16.2522709304776,0.202504689813801,0.941355929321764,0.985164916269161,22.6017071330439,0.286835502385197,0.711538461538462,0.971153846153846,208
"UMass-ar6_pooled",2026-02-28,0.960964310446185,0.874082900287117,13.6789853309566,0.175482875445215,0.925372912796662,1.06823405520526,17.117529242052,0.242281447134877,0.802884615384615,0.995192307692308,208
"UMass-ar6_pooled",2026-03-07,1.02912948438687,0.95008779424862,15.3137915424948,0.217216641779594,1.07044044321141,1.14942216183066,21.9878667953827,0.334018887058876,0.605769230769231,0.985576923076923,208
"UMass-ar6_pooled",2026-03-14,1.07337050018231,0.945223583085855,16.8299120362802,0.228598306598687,1.12473493379355,1.13531722716666,26.0795450711096,0.374907285375232,0.5625,0.985576923076923,208
"UMass-ar6_pooled",2026-03-21,1.05237961191948,0.912846402142973,17.1738733343226,0.256598341954078,1.13901849957531,1.08277724120807,26.9161391100951,0.418938744353167,0.480769230769231,0.975961538461538,208
"UMass-ar6_pooled",2026-03-28,1.1069218525959,0.99835441062608,27.9213455584389,0.465515637711157,1.15473533144043,1.13004206951466,43.9848832298753,0.725884403536872,0.302884615384615,0.817307692307692,208
"UMass-ar6_pooled",2026-04-04,1.10011332158664,0.981041223541173,21.9575951918255,0.443442156620943,1.1086927156033,1.07769372082397,35.0403006308767,0.691356257327507,0.384615384615385,0.894230769230769,208
"UMass-ar6_pooled",2026-04-11,1.02235105854114,0.892772423525315,16.84354708442,0.421032428725946,1.1029802661447,1.06998215021183,26.5078903163298,0.662158483841036,0.471153846153846,0.918269230769231,208
"UMass-ar6_pooled",2026-04-18,0.973046998321238,0.820387094463691,11.7909463144788,0.358392522813382,1.14354280134765,1.09635479960392,17.6932980007925,0.547595260276378,0.591346153846154,0.956730769230769,208
"UMass-ar6_pooled",2026-04-25,0.865867687447163,0.76674654507202,8.31461425208185,0.357796644417843,1.08803890031672,1.03520799899196,12.0536107240143,0.53790990837517,0.600961538461538,0.975961538461538,208
"UMass-ar6_pooled",2026-05-02,0.81236764274814,0.706849008572914,7.33834693795538,0.332608183094942,0.982598582610698,0.951512305466909,9.52114365485816,0.472326123876384,0.711538461538462,0.975961538461538,208
"UMass-ar6_pooled",2026-05-09,0.894674200942319,0.69306438717015,7.91925317701793,0.325826821030811,1.09796078885365,0.910316273556737,10.9688452833648,0.468621962587897,0.692307692307692,0.985576923076923,208
"UMass-ar6_pooled",2026-05-16,1.02549786759399,0.73874425496537,9.05099204794737,0.33558250600276,1.56457050678213,1.26723286772238,13.7067865131917,0.518557681222075,0.596153846153846,0.980769230769231,208
"UMass-ar6_pooled",2026-05-23,1.06456756953139,0.83973650755924,9.33391014852863,0.403209998209384,1.60479372447368,1.33111263754276,14.3458578911289,0.647233248360608,0.572115384615385,0.990384615384615,208
"UMass-ar6_pooled",2026-05-30,1.18217454633406,0.872621308074026,9.63438909435429,0.40638702348264,1.82059975564769,1.33729462175437,14.9706343982233,0.673637494167486,0.552884615384615,0.985576923076923,208
"UMass-ar6_pooled",2026-06-06,1.03023225813785,0.831936858603644,8.33493979376165,0.417475758822084,1.63448947644394,1.31789212893258,12.8196827430004,0.695864295397793,0.572115384615385,0.995192307692308,208
"UMass-ar6_pooled",2026-06-13,1.0142191841085,0.816766121368527,7.42642801800318,0.412973899693866,1.77634270248382,1.31768279367038,10.9162993809105,0.660698217539693,0.649038461538462,0.990384615384615,208
"UMass-ar6_pooled",2026-06-20,0.959821450287929,0.792114671186712,6.95055799722706,0.415525131279214,1.58844511396809,1.2310185061046,10.0127331031587,0.663401884879975,0.6875,0.990384615384615,208
"UMass-ar6_pooled",2026-06-27,0.923749022663017,0.752108695055971,6.40077372873973,0.373088336506839,1.64777352289666,1.30468523759561,9.33902430859015,0.57954072285967,0.725961538461538,0.995192307692308,208
"UMass-ar6_pooled",2026-07-04,0.825385022670309,0.717496856860115,5.72913742383203,0.365490780171273,1.16990526732051,1.18423243615057,7.49869497101593,0.57107401326886,0.769230769230769,1,208
"UMass-ar6_pooled",2026-07-11,0.78608518215459,0.667928862328274,5.88302428857285,0.347711354178308,0.923349423126308,0.947564424953612,7.97317179425802,0.503568350950313,0.8125,0.995192307692308,208
"UMass-ar6_pooled",2026-07-18,0.737088136351936,0.649304709445654,5.78546183742242,0.340102037571682,0.74015052848565,0.878427029645154,7.38357957044722,0.495247474901844,0.75,1,208
"UMass-ar6_pooled",2026-07-25,0.725476658287052,0.655244693465607,6.94283816401595,0.350206209570047,0.709317447294996,0.895096826486406,9.14775639470699,0.517065961776053,0.774038461538462,0.975961538461538,208
"UMass-ar6_pooled",2026-08-01,0.68454741377216,0.616693926947225,7.04557370988619,0.305538151071525,0.70677453044938,0.702946798859723,10.2918611660024,0.410646897085335,0.807692307692308,0.995192307692308,208
"UMass-ar6_pooled",2026-08-08,0.663897728006421,0.596516330951302,7.17686177870993,0.288185639944726,0.656913886454442,0.788588647932314,10.2218678620167,0.402590631033251,0.802884615384615,1,208
"UMass-ar6_pooled",2026-08-15,0.639114946787369,0.552158203674685,8.01505092887448,0.28926780780644,0.531292120942699,0.568605178952869,10.520706023492,0.375589211583983,0.833333333333333,1,156
"UMass-ar6_pooled",2026-08-22,0.675717980575927,0.585635983767731,11.1630760444724,0.314127530284814,0.600379909422406,0.629907759063619,15.420503938439,0.419525781556649,0.826923076923077,0.990384615384615,104
"UMass-ar6_pooled",2026-08-29,0.685036253419706,0.625524961343981,14.1227490034021,0.292075640082186,0.732485435570554,0.714850069165879,22.209210547597,0.439350899072928,0.605769230769231,0.971153846153846,104
"UMass-ar6_pooled",2026-09-05,0.685651008583911,0.626866706909693,13.6302478448754,0.260548042410077,0.758238159863663,0.726203171823968,22.0902773615267,0.407965471512788,0.586538461538462,0.951923076923077,104
"UMass-ar6_pooled",2026-09-12,0.724216630889662,0.576184283894154,13.9715794124116,0.235003892564898,0.781746669519851,0.720269044371052,20.8039903731495,0.341634938637643,0.705128205128205,0.961538461538462,156
"UMass-ar6_pooled",2026-09-19,0.69944403998833,0.565749531449337,15.5677808822935,0.265825439814765,0.846578493449381,0.826600362941417,23.1420341489453,0.397005020459439,0.600961538461538,0.961538461538462,208
"UMass-ar6_pooled",2026-09-26,0.641424406472053,0.535721230141789,14.4703830945816,0.27053234244784,0.997163111437506,0.890393518465764,21.3342923091278,0.418218325147078,0.591346153846154,0.975961538461538,208
"UMass-gbqr",2025-10-04,NA,NA,29.9808941043107,0.22866307596919,NA,NA,48.4174895083009,0.37055062172978,0.230769230769231,0.923076923076923,52
"UMass-gbqr",2025-10-11,NA,NA,41.8029278095204,0.324976226641192,NA,NA,68.9563034905965,0.52736121743336,0.173076923076923,0.923076923076923,52
"UMass-gbqr",2025-10-18,NA,NA,51.9992313317475,0.463666686202282,NA,NA,82.5219305991425,0.712923602280825,0.134615384615385,0.826923076923077,52
"UMass-gbqr",2025-11-22,0.878581810805514,0.829886722331531,7.85200018469068,0.196689256549681,1.03240845458716,0.954585189668981,12.4758640328717,0.306287812407478,0.307692307692308,0.884615384615385,52
"UMass-gbqr",2025-11-29,0.781011254611751,0.705716307621924,8.16013837996994,0.186581494168501,0.882761714247211,0.854363491021289,12.9104477795752,0.294425040595017,0.394230769230769,0.903846153846154,104
"UMass-gbqr",2025-12-06,0.77734312259417,0.646215918095212,13.4611455656511,0.22889679478106,0.75900843350908,0.732419491513296,20.3243416212291,0.346563277898407,0.288461538461538,0.826923076923077,156
"UMass-gbqr",2025-12-13,0.792194172877674,0.63485223820946,15.6695602318374,0.231255753837881,0.768918128658948,0.749120543835912,23.4455993591032,0.345291512472459,0.399038461538462,0.8125,208
"UMass-gbqr",2025-12-20,0.823222623561448,0.652280725305592,23.4788613133154,0.25123486481979,0.750497496621681,0.746901414970096,34.1726377933593,0.373971589093728,0.293269230769231,0.754807692307692,208
"UMass-gbqr",2025-12-27,0.891282288319726,0.749127123188238,44.526553579799,0.391596007957142,0.793997479448285,0.767958137652395,58.9770552377054,0.545803226709751,0.192307692307692,0.528846153846154,208
"UMass-gbqr",2026-01-03,0.879477386889689,0.746984402913133,58.1065737045994,0.389594836077096,0.820894942139624,0.777828391081765,76.226953079036,0.541003022406178,0.182692307692308,0.528846153846154,208
"UMass-gbqr",2026-01-10,0.882560991386138,0.715139775482166,32.1089313413047,0.235153482139361,0.852723532654706,0.798092038898366,46.4444519737256,0.351520630818485,0.389423076923077,0.793269230769231,208
"UMass-gbqr",2026-01-17,1.30203110409933,1.0043355227976,26.2404291457785,0.195841409489528,1.56059091247164,1.32320994117212,42.8092944361685,0.30824680474768,0.423076923076923,0.903846153846154,208
"UMass-gbqr",2026-01-24,1.47255083616973,1.12406804324045,27.3312298301803,0.202516258365942,1.75980193393754,1.47531630728763,45.3413944157009,0.335644599669395,0.375,0.942307692307692,208
"UMass-gbqr",2026-01-31,1.30789207605788,0.965590544631669,27.3032234697653,0.203549053381897,1.46421102418511,1.13785964092309,44.5008213337436,0.316764628802395,0.432692307692308,0.927884615384615,208
"UMass-gbqr",2026-02-07,0.936257565768935,0.722714988644751,14.0730723678464,0.14080661998651,1.01488232634733,0.900956105190373,21.2397667375863,0.212025738021836,0.615384615384615,0.935897435897436,156
"UMass-gbqr",2026-02-14,0.921666546567781,0.74991249245932,16.6850234811377,0.169262270339504,0.932995489599812,0.873794294339464,25.3370449536341,0.255475176224303,0.447115384615385,0.903846153846154,208
"UMass-gbqr",2026-02-21,1.02801839031107,0.76768879963818,16.7806400680685,0.172131176812131,1.08056037767564,0.945630184387976,25.5991859522555,0.267281274609607,0.466346153846154,0.923076923076923,208
"UMass-gbqr",2026-02-28,0.859473829187479,0.744137018234752,12.2734968362978,0.149660950039378,0.985993625731281,0.993114639846546,18.7898377248447,0.230916238294414,0.528846153846154,0.956730769230769,208
"UMass-gbqr",2026-03-07,0.832756856335963,0.838890875828281,12.0828370184046,0.191105335104831,0.951349199577786,1.02295666143712,19.2691971092955,0.292580105023718,0.461538461538462,0.947115384615385,208
"UMass-gbqr",2026-03-14,0.773992167828196,0.764990463815885,11.6858256249043,0.178344252710892,0.843347101004711,0.908583377216555,18.8463296877619,0.28857682430377,0.456730769230769,0.956730769230769,208
"UMass-gbqr",2026-03-21,0.810638663823029,0.761265035331095,12.7688614743035,0.210933263411257,0.878699569867736,0.861628174431743,20.1363197453988,0.32726461191038,0.423076923076923,0.9375,208
"UMass-gbqr",2026-03-28,0.977856438048886,0.985445910336214,24.225349636792,0.458107567138306,0.976007347287402,1.05475485830354,35.8744133040723,0.663360274571022,0.168269230769231,0.639423076923077,208
"UMass-gbqr",2026-04-04,0.980155553245991,0.987121476527504,19.3225813595762,0.446536753252935,0.939736702850339,1.01613507139897,29.1378890286028,0.649221974802994,0.274038461538462,0.774038461538462,208
"UMass-gbqr",2026-04-11,0.945249079902609,0.918961257664383,15.422775258277,0.441716053156458,1.04865271891608,1.09349671165238,24.303952137401,0.678395833671615,0.278846153846154,0.788461538461538,208
"UMass-gbqr",2026-04-18,0.906943628980606,0.819132105558569,10.9773153741417,0.365105833942805,1.15928175150544,1.15720126468584,17.8733472100017,0.584655682282642,0.370192307692308,0.903846153846154,208
"UMass-gbqr",2026-04-25,0.807734812104707,0.635663812233889,7.72015633220641,0.296942932206913,1.16504943910384,0.908703972521249,12.7440775872402,0.467004062480967,0.432692307692308,0.942307692307692,208
"UMass-gbqr",2026-05-02,0.822123270906165,0.654086782546537,7.56772537386708,0.311406712759373,1.20759582676093,0.978193997906465,11.9625679874403,0.487958467218013,0.451923076923077,0.923076923076923,208
"UMass-gbqr",2026-05-09,0.918133104624775,0.66357762918139,8.47451155382196,0.321136089093393,1.29006531332929,0.953951036944393,13.3211263990373,0.499655494046335,0.475961538461538,0.923076923076923,208
"UMass-gbqr",2026-05-16,0.983441293559032,0.7392442328039,8.96290640125842,0.347361976340468,1.57550563732905,1.28204444984243,14.5216059579612,0.548682851474954,0.379807692307692,0.903846153846154,208
"UMass-gbqr",2026-05-23,0.996704187497447,0.884757515141953,8.95758637049797,0.440483985092598,1.52708087911855,1.33622835423949,14.3579391063187,0.68619378498,0.3125,0.855769230769231,208
"UMass-gbqr",2026-05-30,1.10958754689871,0.872714296511886,9.24502886766805,0.418126461472665,1.74546193482047,1.27163376269892,14.8034736474331,0.661680362570346,0.302884615384615,0.875,208
"UMass-gbqr",2026-06-06,0.954974768486836,0.863733774227574,7.74605746058744,0.438218939498531,1.58344790999947,1.31881348992037,12.4004877440325,0.70007958795637,0.350961538461538,0.889423076923077,208
"UMass-gbqr",2026-06-13,0.862865923712701,0.834786004797179,6.42248879677285,0.433726056516582,1.67065813513275,1.34308465498947,10.3707367522099,0.689058868451041,0.447115384615385,0.903846153846154,208
"UMass-gbqr",2026-06-20,0.750204965960016,0.775926076652114,5.50034715964251,0.413703010067775,1.33701713353099,1.19951366115009,8.53910003347,0.652302161369676,0.461538461538462,0.927884615384615,208
"UMass-gbqr",2026-06-27,0.696093674047251,0.610158644701723,4.72975267354477,0.30400109675788,1.23505382478425,1.03916894690336,7.16444067189844,0.484637390222862,0.538461538461538,0.980769230769231,208
"UMass-gbqr",2026-07-04,0.633823242337563,0.616017656377368,4.10170510935003,0.300479492390439,1.01858169101635,1.00995835820211,6.13371110738392,0.457083061840537,0.581730769230769,0.980769230769231,208
"UMass-gbqr",2026-07-11,0.675217817329345,0.584392455187487,4.7940847026036,0.289002480440227,0.919395783826622,0.892405545448529,7.48652574270073,0.441690858642856,0.625,0.956730769230769,208
"UMass-gbqr",2026-07-18,0.658409757988202,0.579152328901208,4.90207443081436,0.28668289827118,0.790842169075442,0.865248909950515,7.61949525160524,0.459660783585349,0.548076923076923,0.980769230769231,208
"UMass-gbqr",2026-07-25,0.670034825481363,0.588205671160777,6.08925350982081,0.295362169022143,0.781963011274952,0.874396851719729,9.45284940297309,0.459605976774117,0.5625,0.961538461538462,208
"UMass-gbqr",2026-08-01,0.617857708778185,0.561421232115522,6.28419119763106,0.271777958939837,0.696720110561669,0.732369441428952,10.3498180443986,0.430807061835114,0.596153846153846,0.966346153846154,208
"UMass-gbqr",2026-08-08,0.571606629162237,0.5101879166528,6.13888867762452,0.241449763530112,0.623935934719753,0.722650782445864,9.93230120150841,0.365523773512273,0.639423076923077,0.995192307692308,208
"UMass-gbqr",2026-08-15,0.536754423011939,0.483503904872755,6.68313240503706,0.250392099138969,0.496704647486334,0.555486714215999,9.79413033875945,0.367358856913593,0.717948717948718,0.974358974358974,156
"UMass-gbqr",2026-08-22,0.603441472404758,0.507057673772544,9.80378448982557,0.266528209569213,0.534255066543838,0.550930910432093,13.6018268988203,0.363642259881852,0.75,0.942307692307692,104
"UMass-gbqr",2026-08-29,0.704374721827055,0.60674190020373,14.3805888268801,0.277993034265017,0.739476300121793,0.727308093865045,22.4555264723005,0.4420751042026,0.471153846153846,0.903846153846154,104
"UMass-gbqr",2026-09-05,0.718011758495634,0.639619283350056,14.3742323655045,0.266155889858808,0.727879085775615,0.740785328208642,21.2912468040309,0.419709829886575,0.394230769230769,0.875,104
"UMass-gbqr",2026-09-12,0.716195431919715,0.54644437560554,13.742422887063,0.22082375069715,0.791774388679655,0.741099549308673,21.1103898221009,0.351491377409622,0.467948717948718,0.92948717948718,156
"UMass-gbqr",2026-09-19,0.665466365094857,0.545811318252135,14.9201382147872,0.254726891629151,0.825145595264531,0.830101365813168,23.2377160099884,0.406834405860681,0.461538461538462,0.903846153846154,208
"UMass-gbqr",2026-09-26,0.606536074531538,0.5235874704728,15.2248656747316,0.278373287087092,0.989865002546017,0.892701518235608,23.6851709717931,0.442595000705376,0.455128205128205,0.935897435897436,156
"ZJU_LeiLab-MPUDE_ens",2026-09-19,0.847293442141783,0.590719141566459,9.93527157190635,0.200446298527753,1.15746927657926,0.987807672297402,15.2332692307692,0.308357102903871,0.557692307692308,0.980769230769231,52
"ZJU_LeiLab-MPUDE_ens",2026-09-26,0.719107668027379,0.551602753926056,10.9739605769231,0.243258123957227,1.15422825106936,0.922440231394954,16.7019230769231,0.386329829293235,0.509615384615385,0.942307692307692,104
