"model_id","wis","ae_median","interval_coverage_50","interval_coverage_95","n"
"CFA_Pyrenew-Pyrenew_E_COVID",0.000463481650498058,0.000723802137799248,0.577380952380952,0.985119047619048,490
"CFA_Pyrenew-Pyrenew_HE_COVID",0.000496585746032381,0.000774674969327881,0.55952380952381,0.976190476190476,490
"CMU-TimeSeries",0.000736183416293303,0.00109145528388542,0.412244897959184,0.857142857142857,980
"CovidHub-baseline",0.000992329611722965,0.001451,0.716,1,1000
"CovidHub-ensemble",0.00057446109922387,0.00086450355500756,0.514285714285714,0.908163265306122,990
"UGA_flucast-INFLAenza",0.000552852708178034,0.000870040986207237,0.506122448979592,0.918367346938776,980
