"model_id","wis","ae_median","interval_coverage_50","interval_coverage_95","n"
"CFA_Pyrenew-Pyrenew_E_COVID",0.000837155530332811,0.00132259351378518,0.544378698224852,0.964497041420118,490
"CFA_Pyrenew-Pyrenew_HE_COVID",0.000851233406595319,0.00134149234006617,0.541176470588235,0.976470588235294,491
"CMU-TimeSeries",0.000740516664544326,0.0011000898202197,0.644897959183673,0.989795918367347,980
"CovidHub-baseline",0.000883371208759288,0.001109,0.83,1,1000
"CovidHub-ensemble",0.000655812514167234,0.000971517671755928,0.671428571428571,0.989795918367347,990
"UGA_flucast-INFLAenza",0.000630597824815834,0.000955448553562386,0.63265306122449,0.979591836734694,980
