"model_id","wis","ae_median","interval_coverage_50","interval_coverage_95","n"
"CFA_Pyrenew-Pyrenew_E_COVID",0.000542461923642499,0.000834262058885538,0.583333333333333,0.982142857142857,490
"CFA_Pyrenew-Pyrenew_HE_COVID",0.000582612721067826,0.000887300345110405,0.570149253731343,0.988059701492537,489
"CMU-TimeSeries",0.000896321199597396,0.00133277705177725,0.375510204081633,0.859183673469388,980
"CovidHub-baseline",0.00111085675412559,0.00168819999049991,0.652,0.998,1000
"CovidHub-ensemble",0.000686094016130209,0.00103147012991865,0.506122448979592,0.918367346938776,990
"UGA_flucast-INFLAenza",0.000634858751532061,0.000986388223140967,0.520408163265306,0.93469387755102,980
