"model_id","wis","ae_median","interval_coverage_50","interval_coverage_95","n"
"CFA_Pyrenew-Pyrenew_E_COVID",0.00074816151182789,0.00117904468878384,0.544910179640719,0.979041916167665,488
"CFA_Pyrenew-Pyrenew_HE_COVID",0.000770186624886638,0.00119497898291785,0.564179104477612,0.97910447761194,489
"CMU-TimeSeries",0.000798846937291904,0.00120193937429115,0.540816326530612,0.973469387755102,980
"CovidHub-baseline",0.000958824044566711,0.0012856,0.786,1,1000
"CovidHub-ensemble",0.000693820989420986,0.00105581514353845,0.585714285714286,0.981632653061224,990
"UGA_flucast-INFLAenza",0.000643154031640304,0.000998093854735112,0.577551020408163,0.975510204081633,980
