"model_id","wis","ae_median","interval_coverage_50","interval_coverage_95","n"
"CFA_Pyrenew-Pyrenew_E_COVID",0.000619166720775511,0.00096565111202101,0.602409638554217,0.97289156626506,486
"CFA_Pyrenew-Pyrenew_HE_COVID",0.000651876586896673,0.000994648837524175,0.586102719033233,0.978851963746224,485
"CMU-TimeSeries",0.000927706832808998,0.00140508122456964,0.408163265306122,0.910204081632653,980
"CovidHub-baseline",0.00110842991084238,0.0016669999904999,0.668,0.998,1000
"CovidHub-ensemble",0.000738269381387763,0.00113159804771096,0.508163265306122,0.961224489795918,990
"UGA_flucast-INFLAenza",0.000678914415999949,0.00105093783953787,0.520408163265306,0.96734693877551,980
