"model_id","location","wis_scaled_relative_skill","wis_scaled_relative_skill__log","wis","wis__log","ae_median_scaled_relative_skill","ae_median_scaled_relative_skill__log","ae_median","ae_median__log","interval_coverage_50","interval_coverage_95","n"
"CADPH-CovidCAT_Ensemble","06",1.17694610389732,0.833789896239391,181.784480157773,0.203474080244677,1.12277264335995,1.04595598687189,260.504050454381,0.290042603490328,0.3,0.5,10
"CEPH-Rtrend_covid","01",0.551540692656662,0.427261188439231,10.6486086956522,0.114617580172492,1.17448923185669,1.15082310561423,15.9,0.167657152577451,0.5,0.8,10
"CEPH-Rtrend_covid","02",1.17060122790708,1.18179415626626,2.56365217391304,0.507844038737913,1.16884593618861,1.02790816504202,3,0.582530792716738,0.3,0.4,10
"CEPH-Rtrend_covid","04",0.48937021344384,0.342067098222941,11.1235652173913,0.128944362580393,1.26792688641679,1.26753412478295,12.1,0.148140170461978,0.9,1,10
"CEPH-Rtrend_covid","05",0.301824290065333,0.285310584417006,2.53878260869565,0.148788195017339,0.797015659956296,0.776078320273004,3.3,0.181880749073229,0.8,1,10
"CEPH-Rtrend_covid","06",1.02876979374584,0.761847672172689,160.452304347826,0.189594428287845,1.00845624844826,0.992777065465127,239.2,0.284662186224295,0.3,0.6,10
"CEPH-Rtrend_covid","08",0.527420236217908,0.391107702261858,7.3294347826087,0.223964827991518,1.04727571985285,1.06576754136798,12.7,0.37695106569646,0.4,1,10
"CEPH-Rtrend_covid","09",0.805541369063919,0.469550695403597,11.9789565217391,0.313221187309157,0.694642076857172,0.549602618578593,18.4,0.491640634733709,0.4,0.6,10
"CEPH-Rtrend_covid","10",0.774218872487617,0.51527328646375,3.87226086956522,0.277677717596058,1.05065835199756,0.755396061893308,5.2,0.358639727853897,0.5,0.6,10
"CEPH-Rtrend_covid","11",1.01885399891465,0.769629763036896,5.41091304347826,0.580246877835449,0.729862245969526,0.626407623703602,6.9,0.776593056610288,0,0.4,10
"CEPH-Rtrend_covid","12",0.310205652118889,0.198956481452931,29.511652173913,0.0488645399878157,1.2653009851673,1.2553074023652,40.3,0.069315319793887,0.9,1,10
"CEPH-Rtrend_covid","13",0.166355957563297,0.133066346597647,7.81486956521739,0.0741729628257813,Inf,Inf,12.5,0.1193313977604,0.4,1,10
"CEPH-Rtrend_covid","15",0.85270405739585,0.715915547517476,6.08626086956522,0.167469091832419,0.943566453396609,0.913251736539993,9,0.244590224347608,0.4,0.7,10
"CEPH-Rtrend_covid","16",0.520400042899766,0.454703997115979,2.31804347826087,0.166986814990561,1.05547529040471,1.04200737917229,3.2,0.227933391263182,0.4,0.6,10
"CEPH-Rtrend_covid","17",0.27682134730051,0.156179321984965,7.00839130434783,0.0977313147926104,0.6757083865269,0.546080541277935,7.4,0.104780105536549,0.8,1,10
"CEPH-Rtrend_covid","18",0.573809612661414,0.406320505010349,10.2501739130435,0.251606085908608,1.74376846598357,1.43639064248962,15.9,0.395697573391388,0.3,0.8,10
"CEPH-Rtrend_covid","19",0.261629588531833,0.201102876965167,2.07730434782609,0.107579121552322,NA,NA,3,0.162674119188216,0.8,1,10
"CEPH-Rtrend_covid","20",0.79768112049656,0.714186881318219,5.81995652173913,0.453467625218725,2.73186470705831,1.87457114067674,9.3,0.73546418019223,0.2,0.7,10
"CEPH-Rtrend_covid","21",0.230626326830001,0.288788846043985,4.42126086956522,0.20039489216063,1.15516814920621,1.14937231781973,6.6,0.310259934221231,0.6,0.9,10
"CEPH-Rtrend_covid","22",0.388019264218173,0.294561947023798,9.67421739130435,0.113393036636448,1.04479198738899,1.0004662002372,15.2,0.1786634112571,0.3,0.8,10
"CEPH-Rtrend_covid","23",0.744610973775828,0.843258295518137,1.61695652173913,0.382500086632425,0.910275259581258,0.727423716354169,2.3,0.570419905454142,0.5,0.8,10
"CEPH-Rtrend_covid","24",0.463114865856783,0.313443168060366,6.60304347826087,0.209592440496533,0.72435095368323,0.656874349839059,10.6,0.339931434962558,0.4,0.8,10
"CEPH-Rtrend_covid","25",0.393027175983995,0.22099229696185,7.53426086956522,0.155026351965127,0.586063165069347,0.446246481141944,10.6,0.216248073972805,0.7,0.9,10
"CEPH-Rtrend_covid","26",0.362513363741255,0.332304480755023,9.96447826086957,0.296209918920982,1.07445005190549,1.08885771057523,18,0.527074995093382,0.5,1,10
"CEPH-Rtrend_covid","27",0.355892982897338,0.225406114251108,3.9744347826087,0.122675106992929,0.800389355129841,0.703629843447896,5.9,0.188588103258931,0.9,1,10
"CEPH-Rtrend_covid","28",0.635649010552079,0.550827329114535,6.75404347826087,0.204648826491253,1.12805999952969,1.08140302883349,10.2,0.307123663728154,0.3,0.7,10
"CEPH-Rtrend_covid","29",0.386114522679237,0.259651809453154,6.82447826086957,0.148575394138123,Inf,Inf,9.8,0.214077364724464,0.6,0.9,10
"CEPH-Rtrend_covid","30",0.56908123471377,0.56614181578904,2.95639130434783,0.310277750994281,0.963861230911362,0.840472852001184,4.5,0.448698707031037,0.3,0.8,10
"CEPH-Rtrend_covid","31",0.474938743047387,0.637274915144923,2.16565217391304,0.329290362148473,1.50635774113499,1.57981682489302,3.3,0.514880901940038,0.4,0.8,10
"CEPH-Rtrend_covid","32",0.814935282262439,0.662720853997549,9.59256521739131,0.267104899608584,1.24425472747448,1.31200864519424,13,0.3695590339817,0.1,0.4,10
"CEPH-Rtrend_covid","33",0.749765306935148,0.591837937786292,3.36739130434783,0.336239605317906,0.80893266981738,0.660461615320254,5,0.498803972214773,0.3,0.8,10
"CEPH-Rtrend_covid","34",0.615373658591035,0.404868894126313,17.8264782608696,0.138812120011684,1.07704060896692,1.08487787208773,30.9,0.235943775544184,0.3,1,10
"CEPH-Rtrend_covid","35",0.921475597000142,0.960841474363337,6.03247826086956,0.46537178600227,1.24175211516487,1.20684182232591,9.1,0.683534874825857,0.1,0.5,10
"CEPH-Rtrend_covid","36",0.465803111572949,0.268804280444658,28.0125652173913,0.108906445211975,0.785221640708837,0.756724865719936,49.2,0.188278181467575,0.2,0.9,10
"CEPH-Rtrend_covid","37",0.565959685107577,0.381706867515045,20.4068260869565,0.113322612434066,0.94367097036995,0.94264270981981,32.6,0.181711725414062,0.4,0.9,10
"CEPH-Rtrend_covid","38",1.26894544370761,2.00957234643383,3.27813043478261,1.02243099699892,2.51342747114574,1.59227651399785,4.6,1.29642769627234,0.1,0.2,10
"CEPH-Rtrend_covid","39",0.436271136905416,0.305374707267288,12.9172608695652,0.176731546116164,1.19762909090676,1.18203137258446,18.6,0.250716260485048,0.8,1,10
"CEPH-Rtrend_covid","40",0.890783205031639,0.817802743499577,12.5215217391304,0.457473871024766,2.14704429197729,1.7259204289557,17.6,0.615389685669274,0.2,0.3,10
"CEPH-Rtrend_covid","41",0.760969033670724,0.458121057655362,12.1903913043478,0.267839782853508,0.631843488438243,0.545579380489229,18.8,0.41589016872482,0.2,0.8,10
"CEPH-Rtrend_covid","42",0.553761728588501,0.342836378609223,21.517347826087,0.158227299869193,1.00656770064354,1.00212032022021,37.4,0.271533851202003,0.4,0.9,10
"CEPH-Rtrend_covid","44",1.25598393385391,0.82772718682936,6.04630434782609,0.395178877506012,1.39357944765431,1.06694697524005,8.6,0.541149800415952,0.1,0.5,10
"CEPH-Rtrend_covid","45",0.455270128301045,0.335741960954169,8.54739130434783,0.118562880597759,1.07278515583225,1.0358333456717,13,0.178453662373602,0.5,0.9,10
"CEPH-Rtrend_covid","46",0.990964009169759,1.03029315575492,3.32434782608696,0.505096112858498,1.37541561520658,1.1915757728109,4.2,0.614956171501107,0.3,0.4,10
"CEPH-Rtrend_covid","47",1.126465194405,0.817295678111778,27.900652173913,0.340612932525638,2.31421612115598,1.89029340766787,38.4,0.451490530525924,0,0.3,10
"CEPH-Rtrend_covid","48",0.761595474903806,0.559016694993304,82.3969565217391,0.179913798949168,1.2732910569124,1.2081002061237,125.1,0.268346928472857,0.2,0.4,10
"CEPH-Rtrend_covid","49",0.809236568343177,0.625063548680532,5.98817391304348,0.356105181360113,1.21574027833485,1.19733089385568,9,0.548538908792219,0.2,0.8,10
"CEPH-Rtrend_covid","50",1.37406136563816,1.31576147566346,3.63334782608696,0.605660959846394,1.34820251837663,1.23628901869254,4.5,0.72246077287337,0.2,0.3,10
"CEPH-Rtrend_covid","51",0.454011036286703,0.335796795411009,8.128,0.191946191609907,1.17720314283329,1.23911481198991,13.9,0.325245783863629,0.3,1,10
"CEPH-Rtrend_covid","53",1.09767495146236,0.803001094200781,45.5346086956522,0.415652110681733,0.852650807801153,0.779491881330922,59.1,0.55541979080534,0.1,0.3,10
"CEPH-Rtrend_covid","54",0.756736897988892,0.42635932660773,5.59478260869565,0.242419034869473,1.25046884551554,0.809961923018858,9.1,0.385648180950187,0.3,0.9,10
"CEPH-Rtrend_covid","55",0.776281948046525,0.486913810151796,12.8582173913043,0.32209977776724,1.36093223037754,1.05282869421871,19.7,0.473723684647525,0.3,0.7,10
"CEPH-Rtrend_covid","56",1.36823735958859,1.7029530930955,3.31608695652174,0.858670190326713,1.74876885420483,1.20417866591014,4.6,1.08277464540595,0,0.5,10
"CEPH-Rtrend_covid","72",0.890729704936423,0.781549655761893,19.8281739130435,0.274667347112286,0.906455875206717,0.935963162746847,28.9,0.408931656002068,0.2,0.5,10
"CFA-PyRenew_H","01",0.628380632651019,0.448837237438501,12.311781884058,0.126700775498708,1.29335491691074,1.23471347770733,18.1666666666667,0.195734700509536,0.5,1,6
"CFA-PyRenew_H","02",0.966710085582322,0.879181881840269,2.29926014492754,0.414193935853015,1.19330050770636,1.13437434697499,3.33333333333333,0.696583728427068,0.333333333333333,1,6
"CFA-PyRenew_H","04",0.623314446734571,0.427698769243217,12.9281923913043,0.147707967216568,2.23567405677936,2.14905775144743,20.5,0.242622023276394,0.666666666666667,1,6
"CFA-PyRenew_H","05",0.35272180999804,0.336989940490854,3.07140217391304,0.189242148894066,0.896403748249961,0.903223536578933,4.33333333333333,0.251953086862,0.666666666666667,1,6
"CFA-PyRenew_H","06",1.48786535197122,1.00739825323939,190.072503623188,0.194213159347163,1.49006191603932,1.32130730117631,291.083333333333,0.294410099297308,0.333333333333333,0.666666666666667,6
"CFA-PyRenew_H","08",0.480663399273317,0.339217148171774,6.71146376811594,0.189418496365228,0,0,10.1666666666667,0.279387955620712,0.5,1,6
"CFA-PyRenew_H","09",0.894863522958831,0.581509057984684,14.2790376811594,0.389443286497024,0.830061311717556,0.755973508005986,22.8333333333333,0.654457095083949,0.166666666666667,1,6
"CFA-PyRenew_H","10",1.36477905193682,0.727570262464636,6.15337463768116,0.322134874046068,1.80828485385572,1.15267090165333,9.25,0.532259669480652,0.5,1,6
"CFA-PyRenew_H","11",0.861996746164004,0.693173781669002,3.45784963768116,0.339703359522569,0.843355898473315,0.729020465964788,6.33333333333333,0.594679842812047,0.5,1,6
"CFA-PyRenew_H","12",0.512983425488402,0.314187833273928,40.096977173913,0.0652049351097711,2.55859173898565,2.40607156447797,67.25,0.111870743206948,0.5,1,6
"CFA-PyRenew_H","13",0.498269423135549,0.544540458957419,19.5297547101449,0.287871333080052,Inf,Inf,29.9166666666667,0.454491852403114,0.5,1,6
"CFA-PyRenew_H","15",0.981138511219307,0.768541008329704,8.37782572463768,0.213166146067177,1.09565976317881,1.01993936242121,12.8333333333333,0.336610430973096,0.666666666666667,1,6
"CFA-PyRenew_H","16",1.07106651879281,0.671282049392216,4.57178876811594,0.244212167634726,1.79129535861845,1.64856094252777,5,0.343000201740328,0.833333333333333,1,6
"CFA-PyRenew_H","17",0.290146061539224,0.18902492768829,7.68752355072464,0.125100340053366,0.931013863340294,0.864820159715269,10.8333333333333,0.178323699429737,0.833333333333333,1,6
"CFA-PyRenew_H","18",0.63805048491644,0.451315644713911,10.4355061594203,0.259868855637459,1.9153844963369,1.66558873746777,16.6666666666667,0.435570427044283,0.5,1,6
"CFA-PyRenew_H","19",0.716082545744467,0.438145261082837,4.42500434782609,0.184422044578373,Inf,Inf,5.75,0.276169136476343,0.833333333333333,1,6
"CFA-PyRenew_H","20",0.321012552773019,0.386869815250394,1.9045847826087,0.213881408662522,0.95843073540809,0.945003085314246,2.66666666666667,0.324373463703472,0.5,1,6
"CFA-PyRenew_H","21",0.268610963187453,0.305358759971111,4.50565326086957,0.177036481893868,1.40697615100929,1.29002541918848,6.66666666666667,0.279979979321673,0.666666666666667,1,6
"CFA-PyRenew_H","22",0.606094347237795,0.440563381873306,11.0646557971014,0.137535124633238,1.18310828860567,1.12500442062442,13.6666666666667,0.171593803137217,0.833333333333333,1,6
"CFA-PyRenew_H","23",1.03584518858709,1.63143344673926,2.48443224637681,0.787016714339964,1.25427916458114,1.4129624376278,3.33333333333333,1.06278782464977,0.166666666666667,0.666666666666667,6
"CFA-PyRenew_H","24",0.60637260625682,0.360988177324059,6.73467717391304,0.163138569924011,0.888291878031887,0.734606485207371,9.33333333333333,0.238680434670043,0.833333333333333,1,6
"CFA-PyRenew_H","25",0.652391112664134,0.51662090316552,11.2351050724638,0.326597582109838,1.23808013491759,1.39499322327533,18.5833333333333,0.548471751805874,0.333333333333333,1,6
"CFA-PyRenew_H","26",0.487944672576616,0.436185453826636,10.3755438405797,0.272875375491188,1.17776106204486,1.22476873479961,15.5,0.42429815445349,0.666666666666667,1,6
"CFA-PyRenew_H","27",0.432571429206482,0.275661379195883,4.18318043478261,0.143981772511918,0.821842638135187,0.722662938693905,5.83333333333333,0.193230312751301,1,1,6
"CFA-PyRenew_H","28",0.657012485324862,0.535176416098022,6.77217028985507,0.194248729469416,1.23103169393659,1.20497682958041,11.0833333333333,0.341822690274393,0.5,1,6
"CFA-PyRenew_H","29",0.849202309132397,0.457121423142754,14.7685724637681,0.232491620412042,Inf,Inf,21.6666666666667,0.350471492790137,0.5,1,6
"CFA-PyRenew_H","30",0.891641844279806,0.648211795587356,4.57805797101449,0.349077633688742,0.808950500524346,0.754283441713639,4.16666666666667,0.44544700954407,0.833333333333333,1,6
"CFA-PyRenew_H","31",0.439297408786609,0.550537843571231,1.61787862318841,0.246925613450469,1.62127473350188,1.58239677058671,2.66666666666667,0.40815926425039,0.833333333333333,1,6
"CFA-PyRenew_H","32",0.967827622055372,0.629211365361069,11.7000086956522,0.230398619594272,1.69283732543816,1.52406847589784,18,0.391588467560805,0.333333333333333,1,6
"CFA-PyRenew_H","33",1.0450494862808,0.930238758587321,5.426825,0.619396678411767,1.15578005564282,1.12041887753044,8.33333333333333,1.02273838622636,0.333333333333333,0.833333333333333,6
"CFA-PyRenew_H","34",0.553279703707336,0.366066031243271,15.9477670289855,0.127041521491634,0.973392132690328,0.979474369696789,28.9166666666667,0.219764549592664,0.833333333333333,1,6
"CFA-PyRenew_H","35",1.17182284326619,1.08589299855311,6.49854130434783,0.479226596410585,1.74311109519619,1.57363800408512,10.6666666666667,0.81148234499527,0.333333333333333,1,6
"CFA-PyRenew_H","36",0.603389852546849,0.354251051398195,34.6631836956522,0.140487658840209,0.682245246365056,0.686353450775579,52.0833333333333,0.213470293725748,0.5,1,6
"CFA-PyRenew_H","37",0.911189212640776,0.522986856281635,26.5650579710145,0.11560670533615,1.67810852794378,1.48294136254758,41.4166666666667,0.190490791348377,0.5,1,6
"CFA-PyRenew_H","38",0.411018928933554,0.850365486054712,0.929711594202899,0.415076832578867,0.90997741169799,0.950276775536136,1.5,0.760724698577973,0.5,1,6
"CFA-PyRenew_H","39",0.671075343719057,0.406367821462929,18.4267112318841,0.221836233253594,2.11440158539272,1.94282738483938,30.9166666666667,0.391226716981727,0.333333333333333,1,6
"CFA-PyRenew_H","40",0.798341266186376,0.713805618577181,8.96376630434783,0.345120725581668,2.2050368177966,1.8639453276903,14.5,0.57870843063682,0.333333333333333,1,6
"CFA-PyRenew_H","41",0.719892031455101,0.470247804440308,13.2548605072464,0.31708059582681,0.597872450351355,0.553336947159051,21,0.503617093449327,0.333333333333333,0.833333333333333,6
"CFA-PyRenew_H","42",0.877939594924935,0.444183466980316,37.2335949275362,0.209291863708241,1.30953397822449,1.10558170504867,57.1666666666667,0.329255235058219,0.5,0.833333333333333,6
"CFA-PyRenew_H","44",0.826492067634401,0.600325015991162,4.14939130434783,0.297192351965322,1.0210755525577,0.917099741151393,6.5,0.474807444681926,0.5,1,6
"CFA-PyRenew_H","45",1.11009314057414,0.728617641168914,20.6916166666667,0.254256926977235,2.6058114772993,2.32199867241816,34.8333333333333,0.441104077832402,0.166666666666667,0.833333333333333,6
"CFA-PyRenew_H","46",0.904636348149225,0.791442648589939,3.2825481884058,0.422234286274809,1.24766866105174,1.12831294015001,4.16666666666667,0.639343577437517,0.5,1,6
"CFA-PyRenew_H","47",0.794601360490981,0.61104555752656,17.2558362318841,0.22978154227013,1.81180850084102,1.6742435605538,26.3333333333333,0.361617050908335,0.5,1,6
"CFA-PyRenew_H","48",0.541165861111802,0.407371341951979,46.7580047101449,0.112160170778764,0.802279966222032,0.850252282203842,60.9166666666667,0.157944367311665,0.666666666666667,1,6
"CFA-PyRenew_H","49",1.0168871742959,0.593647147380174,6.00736014492754,0.234707181007391,1.71134395878898,1.30199794864928,9.66666666666667,0.394472744596288,0.666666666666667,1,6
"CFA-PyRenew_H","50",1.16084137743607,0.914544280239915,2.83714963768116,0.420744202875843,1.21961382243625,1.1434276457547,3.83333333333333,0.67602055823365,0.333333333333333,1,6
"CFA-PyRenew_H","51",0.422309995633967,0.287733967496645,7.04516086956522,0.150673525626429,0.945493161960678,0.910489096103647,10.6666666666667,0.223514363243842,0.666666666666667,1,6
"CFA-PyRenew_H","53",1.43731486267098,0.847839326898093,32.3603362318841,0.177429754542912,1.12716555576812,0.832093693375713,44.8333333333333,0.249839610253269,0.5,0.833333333333333,6
"CFA-PyRenew_H","54",0.809641085054233,0.467862568377442,5.22857101449275,0.231908385464172,1.25341303436066,0.886975384802931,7.83333333333333,0.365770632606027,0.5,1,6
"CFA-PyRenew_H","55",0.573029700171699,0.426115087840961,8.92539963768116,0.270856823845555,1.05305045230942,1.01408019786912,14.6666666666667,0.443738309311179,0.166666666666667,0.833333333333333,6
"CFA-PyRenew_H","56",0.655230368638549,0.878133475049931,1.6548231884058,0.466801197512959,0.868883931056263,0.811887340787328,2.33333333333333,0.749968278388377,0.5,1,6
"CFA-PyRenew_HE","01",3.91912181705551,2.08368688007968,83.7368108695652,0.648072281609175,7.15366397978041,4.70562470434852,116,0.860341118765985,0,0,3
"CFA-PyRenew_HE","02",0.67577185335696,0.632719832165659,1.75095108695652,0.335497054535865,0.943404772724762,0.802728705397,2.83333333333333,0.546493332609398,0.5,1,6
"CFA-PyRenew_HE","04",0.303017215479702,0.225268502221668,6.15378152173913,0.0786491851155049,1.10180473214366,1.12401320648376,10,0.128661279097908,0.666666666666667,1,6
"CFA-PyRenew_HE","05",0.329806969522374,0.281210344452104,2.56803586956522,0.138671972343663,0.921934867786654,0.877368766131402,4,0.221524018963086,0.833333333333333,1,6
"CFA-PyRenew_HE","06",2.80024893376202,1.74802378356884,369.055387681159,0.346713313300741,2.57347686451781,2.05649842322716,516.416666666667,0.468568283152845,0,0.333333333333333,6
"CFA-PyRenew_HE","08",0.293938300644523,0.182528853464458,4.13141449275362,0.101299434960505,0.534790147196242,0.461997917223032,6.58333333333333,0.160270281121143,0.666666666666667,1,6
"CFA-PyRenew_HE","09",0.600608444567197,0.309553604101167,8.78071086956522,0.185722153929337,0.550442482898154,0.38666905334986,14.3333333333333,0.306614822403289,0.166666666666667,0.833333333333333,6
"CFA-PyRenew_HE","10",0.546176740680447,0.378249897610692,2.17072753623188,0.159157359863853,0.86183364559595,0.664134418689773,3.66666666666667,0.27152308401996,0.666666666666667,1,6
"CFA-PyRenew_HE","11",0.526545826445007,0.355343173920218,2.24905942028985,0.189980251572977,0.408310697683759,0.305156690287125,3.5,0.289574334586723,0.666666666666667,1,6
"CFA-PyRenew_HE","12",0.281801842521742,0.199711172533255,22.9778264492754,0.0438989989690221,1.27386332912378,1.34383040762947,37.4166666666667,0.0707038595811382,0.5,1,6
"CFA-PyRenew_HE","13",0.621594888903268,0.423656112760882,20.9089692028986,0.18306411675008,Inf,Inf,37.1666666666667,0.334395630953852,0,1,6
"CFA-PyRenew_HE","15",0.618888113792027,0.531879621858433,5.21885688405797,0.146014966871243,0.783038976448961,0.772934706735807,9.16666666666667,0.254698961292988,0,1,6
"CFA-PyRenew_HE","16",1.00472406915233,0.813743593690369,4.04524891304348,0.290901657068844,2.05291176390797,2.1179002119552,5.66666666666667,0.440729517706845,0.333333333333333,0.833333333333333,6
"CFA-PyRenew_HE","17",0.224548947939371,0.158915326398483,6.05187173913043,0.105306142660721,0.94805440244254,0.923308164806358,11.3333333333333,0.193536745558237,0.333333333333333,1,6
"CFA-PyRenew_HE","18",0.338288100181313,0.255180730768111,5.87862898550725,0.1630890421851,0.794887594625464,0.722498276963683,8.16666666666667,0.231051090849834,0.5,0.833333333333333,6
"CFA-PyRenew_HE","20",0.582698205043109,0.56675909692735,3.97713913043478,0.365654872228744,1.81642774420144,1.33138273346229,6.16666666666667,0.552896815928174,0.333333333333333,0.833333333333333,6
"CFA-PyRenew_HE","21",0.320028860198066,0.323184401910232,5.85632391304348,0.209023163550671,1.83466253761066,1.39812059498306,9.5,0.334682117233336,0.333333333333333,0.833333333333333,6
"CFA-PyRenew_HE","22",1.83658291075168,1.04631852821202,25.6480695652174,0.232490750866616,6.12607324982643,4.74867530769658,45.3333333333333,0.440408913937767,0,1,3
"CFA-PyRenew_HE","23",1.75725145638734,1.30021105368837,4.57897427536232,0.620090565117852,2.45884752514523,1.32444880368267,7.16666666666667,1.00855075791067,0.166666666666667,0.833333333333333,6
"CFA-PyRenew_HE","24",0.296189264819098,0.198912866246039,3.27878297101449,0.0876792303869732,0.482953550861509,0.42326429867544,5,0.133003048816463,0.666666666666667,1,6
"CFA-PyRenew_HE","25",0.21305858115858,0.115020245736852,3.49078152173913,0.0656599115218922,0,0,2,0.0417402375087759,1,1,6
"CFA-PyRenew_HE","26",0.363949377680396,0.221440587280006,7.67885398550725,0.133835965928084,0.643577103312071,0.481677868490852,8.75,0.166888943783235,1,1,6
"CFA-PyRenew_HE","27",0.513189036947182,0.241996958189585,5.28127391304348,0.131809554354811,1.02254905955328,0.739099720759442,8.33333333333333,0.223578765535189,0.5,1,6
"CFA-PyRenew_HE","28",0.687246375070556,0.563324743083246,7.05531086956522,0.209613011363846,1.32109151298146,1.24348061455493,11.8333333333333,0.356596689459205,0.166666666666667,1,6
"CFA-PyRenew_HE","29",0.217969504666769,0.170025447858292,3.28035,0.0781762026550395,Inf,Inf,3.66666666666667,0.0880977358550217,1,1,6
"CFA-PyRenew_HE","30",1.03274613195079,0.733508689298736,5.36341268115942,0.406268802829447,1.69814109440288,1.24421627844696,8.33333333333333,0.698631802750718,0.5,1,6
"CFA-PyRenew_HE","31",0.328754989376508,0.315580268632981,1.28359130434783,0.149779650049642,0,0,1.66666666666667,0.214785672130171,0.833333333333333,1,6
"CFA-PyRenew_HE","32",0.709573329204485,0.522299537442617,8.8166152173913,0.207404063971794,1.10258315691588,1.01242264071267,13.1666666666667,0.30211173903007,0.333333333333333,0.666666666666667,6
"CFA-PyRenew_HE","33",0.604360758436955,0.434058537574448,3.0030115942029,0.264837642745132,0.691559866193137,0.507807466822041,4.83333333333333,0.428785667699706,0.333333333333333,1,6
"CFA-PyRenew_HE","34",0.39807308153446,0.208409733513785,12.0457905797101,0.0744487329087681,0,0,19,0.119399227680866,0.333333333333333,1,6
"CFA-PyRenew_HE","35",0.568046939265858,0.596112472387845,3.34554782608696,0.292223351122008,0.799853192382796,0.782931779656706,5.33333333333333,0.459417431700406,0.5,0.833333333333333,6
"CFA-PyRenew_HE","36",1.01120504007113,0.429245580079291,56.7086612318841,0.161553965567326,1.52737135074292,1.10974498889104,95.1666666666667,0.272902639520867,0,1,6
"CFA-PyRenew_HE","37",1.29884023427628,0.725348193142268,40.5066384057971,0.173734952703501,2.54130632101592,2.10072661114686,65.5,0.28098142005653,0.166666666666667,0.833333333333333,6
"CFA-PyRenew_HE","38",0.335794234471744,0.75485336781017,0.764349275362319,0.364966480503322,0.824593700095874,0.828455409175499,1.33333333333333,0.645200168484648,0.666666666666667,1,6
"CFA-PyRenew_HE","39",0.332372206814909,0.198852536459238,9.99931268115942,0.121364830250048,0.948434809061935,0.825080694293224,15.1666666666667,0.184573298411546,0.5,0.833333333333333,6
"CFA-PyRenew_HE","40",0.666222665780207,0.601434411697821,8.07356847826087,0.32749845953309,1.79587015694375,1.47053752398149,12.6666666666667,0.505798149404705,0.333333333333333,0.833333333333333,6
"CFA-PyRenew_HE","41",0.256246519491228,0.126915019428762,4.25042101449275,0.074450896865929,0.182051232910587,0.130963019381725,6.08333333333333,0.10949595112658,0.833333333333333,1,6
"CFA-PyRenew_HE","42",0.597329861008191,0.342789051057935,24.8381293478261,0.159441651118226,0.811448158708358,0.749337888185675,34.8333333333333,0.220159953491667,0.5,0.666666666666667,6
"CFA-PyRenew_HE","44",0.736802085017041,0.506077444431282,3.88911050724638,0.262584715644228,0.954493645338155,0.801646707823835,6.33333333333333,0.430641689317762,0.5,1,6
"CFA-PyRenew_HE","45",0.405735385511776,0.288793866042195,6.75109420289855,0.0942065140773912,0.888420769388507,0.84217831462902,9.33333333333333,0.130054228960662,0.666666666666667,0.833333333333333,6
"CFA-PyRenew_HE","46",0.778360652045015,0.73188870563045,2.81983224637681,0.397817769583028,1.23021563353204,1.07958849853089,4.16666666666667,0.624408217655902,0.333333333333333,1,6
"CFA-PyRenew_HE","47",0.659587572441323,0.496046582909441,16.5116148550725,0.222248678613343,1.33234160806472,1.13356898355961,23.1666666666667,0.301007565283562,0.333333333333333,0.666666666666667,6
"CFA-PyRenew_HE","48",1.33127141506506,0.86713444861219,115.8265,0.239144442044533,2.4452633405258,2.09275475470043,192.333333333333,0.397993088262703,0,1,6
"CFA-PyRenew_HE","49",0.344121555885871,0.242717239574194,2.04666811594203,0.0965821567970885,0,0,2.66666666666667,0.125048837385938,0.833333333333333,1,6
"CFA-PyRenew_HE","50",0.64182838833518,0.64343052545772,1.57405942028986,0.299242147454289,0.824849809008666,0.862915306030662,2.66666666666667,0.518919218201729,0.5,1,6
"CFA-PyRenew_HE","51",0.476697308331038,0.266345649234816,7.65216594202899,0.131426166300118,1.22231907104184,1.00146091152608,12.8333333333333,0.225530667014223,0.333333333333333,1,6
"CFA-PyRenew_HE","53",0.550115412778928,0.348918004380392,13.1593971014493,0.0763863952959665,0.530679436382924,0.418204350957898,22.6666666666667,0.132240707564679,0.5,1,6
"CFA-PyRenew_HE","54",0.437280483075299,0.342278562598694,2.98315507246377,0.176581509073895,0.801917214595856,0.705342799464255,5.33333333333333,0.304771538171798,0.333333333333333,1,6
"CFA-PyRenew_HE","55",0.367102341947673,0.253003368318115,5.78553115942029,0.163027072881994,0.672855296430136,0.587656723600829,9.5,0.260631275895531,0.333333333333333,1,6
"CFA_Pyrenew-Pyrenew_HE_COVID","01",3.71424358945708,2.04413736243432,58.9521884057971,0.421966142083668,8.56650539751472,6.09060702849613,79.6666666666667,0.551437801448168,0,0,3
"CFA_Pyrenew-Pyrenew_HE_COVID","02",1.01058032960003,0.975048399623003,2.1352384057971,0.4085172361326,1.2384154346876,1.13144657674222,3,0.60937570446631,0.333333333333333,1,3
"CFA_Pyrenew-Pyrenew_HE_COVID","04",0.568356660770115,0.39526014616263,13.6421311594203,0.153836546016545,2.11265098370561,1.99344890332239,22.6666666666667,0.256619144315279,0.333333333333333,1,3
"CFA_Pyrenew-Pyrenew_HE_COVID","05",0.267052650689886,0.198226780331575,2.18292246376812,0.0944657774134541,0.964175626310929,0.833499583531382,2.66666666666667,0.122178420579982,1,1,3
"CFA_Pyrenew-Pyrenew_HE_COVID","06",0.834129896814975,0.424334812634015,205.412238405797,0.17121890413298,0.956514728289198,0.641446998300724,338.333333333333,0.28235516360057,0,1,3
"CFA_Pyrenew-Pyrenew_HE_COVID","08",0.491568204660853,0.332099646979308,6.47830289855072,0.184358414495001,0.897878190785173,0.872419324224254,11.3333333333333,0.318489780216893,0.333333333333333,1,3
"CFA_Pyrenew-Pyrenew_HE_COVID","09",0.834313677616653,0.355800086034499,6.64189565217391,0.199265928945628,0.715064357565626,0.445165981496015,10.5,0.33068543853517,0.333333333333333,1,3
"CFA_Pyrenew-Pyrenew_HE_COVID","10",0.526453409044719,0.32713455361945,2.82719492753623,0.209537394658287,0.830487057309174,0.60868476685414,4.33333333333333,0.336894072053802,0.333333333333333,1,3
"CFA_Pyrenew-Pyrenew_HE_COVID","11",0.587791524984959,0.388744304043767,2.85683260869565,0.29939567072738,0.562428457048703,0.38477833444209,5,0.513342820353978,0.333333333333333,1,3
"CFA_Pyrenew-Pyrenew_HE_COVID","12",0.584157282240453,0.35740012434979,67.5289333333333,0.10474190637397,2.99651347017311,2.77509073410106,106,0.163540845101336,0,0.666666666666667,3
"CFA_Pyrenew-Pyrenew_HE_COVID","13",0.484784502102663,0.342066546953667,21.1351079710145,0.159727961201799,Inf,Inf,38,0.295228705742801,0,1,3
"CFA_Pyrenew-Pyrenew_HE_COVID","15",0.492053821081882,0.389848913274178,3.11840869565217,0.0815972251132382,0.616369719102863,0.586404376157527,5,0.12909058738232,1,1,3
"CFA_Pyrenew-Pyrenew_HE_COVID","16",0.604006381457606,0.476804226846377,2.95935362318841,0.181161891453042,0.74244195225622,0.792684106802308,2.33333333333333,0.170275207921997,1,1,3
"CFA_Pyrenew-Pyrenew_HE_COVID","17",0.298259047408015,0.163539616772744,6.94293115942029,0.0998039769289026,1.77076889312891,1.43007622935335,12.3333333333333,0.185431225328529,0.333333333333333,1,3
"CFA_Pyrenew-Pyrenew_HE_COVID","18",0.583719242513933,0.434221551338774,10.6588492753623,0.288947090208153,1.84862967622227,1.52197383036888,16.3333333333333,0.436910515417895,0.333333333333333,0.666666666666667,3
"CFA_Pyrenew-Pyrenew_HE_COVID","20",0.919573158523585,0.801952426013178,6.88059782608696,0.525225802219386,3.24511207387256,2.12580438195819,11,0.837113302285385,0.333333333333333,1,3
"CFA_Pyrenew-Pyrenew_HE_COVID","21",0.356140961258546,0.345916766882448,7.1166847826087,0.246194792236263,1.77278031967589,1.30928043497607,10.3333333333333,0.348656185060896,0.333333333333333,0.666666666666667,3
"CFA_Pyrenew-Pyrenew_HE_COVID","22",1.38874567904376,0.834067603819366,33.3536347826087,0.296929492705366,4.44571950492057,3.44050413547556,58,0.525784681910866,0,1,3
"CFA_Pyrenew-Pyrenew_HE_COVID","23",0.553859992437689,0.657279655554495,1.20617753623188,0.334175852083401,0.760051880043492,0.586301174055552,2,0.552742692201178,0.666666666666667,1,3
"CFA_Pyrenew-Pyrenew_HE_COVID","24",0.287864909317438,0.173539137307444,4.07596304347826,0.129566643035684,0.404171555046205,0.31867100289009,6.66666666666667,0.200930325465478,0.666666666666667,1,3
"CFA_Pyrenew-Pyrenew_HE_COVID","25",0.377310915423329,0.25154151962174,6.10134637681159,0.168437857644206,0.432137405164655,0.414974888665308,8,0.233079455733257,0.666666666666667,1,3
"CFA_Pyrenew-Pyrenew_HE_COVID","26",0.752531473196634,0.334104304969894,18.1789202898551,0.284298285105873,2.21574608819673,1.28548797788108,30,0.530151702364938,0,1,3
"CFA_Pyrenew-Pyrenew_HE_COVID","27",1.22698204461259,0.592871508920156,11.9511797101449,0.294868280186772,3.24806006509561,2.22756028843067,19.3333333333333,0.518564766102526,0,1,3
"CFA_Pyrenew-Pyrenew_HE_COVID","28",0.410168003620994,0.358600026755744,4.0210384057971,0.117378574737802,0.741061403185436,0.764125014419194,6.33333333333333,0.197687907334321,0.666666666666667,1,3
"CFA_Pyrenew-Pyrenew_HE_COVID","29",0.427136783754919,0.235056517550498,8.96141811594203,0.17275642747362,Inf,Inf,15.6666666666667,0.315069189963055,0,1,3
"CFA_Pyrenew-Pyrenew_HE_COVID","30",1.01447356601557,0.717463953032578,4.85735362318841,0.378944753342611,1.22478967544785,1.00687294509815,5.33333333333333,0.522871972637948,0.666666666666667,1,3
"CFA_Pyrenew-Pyrenew_HE_COVID","31",0.253555224573938,0.311038511358317,1.81726449275362,0.245523107634681,0.859575597984176,0.839293500796997,3,0.436368240809587,0.333333333333333,1,3
"CFA_Pyrenew-Pyrenew_HE_COVID","32",0.808163707957027,0.493581363380689,8.00859275362319,0.197170403190417,1.606268502877,1.2563065853368,12.3333333333333,0.299360061246816,0.333333333333333,0.666666666666667,3
"CFA_Pyrenew-Pyrenew_HE_COVID","33",0.726011870660534,0.604443903237592,2.7283115942029,0.296197358841525,0.914504024390613,0.861566476938494,4.66666666666667,0.522515656908314,0.333333333333333,1,3
"CFA_Pyrenew-Pyrenew_HE_COVID","34",0.273544568017812,0.173829109941837,6.26361304347826,0.0500676278894766,0.252905967067777,0.257527724017272,5,0.0418894872939939,1,1,3
"CFA_Pyrenew-Pyrenew_HE_COVID","35",0.619466026517684,0.703806149565583,5.43539855072464,0.432564246176471,0.826008546225628,0.874540492735434,8,0.617034582533058,0.333333333333333,0.333333333333333,3
"CFA_Pyrenew-Pyrenew_HE_COVID","36",2.0378636122109,0.84597394176066,94.1814297101449,0.277537832590178,3.42062806594343,2.42625274240359,139.333333333333,0.406570729987322,0,0,3
"CFA_Pyrenew-Pyrenew_HE_COVID","37",1.60699874380009,0.762851368026159,57.6895615942029,0.235441804597969,3.09100850508935,2.23058141520013,94.6666666666667,0.387969724146088,0,0.666666666666667,3
"CFA_Pyrenew-Pyrenew_HE_COVID","38",0.393202990990674,0.943749131630574,0.887826086956524,0.390928028884144,0.903386945649521,0.923950868653172,1.33333333333333,0.597253156409352,0.666666666666667,1,3
"CFA_Pyrenew-Pyrenew_HE_COVID","39",0.614436089204619,0.345205340688196,17.6124115942029,0.19761694757446,2.23880022465109,1.88117551497428,28.3333333333333,0.342991168070485,0.333333333333333,1,3
"CFA_Pyrenew-Pyrenew_HE_COVID","41",0.484213282643464,0.262645474898327,6.45387971014493,0.142986284207499,0.436148492584698,0.335203196295972,11,0.23796536382851,0.333333333333333,1,3
"CFA_Pyrenew-Pyrenew_HE_COVID","42",0.225194180862412,0.108503413920048,7.98172971014493,0.0488103338382776,0.309342113982317,0.262135014171047,9.66666666666667,0.0617678746957286,1,1,3
"CFA_Pyrenew-Pyrenew_HE_COVID","44",0.799524695681089,0.566754508075705,3.35723695652174,0.259855460812231,1.17759432802939,1.05548302519032,6,0.488206186678576,0.333333333333333,1,3
"CFA_Pyrenew-Pyrenew_HE_COVID","45",0.824947441885368,0.558584888298473,15.4169891304348,0.197658547209318,1.79879764245791,1.6103219654582,23,0.291700240404313,0.333333333333333,0.666666666666667,3
"CFA_Pyrenew-Pyrenew_HE_COVID","46",0.600950605309873,0.627983383715166,1.43290724637681,0.246050307306863,0.93658861490783,0.944961570744779,1.66666666666667,0.343206472393719,0.666666666666667,1,3
"CFA_Pyrenew-Pyrenew_HE_COVID","47",0.96036679034446,0.696940681841748,25.3269079710145,0.310538154759124,2.19104238373111,1.78347979884673,36.6666666666667,0.431457257752045,0,0.666666666666667,3
"CFA_Pyrenew-Pyrenew_HE_COVID","48",1.32567869880285,0.839233895604558,140.577606521739,0.234672744769033,2.49405488849996,2.10555302529014,226.166666666667,0.37521018349726,0,0.666666666666667,3
"CFA_Pyrenew-Pyrenew_HE_COVID","49",0.250660516485438,0.145333668502027,2.09482173913043,0.102787195951002,0.240931397218136,0.180259511267735,2.66666666666667,0.133078186119176,0.666666666666667,1,3
"CFA_Pyrenew-Pyrenew_HE_COVID","50",0.518161086939814,0.522649379738256,1.11920869565217,0.178240081500016,0.545624643972843,0.554892287790612,1.33333333333333,0.21892651212969,1,1,3
"CFA_Pyrenew-Pyrenew_HE_COVID","51",0.52215360150984,0.264875858424269,7.92664202898551,0.128575497292944,1.65132218102893,1.28714037003557,14.3333333333333,0.24039453759441,0.333333333333333,1,3
"CFA_Pyrenew-Pyrenew_HE_COVID","53",0.197139294988263,0.104524808070514,12.1584231884058,0.0906166570821955,0.233135222015887,0.139639301481137,22,0.155493849319772,0.666666666666667,1,3
"CFA_Pyrenew-Pyrenew_HE_COVID","54",0.336612131668761,0.250122261254467,2.12626811594203,0.14181600805664,0.637657808852395,0.563864912804481,4,0.265608536678262,1,1,3
"CFA_Pyrenew-Pyrenew_HE_COVID","55",0.273562120228686,0.212803572374442,3.35000579710145,0.124681928408775,0.534697606611271,0.535600536631582,4.5,0.17983204200804,0.666666666666667,1,3
"CFA_Pyrenew-Pyrenew_H_COVID","01",0.566788894272592,0.361125267589661,8.99602971014493,0.074546182059053,1.0752935645416,0.950112563003153,10,0.0860222930849816,1,1,3
"CFA_Pyrenew-Pyrenew_H_COVID","02",0.946595029668316,0.791238032579975,2.00004492753623,0.331505978900682,1.10081371972231,1.04880263149066,2.66666666666667,0.564865240258136,0.666666666666667,1,3
"CFA_Pyrenew-Pyrenew_H_COVID","04",0.698137514027032,0.430110807019803,16.7572304347826,0.167400537591996,2.51654014235522,2.2980539673785,27,0.295831331174898,0.333333333333333,1,3
"CFA_Pyrenew-Pyrenew_H_COVID","05",0.336996470090969,0.307698709846084,2.75465217391304,0.146635070125775,0.964175626310929,0.935502989016199,2.66666666666667,0.137130575592601,1,1,3
"CFA_Pyrenew-Pyrenew_H_COVID","06",0.801579161666046,0.575705926048814,197.396317391304,0.232297079631686,0.891961763867711,0.840456696896359,315.5,0.369956190893439,0,0.666666666666667,3
"CFA_Pyrenew-Pyrenew_H_COVID","08",0.46069968120199,0.321641212818885,6.07149130434783,0.178552625908794,0.765837280375588,0.716487681660947,9.66666666666667,0.261564591617929,1,1,3
"CFA_Pyrenew-Pyrenew_H_COVID","09",1.3411614923555,1.01146645678807,10.6768652173913,0.566472047141874,1.20312415717391,1.29083696720519,17.6666666666667,0.958880521694754,0,1,3
"CFA_Pyrenew-Pyrenew_H_COVID","10",0.648483498134686,0.469803622058073,3.48252898550725,0.300920296795032,0.766603437516161,0.634988134441259,4,0.35145242655469,0.666666666666667,1,3
"CFA_Pyrenew-Pyrenew_H_COVID","11",1.12843215143085,1.00422676567959,5.48449855072464,0.773416209435136,0.974875992217751,0.947996334454543,8.66666666666667,1.26474665659059,0,1,3
"CFA_Pyrenew-Pyrenew_H_COVID","12",0.932941930530969,0.52560344131633,107.848648550725,0.154036618035172,4.99418911695518,4.31342159849412,176.666666666667,0.254197315002239,0,1,3
"CFA_Pyrenew-Pyrenew_H_COVID","13",0.261936273572865,0.229479864706222,11.4196130434783,0.107155614171632,Inf,Inf,8.66666666666667,0.0790670308325433,1,1,3
"CFA_Pyrenew-Pyrenew_H_COVID","15",0.625098606395071,0.485731402075166,3.9615847826087,0.10166588442385,0.452004460675433,0.419929764132664,3.66666666666667,0.0924430002832078,1,1,3
"CFA_Pyrenew-Pyrenew_H_COVID","16",2.36159643279696,1.0535043153247,11.5707369565217,0.400279241819003,4.77284112164713,3.39002598814259,15,0.728206072303545,0.333333333333333,1,3
"CFA_Pyrenew-Pyrenew_H_COVID","17",0.325159264783436,0.210480901049258,7.56911956521739,0.128451022491302,1.17253615896374,1.0807913500464,8.16666666666667,0.140141105942445,1,1,3
"CFA_Pyrenew-Pyrenew_H_COVID","18",0.651263978674321,0.391648419061897,11.892231884058,0.260617352417563,1.88635681247171,1.51435961519642,16.6666666666667,0.434724715235842,0.333333333333333,1,3
"CFA_Pyrenew-Pyrenew_H_COVID","19",0.83797502639809,0.43292252898847,6.35803768115942,0.231672152758569,Inf,Inf,7.66666666666667,0.354477593848979,1,1,3
"CFA_Pyrenew-Pyrenew_H_COVID","20",0.324714845778416,0.36295415811179,2.42964057971014,0.237710969727766,0.688357106579028,0.617521270968703,2.33333333333333,0.243171608243607,0.666666666666667,1,3
"CFA_Pyrenew-Pyrenew_H_COVID","21",0.238382804328911,0.27590844292167,4.76355,0.19636868832211,1.14372923850058,1.030607008635,6.66666666666667,0.274446557306318,0.666666666666667,1,3
"CFA_Pyrenew-Pyrenew_H_COVID","22",0.7293129300563,0.452554711002818,17.5159768115942,0.161110250708877,1.64798223027228,1.5101212023694,21.5,0.23077972435714,0.666666666666667,1,3
"CFA_Pyrenew-Pyrenew_H_COVID","23",0.895221621876614,1.39484259029883,1.94958333333333,0.709169540234893,1.14007782006524,1.32153116712379,3,1.24588987276112,0.333333333333333,1,3
"CFA_Pyrenew-Pyrenew_H_COVID","24",0.546683494216444,0.396131529044223,7.74065072463768,0.295757102491087,0.889177421101651,0.853502990738959,14.6666666666667,0.538155753613034,0.666666666666667,1,3
"CFA_Pyrenew-Pyrenew_H_COVID","25",0.422797275178876,0.294147880030972,6.8368884057971,0.196968034611173,0.612194657316595,0.57930136693182,11.3333333333333,0.325376910743391,0.666666666666667,1,3
"CFA_Pyrenew-Pyrenew_H_COVID","26",0.439514423515042,0.41808436727702,10.6173601449275,0.355759165261703,1.40330585585793,1.49172024037402,19,0.615204528159093,0.666666666666667,1,3
"CFA_Pyrenew-Pyrenew_H_COVID","27",1.26345703439462,0.536145667318499,12.3064572463768,0.266655335048468,2.96805488707013,2.09025314126527,17.6666666666667,0.486600356867977,0.333333333333333,1,3
"CFA_Pyrenew-Pyrenew_H_COVID","28",0.675135032114069,0.522781431464857,6.61861449275362,0.171119171071701,1.13109372065146,1.09410918706827,9.66666666666667,0.283058598403801,0.666666666666667,1,3
"CFA_Pyrenew-Pyrenew_H_COVID","29",0.404865550980913,0.274750858214192,8.49416304347826,0.201930060076712,Inf,Inf,10.6666666666667,0.248037874717324,0.666666666666667,1,3
"CFA_Pyrenew-Pyrenew_H_COVID","30",0.702883444663449,0.759891250396923,3.36544347826087,0.401353686455931,1.14824032073236,1.19950594810873,5,0.622906836788061,0.666666666666667,1,3
"CFA_Pyrenew-Pyrenew_H_COVID","31",0.801149985347625,0.653120260457915,5.74195,0.515550679903007,2.57872679395253,1.80578279209681,9,0.938868535885519,0,1,3
"CFA_Pyrenew-Pyrenew_H_COVID","32",0.588428543402707,0.406340886326166,5.83110144927536,0.162320545980355,0.911665907038296,0.88612204227304,7,0.211150329022509,0.666666666666667,1,3
"CFA_Pyrenew-Pyrenew_H_COVID","33",0.765862335917838,0.729966891634098,2.87806739130435,0.357707744565982,0.849182308362712,0.772829172693437,4.33333333333333,0.46869899613869,0.666666666666667,1,3
"CFA_Pyrenew-Pyrenew_H_COVID","34",1.38716286546025,0.683054183804231,31.763202173913,0.196738640119042,2.74824484213651,2.21459683404608,54.3333333333333,0.360226559276665,0,1,3
"CFA_Pyrenew-Pyrenew_H_COVID","35",2.25587520136891,1.50028556834344,19.7937905797101,0.922086140225526,3.0631150255867,1.89527618941092,29.6666666666667,1.337217615459,0,0.333333333333333,3
"CFA_Pyrenew-Pyrenew_H_COVID","36",0.47980762877217,0.246865210343186,22.1746775362319,0.0809888248779536,0.249591282323623,0.22895076084308,10.1666666666667,0.0383656147359606,1,1,3
"CFA_Pyrenew-Pyrenew_H_COVID","37",0.611948485025511,0.378229885251227,21.9683057971014,0.116734570414217,0.838055122858732,0.787588696308582,25.6666666666667,0.136986960962374,1,1,3
"CFA_Pyrenew-Pyrenew_H_COVID","38",0.293015176978701,0.682396939545021,0.661608695652174,0.282668435447454,0.677540209237141,0.714865974570546,1,0.462098120373297,0.666666666666667,1,3
"CFA_Pyrenew-Pyrenew_H_COVID","39",1.41391202604965,0.589520271212164,40.5288702898551,0.337477966876077,5.08339345126659,3.43320006977691,64.3333333333333,0.625968865094735,0.333333333333333,1,3
"CFA_Pyrenew-Pyrenew_H_COVID","40",0.975803529819779,0.751959565245131,14.6395094202899,0.438937129182734,2.60701666592585,1.94204386370323,21.3333333333333,0.692195094638945,0.333333333333333,1,3
"CFA_Pyrenew-Pyrenew_H_COVID","41",0.803061036175968,0.520947808873621,10.7036702898551,0.283608127974459,0.77978063825749,0.710154050607806,19.6666666666667,0.504148137292709,0.333333333333333,1,3
"CFA_Pyrenew-Pyrenew_H_COVID","42",0.431028668206479,0.202370743333696,15.2772789855072,0.0910366152026947,0.19200545005799,0.185104363386041,6,0.0436168482086146,1,1,3
"CFA_Pyrenew-Pyrenew_H_COVID","44",0.764253011667974,0.537627288401527,3.20912971014493,0.246500706711887,0.915906699578415,0.839635280317102,4.66666666666667,0.388367343312314,0.666666666666667,1,3
"CFA_Pyrenew-Pyrenew_H_COVID","45",1.41748764141551,0.755577674059721,26.4906471014493,0.267365602770547,3.28476091231444,2.54823535146775,42,0.461597668400684,0.333333333333333,1,3
"CFA_Pyrenew-Pyrenew_H_COVID","46",2.58680101176516,1.37636090104672,6.16797101449275,0.539272266511589,4.68294307453915,2.7261796663008,8.33333333333333,0.9901381551899,0.666666666666667,1,3
"CFA_Pyrenew-Pyrenew_H_COVID","47",0.682180273918686,0.467564639101428,17.9905398550725,0.208334316018795,1.67315963848557,1.42413736729016,28,0.344525574974585,0.666666666666667,1,3
"CFA_Pyrenew-Pyrenew_H_COVID","48",0.87193639817575,0.540449274446014,92.4618702898551,0.15112439488793,1.66882965273247,1.49321705079962,151.333333333333,0.266091728349876,0.333333333333333,1,3
"CFA_Pyrenew-Pyrenew_H_COVID","49",0.59875711548753,0.458088759926916,5.00393695652174,0.323983145921226,0.843259890263474,0.773319588249525,9.33333333333333,0.570910058342622,0.666666666666667,1,3
"CFA_Pyrenew-Pyrenew_H_COVID","50",2.08313533605436,1.05824697089354,4.49949492753623,0.360895915410199,2.04609241489816,1.54452686194085,5,0.60937570446631,0.666666666666667,1,3
"CFA_Pyrenew-Pyrenew_H_COVID","51",0.510935054410429,0.318817318482721,7.75633695652174,0.154759650476938,0.883265352643382,0.801561579227788,7.66666666666667,0.14970474835358,1,1,3
"CFA_Pyrenew-Pyrenew_H_COVID","53",1.4039632214423,1.27918911849355,86.5884144927536,1.10897923501191,1.18687022117179,1.39910921543795,112,1.55796308932841,0,0,3
"CFA_Pyrenew-Pyrenew_H_COVID","54",0.574845646682913,0.367603671943252,3.63111086956522,0.208426411309776,0.584519658114695,0.487288755237505,3.66666666666667,0.229537341798185,1,1,3
"CFA_Pyrenew-Pyrenew_H_COVID","55",0.629625119313233,0.382697303711249,7.71030652173913,0.22422291736531,1.14860967346125,1.02252191331325,9.66666666666667,0.343319677806026,0.666666666666667,1,3
"CFA_Pyrenew-Pyrenew_H_COVID","56",0.508745635091986,0.756586571739536,1.16836594202899,0.375444387995649,0.907456561652414,0.868093309861072,2,0.693147180559945,0.666666666666667,1,3
"CMU-TimeSeries","01",0.564222930610018,0.414080016663835,13.7388224677393,0.138515985172586,1.21853670090522,1.15412788089826,20.9345093620077,0.210660543131717,0.5,1,10
"CMU-TimeSeries","02",0.928468890262356,0.940827459165912,2.07232542818836,0.410366900041447,1.19329933662112,1.04989284894445,3.12741741678175,0.602646619908122,0.2,0.8,10
"CMU-TimeSeries","04",0.782155399151678,0.509229165974104,18.9441270260274,0.202798274771097,2.91114662413797,2.59094375182158,31.8415355965852,0.343130339696294,0.2,1,10
"CMU-TimeSeries","05",0.52240040675816,0.39515283516852,4.8835133319473,0.22549672579241,1.46905983545825,1.25282066407832,7.11647883864367,0.339148015648025,0.4,1,10
"CMU-TimeSeries","06",0.932650109076944,0.662234418765245,151.489759746677,0.169904847713816,0.945968868513439,0.902417033259829,226.319985726085,0.257374112929941,0.2,0.7,10
"CMU-TimeSeries","08",0.449748678170122,0.318599083570723,5.81828435526177,0.166045219512628,0.769714200724164,0.734563938099703,8.43545413463633,0.230658051246693,0.5,1,10
"CMU-TimeSeries","09",0.674520589137101,0.387893180143086,9.92968548943484,0.253009508916147,0.660271662284726,0.501123909365117,17.215924131804,0.433661489969658,0.3,1,10
"CMU-TimeSeries","10",0.419285084114032,0.314912028439093,1.77761358627333,0.147387397461127,0.582218058054225,0.483373389375872,2.57364274933796,0.212166299562127,0.6,0.9,10
"CMU-TimeSeries","11",1.08027502388447,0.777262861194747,4.95396087789535,0.488406077068002,0.787079924637146,0.645071492120068,6.67085308832432,0.687248699086131,0,0.5,10
"CMU-TimeSeries","12",0.505309656052212,0.318340380260634,54.820237992272,0.0880069823481591,2.26689129882006,2.12914818618195,89.5330487691868,0.14299780534063,0.5,1,10
"CMU-TimeSeries","13",0.624310689698643,0.42243933563339,30.3913212636547,0.240053891414705,Inf,Inf,48.1131999139755,0.381858479565462,0.3,0.9,10
"CMU-TimeSeries","15",0.709641714181786,0.599346479999126,5.98921092330319,0.165306181372836,0.853035952523636,0.829144783736674,9.64227381858047,0.262668432914547,0.2,0.9,10
"CMU-TimeSeries","16",0.40360002820476,0.35177656531531,1.99711843195871,0.143545732198593,0.971162280132321,0.974898379306953,3.26468460561636,0.234726226399097,0.3,1,10
"CMU-TimeSeries","17",0.333297428618477,0.187596284895428,8.95953837293782,0.123762397210789,0.851925863876131,0.681850352626888,10.2801371877322,0.143833128279374,0.8,1,10
"CMU-TimeSeries","18",0.34175026460843,0.270720996359241,5.89280832799156,0.162211564766391,1.05792392235724,0.980870769291583,9.24711283973784,0.261540933435843,0.5,1,10
"CMU-TimeSeries","19",0.258934301636083,0.215430214499817,1.85916755297144,0.106256559160759,Inf,Inf,2.46382327904257,0.140080065324497,0.8,1,10
"CMU-TimeSeries","20",0.575367822673336,0.593942097242646,3.96404566283362,0.358446734218504,2.05691968785758,1.63496545190658,6.54683799570967,0.600527822361239,0.2,1,10
"CMU-TimeSeries","21",0.265751838352733,0.284619633765052,4.9752329238681,0.184178003557622,1.49719914105822,1.24576813945263,8.13316236246277,0.306052785996159,0.4,1,10
"CMU-TimeSeries","22",0.568000649814022,0.380945983189826,15.4966156377251,0.158015128907781,1.5157633261346,1.29483830999477,23.9808053160965,0.245097871439469,0.4,0.9,10
"CMU-TimeSeries","23",0.546216566181575,0.702581626974683,1.28014725359141,0.365003725540409,0.755097006071661,0.709656175957443,2.04407820984828,0.634633648210001,0.3,0.9,10
"CMU-TimeSeries","24",0.335273683430021,0.222714926628254,4.22690446944701,0.124881645858355,0.39138547419979,0.340631641062598,6.34224775440936,0.184863339415529,0.7,1,10
"CMU-TimeSeries","25",0.366245823346958,0.211643242277226,6.13899021649162,0.12959535940783,0.341324875376086,0.291021428470449,6.1047810193098,0.141103709481322,0.9,1,10
"CMU-TimeSeries","26",0.283414772622588,0.192082269533364,6.61513374700706,0.134931364997576,0.413041283748305,0.315759514126028,5.96145416867146,0.120912913380032,0.9,1,10
"CMU-TimeSeries","27",0.279146150582628,0.18668247731595,2.91636498589038,0.0972940882465448,0.486541337428773,0.431555477319608,3.3769805374922,0.109636567713636,1,1,10
"CMU-TimeSeries","28",0.728580627884608,0.627360558698781,8.05013610626053,0.239254716779408,1.27866449576819,1.20060305489281,12.6015137781009,0.366719810120027,0.1,0.9,10
"CMU-TimeSeries","29",0.580544063930799,0.379982562955598,9.72293719983137,0.207353795580042,Inf,Inf,16.0722101225015,0.35699402509647,0.5,1,10
"CMU-TimeSeries","30",0.570627600112449,0.616435226185263,2.76092319265216,0.313597653542103,0.958352224657716,0.957086388078622,4.20303793927975,0.480410961419591,0.2,0.9,10
"CMU-TimeSeries","31",0.308140391455832,0.350950199741537,1.50224837591475,0.191778553334843,1.04301528389779,0.92563296434409,2.47023467269552,0.321326205720782,0.4,1,10
"CMU-TimeSeries","32",0.470800738030088,0.354565803100316,5.25088269320107,0.132810144556025,0.798484633340584,0.789030217296752,7.44293333570946,0.194907862284557,0.4,1,10
"CMU-TimeSeries","33",0.62346367429449,0.486269056577729,2.83421198895486,0.278486027088893,0.651615437809184,0.540365947724235,4.12764158661636,0.416140336946799,0.3,0.9,10
"CMU-TimeSeries","34",0.300139743204596,0.183462903420661,7.97197753083099,0.0574027805869008,0.371006944958226,0.342980588891921,9.03333151677662,0.0636983271448754,0.9,1,10
"CMU-TimeSeries","35",0.785787140839149,0.807393835697166,5.5603089383566,0.421268244242179,1.12266548741547,1.06273060910536,8.76278119592824,0.642517877246113,0.2,1,10
"CMU-TimeSeries","36",0.325002893119463,0.164820367644815,18.3018905682842,0.0617870464629672,0.227415722635934,0.197959284795591,15.0843004943334,0.0510913590093013,1,1,10
"CMU-TimeSeries","37",0.560113746269451,0.356596437853618,17.2423247738451,0.0867848189150431,1.15095042606887,1.08124060596354,29.6236615417263,0.149048065922171,0.4,1,10
"CMU-TimeSeries","38",0.36185798979722,0.856354210867242,0.859405426563073,0.422965354965697,0.792461446306295,0.828292123323264,1.33200565621024,0.661894918234502,0.2,0.5,10
"CMU-TimeSeries","39",0.313257814743252,0.209133721429368,9.13128160639144,0.117561956977363,0.892029997947388,0.844038661462736,12.8776955351754,0.167205095267265,0.8,1,10
"CMU-TimeSeries","40",0.53990667334594,0.529322773379684,7.2232784478005,0.2894592157708,1.57425016263212,1.38540785999765,12.3029665505708,0.489545886502516,0.3,1,10
"CMU-TimeSeries","41",0.645330830978336,0.382260636262998,9.78562317405052,0.209355754105278,0.623705310673326,0.520204510820814,17.5656349396484,0.371106205764001,0.1,1,10
"CMU-TimeSeries","42",0.528135442455747,0.301003090277655,20.8518289363654,0.136486849345734,0.872919913255335,0.810295404718163,32.3955374309588,0.213287395973011,0.6,1,10
"CMU-TimeSeries","44",0.660631690197619,0.51427615963429,3.01047381373593,0.236645187328695,0.830618177474466,0.785934593386851,4.89451942882483,0.386595145422982,0.1,0.9,10
"CMU-TimeSeries","45",0.535578274376434,0.381767583247714,10.672862957294,0.141568223094474,1.21382789341069,1.13462769995218,17.134414849678,0.225818113390124,0.3,1,10
"CMU-TimeSeries","46",0.617607128987991,0.717984538174683,2.08706291525652,0.344744316418606,1.04521330325609,1.03091388494812,3.20927380072711,0.521638492614887,0.2,0.9,10
"CMU-TimeSeries","47",0.645215072952707,0.50042577175217,15.7202997449124,0.205681175170862,1.5851087320633,1.40559375999465,25.489379702558,0.327832113551616,0.2,0.9,10
"CMU-TimeSeries","48",1.39283170641233,0.909134943128832,161.340657820328,0.306764829588427,2.22870537223664,1.88401269745027,230.695069170634,0.431365022560511,0.1,0.6,10
"CMU-TimeSeries","49",0.494728591930266,0.355913508513934,3.41245575487868,0.181796201809672,0.671257415265899,0.596884064052179,5.4627219682161,0.289408047947484,0.4,1,10
"CMU-TimeSeries","50",0.657305389926916,0.694141368924267,1.63949346518938,0.310763897543579,0.806881043262451,0.848837569024986,2.53363136803896,0.486390896261568,0.1,0.9,10
"CMU-TimeSeries","51",0.543914843621316,0.296155324201114,9.3565462350824,0.156235335076791,1.18853440050307,0.961407513461555,13.4899826258496,0.232121206133047,0.6,1,10
"CMU-TimeSeries","53",0.948517372872885,0.652875662959209,37.633519359932,0.304408531454452,0.806645021512904,0.693215428630604,53.5344201809452,0.444437079560828,0.1,0.4,10
"CMU-TimeSeries","54",0.410655492608435,0.323267606658695,2.79963248520467,0.177344767908984,0.60919471430209,0.5411361378849,4.52444199713014,0.275670336452773,0.6,1,10
"CMU-TimeSeries","55",0.376546472235687,0.276631791882678,5.40248266966178,0.162797867936058,0.712304886256553,0.623737250272313,8.83108983150608,0.249136763835712,0.5,1,10
"CMU-TimeSeries","56",0.75505240522331,1.15418835712963,1.60907329376649,0.538776710453501,1.10566248319068,0.945672487592738,2.50446542049032,0.780310143154003,0.1,0.6,10
"CMU-TimeSeries","72",1.13450691572486,0.996198499039225,29.6849150894397,0.428013282282205,1.10832813527235,1.15506832819698,45.1026018690347,0.66874957851849,0.2,0.8,10
"CMU-TimeSeries_Cal","01",0.842378442560863,0.598439172437662,17.7044591427155,0.183851603572339,1.90174316322711,1.70707205515885,30.5319524682563,0.310621511929215,0.333333333333333,1,3
"CMU-TimeSeries_Cal","02",0.763833021862803,0.725707797855169,1.51533569238943,0.313939389632999,0.996766076373665,0.877103958591432,2.50010942920963,0.520711963473104,0.333333333333333,1,3
"CMU-TimeSeries_Cal","04",0.997577404221406,0.597956323337332,14.4103364086596,0.16011181882529,5.8967053487094,4.92925497635336,28.0661722862949,0.314401553107626,0.333333333333333,1,3
"CMU-TimeSeries_Cal","05",0.540947264730347,0.426397281214011,5.07771243782813,0.255206960320557,1.55773397233541,1.36317829928905,8.68113807148096,0.43995323484722,0.333333333333333,1,3
"CMU-TimeSeries_Cal","06",1.13488154751365,0.819742772118299,147.237535305064,0.16384419288536,1.2321848376551,1.16379508145744,245.414029317015,0.27076329743818,0.333333333333333,0.666666666666667,3
"CMU-TimeSeries_Cal","08",0.359003205263549,0.245536883935067,4.40756504071296,0.114255947514909,0.482564585611646,0.426854755725917,5.19969385007216,0.123977604704033,0.666666666666667,1,3
"CMU-TimeSeries_Cal","09",0.819983985354902,0.508479887098291,12.0274358281073,0.251845299741895,0.803040533506182,0.673607471239497,20.6528429439128,0.434816228695701,0,1,3
"CMU-TimeSeries_Cal","10",0.430210606559303,0.300643270627714,1.12086646846919,0.0961004224152782,0.517206949279192,0.397622155834136,1.48097776732764,0.121892817739745,1,1,3
"CMU-TimeSeries_Cal","11",0.840035992601887,0.592781880337905,2.8252578571732,0.231993390347282,0.660091650251749,0.513824849195071,4.17244317019856,0.332191154327413,0.333333333333333,0.666666666666667,3
"CMU-TimeSeries_Cal","12",0.809559591797346,0.491900558259516,54.4556796266585,0.0879361392898933,5.08485972173377,4.59693098530736,109.2956508383,0.175579148763814,0.666666666666667,1,3
"CMU-TimeSeries_Cal","13",0.760520882656328,0.52217516925084,24.5989965188527,0.212820317737842,Inf,Inf,44.6017839871382,0.388946660845246,0.333333333333333,1,3
"CMU-TimeSeries_Cal","15",0.843786935213668,0.75593351443135,7.16369495867973,0.202845964453352,0.974094680473302,0.9717476530033,11.6830281929726,0.324337396998433,0,0.666666666666667,3
"CMU-TimeSeries_Cal","16",0.621999115844848,0.470198372754883,2.45634343802864,0.17151742515218,1.27284035664409,1.22063720832701,3.74379684157652,0.274835461227678,0.333333333333333,1,3
"CMU-TimeSeries_Cal","17",0.367059561113277,0.209148849000081,9.88066068826111,0.130813081939323,1.29099955516265,1.05386685912187,15.1686020419235,0.206590895725644,0.333333333333333,1,3
"CMU-TimeSeries_Cal","18",0.392022028913971,0.294620774580303,5.11999248551395,0.145765077387557,1.14951658238621,1.03234154522864,8.06658381500651,0.227537738236646,0.666666666666667,1,3
"CMU-TimeSeries_Cal","19",0.389380592051488,0.292824634258239,1.82784779990147,0.102022377864607,Inf,Inf,2.67638163271879,0.149418059436369,1,1,3
"CMU-TimeSeries_Cal","20",0.702376025953602,0.674338959383548,3.34440958520281,0.330012817300507,2.61426462822473,1.88843930024848,5.8377950366153,0.563018179695478,0,1,3
"CMU-TimeSeries_Cal","21",0.363543954590452,0.351305059918866,5.83959301864954,0.212034749684184,2.03896440803877,1.49006227061201,10.4524961782162,0.369048988429379,0.333333333333333,1,3
"CMU-TimeSeries_Cal","22",0.688122352192229,0.462047125540782,10.3078547774103,0.109901140615093,2.27171094752108,1.95377171583178,18.5908508389344,0.199019081583045,0.666666666666667,1,3
"CMU-TimeSeries_Cal","23",0.457096812893773,0.546806219150643,1.08850151571704,0.242975435789069,0.609630803484864,0.510537798377457,1.68885614570815,0.369053267105064,0.333333333333333,1,3
"CMU-TimeSeries_Cal","24",0.339824470680153,0.228885553682452,3.00937950497294,0.0720724886950701,0.212948389329804,0.187548935741556,1.83122247834252,0.043637827895237,1,1,3
"CMU-TimeSeries_Cal","25",0.319021117830932,0.188199923728804,4.18812137132861,0.0782916407366426,0.0550867751990298,0.0475104458643515,0.443392478273561,0.00859257628656085,1,1,3
"CMU-TimeSeries_Cal","26",0.485420687676241,0.326145440789204,8.66550603145038,0.14948314313513,1.26819043250515,0.996174044894442,12.8684981365889,0.230223206678406,0.666666666666667,1,3
"CMU-TimeSeries_Cal","27",0.354166313737735,0.219108235895844,3.1145517883878,0.0952013387822304,0.715754034032868,0.611753941024837,4.14079162878407,0.12250439018129,1,1,3
"CMU-TimeSeries_Cal","28",0.737149497647984,0.588979621698918,6.52700942814959,0.203208939019948,1.01790013224936,0.907101231571251,10.4858808171151,0.317300466964812,0.333333333333333,0.666666666666667,3
"CMU-TimeSeries_Cal","29",0.692985368276942,0.405472055845694,6.34415583085629,0.125299317638955,Inf,Inf,8.51460603609726,0.167478795385667,0.666666666666667,1,3
"CMU-TimeSeries_Cal","30",0.569169066314385,0.607453440826118,2.90533231089607,0.334717107299111,1.00784500027086,0.965227735124026,4.84124549967656,0.531863109330282,0.333333333333333,1,3
"CMU-TimeSeries_Cal","31",0.310767762516481,0.32657056702569,1.13690702093056,0.144574806868376,0.986924616943928,0.833563695067796,1.68287823383358,0.211578326362649,1,1,3
"CMU-TimeSeries_Cal","32",0.483796919510742,0.360851620419452,5.66915959737619,0.137792110407442,0.831772290619234,0.814758744697038,9.03089044538202,0.224153143975359,0.333333333333333,1,3
"CMU-TimeSeries_Cal","33",0.612094324606414,0.485918691483155,3.98265194688238,0.389568734970354,0.654151892887582,0.541132937584937,6.07193297947058,0.619814483453839,0,0.666666666666667,3
"CMU-TimeSeries_Cal","34",0.33075717365867,0.201356514574735,8.3452032279796,0.0572792831711231,0.384816230520423,0.34405060091558,8.81889115308616,0.0562896907312653,0.666666666666667,1,3
"CMU-TimeSeries_Cal","35",0.967230794136531,0.856224026801216,2.86421157375503,0.256190772159927,1.62273395486187,1.30304017193661,5.26902969246001,0.454849466502692,0.666666666666667,1,3
"CMU-TimeSeries_Cal","36",0.448210417073311,0.22400904094322,18.7432394336799,0.059310946009177,0.633412722641586,0.534802818323827,26.4603742457754,0.0833025404371099,1,1,3
"CMU-TimeSeries_Cal","37",0.86213795856501,0.5379501730769,21.6273228930786,0.102673017034243,1.78880348915246,1.62433593423763,38.8551646182478,0.184120740636339,0.333333333333333,1,3
"CMU-TimeSeries_Cal","38",0.34535269183339,0.799810023395632,0.888086396444955,0.459209748679566,0.794451863468532,0.820978061968891,1.48808864375321,0.757986325112192,0,0.333333333333333,3
"CMU-TimeSeries_Cal","39",0.350977193141504,0.211386909963508,9.56742479791241,0.119020700991027,0.901835362560091,0.784876483998525,13.4230441353058,0.162985129195423,1,1,3
"CMU-TimeSeries_Cal","40",0.684904417599397,0.584336790389123,6.02132454045681,0.253161110217282,1.72462179822909,1.30579067923881,10.5006789384497,0.426717233867317,0.333333333333333,1,3
"CMU-TimeSeries_Cal","41",0.520025632499614,0.31120308901697,5.51804391160259,0.101417585002627,0.527938998546275,0.439061388350347,10.8068641778344,0.191176596243061,0,1,3
"CMU-TimeSeries_Cal","42",0.601340824964469,0.340087423378391,28.0771032693575,0.176718841520665,0.902344624037063,0.836182089338867,44.9390175340021,0.285558387125444,0.333333333333333,1,3
"CMU-TimeSeries_Cal","44",0.691000641167823,0.546280343532424,3.17397244782449,0.252635300616448,0.849638106757684,0.808375494344026,5.05640573145039,0.400627561705575,0.333333333333333,1,3
"CMU-TimeSeries_Cal","45",0.512896226924609,0.330755689430362,5.44508470977128,0.0735838518368123,1.13816484704504,0.974845084816349,8.13209161611087,0.107838343277713,1,1,3
"CMU-TimeSeries_Cal","46",0.813225664050706,0.858997641582929,3.32427078942094,0.527127403900774,1.32067328610352,1.25566428649334,5.36770920441498,0.844418960429049,0,0.666666666666667,3
"CMU-TimeSeries_Cal","47",0.780797315504405,0.56178886569949,16.9275106238915,0.227138000749187,2.03970004471426,1.65025019231854,29.914821464725,0.38505911633252,0,1,3
"CMU-TimeSeries_Cal","48",1.39944400367862,0.904137675173167,107.657461513397,0.236820356419619,2.43439731374615,2.04733635454491,179.795182390369,0.387205021899296,0.333333333333333,1,3
"CMU-TimeSeries_Cal","49",0.46111465072962,0.338212965790472,1.86862452472811,0.0790999949121668,0.387022231920382,0.343819414300368,1.68799366356902,0.0698935999918873,1,1,3
"CMU-TimeSeries_Cal","50",0.711616074480645,0.705884219550703,1.9487963080269,0.374704410839335,0.864430466202828,0.904147376987235,3.14481291535515,0.621661571030668,0,0.666666666666667,3
"CMU-TimeSeries_Cal","51",0.844869283513468,0.477255977224938,11.1394358230551,0.187577078983508,2.27667793356146,1.86862126802141,18.3395088233684,0.31634308898891,0,1,3
"CMU-TimeSeries_Cal","53",0.975394088061421,0.688526255342757,19.6583451204476,0.118032541920276,0.907456314167965,0.782108929939949,32.2183587445981,0.190260333421142,0.333333333333333,0.666666666666667,3
"CMU-TimeSeries_Cal","54",0.320204472498338,0.238744368532905,1.80381525071963,0.0907299244654288,0.328497166412563,0.278129359361408,1.64766655262071,0.0798975376675705,1,1,3
"CMU-TimeSeries_Cal","55",0.364749027956136,0.251006304639998,6.32031229491187,0.169144067150697,0.655919067144272,0.540904649010252,10.5966097253633,0.261956596128583,0.333333333333333,1,3
"CMU-TimeSeries_Cal","56",0.985922837545031,1.37453729493199,2.04891051876564,0.585931967134755,1.42984009649575,1.11556433034408,3.37715472185767,0.879591311129803,0,0.666666666666667,3
"CMU-TimeSeries_Cal","72",0.991317383178069,0.842103969649247,14.2964495000597,0.151473254046759,0.985973707230096,0.983478147060402,24.6061952785688,0.265958885563429,0.333333333333333,1,3
"CovidHub-baseline","01",1,1,23.1053920961862,0.324414065238925,1,1,15,0.162202970865217,1,1,10
"CovidHub-baseline","02",1,1,2.34068955800862,0.447452941824358,1,1,2.5,0.548925227043139,1,1,10
"CovidHub-baseline","04",1,1,22.7771629821907,0.378252454052956,1,1,10.3,0.126211877252043,1,1,10
"CovidHub-baseline","05",1,1,9.16569462058533,0.560419667376409,1,1,4.3,0.244659949024811,1,1,10
"CovidHub-baseline","06",1,1,164.70448924116,0.276785016802943,1,1,241.5,0.291672550600122,0.4,1,10
"CovidHub-baseline","08",1,1,13.3547626805898,0.541123230046388,1,1,11.9,0.344014325582915,1,1,10
"CovidHub-baseline","09",1,1,14.3891928261413,0.677145560009754,1,1,26,0.917051042176201,0.9,1,10
"CovidHub-baseline","10",1,1,4.16045801638451,0.459731073517865,1,1,4.5,0.45131245131477,0.9,1,10
"CovidHub-baseline","11",1,1,4.38385398671595,0.594931294093333,1,1,8.4,1.11719988779996,0.6,1,10
"CovidHub-baseline","12",1,1,98.22195291789,0.26097522964276,1,1,32.1,0.055703423484935,1,1,10
"CovidHub-baseline","13",1,1,44.7808257284073,0.532727275870989,NA,NA,14.6,0.15170834220402,1,1,10
"CovidHub-baseline","15",1,1,7.76707005627882,0.260895667314773,1,1,9.6,0.268564048979464,0.7,1,10
"CovidHub-baseline","16",1,1,4.92203763814377,0.409371016419714,1,1,3,0.21875593876598,1,1,10
"CovidHub-baseline","17",1,1,27.3884035624769,0.677868626606447,1,1,13,0.234804584672973,1,1,10
"CovidHub-baseline","18",1,1,18.2845833922665,0.627381339695212,1,1,8.4,0.257759996941165,1,1,10
"CovidHub-baseline","19",1,1,7.33377484867239,0.497788048211366,NA,NA,1.1,0.0676041712657005,1,1,10
"CovidHub-baseline","20",1,1,6.8388963178197,0.594258712802008,1,1,2.8,0.329431393052053,1,1,10
"CovidHub-baseline","21",1,1,19.6794734898218,0.666589581662091,1,1,5.3,0.241410894172669,1,1,10
"CovidHub-baseline","22",1,1,23.2256796906469,0.368273988553066,1,1,13.3,0.167100505443472,0.9,1,10
"CovidHub-baseline","23",1,1,2.36603470173832,0.48783358294667,1,1,2.59991299912999,0.85937011819757,1,1,10
"CovidHub-baseline","24",1,1,12.7549386860499,0.566806259860879,1,1,14.7,0.499784143829863,1,1,10
"CovidHub-baseline","25",1,1,16.8815659541052,0.615356919803508,1,1,15.9,0.424558598496499,1,1,10
"CovidHub-baseline","26",1,1,24.6320089601461,0.736852897000767,1,1,15.8,0.442166906313884,1,1,10
"CovidHub-baseline","27",1,1,11.1890393542609,0.560659851552846,1,1,8.2,0.302163331670957,1,1,10
"CovidHub-baseline","28",1,1,10.3548331492184,0.354948945514899,1,1,9,0.280132694677717,1,1,10
"CovidHub-baseline","29",1,1,16.7486611315244,0.542235807911631,NA,NA,12.2,0.312088565426841,0.9,1,10
"CovidHub-baseline","30",1,1,5.16497115635504,0.529575957578611,1,1,4.4,0.501221771487721,1,1,10
"CovidHub-baseline","31",1,1,4.96875487576397,0.54563817345024,1,1,2.2,0.329115391809995,1,1,10
"CovidHub-baseline","32",1,1,11.8983432209083,0.404609416710416,1,1,10.1,0.264213899615267,0.9,1,10
"CovidHub-baseline","33",1,1,4.58714509275745,0.589093256421881,1,1,6.4,0.811397755135666,0.9,1,10
"CovidHub-baseline","34",1,1,29.2623403806234,0.354203857894344,1,1,28.4,0.214985609125951,1,1,10
"CovidHub-baseline","35",1,1,6.91776177679603,0.496637335605884,1,1,7.9,0.597315538709539,1,1,10
"CovidHub-baseline","36",1,1,58.1568391000975,0.404520656827999,1,1,62.6,0.249998769487428,1,1,10
"CovidHub-baseline","37",1,1,32.8926655969364,0.27364560464874,1,1,28.6,0.157594757366989,0.9,1,10
"CovidHub-baseline","38",1,1,2.46988020366073,0.491125265255098,1,1,1.6,0.774240202181578,1,1,10
"CovidHub-baseline","39",1,1,31.7266682164365,0.611593356533143,1,1,15.5,0.210880762099949,1,1,10
"CovidHub-baseline","40",1,1,13.1591486600627,0.528724659738943,1,1,7.2,0.32756954134426,1,1,10
"CovidHub-baseline","41",1,1,15.1031707396226,0.564876315895526,1,1,28.9,0.749125536656293,0.5,1,10
"CovidHub-baseline","42",1,1,41.6021402243718,0.506757161446341,1,1,37.2,0.269934157628458,1,1,10
"CovidHub-baseline","44",1,1,4.72503373443082,0.473942340351122,1,1,5.9,0.487861347710325,0.8,1,10
"CovidHub-baseline","45",1,1,17.9094298419289,0.346590416355137,1,1,12,0.172764733832641,0.9,1,10
"CovidHub-baseline","46",1,1,3.59516427233403,0.506701206377791,1,1,3.2,0.519713193652104,1,1,10
"CovidHub-baseline","47",1,1,24.7092343009495,0.419115033862272,1,1,14.6,0.214491308177072,1,1,10
"CovidHub-baseline","48",1,1,104.689331935911,0.313120418202297,1,1,94.6,0.216772676078209,1,1,10
"CovidHub-baseline","49",1,1,6.7435646758511,0.503577403335283,1,1,8.3,0.512393052532654,1,1,10
"CovidHub-baseline","50",1,1,2.49184327036966,0.440652508880932,1,1,3,0.551368073054328,0.8,1,10
"CovidHub-baseline","51",1,1,16.965435750451,0.533770717019741,1,1,11.9,0.259948096657536,1,1,10
"CovidHub-baseline","53",1,1,40.3196375278209,0.511808189294863,1,1,70.6,0.715024608909757,0.1,1,10
"CovidHub-baseline","54",1,1,6.81564503244597,0.545509235848387,1,1,7.4,0.517228689652393,1,1,10
"CovidHub-baseline","55",1,1,15.4980164337774,0.638158393727896,1,1,13.9,0.448761888027202,1,1,10
"CovidHub-baseline","56",1,1,2.46058115926377,0.508663899722285,1,1,2.4,0.855333223803211,1,1,10
"CovidHub-baseline","72",1,1,22.5329176875638,0.370320219738513,1,1,35.2,0.482280827800359,0.5,1,10
"CovidHub-ensemble","01",0.425222639300719,0.319874892150099,9.06729630164711,0.0943334313381444,0.902177277427333,0.900243965363859,13.7488837391455,0.148708976418743,0.6,1,10
"CovidHub-ensemble","02",0.7858768863528,0.805841711187894,1.71467212776945,0.345322205256235,1.03972486302162,0.96029715267603,2.62451270373633,0.53929782859193,0.4,1,10
"CovidHub-ensemble","04",0.361517413050084,0.256930733673395,8.29919690563137,0.0969576917732385,0.968771994510604,0.957748032740596,12.7119505986158,0.154199985857014,0.6,1,10
"CovidHub-ensemble","05",0.280036182181782,0.24744048235076,2.36659538978555,0.128957456035205,0.728549557291099,0.71153285031202,3.20712479709524,0.18021264867731,0.8,1,10
"CovidHub-ensemble","06",0.903037656116118,0.663318555859026,145.959610977817,0.170339314536385,0.924957899201322,0.906912274296191,221.663634379901,0.260843822151233,0.3,0.6,10
"CovidHub-ensemble","08",0.448882983050791,0.308524528718898,5.93436500235552,0.164747145863263,0.814496677372793,0.771079842498554,9.24561131973035,0.250468158361099,0.5,1,10
"CovidHub-ensemble","09",1.00917894132221,0.640505496122118,15.2191092043222,0.438168234276529,0.867464131463943,0.770180451034786,22.6782568322179,0.690355098999466,0.2,0.6,10
"CovidHub-ensemble","10",0.512090097514221,0.403765269991347,2.18578724389105,0.192311076669164,0.78588697205048,0.689628101747138,3.54000782924779,0.310969962069465,0.6,0.9,10
"CovidHub-ensemble","11",0.968784342134706,0.727524922058715,4.46011494858171,0.456869100866168,0.830102104830611,0.688096802195009,6.99813960727789,0.72699387945636,0.1,0.8,10
"CovidHub-ensemble","12",0.320645285279542,0.211842183746002,32.0256954035762,0.0542312332419152,1.03688173299115,1.02003139027836,40.6624269907896,0.0682080557877669,1,1,10
"CovidHub-ensemble","13",0.1962737742163,0.157162450807496,8.81612088895868,0.0840117643274185,Inf,Inf,12.9995214403789,0.126335429893642,0.6,1,10
"CovidHub-ensemble","15",0.692285461613377,0.601770549734415,5.13212130060563,0.1461556810918,0.876466456314637,0.86327955662157,8.53849447354138,0.235453115927807,0.3,1,10
"CovidHub-ensemble","16",0.483924856290451,0.41531242249655,2.32905295202295,0.163961842919119,1.03023946257264,1.02172781253931,3.4231284754352,0.244060992284481,0.5,1,10
"CovidHub-ensemble","17",0.184234006327086,0.119991712075616,4.89781884642999,0.0791949797755661,0.362674499465897,0.323640035052136,4.16342100631739,0.0656500417741815,1,1,10
"CovidHub-ensemble","18",0.317823859877903,0.2520161628014,5.44169843184169,0.151170939646401,0.967677659135137,0.91464326716301,8.02983375381493,0.234461851967852,0.5,1,10
"CovidHub-ensemble","19",0.218969424045979,0.183111375811118,1.609535083161,0.0916813724748913,NA,NA,1.36379459801065,0.080939445877693,1,1,10
"CovidHub-ensemble","20",0.410183235111801,0.442920303003236,2.83286380073081,0.271348804352537,1.47463481375376,1.2375575703016,4.81886203815227,0.471270347461557,0.4,1,10
"CovidHub-ensemble","21",0.192357008559858,0.217048621425744,3.51894486796313,0.138983427668035,1.00990273408897,0.887690540069905,5.21969343224649,0.209628301098256,0.7,1,10
"CovidHub-ensemble","22",0.399521298543559,0.302542568894052,9.53373575164195,0.1118651215162,1.00870262619857,0.978351433989183,14.6019939389106,0.174730355179107,0.7,1,10
"CovidHub-ensemble","23",0.528536480269011,0.631647842394964,1.17988086076849,0.298171425180045,0.76780332156479,0.641691644437562,1.96752882046005,0.507255660079372,0.5,1,10
"CovidHub-ensemble","24",0.456971751080318,0.332489365599218,6.2060754734615,0.201916786453587,0.74412069701477,0.690804369143906,11.0424918250166,0.346238610650773,0.3,1,10
"CovidHub-ensemble","25",0.366912408265843,0.250256751308115,6.23947212881887,0.154992215169995,0.679837059068194,0.634331051110426,10.6900309611671,0.261667897183404,0.4,1,10
"CovidHub-ensemble","26",0.219191544098422,0.174893091378069,5.39713378492656,0.131049260385537,0.520477778434614,0.458999124736371,8.15331369946886,0.194289671948148,0.9,1,10
"CovidHub-ensemble","27",0.321303745172124,0.218896988266507,3.41667710072423,0.116350864781055,0.719387267330229,0.658847722259985,5.15185652419377,0.172575398112165,0.7,1,10
"CovidHub-ensemble","28",0.514364654871173,0.447617748163178,5.30681478248393,0.160896791706329,0.993145106266789,0.973658812045971,9.1637337074574,0.281627321835333,0.4,1,10
"CovidHub-ensemble","29",0.331152376087345,0.233260461609506,5.68942159236073,0.129179591793817,NA,NA,8.32433117091373,0.188647405033231,0.7,1,10
"CovidHub-ensemble","30",0.46615824347024,0.493594295059867,2.30604253915086,0.257627318569005,0.839400145428777,0.808175684759577,3.75124069597848,0.41573865644073,0.4,1,10
"CovidHub-ensemble","31",0.294198599896965,0.345182664403478,1.44488569750093,0.189728879732079,0.98393275488679,0.895316622487833,2.32333578351164,0.312497678608744,0.8,1,10
"CovidHub-ensemble","32",0.53350131699765,0.42327825675314,6.15922382759957,0.165257590823883,1.00180509642548,1.01829574091324,10.2419910406287,0.275922399172254,0.4,1,10
"CovidHub-ensemble","33",0.663003061085891,0.525710745036374,3.04367429340525,0.306726390978176,0.731388844864998,0.610753927776643,4.664021555753,0.475891087403382,0.3,0.9,10
"CovidHub-ensemble","34",0.492103210519395,0.314196507978098,13.4012726682238,0.10049394533464,0.818770456954144,0.797866342463614,22.1857866337631,0.161721440188298,0.5,1,10
"CovidHub-ensemble","35",0.7803544595358,0.784816294025853,5.5883702996576,0.413336705077834,1.14206698939475,1.06251557061075,9.06423420859989,0.65097178687749,0.2,0.7,10
"CovidHub-ensemble","36",0.418766143439545,0.241128827852025,24.7519148329179,0.0958852422814613,0.710027088955108,0.676728279400577,44.8243649421046,0.169486687583519,0.4,1,10
"CovidHub-ensemble","37",0.537771820976167,0.36395419407309,17.6230144072986,0.0967100463415985,0.99448300838905,0.99972314735922,27.928392358963,0.154969169026935,0.6,1,10
"CovidHub-ensemble","38",0.400364051395755,0.894847311571143,0.947286959803546,0.437144287829947,0.923210514474053,0.915841411472397,1.55168315627903,0.72459912787461,0.4,0.7,10
"CovidHub-ensemble","39",0.322799352749045,0.213486793860508,9.32410764964667,0.119274966263341,0.890717343471349,0.857103142708526,12.5549659595955,0.166240644038637,0.7,1,10
"CovidHub-ensemble","40",0.470420088866222,0.466883103445437,6.48858094150766,0.260939841433621,1.30724361794305,1.19305567815772,10.5170341686233,0.430308296947126,0.3,1,10
"CovidHub-ensemble","41",0.898465939730813,0.568656548273736,14.0235981897133,0.321978016898417,0.81326077978777,0.729391257715189,23.25228869924,0.531390731577405,0.1,0.8,10
"CovidHub-ensemble","42",0.435476387851847,0.258383378562475,16.4476364273513,0.113304987269289,0.785244083931735,0.743751043788105,27.3080095930992,0.18371511579899,0.5,1,10
"CovidHub-ensemble","44",0.659830164651895,0.515484420214894,3.08537359278642,0.243805401354791,0.886513644587403,0.84143261315304,5.37190688475356,0.426500145203637,0.4,0.9,10
"CovidHub-ensemble","45",0.427463470411042,0.317317236371682,7.65381190810315,0.106305304449473,0.942902207582922,0.924736379061748,11.6533090582422,0.162289187783905,0.6,1,10
"CovidHub-ensemble","46",0.56707067661988,0.623763841656601,1.88886767767102,0.301452600853935,0.987453945316359,0.932667485382722,3.05909817939896,0.481330456555024,0.4,1,10
"CovidHub-ensemble","47",0.521093220610216,0.409432958218302,12.7553319395768,0.169650173450938,1.23972383788513,1.13148464214393,20.1330666820164,0.267601911233397,0.6,0.9,10
"CovidHub-ensemble","48",0.636557420858885,0.459950611379147,68.4893082992285,0.146885881454323,1.23854378133507,1.18394445882998,120.968579096669,0.261102508211189,0.2,1,10
"CovidHub-ensemble","49",0.604553596805406,0.461883272576028,4.34070618517878,0.247848770107585,0.752969836201307,0.713090806367374,7.30699644657739,0.415443151532103,0.3,1,10
"CovidHub-ensemble","50",0.657023253386377,0.683874700006225,1.60803088963191,0.299228807831412,0.873385969728651,0.912834079741013,2.68271728622101,0.51288649085492,0.5,1,10
"CovidHub-ensemble","51",0.292630284187537,0.193609396096424,4.75258639646705,0.0977405101120283,0.661270187950318,0.606546209785368,6.59640684262947,0.130199680717753,0.8,1,10
"CovidHub-ensemble","53",1.08914599792141,0.824708448750403,46.8174858017781,0.431177718023354,0.904503103041168,0.851063218782439,63.5293878632736,0.596844639828946,0.1,0.5,10
"CovidHub-ensemble","54",0.50952072710285,0.407339272473972,3.47957393125096,0.221800542460889,0.796172089817945,0.721122817167223,5.69646063687115,0.350597084303888,0.2,1,10
"CovidHub-ensemble","55",0.431565209496518,0.311880154043571,6.23239230401466,0.184261528937804,0.849649222639958,0.775369227455191,10.7643506499751,0.315317267862758,0.5,1,10
"CovidHub-ensemble","56",0.56221567711826,0.900097975925363,1.34242319112987,0.454852607866858,0.821904295143072,0.780793110319844,2.09354193352429,0.693077441274133,0.3,0.8,10
"CovidHub-ensemble","72",0.74329647108381,0.641806908476957,17.6240299221244,0.242455527689174,0.795376281729367,0.823339589476284,28.2545994198834,0.399853732695006,0.5,0.8,10
"Google_SAI-Ensemble","01",0.410563705301662,0.339290298577816,9.28707599516908,0.106621228325874,0.939521439606184,0.954022043437034,15.1222222222222,0.164245833330513,0.4,1,10
"Google_SAI-Ensemble","02",0.698716460192025,0.718100107808267,1.54304383333333,0.310590035815642,0.996194743618241,0.93548930893534,2.54555555555556,0.530494442588315,0.3,1,10
"Google_SAI-Ensemble","04",0.317847343432154,0.242243226710746,6.85858935748792,0.0862786537778421,1.02306000287654,1.06005646986175,9.28,0.117802279426986,0.8,1,10
"Google_SAI-Ensemble","05",0.27568736049215,0.2560019674597,2.38657624154589,0.136652370531243,0.878072633339838,0.874280945903411,3.84777777777778,0.218004414611827,0.6,1,10
"Google_SAI-Ensemble","06",0.875285042266839,0.675872549310548,156.528356700483,0.194561730207136,0.908195759501622,0.933073302268191,235.768888888889,0.295299223327185,0.2,0.7,10
"Google_SAI-Ensemble","08",0.471962703368641,0.328382113024469,6.30437401690821,0.17728037482413,0.873119186636065,0.839020252798711,10.0477777777778,0.276986983417683,0.5,1,10
"Google_SAI-Ensemble","09",1.15041415057464,0.766533221906675,17.000887,0.515272849587783,0.939077897248378,0.874164744407296,24.2977777777778,0.77741586486989,0.1,0.6,10
"Google_SAI-Ensemble","10",0.547475066351226,0.460625280702688,2.31369901690821,0.214852167034304,0.731940136164943,0.688511376992702,3.4,0.318714047038563,0.5,0.9,10
"Google_SAI-Ensemble","11",0.981575552647384,0.749057838191073,4.2767093647343,0.438313672729672,0.869520017156788,0.728373297176309,7.11333333333333,0.732598310182108,0.1,1,10
"Google_SAI-Ensemble","12",0.672285761801574,0.529025682512513,65.0793682705314,0.134233028289389,3.58409108433196,4.10440910179077,118.996111111111,0.238850595440304,0.1,1,10
"Google_SAI-Ensemble","13",0.21676720962872,0.198283646991538,9.35704758454106,0.102619687691167,Inf,Inf,11.62,0.124586978517814,0.8,1,10
"Google_SAI-Ensemble","15",0.834484986239389,0.78739381177687,6.65735599758454,0.209130573493469,1.08151949262054,1.17983458239615,11.3855555555556,0.352554463946059,0.4,1,10
"Google_SAI-Ensemble","16",0.439701936644448,0.391846058320576,2.06994178985507,0.151806690251661,0.907098332321364,0.93439302930055,2.83333333333333,0.211112174214161,0.8,1,10
"Google_SAI-Ensemble","17",0.205662949772298,0.140236888514993,5.57525291545894,0.0947344063006297,0.581577893946633,0.540957279538164,6.81944444444444,0.113181060865702,0.7,1,10
"Google_SAI-Ensemble","18",0.331745285578901,0.269585116525733,5.51352457729469,0.157357433927857,0.946434838367773,0.91002947638156,7.83777777777778,0.232105353945233,0.5,1,10
"Google_SAI-Ensemble","19",0.229897242473884,0.192732236388702,1.68077428019324,0.095974259276608,Inf,Inf,1.27666666666667,0.0774728569019743,1,1,10
"Google_SAI-Ensemble","20",0.333984945269533,0.372997763749797,2.23758219565217,0.222014753081851,1.11103556699543,0.999125354528788,3.5,0.370373596813592,0.4,1,10
"Google_SAI-Ensemble","21",0.186942471810075,0.220162991866759,3.41481293961353,0.140197075331572,0.815611886845964,0.764850629096017,4.12888888888889,0.176244048717499,0.7,1,10
"Google_SAI-Ensemble","22",0.445597108879854,0.383838156839375,10.4335185096618,0.14248297680832,1.23736348395283,1.31535269608411,17.72,0.237020397559001,0.6,1,10
"Google_SAI-Ensemble","23",0.56064603825387,0.610958655591834,1.27281206763285,0.285773525977873,0.765811819429269,0.614240444278507,1.94666666666667,0.475707017279995,0.6,1,10
"Google_SAI-Ensemble","24",0.576198806110601,0.422341435254384,7.67196865458937,0.248912031071072,0.970248955798328,0.927337562807371,13.4577777777778,0.430624960664147,0.2,1,10
"Google_SAI-Ensemble","25",0.420677130215382,0.297119850640946,7.06739529951691,0.181533717601927,0.807971625646969,0.757210481005344,12.3055555555556,0.303450532589812,0.4,1,10
"Google_SAI-Ensemble","26",0.218741486821862,0.175263177009325,5.31786596618357,0.129359196634299,0.544491980072647,0.476120699332633,8.18666666666667,0.192702530422427,0.8,1,10
"Google_SAI-Ensemble","27",0.34704186848958,0.240334002778142,3.7276244057971,0.12915280171454,0.745010377702446,0.700003056882335,5.77222222222222,0.196797527401581,0.5,1,10
"Google_SAI-Ensemble","28",0.389687930203966,0.361835810061227,3.78385815458937,0.121735570373264,0.663822935568337,0.697671490600905,5.43111111111111,0.178185241263792,0.5,1,10
"Google_SAI-Ensemble","29",0.355375953308208,0.253606496289955,6.06027462318841,0.13979211573098,Inf,Inf,9.37888888888889,0.214660174818646,0.8,1,10
"Google_SAI-Ensemble","30",0.495087146989398,0.508828921288117,2.49143185024155,0.268871375496793,0.858216357196996,0.819093495104946,3.85666666666667,0.42388667546766,0.4,1,10
"Google_SAI-Ensemble","31",0.332355296026419,0.374504899892411,1.66350540096618,0.208139160048957,1.00670623473938,0.91022064508041,2.41666666666667,0.322442134449763,0.7,1,10
"Google_SAI-Ensemble","32",0.639260304965586,0.531074354317802,7.1586773115942,0.200392505137116,1.18476106693656,1.23915090496552,11.8533333333333,0.326009208287982,0.4,1,10
"Google_SAI-Ensemble","33",0.677075962426485,0.563027796638644,3.12952838405797,0.331894694256385,0.790578219709133,0.698989213562749,5.14555555555556,0.558786118106851,0.6,0.9,10
"Google_SAI-Ensemble","34",0.651520154635745,0.429109359089646,18.2035976425121,0.140963879823246,1.10700760525494,1.11599614721938,31.0872222222222,0.236100524055794,0.3,1,10
"Google_SAI-Ensemble","35",0.735008422252595,0.736928692771216,5.27188636231884,0.387463836678429,1.04752233594673,0.990137626121902,8.41111111111111,0.612675862836698,0.2,0.9,10
"Google_SAI-Ensemble","36",0.627651306088903,0.37518417928756,36.0910984178744,0.145226646077585,1.10269911281871,1.09623433619031,65.4566666666667,0.258303438143755,0.1,1,10
"Google_SAI-Ensemble","37",0.690298690347267,0.505298603124408,22.0073192463768,0.1299977381959,1.40004989706572,1.46500780552634,37.6533333333333,0.215133838140537,0.3,1,10
"Google_SAI-Ensemble","38",0.574416460380047,1.09110392354094,1.37332204347826,0.536800374138613,1.1565200975928,1.05994243406927,1.94888888888889,0.839213212599196,0.4,0.7,10
"Google_SAI-Ensemble","39",0.347227231825402,0.236386457056339,9.9310694057971,0.130857631392143,1.0150972771485,0.993861116106095,14.7566666666667,0.197233034987952,0.6,1,10
"Google_SAI-Ensemble","40",0.373624129632035,0.388705615766421,4.74449288164251,0.201925805655894,1.04619913202774,1.02100208424967,7.67222222222222,0.341286476565603,0.4,1,10
"Google_SAI-Ensemble","41",1.12370756260857,0.732888881072012,17.4360921280193,0.413800895722195,0.928007436084069,0.879288303159482,26.5411111111111,0.644723417922638,0,0.7,10
"Google_SAI-Ensemble","42",0.440599626947704,0.264013108674531,16.8457026183575,0.117382379666215,0.785221197133057,0.754371007779501,27.6961111111111,0.189521634766013,0.3,1,10
"Google_SAI-Ensemble","44",0.721700640443464,0.578243243201493,3.33023311111111,0.268662034574098,0.918714808842162,0.881884104897221,5.49777777777778,0.439487644589119,0.4,0.9,10
"Google_SAI-Ensemble","45",0.462225121546048,0.378987631800906,7.82533384782609,0.121897402050195,1.1462583608957,1.22309225784797,12.2888888888889,0.18890499930293,0.6,1,10
"Google_SAI-Ensemble","46",0.570429629346644,0.614061319743691,1.92448362318841,0.299685027916281,1.02453618800091,0.962623558342119,3.14888888888889,0.494716007939462,0.5,1,10
"Google_SAI-Ensemble","47",0.41779323865044,0.361936101832071,9.26257606763285,0.137388755624676,0.971307171379674,0.995355569128406,14.1944444444444,0.214055143381788,0.5,1,10
"Google_SAI-Ensemble","48",0.325511058618901,0.256024196743024,33.2747004057971,0.0779457936518415,0.428349201230159,0.449456973976956,38.9566666666667,0.0938598936951063,1,1,10
"Google_SAI-Ensemble","49",0.644994958607665,0.503955767257174,4.64782954347826,0.270468280175715,0.987319866589841,0.956116512017813,7.73555555555556,0.450731898899262,0.3,1,10
"Google_SAI-Ensemble","50",0.646831996297342,0.661419596005229,1.57534628743961,0.287724497062857,0.854543523465576,0.894705179278423,2.59777777777778,0.497529045243397,0.4,1,10
"Google_SAI-Ensemble","51",0.332753156014395,0.227670362703496,5.62850525120773,0.119908697526781,0.794598257257112,0.754146989054744,8.74,0.178918726959003,0.5,1,10
"Google_SAI-Ensemble","53",1.19456068270791,0.95022619738093,52.5127947681159,0.500857522009858,0.96316041751203,0.962346365497469,71.36,0.700198602632831,0.1,0.5,10
"Google_SAI-Ensemble","54",0.52882184373352,0.43839499485722,3.70247904830918,0.247255572935023,0.849819141789599,0.794266133125867,6.32666666666667,0.406087809293047,0.3,1,10
"Google_SAI-Ensemble","55",0.46097836516971,0.33938111868117,6.74569300483092,0.203694198525657,0.840944237097803,0.782319580539688,10.9811111111111,0.325277109998964,0.4,1,10
"Google_SAI-Ensemble","56",0.597852803784167,0.912036123380477,1.459766352657,0.466989955447632,0.848256374505071,0.8107138844488,2.17888888888889,0.722324987632574,0.4,0.8,10
"Google_SAI-Ensemble","72",0.697374234862546,0.626875815843457,17.1683950772947,0.24616722242337,0.640016445585305,0.680144840715035,25.1,0.368254683679837,0.5,1,10
"NEU_ISI-AdaptiveEnsemble","01",0.566127269281575,0.444866577427082,13.0170289855072,0.148548860945344,1.16849809265385,1.19666568391957,19.1666666666667,0.22198727045981,0.166666666666667,0.833333333333333,6
"NEU_ISI-AdaptiveEnsemble","02",0.778304026724701,0.849845331866677,1.75201086956522,0.370235024057094,0.961329600109102,0.924920203738553,2.75,0.580244301255523,0.5,0.875,8
"NEU_ISI-AdaptiveEnsemble","04",0.293337875522111,0.214579555182359,6.6634347826087,0.0809100145135026,1.06272087786787,1.06868248430955,11.8,0.146169634953161,0.7,1,10
"NEU_ISI-AdaptiveEnsemble","05",0.259820664174441,0.246581366244186,2.26773913043478,0.13043501120477,0.745366756492288,0.745272119234625,3.4,0.193617560921978,0,0.2,5
"NEU_ISI-AdaptiveEnsemble","06",2.20940187739679,1.88633620474909,468.409673913043,0.684360255491203,1.65498559936226,1.92884823914695,499.75,0.748163462250783,0,0,4
"NEU_ISI-AdaptiveEnsemble","08",0.474500217315363,0.303529626774367,6.21186956521739,0.159290674516249,0.767602530867831,0.714374981941565,8.3,0.220227967266605,0.1,0.6,10
"NEU_ISI-AdaptiveEnsemble","09",1.67344637891371,1.16704413166766,25.5683695652174,0.850866121515783,1.03001937017306,1.00566571175402,27.5,0.956809136647038,0,0,8
"NEU_ISI-AdaptiveEnsemble","10",0.989638237591379,0.829860072801691,3.81248447204969,0.379362999623446,1.28593145896863,1.25572581689597,5.14285714285714,0.530924340797036,0.285714285714286,0.571428571428571,7
"NEU_ISI-AdaptiveEnsemble","11",1.78527018039029,1.50294323242107,6.10804347826087,0.635148889236271,1.19443780274248,1.22151905449667,7.5,0.836988216785836,0,0,2
"NEU_ISI-AdaptiveEnsemble","12",0.563809825152293,0.358605430082623,34.6044927536232,0.0589471130763949,2.47996814866491,2.36924604860108,49,0.0838280408946733,1,1,3
"NEU_ISI-AdaptiveEnsemble","13",0.283419400640982,0.277860459600468,17.5390062111801,0.199868300166984,Inf,Inf,23,0.266835745944015,0.285714285714286,0.428571428571429,7
"NEU_ISI-AdaptiveEnsemble","15",1.1184663693651,1.19038927377885,10.1360869565217,0.37066877183736,1.17029573306512,1.34644728345449,13.75,0.447512439553188,0.125,0.5,8
"NEU_ISI-AdaptiveEnsemble","16",0.572591324964382,0.454583447199455,2.34333333333333,0.171235878598361,1.0960185627796,1.07360430654499,3.33333333333333,0.248490999853895,0.333333333333333,0.666666666666667,3
"NEU_ISI-AdaptiveEnsemble","17",0.096773287250184,0.0592749733173544,2.568,0.0387929594352316,0.298149736730108,0.258720049607491,3.5,0.053421177920004,0.9,1,10
"NEU_ISI-AdaptiveEnsemble","18",0.208085723327962,0.175552544656142,3.5225652173913,0.106063124242708,0.692772922314116,0.66198215822846,6.1,0.18135174913707,0.3,0.9,10
"NEU_ISI-AdaptiveEnsemble","19",0.11306980876732,0.102343832210259,0.814608695652174,0.0514133654100874,NA,NA,1.2,0.0750690135838972,0.7,1,10
"NEU_ISI-AdaptiveEnsemble","20",0.443076221753215,0.496126083467367,3.28517391304348,0.32622316645208,1.30028859236871,1.0888309161399,4.5,0.439819157152724,0.2,0.7,10
"NEU_ISI-AdaptiveEnsemble","21",0.249856366004919,0.269934222341742,4.61695652173913,0.169565839360415,1.61526667487623,1.32589030884241,8.44444444444444,0.308743452604035,0.111111111111111,1,9
"NEU_ISI-AdaptiveEnsemble","22",1.32883037762417,1.12527001963644,28.1014130434783,0.409510175829489,2.82766647491468,3.14287006106039,32.75,0.487376151838605,0,0.25,4
"NEU_ISI-AdaptiveEnsemble","23",0.725578940140582,0.873827774834928,1.75565217391304,0.407302495659898,0.75285380083442,0.659494280507135,2,0.47754858026687,0.4,0.6,5
"NEU_ISI-AdaptiveEnsemble","25",0.65670183369438,0.444650184454279,11.0539565217391,0.270160843098246,0.92054723478488,0.868584212322243,13.5,0.33480744726235,0,0.1,10
"NEU_ISI-AdaptiveEnsemble","26",0.218876767225943,0.174001132593203,6.16182608695652,0.150098042408493,0.498298288872668,0.4488091010388,8.3,0.204953286699501,0.3,0.5,10
"NEU_ISI-AdaptiveEnsemble","27",0.48406386950617,0.336274222486201,5.47226086956522,0.189659456783789,0.968850645449747,0.937659797526015,7.6,0.268702844174601,0.1,0.5,10
"NEU_ISI-AdaptiveEnsemble","28",0.289268729957726,0.284797899634028,2.92942028985507,0.104763793875552,0.482462806302168,0.53047909068679,4.16666666666667,0.147064863366412,0.5,0.666666666666667,6
"NEU_ISI-AdaptiveEnsemble","29",0.340241919011937,0.237471743878093,5.92782608695652,0.13397652183827,Inf,Inf,8.4,0.192839345706152,0.3,0.8,10
"NEU_ISI-AdaptiveEnsemble","30",0.47927080951822,0.49581803703042,2.30968944099379,0.247424254413656,0.779062911456985,0.742347557247462,3.28571428571429,0.35794685322875,0.428571428571429,0.857142857142857,7
"NEU_ISI-AdaptiveEnsemble","31",0.226466776474072,0.289010572340442,1.02439130434783,0.148640027350113,0.82828344768162,0.818495205086254,1.8,0.26312771422963,0.4,0.9,10
"NEU_ISI-AdaptiveEnsemble","32",0.94864934953411,0.75850616944933,11.4826708074534,0.324970465627795,1.36941376933625,1.44865897998814,14.4285714285714,0.41896786336837,0.142857142857143,0.285714285714286,7
"NEU_ISI-AdaptiveEnsemble","33",0.80339554574612,0.611184081653225,2.97987577639752,0.293302163757122,0.734215356709313,0.625239509538521,3.85714285714286,0.397275122921552,0.142857142857143,0.714285714285714,7
"NEU_ISI-AdaptiveEnsemble","34",1.26148026958175,0.842413010926615,34.8771739130435,0.278020825938793,1.7981906746312,1.94666457936672,50,0.405964503734922,0,0.666666666666667,6
"NEU_ISI-AdaptiveEnsemble","35",1.63468165676857,1.4462124040192,13.648115942029,0.905403876801537,1.78525443674303,1.42203988343314,16,1.01395780985062,0,0,3
"NEU_ISI-AdaptiveEnsemble","36",0.986454263920308,0.603313923745399,62.2059903381642,0.258051103098616,1.36452880913624,1.43799241463056,89.2222222222222,0.375283422476749,0,1,9
"NEU_ISI-AdaptiveEnsemble","37",1.6621328882611,1.14328947872252,50.7188695652174,0.299996107827044,2.34744136431087,2.4715317938423,60.6,0.366231699149043,0,0,5
"NEU_ISI-AdaptiveEnsemble","38",0.962944776082838,1.7252810607605,2.12673913043478,0.793946909251119,1.84561989537661,1.31955905546525,3,1.00745151027113,0.5,0.5,2
"NEU_ISI-AdaptiveEnsemble","39",0.28975150208183,0.194393276807206,8.08852173913044,0.106315061624646,0.76520649488178,0.73061095390633,10.9,0.143959805594667,0.4,0.5,10
"NEU_ISI-AdaptiveEnsemble","40",0.456225629300951,0.507106936505514,6.32028985507246,0.29384685095233,0.967860862893787,0.944536038075334,7.66666666666667,0.347507607339022,0,0,3
"NEU_ISI-AdaptiveEnsemble","41",0.884317251807138,0.553341557721925,10.5368944099379,0.227020375167966,0.857889831762992,0.763074149949334,19.5714285714286,0.415207260635927,0.142857142857143,0.571428571428571,7
"NEU_ISI-AdaptiveEnsemble","42",0.559725589991658,0.296821713204999,23.1456086956522,0.139709410825604,0.762482131847925,0.680710495064203,33.1,0.205137260470317,0.8,1,10
"NEU_ISI-AdaptiveEnsemble","44",0.981946993588507,0.762838290697735,4.51260869565217,0.351702133669776,0.919158962087368,0.889940737311654,5.5,0.44266283533602,0.3,0.5,10
"NEU_ISI-AdaptiveEnsemble","45",0.577381005298043,0.448279166949072,4.74739130434783,0.0780396015362924,2.23680320359803,2.2394697193571,9,0.141970261270387,1,1,1
"NEU_ISI-AdaptiveEnsemble","46",0.573677541849583,0.637770085836088,2.03004347826087,0.323622789066669,0.91245630277311,0.848378327416211,2.9,0.45039847559611,0.3,0.5,10
"NEU_ISI-AdaptiveEnsemble","47",0.411224186196794,0.345456611155845,9.76453416149068,0.143506071010938,0.872762632113138,0.84624626199058,13.8571428571429,0.202718824986751,0.285714285714286,0.571428571428571,7
"NEU_ISI-AdaptiveEnsemble","48",0.482840778270161,0.390854424572182,48.6434782608696,0.118425846118156,0.914141546605923,1.00760039020992,85.3,0.215137954048993,0.4,1,10
"NEU_ISI-AdaptiveEnsemble","49",1.70338815913178,1.59379309822248,14.6635869565217,1.15790582882841,1.33336734712804,1.63940428008134,15.25,1.24047092735738,0,0,4
"NEU_ISI-AdaptiveEnsemble","50",1.05401987629817,1.0629266117183,2.59869565217391,0.498353586960547,1.03714657268908,1.05013836001021,3.33333333333333,0.6310766304088,0.166666666666667,0.333333333333333,6
"NEU_ISI-AdaptiveEnsemble","51",0.356947974812411,0.24237647203492,6.38134782608696,0.134232544333186,0.772874732693425,0.746010596479336,9.4,0.196753396294302,0.4,0.6,10
"NEU_ISI-AdaptiveEnsemble","53",0.929915233544097,0.770846150533503,73.428,0.800042984464357,0.595486198817511,0.606739822754559,82.2,0.941704159503832,0.2,0.2,5
"NEU_ISI-AdaptiveEnsemble","54",0.513165991572315,0.394469812718888,3.50847826086957,0.210822058593754,0.729177736290188,0.642094829365207,4.9,0.290905152972988,0.2,0.5,10
"NEU_ISI-AdaptiveEnsemble","55",0.58967904466906,0.419457489100044,8.49378260869565,0.245554743016373,0.871110521240885,0.801565980283542,11,0.324197923454864,0.2,0.3,10
"NEU_ISI-AdaptiveEnsemble","56",0.67879622949296,1.11878933823141,1.93869565217391,0.685310381534992,0.910206051648706,0.864227364364142,2.75,0.906085233244091,0,0.75,4
"OHT_JHU-nbxd","01",0.379592993324686,0.29783564139211,7.52883652173913,0.0815912079062096,0.908350205682146,0.920303485926506,12.687,0.137572722434332,0.4,1,10
"OHT_JHU-nbxd","02",0.907004538138482,1.01088640161829,1.96532608695652,0.431066740893727,0.951492236245397,0.925536388225057,2.464,0.528924214424526,0,0.2,10
"OHT_JHU-nbxd","04",0.211132838131372,0.168439605691295,4.23427391304348,0.0564106083277284,0.796108911698633,0.859481015344329,6.998,0.0931188129080584,0.6,1,10
"OHT_JHU-nbxd","05",0.384371936100894,0.388230826762644,3.90555739130435,0.251729177441651,1.03693543518737,1.1684372325067,5.261,0.350891455371074,0.2,0.6,10
"OHT_JHU-nbxd","06",1.49271487710207,1.22689837798557,281.687696086957,0.37217979787858,1.26913977876818,1.42833851533899,343.927,0.470734598683514,0.1,0.2,10
"OHT_JHU-nbxd","08",0.938404971276417,0.697872786797531,12.7145182608696,0.384891245399969,1.43332334966251,1.56287083756408,16.078,0.507888881997215,0,0.2,10
"OHT_JHU-nbxd","09",1.73490904234237,1.29878551320063,26.4012060869565,0.903556804643646,1.08483892468594,1.14773344947575,28.866,1.04784816823328,0,0.1,10
"OHT_JHU-nbxd","10",0.879456066593761,0.813923499106114,3.51621,0.352874292724736,1.03393344831512,1.09498182103105,4.28,0.444135057512495,0.1,0.4,10
"OHT_JHU-nbxd","11",1.38198834559941,1.10978140634399,6.32382391304348,0.709905026793766,0.829865014479344,0.759981157431268,7.033,0.818510072471529,0.1,0.3,10
"OHT_JHU-nbxd","12",0.673123740710479,0.510963691806108,77.7408852173913,0.155972598680015,2.91855441572716,3.33175477454119,115.792,0.234498848704319,0.1,0.6,10
"OHT_JHU-nbxd","13",0.241481808725421,0.216045129013696,10.3339343478261,0.111168689564907,Inf,Inf,16.842,0.180210049828949,0.3,0.9,10
"OHT_JHU-nbxd","15",1.349101079225,1.26460956976466,10.930507826087,0.335590105967174,1.20939991800817,1.36368861275836,12.817,0.406413005411257,0,0.1,10
"OHT_JHU-nbxd","16",0.429072916944902,0.374795375336215,2.41292956521739,0.17281102020889,0.837345540690719,0.834941141256429,3.261,0.23206199184794,0.3,0.5,10
"OHT_JHU-nbxd","17",0.450352951312558,0.341035290383204,12.8687339130435,0.243840191308631,1.65532717806838,1.76799792068559,20.032,0.384826474118154,0,0.5,10
"OHT_JHU-nbxd","18",0.518084072557118,0.480910380349121,9.41868130434783,0.319934886053114,1.40981202260558,1.52953464781077,13.044,0.452536674721164,0.2,0.5,10
"OHT_JHU-nbxd","19",0.349360034927845,0.372008803554106,3.40429347826087,0.270076215390233,Inf,Inf,4.409,0.360765883085867,0.3,0.6,10
"OHT_JHU-nbxd","20",0.264119374921617,0.338766110019188,1.63325826086957,0.189898864281116,0.872100004793569,0.845362604537807,2.502,0.288065419602683,0.3,0.8,10
"OHT_JHU-nbxd","21",0.143783138351237,0.163001026447564,2.69010347826087,0.107875903058906,0.772691351518204,0.676673728643962,4.225,0.170281913914341,0.5,0.8,10
"OHT_JHU-nbxd","22",0.355942052237779,0.291606629093697,7.64192695652174,0.0992509837521018,0.938970917408156,0.968685993713219,11.523,0.149122947253269,0.7,0.8,10
"OHT_JHU-nbxd","23",0.620354676261072,0.762058454392089,1.46771217391304,0.365445064717569,0.629815978370131,0.56307174808672,1.71,0.455331544039455,0.2,0.6,10
"OHT_JHU-nbxd","24",1.11159835120524,0.88323388452758,16.1492056521739,0.579347223957118,1.32548054204568,1.44979951713563,19.12,0.716511113633632,0.1,0.1,10
"OHT_JHU-nbxd","25",0.827200709092951,0.599087367489366,13.5351547826087,0.352589477554322,1.22125629463128,1.24162999562096,17.794,0.474065178967689,0.1,0.3,10
"OHT_JHU-nbxd","26",0.459220616586729,0.39831427327101,11.9384904347826,0.313874740915681,1.14759467186276,1.14044549610288,17.474,0.470724833385481,0.1,0.4,10
"OHT_JHU-nbxd","27",0.585960899108143,0.424758905250717,6.41831782608696,0.232385961054734,1.21648272162616,1.23275301412239,9.309,0.345258098797777,0.1,0.6,10
"OHT_JHU-nbxd","28",0.389277100391202,0.361470262345632,4.08501434782609,0.133991166523596,0.550352228960714,0.57189820727158,5.948,0.196991853617649,0.3,0.8,10
"OHT_JHU-nbxd","29",0.462265305955346,0.377710951463044,7.50052434782609,0.19859272720918,Inf,Inf,10.673,0.287697703108596,0.2,0.6,10
"OHT_JHU-nbxd","30",0.663807890687478,0.668560008100338,3.2654647826087,0.356856713000984,0.939970551995651,0.883104653882077,4.215,0.470148024261891,0.1,0.3,10
"OHT_JHU-nbxd","31",0.531962744699322,0.681253754086068,2.32588826086957,0.336852310690047,1.4062111567998,1.38058290279776,2.972,0.428595881271108,0.1,0.4,10
"OHT_JHU-nbxd","32",1.23702402829785,1.19861523115549,15.6382252173913,0.561757547612418,1.66094497695009,2.13202091218249,17.948,0.666773632225978,0.1,0.3,10
"OHT_JHU-nbxd","33",1.08242497516314,1.02231876701223,4.74757086956522,0.546558920107739,0.896884442253293,0.931084731083811,5.605,0.683333708331865,0.1,0.3,10
"OHT_JHU-nbxd","34",0.741001415090601,0.475952914472425,20.301257826087,0.152158073412734,1.1171418524014,1.12796543623667,30.155,0.228449856051128,0.3,0.7,10
"OHT_JHU-nbxd","35",1.04039978120806,1.07248990111538,6.59167565217391,0.510280413238202,1.11747923605461,1.07224172845121,7.853,0.593136910919606,0.1,0.3,10
"OHT_JHU-nbxd","36",0.852360036243559,0.504095592653411,48.2317769565217,0.191140911822452,1.26807417213853,1.28535511984363,73.229,0.293499406083856,0.1,0.6,10
"OHT_JHU-nbxd","37",0.693554746423629,0.491556433289355,25.1370526086957,0.144417151338096,1.24762940940532,1.31545868393969,39.312,0.22781640628105,0.2,0.6,10
"OHT_JHU-nbxd","38",0.446142336489177,1.04333607547446,0.999860434782609,0.485087844291897,0.776016008634664,0.801531063402044,1.244,0.605068201959973,0.1,0.2,10
"OHT_JHU-nbxd","39",0.473127213677768,0.344533290813079,14.2780773913043,0.202720675383111,1.3307417193036,1.40011596608957,20.748,0.300559249523681,0.3,0.6,10
"OHT_JHU-nbxd","40",0.417910262537735,0.447954707532749,5.12242086956522,0.232088175968937,1.02113237008958,0.976705087284246,7.227,0.323011411215944,0.1,0.6,10
"OHT_JHU-nbxd","41",2.14206849870899,1.54756306118503,31.8662839130435,0.836170777474263,1.24448602270106,1.33274665092087,34.462,0.941034584429782,0,0,10
"OHT_JHU-nbxd","42",0.565921827425044,0.354787079536152,23.6453708695652,0.174314061222099,0.94826588903373,0.97222894589199,37.03,0.275267044243857,0.1,0.6,10
"OHT_JHU-nbxd","44",0.933597794034958,0.818709359431355,5.31680173913043,0.504006772733858,0.884138915254888,0.972901824139255,6.244,0.618651089054562,0.1,0.2,10
"OHT_JHU-nbxd","45",0.44287313844295,0.358226846231543,6.2457447826087,0.0947585058153361,0.979591854907837,1.04859820481987,8.665,0.131137695311051,0.5,0.7,10
"OHT_JHU-nbxd","46",0.71605301314491,0.784470214359557,2.59472391304348,0.403804217162747,0.95140236022501,0.892592378785833,3.117,0.485422499419257,0.2,0.3,10
"OHT_JHU-nbxd","47",0.462052122355407,0.376165877968258,11.7433239130435,0.163241059510287,0.96320037338221,0.890530160424565,16.54,0.223614878885235,0.4,0.7,10
"OHT_JHU-nbxd","48",0.294864329267823,0.235512469801318,28.9576073913043,0.0687578792278847,0.540156680064106,0.573796010323445,47.384,0.113465042056021,0.4,1,10
"OHT_JHU-nbxd","49",1.1496443383947,0.902697697176461,8.63187913043478,0.504337135599818,1.35465591306139,1.3710280461365,10.069,0.610163791173211,0,0.2,10
"OHT_JHU-nbxd","50",0.880936988960396,1.05124543554918,2.40588565217391,0.51996631280298,0.835321877981249,0.994343419832517,2.794,0.614487030631114,0,0.1,10
"OHT_JHU-nbxd","51",0.359686183472632,0.241799935758896,5.97815260869565,0.125268695715273,0.916948790457422,0.889201803362275,9.429,0.198350078353125,0.2,0.7,10
"OHT_JHU-nbxd","53",1.95019148222516,1.60143826770787,79.3056282608696,0.742424711070489,1.2559722395004,1.29989902642681,86.449,0.838716680583579,0,0,10
"OHT_JHU-nbxd","54",1.1918541593384,1.10797425384122,9.01885304347826,0.678562650273264,1.4316161030504,1.62191905530296,10.32,0.816478885089089,0,0.1,10
"OHT_JHU-nbxd","55",0.980244077139363,0.749770621594227,13.5854365217391,0.426431834204011,1.38718762706912,1.3755531913425,16.994,0.542833288749612,0.1,0.4,10
"OHT_JHU-nbxd","56",0.545076599486484,0.960372297180484,1.53966043478261,0.549856354702953,0.670654915603575,0.679379241379962,1.989,0.666532271780735,0,0.3,10
"OHT_JHU-nbxd","72",0.975941596483968,1.01423195927737,19.7537660869565,0.31948691248899,0.817599294704148,1.00866964998572,23.765,0.394572909006962,0.4,0.7,10
"UGA_flucast-INFLAenza","01",0.389552281164651,0.296820191340185,7.84360797101449,0.086481320299381,0.903121677516303,0.882414727071144,13.1666666666667,0.144206997434566,0.666666666666667,1,6
"UGA_flucast-INFLAenza","02",0.562715015933695,0.573188811209843,1.33652173913043,0.277558634713155,0.820111387883516,0.76182117545481,2.33333333333333,0.491226448211629,0.5,1,6
"UGA_flucast-INFLAenza","04",0.362417160153873,0.25754905759143,7.52066268115942,0.0910349939317338,1.07902805214836,1.06162853483738,11.3333333333333,0.139694746988329,0.666666666666667,1,6
"UGA_flucast-INFLAenza","05",0.233021157644843,0.210785381805592,1.99405942028986,0.113943244740939,0.693864192294236,0.692021105600233,3.33333333333333,0.190477025961411,0.666666666666667,1,6
"UGA_flucast-INFLAenza","06",0.686876637835737,0.519511238449348,88.1777760869565,0.101330261608476,0.756200031752254,0.746631456312333,147,0.165940666923626,0.5,1,6
"UGA_flucast-INFLAenza","08",0.626977638910667,0.451929106087518,8.34960144927536,0.237060375001434,1.24385817954753,1.27380995500375,13.5,0.388927822427732,0,0.666666666666667,6
"UGA_flucast-INFLAenza","09",1.37040853331377,0.89508968706257,21.0098550724638,0.570206448841128,1.00193122646462,0.939659052875679,26.8333333333333,0.778520205874019,0.166666666666667,0.333333333333333,6
"UGA_flucast-INFLAenza","10",0.419132894330999,0.371575190517852,1.52576086956522,0.149341997316822,0.624525476144471,0.587339297443958,2.5,0.231809402137955,0.5,1,6
"UGA_flucast-INFLAenza","11",1.28154763080837,1.03543843551152,5.0786231884058,0.500640380237976,1.03661781781678,0.982118181011304,7.66666666666667,0.786970784710779,0,0.5,6
"UGA_flucast-INFLAenza","12",0.468119588339897,0.329156375973749,34.7871855072464,0.0657051845363054,1.50391182739643,1.5671433761469,40.4166666666667,0.074900684189656,1,1,6
"UGA_flucast-INFLAenza","13",0.198752872652187,0.160884610321758,6.7949847826087,0.0712453853273382,NA,NA,8.66666666666667,0.0883877365314167,0.833333333333333,1,6
"UGA_flucast-INFLAenza","15",0.603857321639515,0.543341576685286,5.38681884057971,0.158544156371916,0.742085120600873,0.752887494003334,9,0.255922326576481,0.5,1,6
"UGA_flucast-INFLAenza","16",0.450237022008453,0.393080589551181,1.77920434782609,0.140317184494918,0.962560736686768,0.965657650358515,2.66666666666667,0.201184729856151,0.666666666666667,1,6
"UGA_flucast-INFLAenza","17",0.213303616019534,0.15039407020565,5.83417101449275,0.101661714806756,0.809698390899545,0.783002253364713,10.5,0.178593077404216,0.333333333333333,1,6
"UGA_flucast-INFLAenza","18",0.32262295133194,0.26257332411659,4.9924652173913,0.147386903175327,1.02398492239086,0.981190498768181,8.5,0.250737484659929,0.333333333333333,1,6
"UGA_flucast-INFLAenza","19",0.345308707570864,0.349269564153029,1.9488768115942,0.13907638917015,Inf,Inf,3.5,0.23614395647411,0.666666666666667,1,6
"UGA_flucast-INFLAenza","20",0.287574219865194,0.331939646177654,1.84689311594203,0.202225343228352,0.846867372163862,0.770919547535246,2.66666666666667,0.301684767982709,0.5,1,6
"UGA_flucast-INFLAenza","21",0.132873118783953,0.153406614178467,2.31917572463768,0.0945870877502085,0.569473175774955,0.519284724010455,2.83333333333333,0.120468584498835,0.666666666666667,1,6
"UGA_flucast-INFLAenza","22",0.41021624275655,0.318423970254961,7.9504347826087,0.104137152053538,0.975014401657597,0.94847451383216,12.6666666666667,0.161828227135169,0.666666666666667,1,6
"UGA_flucast-INFLAenza","23",0.523935644125103,0.689369356323454,1.33347826086957,0.335634043843179,0.695839573982164,0.685158373712899,2,0.533112186258447,0.666666666666667,0.833333333333333,6
"UGA_flucast-INFLAenza","24",0.928899327801413,0.732419290994518,11.0757246376812,0.352413322748361,1.50440038225021,1.57481162966694,16.8333333333333,0.54290502535571,0,0.5,6
"UGA_flucast-INFLAenza","25",0.447080847785692,0.303588774829275,7.36919673913043,0.176159739707545,0.997556013592142,0.93143862142502,13.5,0.318189396336365,0,1,6
"UGA_flucast-INFLAenza","26",0.262527540212806,0.213838236676654,5.46145072463768,0.128868598832179,0.790814129535322,0.705467555398222,9.66666666666667,0.221680166077726,0.333333333333333,1,6
"UGA_flucast-INFLAenza","27",0.565323604544077,0.377018974139958,5.37992753623188,0.193506450267638,1.37038909460791,1.28426606940018,9.5,0.334321354537546,0.166666666666667,1,6
"UGA_flucast-INFLAenza","28",0.36747851111612,0.331029532675986,3.73782898550725,0.122047513632637,0,0,5.66666666666667,0.189905713864727,0.666666666666667,1,6
"UGA_flucast-INFLAenza","29",0.217591873377924,0.177824143785932,3.21688550724638,0.0806263037318,Inf,Inf,5.33333333333333,0.129861023578294,0.833333333333333,1,6
"UGA_flucast-INFLAenza","30",0.44847656774146,0.481650732208288,2.26644927536232,0.258857024732345,0.821784362262489,0.827430608198816,3.83333333333333,0.442918083982329,0.166666666666667,0.833333333333333,6
"UGA_flucast-INFLAenza","31",0.265667591404469,0.304551520562212,0.975507246376812,0.136469383714386,1.01130396294452,0.877201326570233,1.66666666666667,0.226246384452163,0.833333333333333,1,6
"UGA_flucast-INFLAenza","32",0.613345562264206,0.494310932922127,6.55077282608696,0.168333258933008,1.0960838956081,1.12539310237363,10.5,0.268997631046888,0.5,1,6
"UGA_flucast-INFLAenza","33",0.641470470487349,0.525388645194286,3.63398550724638,0.364865388205215,0.634472031082582,0.547519860126121,5.16666666666667,0.538006675659888,0.333333333333333,0.666666666666667,6
"UGA_flucast-INFLAenza","34",0.676566759221129,0.431272588011866,18.6284163043478,0.141340243231539,1.21009963268348,1.20641496756328,33.6666666666667,0.251097636074452,0.333333333333333,1,6
"UGA_flucast-INFLAenza","35",0.608907520751372,0.626988169856832,3.59138731884058,0.308467739542961,0.847477511389873,0.813309521315775,5.66666666666667,0.478572426146069,0.333333333333333,0.833333333333333,6
"UGA_flucast-INFLAenza","36",0.725122514345338,0.425514045102947,40.5645467391304,0.162076568711125,1.14854938584468,1.1347936947627,71.1666666666667,0.282102779327175,0,1,6
"UGA_flucast-INFLAenza","37",0.560746980161953,0.398591814087184,14.5030826086957,0.0804743778498561,1.18829232564739,1.21324864484428,25,0.135386915782196,0.666666666666667,1,6
"UGA_flucast-INFLAenza","38",0.399936163282415,0.880002380901482,0.911739130434783,0.428323656554026,0.90997741169799,0.900262382692595,1.5,0.712777686502676,0.5,1,6
"UGA_flucast-INFLAenza","39",0.407653211090247,0.269866408821616,10.6114641304348,0.142132243937059,1.22694803905147,1.17680786002216,17.1666666666667,0.229059290616097,0.333333333333333,0.833333333333333,6
"UGA_flucast-INFLAenza","40",0.27704674726271,0.297046939686147,3.13210144927536,0.150676584679559,0.75752498255256,0.753871670002016,5,0.244594925135015,0.5,1,6
"UGA_flucast-INFLAenza","41",1.50126001413593,1.00183835321961,24.7982608695652,0.585493154119808,1.10122671170587,1.08744707758295,32.5,0.804663917242981,0,0.166666666666667,6
"UGA_flucast-INFLAenza","42",0.441045473705855,0.269406206191473,18.8760641304348,0.129662854028046,0.682700155536207,0.673188870510384,29.8333333333333,0.201892231622376,0.333333333333333,1,6
"UGA_flucast-INFLAenza","44",0.847540928709043,0.710513436382263,4.29608695652174,0.360712439372757,1.01519399999286,1.04354195513627,6.5,0.55062724519585,0.333333333333333,0.666666666666667,6
"UGA_flucast-INFLAenza","45",0.395772800280707,0.306286931293745,6.22119710144927,0.0933522703457704,0.834205091098923,0.856040190781158,8.33333333333333,0.125835579550272,0.833333333333333,1,6
"UGA_flucast-INFLAenza","46",0.720445599841714,0.718061681116177,2.55420289855073,0.38457153466776,1.14126805040967,1.03337540059674,3.83333333333333,0.594890814236458,0.333333333333333,0.666666666666667,6
"UGA_flucast-INFLAenza","47",0.41626929699309,0.34269171363459,9.18490326086957,0.1352387183883,0.940273886476647,0.907382208753943,13.3333333333333,0.198142006596635,0.5,1,6
"UGA_flucast-INFLAenza","48",0.424102497966713,0.321129301569075,35.2852528985507,0.0852486014690803,0.754603787701339,0.783178085696499,56.1666666666667,0.142399790820424,0.5,1,6
"UGA_flucast-INFLAenza","49",0.710915320770244,0.566600886230218,4.26246376811594,0.226517178525057,1.35243531904106,1.32363043906093,7.66666666666667,0.403729411609929,0,1,6
"UGA_flucast-INFLAenza","50",0.595790073087294,0.599896624674247,1.52550724637681,0.289595632894176,0.705295426442547,0.739679400621552,2.33333333333333,0.451341700183702,0.5,1,6
"UGA_flucast-INFLAenza","51",0.265828701380419,0.176909422983327,4.44873188405797,0.0918839841612775,0.563425339987406,0.521044278369842,6.83333333333333,0.13654044795164,0.666666666666667,1,6
"UGA_flucast-INFLAenza","53",1.14602118765086,0.927121634355224,35.6460641304348,0.274563913191451,0.961299473930513,0.982393397438617,55.3333333333333,0.434308109846308,0.166666666666667,0.666666666666667,6
"UGA_flucast-INFLAenza","54",0.7645184353926,0.656851310573509,5.47507246376811,0.358796577157608,1.22727694205031,1.21852093545647,8.5,0.554908912800552,0.166666666666667,0.833333333333333,6
"UGA_flucast-INFLAenza","55",0.59599042886865,0.416887983792985,8.92754202898551,0.253979538529494,1.01321498310518,0.941722057553259,13.8333333333333,0.400694178819302,0.333333333333333,0.5,6
"UGA_flucast-INFLAenza","56",0.468431572941475,0.746424457493457,1.18869565217391,0.398740665029638,0.77996669955913,0.753718610609608,2.16666666666667,0.712777686502676,0.166666666666667,1,6
"UGA_flucast-INFLAenza","72",0.542850514696483,0.483406639582423,8.61298442028986,0.0962674146284053,0,0,8.66666666666667,0.0994314456343992,1,1,6
"UMass-ar6_pooled","01",0.538862668740112,0.39246670217697,11.9410416822589,0.119489080810957,1.03866509422153,1.01031234789955,17.0148583818247,0.178569113747168,0.6,1,10
"UMass-ar6_pooled","02",0.924935702830107,0.917941294545261,2.05371268817497,0.390033980683172,1.20205777890515,1.12373638074408,3.05947973049847,0.623283531019545,0.4,0.9,10
"UMass-ar6_pooled","04",0.616545079221718,0.405151811134991,14.6540092322873,0.157172294130822,1.70968030273379,1.57514487861215,23.9317121615805,0.267623063590758,0.4,1,10
"UMass-ar6_pooled","05",0.389835172403526,0.335786079274542,3.45554595641726,0.182261141251481,0.866839977921297,0.827081939341202,4.35369303983645,0.238029807821481,0.9,1,10
"UMass-ar6_pooled","06",0.997755763373716,0.719210295276357,154.045522774782,0.17547000459623,0.97060191769256,0.922413463118386,222.863942221361,0.252948681387176,0.3,0.6,10
"UMass-ar6_pooled","08",0.403022443457543,0.273175822065999,5.36516797202838,0.146702316181455,0.600326067486401,0.535416985708646,7.03218484936284,0.179185155961073,0.7,1,10
"UMass-ar6_pooled","09",0.758752709525633,0.538220985033986,11.1636167356274,0.368560576025662,0.785350577731691,0.676700378403784,20.5025111202083,0.608426426155864,0.5,1,10
"UMass-ar6_pooled","10",0.725416080576936,0.547418817668762,3.05025399494113,0.251792121052323,1.06386491180389,0.880416071509069,4.53862171486806,0.368066499184193,0.6,1,10
"UMass-ar6_pooled","11",0.952893803605564,0.816858165046728,4.48375460009807,0.554412045836254,0.860094571179274,0.79533258470239,7.40855213677011,0.915885054037215,0.2,0.8,10
"UMass-ar6_pooled","12",0.643562148502553,0.393835762364806,61.6893572334782,0.0966561360686621,2.12410958783752,2.04758918731009,69.7573214766067,0.115668340202256,1,1,10
"UMass-ar6_pooled","13",0.265837847567515,0.212735698903582,12.0685492259226,0.115014744679556,Inf,Inf,18.0477528444048,0.174120477954144,0.7,1,10
"UMass-ar6_pooled","15",0.803953109848741,0.676464270247696,5.99278083936052,0.164869995129452,0.988086207340495,0.95582788193221,9.74370223931208,0.265399143699281,0.5,1,10
"UMass-ar6_pooled","16",0.688734958831741,0.533566974610731,3.47052723753039,0.215356864623581,1.65606228521653,1.53062798662302,5.66976435285499,0.369416152724384,0.6,1,10
"UMass-ar6_pooled","17",0.32562881762676,0.189182746949661,8.8132957654934,0.125849485908045,0.866142623976146,0.700900980798214,10.1073388295144,0.143465714081308,1,1,10
"UMass-ar6_pooled","18",0.498644271618955,0.363210919942914,9.1221693859625,0.225854678448721,1.60717971425956,1.35034145802325,15.106795539365,0.380597335448172,0.5,1,10
"UMass-ar6_pooled","19",0.461342688805759,0.335984417027627,3.5141990143903,0.171950389081299,Inf,Inf,4.68753028150159,0.242350404303759,0.9,1,10
"UMass-ar6_pooled","20",0.470181049101053,0.506856253087334,3.25370032625054,0.301155140308264,1.6030033555249,1.34183164555393,5.16131760245624,0.496914930407143,0.7,1,10
"UMass-ar6_pooled","21",0.261831398094533,0.288294191201226,4.99765334952626,0.188560039550588,1.26244878044367,1.07683875832257,6.9145805048529,0.265162586830082,0.8,1,10
"UMass-ar6_pooled","22",0.481447931610114,0.353060411000169,11.2005753622274,0.12753906327014,1.28919526145171,1.21402493290641,17.57715929571,0.203696366652461,0.7,1,10
"UMass-ar6_pooled","23",0.656998914560578,0.799633914347816,1.45605836434099,0.37476596030115,0.923020231184623,0.758725200765806,2.25692638084039,0.57483294692582,0.6,1,10
"UMass-ar6_pooled","24",0.420783162079558,0.299536549957039,5.30133739044586,0.17073356230998,0.543683068262382,0.472688203723191,7.5710838649948,0.221142435239449,0.8,1,10
"UMass-ar6_pooled","25",0.363099540484696,0.243266855865206,6.1406485929251,0.150365426110553,0.442844468883409,0.419009925682559,6.88223709492008,0.173771860821367,0.8,1,10
"UMass-ar6_pooled","26",0.354141801480234,0.310217524761684,8.60981676356746,0.234313416703192,0.530578519465414,0.456189357226724,7.8397014046005,0.183875046670279,1,1,10
"UMass-ar6_pooled","27",0.401270246099401,0.253926259772336,4.66813801215363,0.144049788933163,0.676650831175402,0.576939032267953,6.00101864808212,0.184473445712286,1,1,10
"UMass-ar6_pooled","28",0.645987768637332,0.534781583529276,6.81668534080707,0.192063764767411,1.24511381597585,1.19159608731059,11.628445456489,0.344422560732317,0.5,1,10
"UMass-ar6_pooled","29",0.52173591096285,0.328940154166018,8.89424221279266,0.178349661234842,Inf,Inf,12.6484929330402,0.248195368743923,0.6,1,10
"UMass-ar6_pooled","30",0.620552368748128,0.609424344733428,3.13475394642894,0.317864982877063,1.08110446424658,0.992009912626561,4.75999384984545,0.496728129584617,0.5,1,10
"UMass-ar6_pooled","31",0.427746045933727,0.48002776302569,2.28405147235083,0.272408462992041,1.07173158193406,0.892407758327141,3.12408363097843,0.368468705742094,0.8,1,10
"UMass-ar6_pooled","32",0.559588447932147,0.424955085859461,6.33543242809971,0.160711032673605,1.02861195108461,1.00328398897788,10.1969117663329,0.25911578370592,0.5,1,10
"UMass-ar6_pooled","33",0.821527038907442,0.760836866880509,3.72902830850291,0.44595611884914,0.886154792775033,0.817675879152861,5.54078477911781,0.645862573582346,0.5,0.9,10
"UMass-ar6_pooled","34",0.525455115108224,0.31409212578946,15.419169376957,0.106701253354185,0.630496399496071,0.582374766369328,17.7953790893807,0.125169119062951,0.9,1,10
"UMass-ar6_pooled","35",1.00465891186568,0.921792789326407,7.73158148700854,0.491311195661057,1.47701303328839,1.26632833936416,12.6354455123417,0.790845402719832,0.2,0.8,10
"UMass-ar6_pooled","36",0.338404108565959,0.182530322645615,19.2719522040106,0.0695867881202818,0.303396211747235,0.280743469932233,19.3293091313238,0.0708750406989986,0.9,1,10
"UMass-ar6_pooled","37",0.544542973552324,0.345981076541923,17.4958162094812,0.0889541816616899,0.890867238987842,0.838491285145814,24.5973906176521,0.125193926587247,0.7,1,10
"UMass-ar6_pooled","38",0.531998552683843,0.991256939743863,1.28514551080166,0.482801480430324,1.25797084592359,1.12226653815911,2.14196404131938,0.891749061307776,0.3,1,10
"UMass-ar6_pooled","39",0.435767936700385,0.263150623539075,13.7269187173224,0.156267668982751,1.30005867013914,1.14570728647765,20.7714383604117,0.247278232006786,0.7,1,10
"UMass-ar6_pooled","40",0.619212576279638,0.566164197012876,8.74583201349854,0.316717540977683,1.78588015389576,1.48884692260652,14.7198320815819,0.540053119080635,0.3,1,10
"UMass-ar6_pooled","41",0.844257006146764,0.553360705359729,13.4563402841687,0.322836921111296,0.761216565418523,0.692402203701449,22.4413733921467,0.524128710219287,0.1,0.8,10
"UMass-ar6_pooled","42",0.627580491776866,0.3430768774374,24.7645760202991,0.155147207588888,0.913216793484927,0.825458080991747,33.620647717604,0.215789733228205,0.7,1,10
"UMass-ar6_pooled","44",0.749328256232538,0.589754326029079,3.42759751140263,0.269769456996582,0.925447812830669,0.882553316248834,5.26959909636874,0.418025291194863,0.6,1,10
"UMass-ar6_pooled","45",0.644807501518263,0.435904417729432,12.3472640916896,0.155510421511744,1.527643671796,1.38555937254463,20.0965424035233,0.257624102161242,0.6,1,10
"UMass-ar6_pooled","46",0.722865698589682,0.730470940621177,2.4508058810088,0.351690655867414,1.16101228762839,1.10031601698418,3.34705221892859,0.539459686411444,0.6,1,10
"UMass-ar6_pooled","47",0.604390842656792,0.457066676512268,14.6268503639485,0.185450432131671,1.48473731943363,1.34199446368088,23.6611287061002,0.310236355894045,0.6,1,10
"UMass-ar6_pooled","48",0.807879398755139,0.552250654653205,87.2204653460012,0.176180078318831,1.50422952002533,1.39861032996845,147.269697491941,0.308406462418002,0.3,1,10
"UMass-ar6_pooled","49",0.604648236632631,0.448475544263291,4.06152298976949,0.22969595916768,0.955272687689113,0.817815952558165,6.81278961557264,0.350944965264559,0.7,1,10
"UMass-ar6_pooled","50",0.973957141554628,0.890596815071242,2.48100829906163,0.394181905178338,1.21066332088399,1.14931861529534,3.87639401503509,0.658960033064938,0.4,1,10
"UMass-ar6_pooled","51",0.409550004779516,0.256891594830469,6.86215133803944,0.132814819081308,0.812701611787537,0.72752799526035,8.82945704901432,0.169686751203085,0.8,1,10
"UMass-ar6_pooled","53",1.08313194257969,0.816489587505742,44.8714438023313,0.418436630415971,0.902564623485295,0.843816282531653,62.1740952585887,0.590025581465147,0.1,0.6,10
"UMass-ar6_pooled","54",0.465142513336602,0.349647786802541,3.03450794980666,0.184247305403649,0.744424397608857,0.620859653022689,4.60563213082157,0.263458614946518,0.7,1,10
"UMass-ar6_pooled","55",0.412928992859635,0.31632367528561,6.15249740784914,0.194696963211276,0.722465767445182,0.645033909402219,8.86455663372362,0.258840727085411,0.8,1,10
"UMass-ar6_pooled","56",0.767189506566606,1.02875287624379,1.82150416289849,0.509287369598297,1.05634773636258,0.98818612093218,2.62086418499349,0.861601078006819,0.5,1,10
"UMass-ar6_pooled","72",0.933036574609532,0.803535712180867,21.5717193813057,0.301555150835423,1.00961952397962,1.03090786376733,35.2354254558655,0.496788096462628,0.3,0.8,10
"UMass-gbqr","01",0.546486109340331,0.393768187750917,11.8032457279939,0.116972086045095,1.04788108747359,1.00973122447049,16.4878428705168,0.171495876408089,0.625,1,8
"UMass-gbqr","02",0.859809837765551,0.839325032190337,2.11468897511382,0.395693084767502,1.25303510272517,1.07014211802812,3.52475443071711,0.65698306607211,0.375,1,8
"UMass-gbqr","04",0.64643590303406,0.434640679773077,16.2594588391949,0.177032335233584,2.22662517892838,2.02752818935211,27.9202642281381,0.307913923125894,0.25,1,8
"UMass-gbqr","05",0.341531636272567,0.288794843849169,2.96403291300572,0.152906573715569,0.737092446747709,0.702735423049359,3.62395824375595,0.199779680804169,0.75,1,8
"UMass-gbqr","06",0.916827871097817,0.663740997196654,152.532894107916,0.176115334928571,0.818788776230244,0.788869913430568,202.258241275267,0.233901717872441,0.375,0.625,8
"UMass-gbqr","08",0.393556075701057,0.26084534726106,4.8176823758604,0.132994201649316,0.705383968855398,0.633017180253508,6.71496950210751,0.176919073836579,0.625,1,8
"UMass-gbqr","09",1.09536249602934,0.712158165256942,17.5507321389545,0.545704800529974,0.891089130216801,0.80556610079228,24.4847106240278,0.793407789933521,0,0.5,8
"UMass-gbqr","10",0.709526146940284,0.588170404914784,3.130489957102,0.299199358217783,1.30854307096673,1.23996398947718,5.65943413323964,0.561632679749881,0.375,0.875,8
"UMass-gbqr","11",0.921638373427703,0.71467725324939,4.5523587553091,0.503519075437352,0.808260404467452,0.700188406309804,7.51362865625563,0.873471867486544,0.125,0.75,8
"UMass-gbqr","12",0.394215041283725,0.252836374214144,45.5648847105631,0.073112937014147,1.62489553663073,1.5604320596169,71.9332026684737,0.115485504797624,0.625,1,8
"UMass-gbqr","13",0.247094707218949,0.202951163957585,11.3404181998347,0.109005120482276,Inf,Inf,15.1567574383556,0.144740777287661,0.75,1,8
"UMass-gbqr","15",0.741010336457367,0.63701284565287,5.47669573945261,0.156593413753055,0.929379299906273,0.905954441620524,8.99383036382327,0.248048433850699,0.625,1,8
"UMass-gbqr","16",0.713097995414409,0.563896130522489,3.53579969659423,0.223055550629727,1.7241608096958,1.60897967552632,5.71968546527232,0.37984797263431,0.25,1,8
"UMass-gbqr","17",0.237611132270816,0.149922247110518,5.65934065766169,0.0918045749263823,0.771364500235221,0.662315391412775,7.22600790446431,0.114130879878223,0.875,1,8
"UMass-gbqr","18",0.350887089665359,0.268161210327983,6.59638184847796,0.175165433500181,1.13750510917921,1.01345805696054,10.5083112455312,0.28839654106849,0.375,1,8
"UMass-gbqr","19",0.301654199353975,0.233841348030087,2.24245100168942,0.118634645454572,Inf,Inf,2.49490559091912,0.140389786935468,1,1,8
"UMass-gbqr","20",0.362073852387808,0.402064062813476,2.4780503555273,0.242186831633608,1.3891426643585,1.18696010266795,4.42895928366143,0.441255190091541,0.375,1,8
"UMass-gbqr","21",0.218991481515664,0.246112675910347,4.00148121026344,0.158617151411237,1.25527193037108,1.08668386080602,6.3561111318639,0.25334178898157,0.625,1,8
"UMass-gbqr","22",0.474792869863895,0.356764692902229,10.8372421473095,0.127944537003246,1.23206993780146,1.21145350770392,16.1836743242522,0.200347199185447,0.625,1,8
"UMass-gbqr","23",0.614724727397516,0.802753856841917,1.38241254846173,0.402676977114165,0.84061948804731,0.783286766603032,2.20276269864497,0.689783142417983,0.375,1,8
"UMass-gbqr","24",0.468604028861632,0.328736637430161,6.5941357882899,0.21888539947656,0.855165582822283,0.773773398284946,12.1503929322068,0.386797810983823,0.375,1,8
"UMass-gbqr","25",0.366746151918618,0.253756381597044,6.55262103764285,0.17048329099049,0.530655942353842,0.499717229293306,10.7066081290316,0.273307492890623,0.5,1,8
"UMass-gbqr","26",0.244400689383959,0.191298763103483,5.92496718919827,0.145345812938176,0.610872548906927,0.526573602264272,8.22643693389629,0.194557335052182,1,1,8
"UMass-gbqr","27",0.293549106465677,0.198953778802198,3.29151793791386,0.113331511368705,0.549359166890242,0.501773639791824,4.37233700805699,0.150471611889742,0.625,1,8
"UMass-gbqr","28",0.635016701465161,0.539898473237641,6.26842469455583,0.180141226582094,1.29821639196766,1.25586236003625,10.2310458102439,0.304908993344036,0.375,1,8
"UMass-gbqr","29",0.524306551512568,0.336389093717335,9.47136846050954,0.192937667885728,Inf,Inf,13.7500208813964,0.269518682710269,0.5,0.875,8
"UMass-gbqr","30",0.50510679185878,0.544902686696145,2.43842885510816,0.281181565204016,0.90845308148213,0.886422015404716,3.99920949812655,0.452076389240057,0.25,1,8
"UMass-gbqr","31",0.331292424193551,0.367702377547842,1.81984205842128,0.219493351069063,0.953595008460854,0.836014057482011,2.8029665474853,0.354914008688058,0.75,1,8
"UMass-gbqr","32",0.502191373468641,0.397747697696005,5.80629062412634,0.155341283614328,0.911843378042523,0.913666932479636,9.32291206353029,0.245793923040768,0.5,1,8
"UMass-gbqr","33",0.725123358934838,0.585421382225864,2.74324908431792,0.280410717765891,0.816883211959911,0.708703525602588,4.33895740976458,0.44598023568366,0.5,1,8
"UMass-gbqr","34",0.39354039275325,0.234405353660061,12.9913678328677,0.0908354622442885,0.508045604730333,0.461822986815149,18.2222072337125,0.128503796264661,0.875,1,8
"UMass-gbqr","35",0.998221348582215,0.904825217909997,8.64030942854315,0.554367254424116,1.36067660085325,1.11997748550225,13.9959613527579,0.851024180047882,0.125,0.625,8
"UMass-gbqr","36",0.336388160181283,0.179795535264823,19.404462089357,0.0704585113317383,0.466003694383216,0.41195042543991,26.4630709558139,0.0934192685049193,0.625,1,8
"UMass-gbqr","37",0.509897046521857,0.325844267112369,16.4899937681185,0.0860024095844885,0.832106028365383,0.769667920729867,22.9031742561201,0.116003971383118,0.75,1,8
"UMass-gbqr","38",0.371356433034766,0.850152947166137,0.809259458742393,0.39290568576352,0.898243637018524,0.910171153153175,1.39978901923338,0.69660418125045,0.375,0.625,8
"UMass-gbqr","39",0.339712709046237,0.21557152460362,10.3875336543962,0.12630097111077,1.04205830011153,0.962569163829499,15.5382464338272,0.196419197665937,0.625,1,8
"UMass-gbqr","40",0.616723295620982,0.574685829694656,8.42542452124208,0.316434097592485,1.67771568400033,1.39432034703939,13.3949394165832,0.503286848270576,0.25,0.875,8
"UMass-gbqr","41",0.91885437494947,0.579977388963682,15.5047326128456,0.364576875696543,0.777530447727441,0.698754322090337,23.7596711596513,0.560877743701046,0,0.5,8
"UMass-gbqr","42",0.650187253408198,0.373461846972333,23.9275829596105,0.162750554800763,1.11089997291973,1.02260778238102,37.912849175134,0.25473355111136,0.375,0.875,8
"UMass-gbqr","44",0.758974975982744,0.610873880342748,3.48064764416587,0.284584685229708,0.940524777300817,0.895807820829088,5.6765496431286,0.449032253939691,0.375,0.875,8
"UMass-gbqr","45",0.68236894042394,0.464388928780173,13.1562755996701,0.167183792623483,1.9522265073571,1.76771539783212,23.2491711456276,0.297845857442153,0.5,0.875,8
"UMass-gbqr","46",0.554720209506218,0.609957963723577,1.83576717266173,0.28775717874386,0.97428185962585,0.919457980329502,2.86126556522613,0.447665485428174,0.625,1,8
"UMass-gbqr","47",0.646967840204548,0.494578225893894,15.1368676500573,0.191501850437011,1.68393251792779,1.47593236816608,26.7817213903245,0.334601870074561,0.375,0.875,8
"UMass-gbqr","48",0.821383856539226,0.577322221390444,93.0885575652912,0.189641197259423,1.65513964725255,1.51401477242576,165.269232665077,0.335539407454627,0.125,1,8
"UMass-gbqr","49",0.566778514282489,0.411770383046905,4.10962366065953,0.235794954072356,1.08039031807836,0.941577544960969,7.30223536961237,0.394974096267683,0.375,1,8
"UMass-gbqr","50",0.744918602979678,0.769179564439106,1.6497354089837,0.309348814388718,0.989101370943733,0.980010410015001,2.75532856965833,0.513873273919342,0.375,0.875,8
"UMass-gbqr","51",0.342582574531968,0.214242924815952,5.56789243789133,0.109259386028203,0.776301336206743,0.696218454763012,7.72862495184343,0.151550143778698,0.75,1,8
"UMass-gbqr","53",1.08449524125309,0.805786616891816,52.1563599796444,0.486689583979717,0.847114634178875,0.782395459929586,67.191943545126,0.642429681540014,0,0.375,8
"UMass-gbqr","54",0.691176035743582,0.563485888314542,5.02082850602117,0.345992051049173,1.11270062131237,1.10095783722901,8.37055179314303,0.600199355087996,0.25,1,8
"UMass-gbqr","55",0.371650765604675,0.270907201406722,5.39924135773089,0.162983491475579,0.683574955986988,0.609639842647002,8.87318716930802,0.253278370719852,0.625,1,8
"UMass-gbqr","56",0.572234423814137,0.943136342980387,1.3561933062691,0.482405309755744,0.922054279748434,0.865801096232176,2.31669278980729,0.777552052266464,0.125,0.75,8
"UMass-gbqr","72",0.664835870222818,0.53715485612328,15.9789865805501,0.209370970427564,0.770227741490982,0.735887883160044,26.2598954636127,0.345135548420903,0.25,0.875,8
"ZJU_LeiLab-MPUDE_ens","01",0.603168998891326,0.413190448169189,12.2030188405797,0.120453166593826,1.0243869101567,1.00827707771936,14.4583333333333,0.16049255496877,0.666666666666667,1,6
"ZJU_LeiLab-MPUDE_ens","02",0.658646625257037,0.619826161399354,1.62407463768116,0.310805035746734,0.853313672960244,0.775764907168351,2.45833333333333,0.506814124546766,0.333333333333333,1,6
"ZJU_LeiLab-MPUDE_ens","04",0.29272451784447,0.219322515895408,5.79792898550725,0.0745914384246413,0.400129215204429,0.420703262935548,3.79166666666667,0.0503426650436339,1,1,6
"ZJU_LeiLab-MPUDE_ens","05",0.367210034092104,0.302810813241234,2.98360724637681,0.155928560271882,0.979306218034441,0.94250086029243,4.375,0.244693515298592,0.5,1,6
"ZJU_LeiLab-MPUDE_ens","06",0.839414355233901,0.615435513532136,106.220223913043,0.118080426416213,0.927313640444679,0.910032040037943,179.25,0.20162241432857,0.333333333333333,1,6
"ZJU_LeiLab-MPUDE_ens","08",0.476099351785241,0.339125827644561,6.50963115942029,0.18466613234572,0.895230994983113,0.860017132634583,10.5616666666667,0.287743592403115,0.666666666666667,1,6
"ZJU_LeiLab-MPUDE_ens","09",1.16053086304985,0.755370381261572,17.5068449275362,0.470340246182187,1.00460603468888,0.919647923664241,26.6666666666667,0.748598431607935,0.166666666666667,0.666666666666667,6
"ZJU_LeiLab-MPUDE_ens","10",0.536190177303509,0.484888908240145,1.91864202898551,0.189729833716672,0.645456366623789,0.651310459166301,2.70833333333333,0.269556318932101,0.666666666666667,1,6
"ZJU_LeiLab-MPUDE_ens","11",0.897314687285097,0.694857660950934,3.5214268115942,0.331620122015174,0.875167066900143,0.749490028938499,6.41666666666667,0.592276821148902,0.333333333333333,1,6
"ZJU_LeiLab-MPUDE_ens","12",0.617905415294164,0.375258349656236,43.5690710144927,0.070846447465675,2.72313856378699,2.60862476108865,59.8116666666667,0.102253619275197,0.833333333333333,1,6
"ZJU_LeiLab-MPUDE_ens","13",0.474969575932534,0.332556106315503,15.662015942029,0.141580792738709,Inf,Inf,25.875,0.246569619743841,0.333333333333333,1,6
"ZJU_LeiLab-MPUDE_ens","15",0.855916123647359,0.666231712924806,7.44220942028985,0.188227804450328,0.960200484601731,0.917961809941161,11.2916666666667,0.303857331437169,0.666666666666667,1,6
"ZJU_LeiLab-MPUDE_ens","16",0.675416824809427,0.533066917794733,2.64181376811594,0.188855582238333,1.06720006980718,1.0590765354676,2.875,0.214205532689336,1,1,6
"ZJU_LeiLab-MPUDE_ens","17",0.23199004943652,0.155273630589483,6.16803188405797,0.102144910939983,0.486575093106924,0.455977180300914,6.625,0.109270612641372,1,1,6
"ZJU_LeiLab-MPUDE_ens","18",0.299290845162247,0.236635554253616,4.77795797101449,0.136853652343664,0.89987649931702,0.852717442826611,7.54166666666667,0.22080218245675,0.333333333333333,1,6
"ZJU_LeiLab-MPUDE_ens","19",0.301907657096352,0.275507260817151,1.72335652173913,0.111822615518685,NA,NA,1.83333333333333,0.116944543382663,1,1,6
"ZJU_LeiLab-MPUDE_ens","20",0.474707697716569,0.461595476481195,3.08844057971015,0.286063513560478,1.46955393099513,1.1647560326981,4.83333333333333,0.474365487061086,0.333333333333333,1,6
"ZJU_LeiLab-MPUDE_ens","21",0.147044804492566,0.162031321265896,2.60487028985507,0.101245065998456,0.59001072605504,0.525876071406844,3.125,0.129657162334178,0.666666666666667,1,6
"ZJU_LeiLab-MPUDE_ens","22",0.536417189116599,0.343260682444579,9.53857391304348,0.102532867583513,0.873247082216959,0.773891534387042,8.79166666666667,0.101879943634445,1,1,6
"ZJU_LeiLab-MPUDE_ens","23",0.57195213703219,0.768784918652243,1.46357101449275,0.377634966487866,0.736439135901135,0.742856417811,2.125,0.581059198333744,0.5,0.666666666666667,6
"ZJU_LeiLab-MPUDE_ens","24",0.948708467924054,0.791236269063203,10.7583905797101,0.360668795631327,1.77678163066339,1.92337844609541,19.2083333333333,0.637140019689106,0,1,6
"ZJU_LeiLab-MPUDE_ens","25",0.545918619019587,0.391436840489528,8.78607753623188,0.221550827564088,1.27353022861107,1.23686100422017,16.875,0.412800193439024,0,1,6
"ZJU_LeiLab-MPUDE_ens","26",0.337156204925899,0.290495927625721,7.00531086956522,0.175007317963906,1.04507879089838,0.967154474419335,12.7916666666667,0.304183077534205,0.666666666666667,1,6
"ZJU_LeiLab-MPUDE_ens","27",0.638622501482772,0.446179088952178,6.01712536231884,0.226846083388685,1.65326911571278,1.61592921131589,11.48,0.421617655099879,0,1,6
"ZJU_LeiLab-MPUDE_ens","28",1.02245712685234,0.779166563617884,10.2365007246377,0.283037481821524,1.9693433195413,1.7355242086844,17.25,0.487425267917431,0,1,6
"ZJU_LeiLab-MPUDE_ens","29",0.291185975528414,0.215967212369519,4.38243405797101,0.0997819788760512,NA,NA,3.66666666666667,0.0868699620183123,1,1,6
"ZJU_LeiLab-MPUDE_ens","30",0.474015743765902,0.512885021372254,2.36374782608696,0.270898646688523,0.869476547931662,0.883982801908396,4,0.465386036813017,0.666666666666667,1,6
"ZJU_LeiLab-MPUDE_ens","31",0.283717990850564,0.320049913541915,1.04076666666667,0.143292109413821,0.879081277625935,0.770257797771692,1.41666666666667,0.194087248936276,1,1,6
"ZJU_LeiLab-MPUDE_ens","32",0.537201408301583,0.425208348500943,5.87951304347826,0.147641175000586,0.954891568454085,0.959836472518254,9.08333333333333,0.227797608082839,0.833333333333333,1,6
"ZJU_LeiLab-MPUDE_ens","33",0.619801202327113,0.520056017981888,3.44919565217391,0.356846784928099,0.572885359090033,0.510132074519161,5.16666666666667,0.557952035531417,0.5,0.833333333333333,6
"ZJU_LeiLab-MPUDE_ens","34",0.627808644876142,0.397207946739048,16.7489956521739,0.125824597324136,1.16213719317306,1.14207592963553,31.5416666666667,0.23089554040027,0.333333333333333,1,6
"ZJU_LeiLab-MPUDE_ens","35",0.889049854339414,0.785171523952313,5.16345797101449,0.382900934727366,1.24364873512664,1.0778753285105,8.20833333333333,0.626917858831707,0.166666666666667,0.833333333333333,6
"ZJU_LeiLab-MPUDE_ens","36",0.544713226819198,0.311993381090559,28.9865797101449,0.112408943549201,0.918130141994149,0.863671064730041,54.5616666666667,0.20442198080574,0.333333333333333,1,6
"ZJU_LeiLab-MPUDE_ens","37",0.563687167154726,0.378926228556015,14.4911942028986,0.0752406328756222,0.693707837453005,0.686262557680694,13.2083333333333,0.0688416679239832,1,1,6
"ZJU_LeiLab-MPUDE_ens","38",0.331159671018416,0.742857009903952,0.762596376811594,0.362968896273514,0.782102658952047,0.805740456952573,1.29166666666667,0.63706847445641,0.166666666666667,1,6
"ZJU_LeiLab-MPUDE_ens","39",0.39514855188963,0.254818009920727,10.8656594202899,0.141316757169305,0.937725651917749,0.87260518459303,13.1666666666667,0.1709975251998,0.833333333333333,1,6
"ZJU_LeiLab-MPUDE_ens","40",0.454883871283227,0.406401778728794,5.12632826086957,0.207216240879644,1.11919959538751,1.02439435405468,7.58333333333333,0.342764841287113,0.666666666666667,1,6
"ZJU_LeiLab-MPUDE_ens","41",0.875778629262126,0.562331948323707,14.5015731884058,0.329924778468992,0.855871956315921,0.767966357869819,25.4583333333333,0.573316214689653,0,1,6
"ZJU_LeiLab-MPUDE_ens","42",0.491522764002686,0.318963341265862,23.2585760869565,0.169827605608529,0.745788592688758,0.792843790712464,36.2916666666667,0.264513664146195,0.5,1,6
"ZJU_LeiLab-MPUDE_ens","44",0.663145984019884,0.531121446258418,3.23992753623188,0.257637400925936,0.902954016135681,0.878546275709554,5.625,0.446357967860521,0.333333333333333,1,6
"ZJU_LeiLab-MPUDE_ens","45",0.523105306430995,0.372772589592251,8.14349057971014,0.111434065950435,0.716927493984812,0.717143906114744,7.25,0.106276432571108,1,1,6
"ZJU_LeiLab-MPUDE_ens","46",0.623921213769839,0.628581155241027,2.19634710144928,0.334478631384373,1.12726432262839,1.02479171740094,3.75,0.582063974047103,0.166666666666667,1,6
"ZJU_LeiLab-MPUDE_ens","47",0.449439389587517,0.345732689494726,10.598534057971,0.145308070678689,0.940809981063226,0.870030718216238,14.9166666666667,0.211821936448446,0.666666666666667,1,6
"ZJU_LeiLab-MPUDE_ens","48",1.14495039572254,0.774247054063583,95.7824644927536,0.206064161955981,2.12735702028444,1.90391367747145,162.376666666667,0.353481498052855,0,1,6
"ZJU_LeiLab-MPUDE_ens","49",0.829296756585916,0.715149289524622,4.90541811594203,0.283472725126897,1.60506299987857,1.66205561873272,9.08333333333333,0.508265401321703,0.5,1,6
"ZJU_LeiLab-MPUDE_ens","50",0.652955323789153,0.636012777426795,1.61452971014493,0.299451434054035,0.859774655427021,0.897771750987771,2.79166666666667,0.542212875264256,0.333333333333333,1,6
"ZJU_LeiLab-MPUDE_ens","51",0.32367349772376,0.212754782680597,5.32664492753623,0.108975024069103,0.675046486614852,0.623184195933049,7.58333333333333,0.151258748390974,0.666666666666667,1,6
"ZJU_LeiLab-MPUDE_ens","53",0.992794469709913,0.816075171187873,28.3446405797101,0.21764826447496,0.896651520394262,0.896675299071582,49.8966666666667,0.376787769486954,0.333333333333333,1,6
"ZJU_LeiLab-MPUDE_ens","54",0.830886534467578,0.767666989859831,5.82390797101449,0.411547512388554,1.46558056320885,1.56425624118318,10.0416666666667,0.707483439362395,0.166666666666667,1,6
"ZJU_LeiLab-MPUDE_ens","55",0.542829568954456,0.404706207023236,8.24209347826087,0.250719597438919,1.06034330167163,1.00434162478888,14.5616666666667,0.430761976117934,0.333333333333333,1,6
"ZJU_LeiLab-MPUDE_ens","56",0.460535961099851,0.72026599238503,1.18703188405797,0.390147407690808,0.71527979387272,0.703211191097835,2,0.667414705516707,0.166666666666667,0.833333333333333,6
"ZJU_LeiLab-MPUDE_ens","72",1.26729613516229,0.931560564834457,19.6520507246377,0.182261501198318,1.04965255557274,1.03971019476361,23.875,0.262128943373951,1,1,6
"docxology-analog","01",0.604345163694664,0.446799845935952,13.6102152204982,0.154128116415377,1.28540207988437,1.22871843216349,23.9108337928017,0.273544785862685,0,1,1
"docxology-analog","02",1.21318986608678,1.27147544151098,3.47153003676667,0.775115398688379,1.27613787344143,1.30016166515737,4.71265186725683,1.11851702314932,0,0,1
"docxology-analog","04",0.390591836287039,0.28462767119804,4.11249344212795,0.0581101133111302,3.92177974199223,3.96409653441051,7.29911495686535,0.102388860688249,1,1,1
"docxology-analog","05",0.347893687811918,0.307176472416145,3.63048403881359,0.208358919482034,1.04468887991857,0.995867286878687,7.01892765289517,0.406366018970609,0,1,1
"docxology-analog","06",0.793525360409352,0.615225535533823,123.045131004883,0.151702031665736,0.741076700160899,0.74621698026858,178.589227999078,0.217776836170156,0,0,1
"docxology-analog","08",0.481106286960014,0.295772444168878,2.74528382984757,0.0711616586526221,Inf,Inf,0.560507788671792,0.0154496972202507,1,1,1
"docxology-analog","09",1.08665921649169,0.692939002906391,22.7281441519853,0.463705422644461,0.92284993448139,0.830406632302887,33.0105441465259,0.708980925973407,0,0,1
"docxology-analog","10",1.07285251907971,0.69538621775236,2.07005154601909,0.141811776581124,2.70010824908099,2.03734132528835,3.98831925279591,0.286951759137664,1,1,1
"docxology-analog","11",0.652405528948376,0.492964250349568,2.15582420941701,0.167286666236656,0.683835817080177,0.55414033170082,4.38705843823126,0.320468594127912,1,1,1
"docxology-analog","12",0.382263430903762,0.255504178961781,16.5500091678758,0.0310012842377879,0.633588417729761,0.634252003980265,6.67570394059271,0.012485998295511,1,1,1
"docxology-analog","13",0.383477747855978,0.364629874522975,7.38353460526262,0.098791586878907,Inf,Inf,15.3264448426855,0.198830420225519,1,1,1
"docxology-analog","15",1.03211238275189,0.869679921253962,10.9708472082969,0.30289138905157,1.19927114031732,1.15182742540589,17.688170365753,0.489634900075368,0,1,1
"docxology-analog","16",1.38553989538936,0.978177401641042,5.52185958040375,0.354879446079507,2.49081883662775,2.16088455468535,8.39833524307675,0.567291977376295,0,1,1
"docxology-analog","17",0.338801939069995,0.199803702576176,6.90986541288023,0.0957936336263359,1.62483680687877,1.39053242141841,11.6379610105109,0.169514512123174,0,1,1
"docxology-analog","18",0.452339121468461,0.358780142213181,7.76361007178857,0.234530737152678,1.67466097174134,1.61456869739065,16.0512614178185,0.4815466194028,0,1,1
"docxology-analog","19",0.448060900509873,0.33645337210997,1.7558637412272,0.100349216785549,Inf,Inf,0.873655077858468,0.0531648122528026,1,1,1
"docxology-analog","20",0.419147966070785,0.47274318017709,1.29939630574125,0.163485156205849,1.4751341687935,1.22605686443082,2.21668365398789,0.250602580074842,1,1,1
"docxology-analog","21",0.517921309977593,0.640311654925038,6.38556968132997,0.334574336902777,2.82308295311847,2.91354949257342,11.1581068373879,0.591176094827393,0,1,1
"docxology-analog","22",0.441769108622763,0.324752284394196,4.45525598574552,0.0542853454596877,0.783006453325666,0.746005774361733,4.05659024852142,0.0507003075298904,1,1,1
"docxology-analog","23",0.443020428560993,0.567381046595796,1.03620267044266,0.253630452401647,0.647636624249003,0.609746967469038,1.87638167119314,0.485791195357842,0,1,1
"docxology-analog","24",0.697169044487334,0.421396413563506,4.44951952156862,0.0906009754333261,1.19918316287631,1.02605213255503,5.74221343650188,0.125345344613548,1,1,1
"docxology-analog","25",0.278542135507961,0.183466930892518,2.88968394867582,0.0558159289312794,Inf,Inf,0.378997943395667,0.00699396553749665,1,1,1
"docxology-analog","26",0.249532328166642,0.192668190332324,3.61142555594722,0.0732876498145655,0.745027564157597,0.655321206557006,5.12788633080339,0.101758756762826,1,1,1
"docxology-analog","27",0.353255758822993,0.215732229713153,2.97366634187422,0.087849884594578,0.403302021297899,0.334855577336547,2.36922685267153,0.0661752285383552,1,1,1
"docxology-analog","28",0.549633787742063,0.483586855462521,2.08438429844786,0.0798336333057063,Inf,Inf,2.37299145463339,0.0885576935301509,1,1,1
"docxology-analog","29",0.288736839379362,0.196588101928829,2.35172146675305,0.0540084355405426,Inf,Inf,0.364768259758854,0.00844720448205072,1,1,1
"docxology-analog","30",0.669566258983061,0.721615132509607,2.43388699791371,0.289252497343419,1.07499566730346,1.08017315677148,3.72230501385938,0.413081083508234,0,1,1
"docxology-analog","31",0.345606441349247,0.424448706511929,1.30472860000141,0.188444315811048,Inf,Inf,2.50686341838085,0.326478868821011,1,1,1
"docxology-analog","32",0.808223114863659,0.647055697504906,11.9383434961503,0.301379320152499,1.51602377183437,1.60188451787766,20.3883394624445,0.523854784591394,0,1,1
"docxology-analog","33",0.653327655204297,0.496424407000957,2.48522408584707,0.190228711835701,1.07693767490313,0.870981183723815,5.0929554194964,0.411643013458377,0,1,1
"docxology-analog","34",0.266605576197115,0.151968276942143,6.74362032116733,0.0411307319868728,Inf,Inf,5.57760114177256,0.0343881976032288,1,1,1
"docxology-analog","35",0.953854098583946,0.974629684253565,2.06829959342355,0.224013062599479,1.68530279415529,1.56408162210147,3.99868772158292,0.405301086758266,0,1,1
"docxology-analog","36",0.356470111374507,0.201168860582133,10.5564067958139,0.0368415689269688,0.584174215125821,0.542123066125802,14.5846012312173,0.0494984655940103,1,1,1
"docxology-analog","37",1.22389740747827,0.844371353624054,19.691223263101,0.111828249093484,3.47714425624444,3.54890149171251,40.3104995051276,0.226355358833362,0,1,1
"docxology-analog","38",0.415148826842992,0.907678017180433,1.3196160971125,0.706121848735552,0.934533228885943,0.927336248458567,2.10441904887039,1.13282659606664,0,1,1
"docxology-analog","39",0.456356971915537,0.28677408799603,16.0815204677714,0.210564328908043,1.22912012706977,1.13069656898349,26.6245153234563,0.341641240901092,0,1,1
"docxology-analog","40",0.637771099086071,0.6802681013854,3.23682784482863,0.186996164933174,2.40833135779403,2.31866798258675,6.88232526983838,0.375177882121192,0,1,1
"docxology-analog","41",0.847240728540439,0.544899585360866,7.15536325285752,0.129889995317081,0.903763499644581,0.813181561661296,13.6089025328455,0.239068561441057,0,1,1
"docxology-analog","42",1.02233892660271,0.577903723595072,59.6348528536575,0.377419744393543,1.26744753343382,1.11384053680544,79.8270076599448,0.490754140393844,0,0,1
"docxology-analog","44",0.582260287175126,0.4448992133149,2.53862194434193,0.189455135809408,0.899895642449782,0.819162169872038,5.70129578937562,0.408525296539376,1,1,1
"docxology-analog","45",0.484219212432438,0.364780667224188,3.98138847209441,0.0635035933346254,0.995402154376009,0.957562879011766,4.00509949868349,0.0607043046579578,1,1,1
"docxology-analog","46",0.872836647013598,0.972664837310344,5.07796607311886,0.770995602416177,1.3286476076015,1.32797420538501,7.45262390594046,1.13168707103507,0,1,1
"docxology-analog","47",0.474149196753606,0.365965039587003,6.74492226909139,0.0992127385256044,1.15012776954655,1.00038841694436,11.6870238191322,0.16232322947983,0,1,1
"docxology-analog","48",0.357351849306037,0.27368690499802,24.1772318112988,0.0681874507903096,0.621315554856456,0.630446474512117,42.4173634791376,0.120578355664787,0,1,1
"docxology-analog","49",0.639279980670097,0.467466776312739,1.91027337552612,0.0815629773186075,Inf,Inf,0.0836559359621774,0.00363061593767977,1,1,1
"docxology-analog","50",1.52614654438355,1.2271960768295,4.258798346083,0.748448075827823,1.87643610074136,1.50629078903234,7.21720518335877,1.22546079328418,0,1,1
"docxology-analog","51",0.576893251858977,0.351375239965616,5.62573724598554,0.108996869596875,2.32684318141838,2.01985594792204,10.9947782146502,0.218595950450174,0,1,1
"docxology-analog","53",1.35450481566473,0.964166048728971,27.0892180088309,0.15159479371859,1.31444656257885,1.14714677494379,45.9506505944213,0.258167356316574,0,1,1
"docxology-analog","54",2.0092577784199,1.18882757397047,7.62788280912005,0.290456026479569,3.79524271652122,2.72619810814221,11.6924166575794,0.460345156552681,0,1,1
"docxology-analog","55",0.316153161753493,0.212846078424282,6.36212272966378,0.153640664503959,0.606936256644668,0.508318098067753,11.7170429819918,0.273283992286253,0,1,1
"docxology-analog","56",0.269400113228046,0.469905056226692,0.735697040444571,0.256440286618988,0.38940305735652,0.462876783463531,1.23949731160421,0.48227098646773,0,1,1
"docxology-analog","72",1.06396562217885,0.892033376123456,8.86578822779179,0.104788323323207,Inf,Inf,16.0350550178196,0.19613400148858,0,1,1
