"model_id","wis","ae_median","interval_coverage_50","interval_coverage_95","n"
"CFA_Pyrenew-Pyrenew_E_COVID",0.000566265876665198,0.000810896544808569,0.457627118644068,0.847457627118644,62
"CFA_Pyrenew-Pyrenew_HE_COVID",0.000576219444203425,0.000823931275055463,0.456140350877193,0.842105263157895,60
"CMU-TimeSeries",0.0023051427373823,0.00296891331877544,0.346938775510204,0.877551020408163,108
"CovidHub-baseline",0.00156297432298995,0.00251037735849057,0.462264150943396,0.971698113207547,116
"CovidHub-ensemble",0.000357420237901801,0.000263912277437721,1,1,32
"UGA_flucast-INFLAenza",0.000712881312026282,0.001058378838846,0.702127659574468,0.98936170212766,104
