"model_id","location","wis_scaled_relative_skill","wis_scaled_relative_skill__log","wis","wis__log","ae_median_scaled_relative_skill","ae_median_scaled_relative_skill__log","ae_median","ae_median__log","interval_coverage_50","interval_coverage_95","n"
"CADPH-CovidCAT_Ensemble","06",0.9747824877743,0.775659439047472,54.3368143593417,0.157947409278365,1.07201366693911,1.11039409640818,82.0390094384622,0.241833948170712,0.358823529411765,0.782352941176471,170
"CEPH-Rtrend_covid","01",0.772955778302277,0.578879409097332,12.3289105447276,0.182601927484428,0.93237542617285,0.784167342765127,20.0172413793103,0.297989364297059,0.425287356321839,0.890804597701149,174
"CEPH-Rtrend_covid","02",1.13431937260028,1.00136677616969,1.87858570714643,0.374049649982656,1.03230118782929,0.866194563900135,2.64367816091954,0.520314613666329,0.477011494252874,0.775862068965517,174
"CEPH-Rtrend_covid","04",0.748794249112201,0.553848760751601,10.2024862568716,0.219069474927845,1.16116260460207,1.1545929402041,13.7183908045977,0.296510902276813,0.793103448275862,0.982758620689655,174
"CEPH-Rtrend_covid","05",0.778434297890674,0.638442914187772,7.06952773613193,0.305064408879308,0.9830604203089,0.946590442709774,10.2758620689655,0.467890531310353,0.454022988505747,0.879310344827586,174
"CEPH-Rtrend_covid","06",0.923579540675539,0.76509076411298,62.9177486256872,0.19944344985456,1.08383896226329,1.14905675634916,101.781609195402,0.320196485766836,0.517241379310345,0.931034482758621,174
"CEPH-Rtrend_covid","08",0.835902893089869,0.680274988898144,10.4234007996002,0.348283995828505,0.986699856001876,1.03864227592551,15.9367816091954,0.553051467395956,0.454022988505747,0.85632183908046,174
"CEPH-Rtrend_covid","09",0.862614982645804,0.623559250834836,11.1242453773113,0.267071029050298,0.865994377819616,0.791747908046814,17.3103448275862,0.418848573097692,0.540229885057471,0.919540229885057,174
"CEPH-Rtrend_covid","10",0.875470526641951,0.831028964871676,3.50143428285857,0.385506980349722,0.983471022618535,0.941150959070733,4.85632183908046,0.525657660843591,0.522988505747126,0.747126436781609,174
"CEPH-Rtrend_covid","11",0.967314386379608,0.788243283709746,3.25592203898051,0.432778068003153,0.907757177306035,0.809913117464796,4.8735632183908,0.64039671709076,0.316091954022989,0.706896551724138,174
"CEPH-Rtrend_covid","12",0.639059498785891,0.482107000282846,43.1092203898051,0.193392572633221,0.986002500077057,1.00373356126046,69.8448275862069,0.305024545366311,0.511494252873563,0.982758620689655,174
"CEPH-Rtrend_covid","13",0.513197276806329,0.379308399838841,13.6793528235882,0.194720935775989,Inf,Inf,22.316091954023,0.313844746913735,0.488505747126437,0.948275862068966,174
"CEPH-Rtrend_covid","15",0.985584839024368,0.909506984048684,2.82422538730635,0.351898048098795,1.16661027515538,1.09562933021164,4.37931034482759,0.544963273039731,0.459770114942529,0.902298850574713,174
"CEPH-Rtrend_covid","16",0.922776748759121,0.783737917363202,4.49283858070964,0.469812926845948,1.01589092429766,0.918185653468146,6.72988505747126,0.689180333820125,0.350574712643678,0.735632183908046,174
"CEPH-Rtrend_covid","17",0.675095957357055,0.423143362006931,37.6031284357821,0.227993194394097,1.04632041640392,0.945473267091276,57.5919540229885,0.34701920598838,0.603448275862069,0.908045977011494,174
"CEPH-Rtrend_covid","18",0.79211907802696,0.533549326474974,24.5137856071964,0.246135441897481,0.99610949214315,0.873474094555422,38.4655172413793,0.382475364729591,0.505747126436782,0.890804597701149,174
"CEPH-Rtrend_covid","19",0.655258858291755,0.567816630642319,7.0678235882059,0.303730824850078,NA,NA,10.8965517241379,0.475787779963804,0.505747126436782,0.902298850574713,174
"CEPH-Rtrend_covid","20",0.938795674013312,0.793011496400746,9.87416291854073,0.356998327730806,1.27215658794976,1.15542074391413,15.2988505747126,0.569278297332099,0.448275862068966,0.862068965517241,174
"CEPH-Rtrend_covid","21",0.6499608922783,0.558008944125078,11.5062868565717,0.285290814958056,1.06094781678533,1.11616576543991,18.4655172413793,0.465209353005517,0.53448275862069,0.959770114942529,174
"CEPH-Rtrend_covid","22",0.716437078723111,0.575593902687367,11.9028610694653,0.253623029268831,0.967998901458384,0.978456194238545,18.4712643678161,0.401131992478047,0.477011494252874,0.862068965517241,174
"CEPH-Rtrend_covid","23",0.840112618007768,0.853227590124648,3.34545477261369,0.381697670825012,0.851111864059628,0.842208265997312,5.11494252873563,0.591710961881882,0.494252873563218,0.902298850574713,174
"CEPH-Rtrend_covid","24",0.788178223491701,0.586845101716205,11.8801774112944,0.386227467956565,0.945165284928816,0.877123450018934,17.2988505747126,0.5637256402774,0.482758620689655,0.827586206896552,174
"CEPH-Rtrend_covid","25",0.704192633109488,0.472858326713769,22.6668890554723,0.329952942812884,0.802336056259802,0.739499951594369,35.3103448275862,0.523809798920864,0.350574712643678,0.816091954022989,174
"CEPH-Rtrend_covid","26",0.755006516392505,0.529753545949261,38.968215892054,0.368194589670476,1.01992427268262,1.02349367041518,56.1954022988506,0.56635253767441,0.413793103448276,0.827586206896552,174
"CEPH-Rtrend_covid","27",0.686697064215195,0.518046776604637,12.2538705647176,0.287325375421191,0.852217960999481,0.846952813019694,19.0287356321839,0.450177031358648,0.471264367816092,0.896551724137931,174
"CEPH-Rtrend_covid","28",0.821099593997743,0.675878850623371,6.23598450774613,0.212601688494306,1.02015312655577,1.05398373313474,9.91379310344828,0.342551430005531,0.442528735632184,0.925287356321839,174
"CEPH-Rtrend_covid","29",0.740065384635848,0.545766146778107,21.0162418790605,0.310450932025757,Inf,Inf,29.4655172413793,0.453844640532257,0.540229885057471,0.827586206896552,174
"CEPH-Rtrend_covid","30",0.964533178624265,0.947410826710514,4.97307596201899,0.538315461509807,1.00570171638864,0.917930333720219,7.38505747126437,0.753574837652324,0.310344827586207,0.695402298850575,174
"CEPH-Rtrend_covid","31",0.880933729358424,0.934269118803303,7.13504247876062,0.507663193126783,1.20576376510697,1.26163779174655,10.6896551724138,0.726788294835694,0.275862068965517,0.718390804597701,174
"CEPH-Rtrend_covid","32",0.996494145561035,0.774998486920027,4.97606196901549,0.30257760641788,1.03976054148753,0.931293772093708,7.17241379310345,0.44593229031213,0.373563218390805,0.747126436781609,174
"CEPH-Rtrend_covid","33",0.940029008027171,0.832098112607863,6.0427736131934,0.432214917805339,0.882251338854709,0.831014995060244,8.86206896551724,0.611687333922566,0.448275862068966,0.735632183908046,174
"CEPH-Rtrend_covid","34",0.907737849670644,0.708242060314524,23.3645227386307,0.22352447746343,1.08948937226801,1.1049908345737,38.3390804597701,0.36152290727292,0.425287356321839,0.931034482758621,174
"CEPH-Rtrend_covid","35",0.878322138201661,0.806590782143261,4.72686906546727,0.299458226024871,1.0215887313201,1.00292159382857,7.55172413793103,0.466635739429881,0.494252873563218,0.908045977011494,174
"CEPH-Rtrend_covid","36",0.861111686987093,0.639505836153764,38.1665992003998,0.214414646311554,1.04576666755004,1.04452933625118,61.8620689655172,0.346064621639916,0.35632183908046,0.925287356321839,174
"CEPH-Rtrend_covid","37",0.792601783198156,0.598732155831905,24.3811694152924,0.219617303811111,0.925247773713815,0.948630181193456,37.5172413793103,0.343366849111678,0.35632183908046,0.816091954022989,174
"CEPH-Rtrend_covid","38",0.907207165453328,1.09340423972262,3.6944227886057,0.350752478387873,1.08101931130973,1.01024547500323,5.64367816091954,0.529462451675034,0.431034482758621,0.827586206896552,174
"CEPH-Rtrend_covid","39",0.715428683380368,0.588535554171415,44.3326011994003,0.373087401137171,0.907206241454674,0.98515856262452,68.1379310344828,0.530767653063896,0.511494252873563,0.85632183908046,174
"CEPH-Rtrend_covid","40",0.916667568115544,0.774213678725836,16.8938905547226,0.391567195614091,1.09984125811857,1.08990665500832,24.0804597701149,0.597707438884982,0.344827586206897,0.701149425287356,174
"CEPH-Rtrend_covid","41",0.869469842686959,0.674952350803445,5.53031734132934,0.390939145793492,0.860930191562646,0.861432377086097,8.14942528735632,0.579568163376366,0.413793103448276,0.810344827586207,174
"CEPH-Rtrend_covid","42",0.820044449218681,0.546267086173444,48.9798625687156,0.221620163667854,0.979522817070158,1.02972809657188,77.1954022988506,0.352384791069763,0.477011494252874,0.919540229885057,174
"CEPH-Rtrend_covid","44",1.20607375171006,0.969966754541957,6.07005497251374,0.368138614939563,1.21173734548088,1.01304172157375,8.88505747126437,0.519727681910114,0.459770114942529,0.729885057471264,174
"CEPH-Rtrend_covid","45",0.827435353941428,0.678651519771666,13.7353523238381,0.359021538517064,1.02474000464585,1.08563890875023,20.632183908046,0.554255018375741,0.350574712643678,0.764367816091954,174
"CEPH-Rtrend_covid","46",0.996947851736635,1.14003195374259,4.57853823088456,0.604344633374032,0.963362992390213,1.03221576733923,6.45402298850575,0.75951359462709,0.367816091954023,0.649425287356322,174
"CEPH-Rtrend_covid","47",1.13899047745146,0.951072815506266,19.3381734132934,0.306961526629083,1.39772226103771,1.52563130165724,30.4540229885057,0.495141354433529,0.344827586206897,0.85632183908046,174
"CEPH-Rtrend_covid","48",0.862073777615059,0.650304168178398,45.1640729635182,0.217780383426518,1.04670614021238,1.0836184206182,69.7528735632184,0.343350632166344,0.477011494252874,0.867816091954023,174
"CEPH-Rtrend_covid","49",0.893064869004913,0.760959022361829,3.77203148425787,0.384009849934542,1.27444682435554,1.26264313239265,5.87931034482759,0.61060955399713,0.390804597701149,0.85632183908046,174
"CEPH-Rtrend_covid","50",1.13635081132957,1.18384250693283,2.4429860069965,0.451332186360551,1.06059855179276,1.01812312631349,3.59195402298851,0.621753503443625,0.442528735632184,0.752873563218391,174
"CEPH-Rtrend_covid","51",0.682271729058763,0.500246092171037,14.1718665667166,0.271186388509095,0.991910066514217,1.03622480038304,22.5689655172414,0.430792535051533,0.402298850574713,0.890804597701149,174
"CEPH-Rtrend_covid","53",0.851352434629016,0.711226310777664,10.1496626686657,0.261024674452565,0.824788731039341,0.858078199543833,15.1034482758621,0.40925193179704,0.46551724137931,0.839080459770115,174
"CEPH-Rtrend_covid","54",0.770231193963925,0.652438202086199,9.77531484257871,0.376650327525906,0.948500852217933,0.928723625314336,14.4252873563218,0.580191739295223,0.402298850574713,0.78735632183908,174
"CEPH-Rtrend_covid","55",0.831876861365076,0.62401030001594,20.5838030984508,0.341813479837837,0.940670645869935,0.878132913503307,31.8333333333333,0.531030786651604,0.390804597701149,0.810344827586207,174
"CEPH-Rtrend_covid","56",1.14294661913911,1.17299847899771,3.50655672163918,0.447847946172699,1.20013774800474,1.10681647326137,5.23563218390805,0.672211223267032,0.425287356321839,0.804597701149425,174
"CEPH-Rtrend_covid","72",1.02878505195635,0.793334175977899,12.8756146926537,0.410099541237116,1.13068043559384,1.07230525543869,18.051724137931,0.593852721259411,0.390804597701149,0.758620689655172,174
"CFA-EpiAutoGP","01",1.08604193017128,0.966330382889436,19.4774628379098,0.373734555752134,1.12100878724364,1.1521272923314,26.7117109322321,0.533277219097759,0.598214285714286,0.928571428571429,112
"CFA-EpiAutoGP","02",0.933634325975666,0.84712937878313,1.74969112509654,0.326718700170146,0.984097134783839,0.877544450878353,2.71693906142857,0.523798519072278,0.410714285714286,0.919642857142857,112
"CFA-EpiAutoGP","04",0.840665780742845,0.544059973367069,11.860121569889,0.204788955182495,1.51334490512321,1.30860587666251,18.1530026696429,0.313319098574798,0.383928571428571,0.830357142857143,112
"CFA-EpiAutoGP","05",0.750257618220288,0.526099410069977,8.14276760303467,0.232944482494543,1.04784860295384,0.85605965566339,13.0057133571429,0.375500078503624,0.410714285714286,0.919642857142857,112
"CFA-EpiAutoGP","06",0.882210160034355,0.632437515622544,34.1741259594604,0.139919255737643,1.08360436167324,1.02585829461677,54.6119632142857,0.223549245165605,0.419642857142857,0.982142857142857,112
"CFA-EpiAutoGP","08",0.900682346818075,0.69883686111104,14.8850893399556,0.417531379455802,0.981257003045116,0.925073630675663,23.2469374348214,0.617509765060554,0.339285714285714,0.803571428571429,112
"CFA-EpiAutoGP","09",1.06371728222313,0.795332917390506,17.7988590138256,0.325288326734134,1.02452471302679,0.99645322322977,26.23676181875,0.50311425384023,0.357142857142857,0.928571428571429,112
"CFA-EpiAutoGP","10",1.21828632867058,0.937081825728389,5.66346205713441,0.317706144998437,1.49818612733931,1.21512246165272,8.97860178214286,0.506718618937777,0.339285714285714,0.857142857142857,112
"CFA-EpiAutoGP","11",1.07541260323966,0.800861527780042,3.93623181137263,0.406269267067225,1.01807023433493,0.830321330020558,5.72529620969884,0.597940044050524,0.446428571428571,0.901785714285714,112
"CFA-EpiAutoGP","12",0.902732989976499,0.536219273786973,43.7574606240839,0.1845824076496,1.36800012939254,1.13013664986516,67.4304375,0.283882841913524,0.482142857142857,0.892857142857143,112
"CFA-EpiAutoGP","13",1.00795781150434,0.656213937614919,20.5801953172508,0.247285879430994,Inf,Inf,32.7799519732143,0.391488485791074,0.366071428571429,0.883928571428571,112
"CFA-EpiAutoGP","15",0.76059439306547,0.749606456298339,1.34155595369981,0.305231609362231,0.905251193867645,0.954486875880593,1.93065960858036,0.483956332402488,0.651785714285714,0.9375,112
"CFA-EpiAutoGP","16",1.08275264014688,0.805881664760464,5.38161515176025,0.410522726595502,1.13894026848749,0.962191701852531,7.88349311428571,0.613980146677488,0.357142857142857,0.785714285714286,112
"CFA-EpiAutoGP","17",0.480852121524552,0.307017873235963,42.7684318377304,0.20424036355242,0.779603575501025,0.69963636811968,68.2781016125,0.320241093244501,0.339285714285714,0.875,112
"CFA-EpiAutoGP","18",0.529373081049664,0.384905299789817,24.4533647871762,0.195682116443334,0.699459002833532,0.6610436514505,40.7205653482143,0.319609761947805,0.366071428571429,0.928571428571429,112
"CFA-EpiAutoGP","19",0.650548126653519,0.556560463636272,8.70108358473393,0.273787363546005,Inf,Inf,13.5695493508929,0.426005191003807,0.419642857142857,0.883928571428571,112
"CFA-EpiAutoGP","20",0.890663300022067,0.75278432606824,13.8451308652292,0.391827310355392,1.22444108430952,1.08011598253763,21.506546141875,0.599237473566337,0.392857142857143,0.857142857142857,112
"CFA-EpiAutoGP","21",0.739725172997308,0.510089683662524,15.3753867449234,0.21993329228397,1.21812736151834,1.04714119082421,23.7560592866071,0.350278567364096,0.5,0.955357142857143,112
"CFA-EpiAutoGP","22",1.18672473022539,0.764353654448979,14.1299367566487,0.292051904476656,1.54349836110033,1.28367172365146,22.0916805848214,0.464299731641562,0.375,0.866071428571429,112
"CFA-EpiAutoGP","23",0.943242241540303,0.835138300189715,4.87637394787182,0.338571098617902,1.00865822650599,0.954042990063448,7.30561365806875,0.555066466300788,0.517857142857143,0.982142857142857,112
"CFA-EpiAutoGP","24",0.841791937755953,0.576831725565765,14.620518090487,0.334446187712635,0.909523250468516,0.811213126262672,20.3773278464286,0.477024376298784,0.517857142857143,0.883928571428571,112
"CFA-EpiAutoGP","26",0.780093800230284,0.470619760608684,50.9414390988708,0.29115948429157,1.07179995741616,0.910646965020309,78.8141387678571,0.468069330535699,0.392857142857143,0.901785714285714,112
"CFA-EpiAutoGP","28",0.886100595017518,0.617962067804041,7.66091008376413,0.1878715203685,1.03759700690067,0.949468864603718,11.5048096714286,0.293126171299386,0.607142857142857,0.982142857142857,112
"CFA-EpiAutoGP","29",0.601323808472032,0.388060386270687,23.2553052689295,0.227149887752407,Inf,Inf,34.3461937526786,0.352823020972067,0.428571428571429,0.928571428571429,112
"CFA-EpiAutoGP","30",0.897062504545537,0.861140869017845,5.2808944369706,0.436913511708141,0.923602262174441,0.83004858257093,7.91838970089286,0.599157812550159,0.375,0.776785714285714,112
"CFA-EpiAutoGP","31",0.798095542343369,0.685311282965637,8.31918607101397,0.345241374474521,1.06239804319383,0.931125887537533,12.5318121833929,0.5227513594597,0.428571428571429,0.794642857142857,112
"CFA-EpiAutoGP","32",1.02297423249957,0.789858475971518,4.72417441910261,0.329332812644684,1.2081525147145,1.08959305894734,7.50319116851852,0.533775042369714,0.462962962962963,0.935185185185185,108
"CFA-EpiAutoGP","33",0.81987028165133,0.68278332941722,6.23849602873773,0.312678894879284,0.824885249971931,0.750156303516525,9.87436749642857,0.491681044874311,0.366071428571429,0.875,112
"CFA-EpiAutoGP","34",0.912111390229791,0.649708121220968,32.1511312147865,0.230646263264694,0.994401738658673,0.90627591110639,49.81922275,0.348624395948002,0.330357142857143,0.794642857142857,112
"CFA-EpiAutoGP","35",1.0475059598756,0.85044289019286,6.59897695366072,0.311532878714063,1.16357867738126,1.05645956274689,9.97146312857143,0.482953792606416,0.508928571428571,0.964285714285714,112
"CFA-EpiAutoGP","36",0.833024131868604,0.533732241443223,42.2522994997127,0.160375514135411,0.897509147575629,0.780737449543207,64.3252952232143,0.246253253662747,0.410714285714286,0.866071428571429,112
"CFA-EpiAutoGP","37",1.06936903572743,0.73214423292898,30.4365547395403,0.225522161943806,1.37944393668078,1.23628678944608,47.4847710357143,0.341792723035601,0.580357142857143,0.973214285714286,112
"CFA-EpiAutoGP","38",0.817025662677289,1.00081595768297,6.1799922428484,0.347554529706473,1.00004117002889,1.02607887002646,9.29763719821429,0.548312347996603,0.366071428571429,0.875,112
"CFA-EpiAutoGP","39",0.614072519151792,0.51934932831743,50.3772450933784,0.38336447860235,0.765815539173977,0.863204581874454,79.0906410026786,0.557025294535948,0.419642857142857,0.866071428571429,112
"CFA-EpiAutoGP","40",0.74692975883799,0.605086156577838,19.9077016219449,0.353084054184459,1.0598295842551,0.921149081286735,31.9683201116071,0.541939554834278,0.348214285714286,0.875,112
"CFA-EpiAutoGP","41",0.752672176552102,0.539677256175265,3.90837901507419,0.28601273142136,0.821858934408356,0.746529541366599,6.09020921071429,0.443391697832874,0.428571428571429,0.892857142857143,112
"CFA-EpiAutoGP","42",0.828402428250559,0.492504155891361,61.8835674189037,0.175401888106863,1.00739092083821,0.918315041348542,99.2982955267857,0.278533761362392,0.375,0.928571428571429,112
"CFA-EpiAutoGP","44",0.567894719852073,0.56053572530047,4.04486151987954,0.217422298387784,0.654765659875425,0.667345353305082,6.279208,0.32225672541132,0.589285714285714,0.946428571428571,112
"CFA-EpiAutoGP","45",1.0665736542484,0.705230158253,18.9008049460369,0.35112634031761,1.30237477860681,1.10198281098892,29.7646290008929,0.5481762235756,0.339285714285714,0.8125,112
"CFA-EpiAutoGP","46",1.04996657031412,0.907260923860608,5.61712801845222,0.360788626349231,1.12716416182082,1.0237066594619,8.77872572544643,0.588840321735968,0.401785714285714,0.910714285714286,112
"CFA-EpiAutoGP","47",0.851320727475984,0.585832722269796,16.6963684765497,0.171956240596072,1.07018307297068,0.947676722898902,25.9132964375,0.265568592525405,0.625,0.982142857142857,112
"CFA-EpiAutoGP","48",0.976831363100896,0.636323285246514,36.8272936079904,0.19135803920736,1.10845423365316,1.01090141429322,52.6698211785714,0.27728981727955,0.669642857142857,1,112
"CFA-EpiAutoGP","49",0.774628777550283,0.651663192014277,3.40583351226108,0.316503450092979,0.875303287742555,0.853701029464078,5.25509039758929,0.495001837904596,0.464285714285714,0.901785714285714,112
"CFA-EpiAutoGP","50",0.889952849154933,0.858858190560282,2.2364177726541,0.302961402877097,0.934870482970798,0.905157021476798,3.49257385892857,0.487383860428898,0.464285714285714,0.955357142857143,112
"CFA-EpiAutoGP","51",0.890442449660963,0.524867459820375,21.441036187613,0.261692690649131,1.29421711359523,1.11014838826814,31.9302926517857,0.394749970041436,0.410714285714286,0.883928571428571,112
"CFA-EpiAutoGP","53",1.02232316401601,0.765064490102228,9.37913648274952,0.235368697251271,1.05365460645704,0.986281919541627,15.2066390714286,0.390746818572039,0.4375,0.991071428571429,112
"CFA-EpiAutoGP","55",0.765263558538946,0.537174935268387,24.9149497344641,0.257504596802402,0.893501302764927,0.795890965636145,38.6360488330357,0.409310790622046,0.383928571428571,0.892857142857143,112
"CFA-EpiAutoGP","56",0.777039930106239,0.78830114024641,3.6688277337614,0.323324656520443,0.860548220576952,0.809193853840158,5.545447675,0.493933584924306,0.473214285714286,0.9375,112
"CFA-PyRenew_H","01",0.860975092275947,0.670413378492076,12.311781884058,0.126700775498708,1.02624423008035,0.92469348113939,18.1666666666667,0.195734700509536,0.5,1,6
"CFA-PyRenew_H","02",1.02483995466285,0.847507492351146,2.29926014492754,0.414193935853015,1.04419657278374,0.957646240236919,3.33333333333333,0.696583728427068,0.333333333333333,1,6
"CFA-PyRenew_H","04",1.009888933134,0.691867055352016,12.9281923913043,0.147707967216568,1.97845070718736,1.8023375830085,20.5,0.242622023276394,0.666666666666667,1,6
"CFA-PyRenew_H","05",0.711606857174838,0.610394784109135,3.07140217391304,0.189242148894066,0.94763892878061,0.889790509130726,4.33333333333333,0.251953086862,0.666666666666667,1,6
"CFA-PyRenew_H","06",1.5117217029724,1.09288437023044,190.072503623188,0.194213159347163,1.73936059668172,1.59107415630349,291.083333333333,0.294410099297308,0.333333333333333,0.666666666666667,6
"CFA-PyRenew_H","08",0.726222745754859,0.586203570874973,6.71146376811594,0.189418496365228,0,0,10.1666666666667,0.279387955620712,0.5,1,6
"CFA-PyRenew_H","09",0.770328886920063,0.597469918463269,14.2790376811594,0.389443286497024,0.844419693900506,0.853047707153662,22.8333333333333,0.654457095083949,0.166666666666667,1,6
"CFA-PyRenew_H","10",1.70426453894745,1.03762303351964,6.15337463768116,0.322134874046068,1.85576471650154,1.25552805874008,9.25,0.532259669480652,0.5,1,6
"CFA-PyRenew_H","11",0.838137511625574,0.714808482315453,3.45784963768116,0.339703359522569,0.971160140093976,0.865091241850578,6.33333333333333,0.594679842812047,0.5,1,6
"CFA-PyRenew_H","12",0.772654846409742,0.516279949899221,40.096977173913,0.0652049351097711,1.49895639057166,1.36562787374589,67.25,0.111870743206948,0.5,1,6
"CFA-PyRenew_H","13",1.12422811119933,1.06794988584148,19.5297547101449,0.287871333080052,Inf,Inf,29.9166666666667,0.454491852403114,0.5,1,6
"CFA-PyRenew_H","15",1.12912639223963,0.935945190130339,8.37782572463768,0.213166146067177,1.307998678068,1.17146199675091,12.8333333333333,0.336610430973096,0.666666666666667,1,6
"CFA-PyRenew_H","16",1.49156820634972,0.994983181049709,4.57178876811594,0.244212167634726,1.40081135294421,1.24829154360971,5,0.343000201740328,0.833333333333333,1,6
"CFA-PyRenew_H","17",0.637144143724412,0.454239952098602,7.68752355072464,0.125100340053366,1.06673695547944,1.09766003416176,10.8333333333333,0.178323699429737,0.833333333333333,1,6
"CFA-PyRenew_H","18",0.979515338243554,0.691737224690814,10.4355061594203,0.259868855637459,1.31637380513967,1.22605800946746,16.6666666666667,0.435570427044283,0.5,1,6
"CFA-PyRenew_H","19",1.52911152573926,0.945321628845759,4.42500434782609,0.184422044578373,Inf,Inf,5.75,0.276169136476343,0.833333333333333,1,6
"CFA-PyRenew_H","20",0.511996827833267,0.523045488293957,1.9045847826087,0.213881408662522,0.679640249679538,0.746164535823306,2.66666666666667,0.324373463703472,0.5,1,6
"CFA-PyRenew_H","21",0.68558519588774,0.579100052764948,4.50565326086957,0.177036481893868,1.23942164151119,1.25801174714968,6.66666666666667,0.279979979321673,0.666666666666667,1,6
"CFA-PyRenew_H","22",0.958386316740239,0.719685880062184,11.0646557971014,0.137535124633238,1.01829840123786,0.968496571758346,13.6666666666667,0.171593803137217,0.833333333333333,1,6
"CFA-PyRenew_H","23",1.34062358903927,1.77811251716558,2.48443224637681,0.787016714339964,1.37880524611504,1.79107880495888,3.33333333333333,1.06278782464977,0.166666666666667,0.666666666666667,6
"CFA-PyRenew_H","24",0.909235010369676,0.577871384471945,6.73467717391304,0.163138569924011,1.07985624226146,0.904113668025216,9.33333333333333,0.238680434670043,0.833333333333333,1,6
"CFA-PyRenew_H","25",1.00215813743876,0.852131151542473,11.2351050724638,0.326597582109838,1.51294741317455,1.78987456366958,18.5833333333333,0.548471751805874,0.333333333333333,1,6
"CFA-PyRenew_H","26",0.934767648613924,0.761503552153082,10.3755438405797,0.272875375491188,1.34434391143065,1.51807155085388,15.5,0.42429815445349,0.666666666666667,1,6
"CFA-PyRenew_H","27",0.65791368522251,0.487699270849652,4.18318043478261,0.143981772511918,0.739059036216559,0.717660797968494,5.83333333333333,0.193230312751301,1,1,6
"CFA-PyRenew_H","28",0.999346261662045,0.732458762204008,6.77217028985507,0.194248729469416,1.29175837541828,1.24032495383001,11.0833333333333,0.341822690274393,0.5,1,6
"CFA-PyRenew_H","29",1.42717290833715,0.849735915489396,14.7685724637681,0.232491620412042,Inf,Inf,21.6666666666667,0.350471492790137,0.5,1,6
"CFA-PyRenew_H","30",1.2869163108988,0.898184126976701,4.57805797101449,0.349077633688742,0.784996227060928,0.717752305750331,4.16666666666667,0.44544700954407,0.833333333333333,1,6
"CFA-PyRenew_H","31",0.82397022382836,0.86329290507271,1.61787862318841,0.246925613450469,1.36154421460138,1.41598520353064,2.66666666666667,0.40815926425039,0.833333333333333,1,6
"CFA-PyRenew_H","32",1.30806903427856,0.861171828448686,11.7000086956522,0.230398619594272,1.6095583367706,1.31421444630204,18,0.391588467560805,0.333333333333333,1,6
"CFA-PyRenew_H","33",1.21412697489729,1.15837677879229,5.426825,0.619396678411767,1.23267669297032,1.3178725653118,8.33333333333333,1.02273838622636,0.333333333333333,0.833333333333333,6
"CFA-PyRenew_H","34",0.794513855933523,0.632872050077571,15.9477670289855,0.127041521491634,1.07129422975475,1.08568937056363,28.9166666666667,0.219764549592664,0.833333333333333,1,6
"CFA-PyRenew_H","35",1.12210318577789,0.969353837497725,6.49854130434783,0.479226596410585,1.41484344081371,1.35675035153594,10.6666666666667,0.81148234499527,0.333333333333333,1,6
"CFA-PyRenew_H","36",0.872063076319427,0.643480069001867,34.6631836956522,0.140487658840209,0.862145436102572,0.880554382642615,52.0833333333333,0.213470293725748,0.5,1,6
"CFA-PyRenew_H","37",1.15157895247667,0.745908779461542,26.5650579710145,0.11560670533615,1.64100240471846,1.4787673889403,41.4166666666667,0.190490791348377,0.5,1,6
"CFA-PyRenew_H","38",0.607218067122702,0.790147048764897,0.929711594202899,0.415076832578867,0.795241944944677,0.89779614213364,1.5,0.760724698577973,0.5,1,6
"CFA-PyRenew_H","39",0.984349875796928,0.769278614760068,18.4267112318841,0.221836233253594,1.39068289940286,1.53728425999372,30.9166666666667,0.391226716981727,0.333333333333333,1,6
"CFA-PyRenew_H","40",1.08976381932513,0.854948275026229,8.96376630434783,0.345120725581668,1.53857685258579,1.38162832202462,14.5,0.57870843063682,0.333333333333333,1,6
"CFA-PyRenew_H","41",0.733988763529469,0.548754439259625,13.2548605072464,0.31708059582681,0.735857271601204,0.69908170914133,21,0.503617093449327,0.333333333333333,0.833333333333333,6
"CFA-PyRenew_H","42",1.15437437820756,0.677249798593325,37.2335949275362,0.209291863708241,1.35800983170374,1.25001915833841,57.1666666666667,0.329255235058219,0.5,0.833333333333333,6
"CFA-PyRenew_H","44",0.868880673637778,0.716205836200984,4.14939130434783,0.297192351965322,0.976331946256778,0.871140974252682,6.5,0.474807444681926,0.5,1,6
"CFA-PyRenew_H","45",1.66484225007149,1.14464866400785,20.6916166666667,0.254256926977235,2.16918782202645,1.92043708074314,34.8333333333333,0.441104077832402,0.166666666666667,0.833333333333333,6
"CFA-PyRenew_H","46",1.139298453663,0.960630953725918,3.2825481884058,0.422234286274809,1.06578930545596,1.05100510975651,4.16666666666667,0.639343577437517,0.5,1,6
"CFA-PyRenew_H","47",1.04499793051416,0.783769468305521,17.2558362318841,0.22978154227013,1.35463904729458,1.32323453206339,26.3333333333333,0.361617050908335,0.5,1,6
"CFA-PyRenew_H","48",0.730252544055804,0.54148583831922,46.7580047101449,0.112160170778764,0.76406509212671,0.79828928658003,60.9166666666667,0.157944367311665,0.666666666666667,1,6
"CFA-PyRenew_H","49",1.34482531709938,0.828549825606473,6.00736014492754,0.234707181007391,2.16736571860328,1.61286417037641,9.66666666666667,0.394472744596288,0.666666666666667,1,6
"CFA-PyRenew_H","50",1.31098684438269,1.0786291106112,2.83714963768116,0.420744202875843,1.23044737542862,1.14612718445184,3.83333333333333,0.67602055823365,0.333333333333333,1,6
"CFA-PyRenew_H","51",0.758201767411554,0.545090888910037,7.04516086956522,0.150673525626429,1.12079346174822,1.12785238286046,10.6666666666667,0.223514363243842,0.666666666666667,1,6
"CFA-PyRenew_H","53",1.3699775831677,0.845895952004683,32.3603362318841,0.177429754542912,1.27937993964272,0.979310515890505,44.8333333333333,0.249839610253269,0.5,0.833333333333333,6
"CFA-PyRenew_H","54",0.976781499276961,0.653916218644136,5.22857101449275,0.231908385464172,1.22634238122614,0.977694665453997,7.83333333333333,0.365770632606027,0.5,1,6
"CFA-PyRenew_H","55",0.806658106885092,0.662199433910155,8.92539963768116,0.270856823845555,1.00577616527718,1.03193291611975,14.6666666666667,0.443738309311179,0.166666666666667,0.833333333333333,6
"CFA-PyRenew_H","56",0.855298210834003,0.822023950090047,1.6548231884058,0.466801197512959,0.882809287248866,0.867572936003715,2.33333333333333,0.749968278388377,0.5,1,6
"CFA-PyRenew_HE","01",5.3697808187446,3.11233437084247,83.7368108695652,0.648072281609175,5.67625041447916,3.52410544418708,116,0.860341118765985,0,0,3
"CFA-PyRenew_HE","02",0.716407127520137,0.609924760047523,1.75095108695652,0.335497054535865,0.825525526944155,0.677668821323085,2.83333333333333,0.546493332609398,0.5,1,6
"CFA-PyRenew_HE","04",0.490945996944528,0.364405667033929,6.15378152173913,0.0786491851155049,0.97503763792485,0.94266952318016,10,0.128661279097908,0.666666666666667,1,6
"CFA-PyRenew_HE","05",0.665376776835767,0.509360389930559,2.56803586956522,0.138671972343663,0.974629314324574,0.864320259045014,4,0.221524018963086,0.833333333333333,1,6
"CFA-PyRenew_HE","06",2.84514797073872,1.89635813414448,369.055387681159,0.346713313300741,3.00403909826268,2.47636677006374,516.416666666667,0.468568283152845,0,0.333333333333333,6
"CFA-PyRenew_HE","08",0.444104294396673,0.315429412296095,4.13141449275362,0.101299434960505,0.557360602790363,0.501569280169639,6.58333333333333,0.160270281121143,0.666666666666667,1,6
"CFA-PyRenew_HE","09",0.517024130169539,0.318050018418125,8.78071086956522,0.185722153929337,0.559964024774176,0.436321042859564,14.3333333333333,0.306614822403289,0.166666666666667,0.833333333333333,6
"CFA-PyRenew_HE","10",0.682036883419771,0.539440417558816,2.17072753623188,0.159157359863853,0.88446268162929,0.723397629144643,3.66666666666667,0.27152308401996,0.666666666666667,1,6
"CFA-PyRenew_HE","11",0.511971548265548,0.366433817273769,2.24905942028985,0.189980251572977,0.470187112086672,0.362113812278422,3.5,0.289574334586723,0.666666666666667,1,6
"CFA-PyRenew_HE","12",0.424449501744267,0.328169531822351,22.9778264492754,0.0438989989690221,0.746295530001977,0.762725552032476,37.4166666666667,0.0707038595811382,0.5,1,6
"CFA-PyRenew_HE","13",1.40248310539571,0.830872141484732,20.9089692028986,0.18306411675008,Inf,Inf,37.1666666666667,0.334395630953852,0,1,6
"CFA-PyRenew_HE","15",0.712236748568302,0.647734042050211,5.21885688405797,0.146014966871243,0.934791967808907,0.887762222218137,9.16666666666667,0.254698961292988,0,1,6
"CFA-PyRenew_HE","16",1.3991796507569,1.20614157661737,4.04524891304348,0.290901657068844,1.605398066622,1.6036755794658,5.66666666666667,0.440729517706845,0.333333333333333,0.833333333333333,6
"CFA-PyRenew_HE","17",0.493096636914738,0.381884501339515,6.05187173913043,0.105306142660721,1.08626166237955,1.17189505857131,11.3333333333333,0.193536745558237,0.333333333333333,1,6
"CFA-PyRenew_HE","18",0.519329411553168,0.391118749291312,5.87862898550725,0.1630890421851,0.546297210610496,0.531838850354197,8.16666666666667,0.231051090849834,0.5,0.833333333333333,6
"CFA-PyRenew_HE","20",0.929370611800217,0.766254633759789,3.97713913043478,0.365654872228744,1.28806116079767,1.05124585808807,6.16666666666667,0.552896815928174,0.333333333333333,0.833333333333333,6
"CFA-PyRenew_HE","21",0.816820900401991,0.612905633415362,5.85632391304348,0.209023163550671,1.61617554949549,1.36342439944093,9.5,0.334682117233336,0.333333333333333,0.833333333333333,6
"CFA-PyRenew_HE","22",2.90409560697122,1.70922210466004,25.6480695652174,0.232490750866616,5.27269621575906,4.08805127480742,45.3333333333333,0.440408913937767,0,1,3
"CFA-PyRenew_HE","23",2.27429038650055,1.41711055032075,4.57897427536232,0.620090565117852,2.70296435020459,1.67887844528394,7.16666666666667,1.00855075791067,0.166666666666667,0.833333333333333,6
"CFA-PyRenew_HE","24",0.444125685247594,0.318420548448307,3.27878297101449,0.0876792303869732,0.587104778865731,0.520930655154162,5,0.133003048816463,0.666666666666667,1,6
"CFA-PyRenew_HE","25",0.327285866889409,0.189718096673761,3.49078152173913,0.0656599115218922,0,0,2,0.0417402375087759,1,1,6
"CFA-PyRenew_HE","26",0.697226802769089,0.386596555032325,7.67885398550725,0.133835965928084,0.734604826272312,0.597028196471342,8.75,0.166888943783235,1,1,6
"CFA-PyRenew_HE","27",0.780527949183038,0.428140279937543,5.28127391304348,0.131809554354811,0.919548448048866,0.733983807633978,8.33333333333333,0.223578765535189,0.5,1,6
"CFA-PyRenew_HE","28",1.04533340097481,0.770983420842804,7.05531086956522,0.209613011363846,1.38626083714439,1.27995825145734,11.8333333333333,0.356596689459205,0.166666666666667,1,6
"CFA-PyRenew_HE","29",0.366320449860649,0.316057664939588,3.28035,0.0781762026550395,Inf,Inf,3.66666666666667,0.0880977358550217,1,1,6
"CFA-PyRenew_HE","30",1.4905736543787,1.01637437981306,5.36341268115942,0.406268802829447,1.64785651440889,1.1839569229818,8.33333333333333,0.698631802750718,0.5,1,6
"CFA-PyRenew_HE","31",0.616630821769393,0.494858273728359,1.28359130434783,0.149779650049642,0,0,1.66666666666667,0.214785672130171,0.833333333333333,1,6
"CFA-PyRenew_HE","32",0.959025014714071,0.714846667461661,8.8166152173913,0.207404063971794,1.04834167201356,0.873018818530459,13.1666666666667,0.30211173903007,0.333333333333333,0.666666666666667,6
"CFA-PyRenew_HE","33",0.7021396680449,0.540509977595802,3.0030115942029,0.264837642745132,0.737570893949913,0.597299405076357,4.83333333333333,0.428785667699706,0.333333333333333,1,6
"CFA-PyRenew_HE","34",0.571635967909245,0.360308480022111,12.0457905797101,0.0744487329087681,0,0,19,0.119399227680866,0.333333333333333,1,6
"CFA-PyRenew_HE","35",0.543945088529739,0.532137064572069,3.34554782608696,0.292223351122008,0.649222557285905,0.675023712264411,5.33333333333333,0.459417431700406,0.5,0.833333333333333,6
"CFA-PyRenew_HE","36",1.46146736527306,0.779704038697951,56.7086612318841,0.161553965567326,1.93012153077316,1.42374284339863,95.1666666666667,0.272902639520867,0,1,6
"CFA-PyRenew_HE","37",1.6414999823007,1.03452616243194,40.5066384057971,0.173734952703501,2.48511327752044,2.09481378299837,65.5,0.28098142005653,0.166666666666667,0.833333333333333,6
"CFA-PyRenew_HE","38",0.496085001573839,0.701398599316006,0.764349275362319,0.364966480503322,0.720623929147603,0.78270256564765,1.33333333333333,0.645200168484648,0.666666666666667,1,6
"CFA-PyRenew_HE","39",0.487531755649743,0.376439756568775,9.99931268115942,0.121364830250048,0.623803954401535,0.652854481288116,15.1666666666667,0.184573298411546,0.5,0.833333333333333,6
"CFA-PyRenew_HE","40",0.909417297504589,0.720357614790712,8.07356847826087,0.32749845953309,1.25307851162517,1.09001925193289,12.6666666666667,0.505798149404705,0.333333333333333,0.833333333333333,6
"CFA-PyRenew_HE","41",0.261264269893265,0.148103148303153,4.25042101449275,0.074450896865929,0.224067396754094,0.165457687027303,6.08333333333333,0.10949595112658,0.833333333333333,1,6
"CFA-PyRenew_HE","42",0.785409714827924,0.522652986990333,24.8381293478261,0.159441651118226,0.841486052112914,0.847234276782561,34.8333333333333,0.220159953491667,0.5,0.666666666666667,6
"CFA-PyRenew_HE","44",0.774590727530751,0.603765642970806,3.88911050724638,0.262584715644228,0.912667663140495,0.7614736573618,6.33333333333333,0.430641689317762,0.5,1,6
"CFA-PyRenew_HE","45",0.608494357329047,0.453691338585398,6.75109420289855,0.0942065140773912,0.739559070401458,0.696533759137341,9.33333333333333,0.130054228960662,0.666666666666667,0.833333333333333,6
"CFA-PyRenew_HE","46",0.980266920604354,0.88834604322073,2.81983224637681,0.397817769583028,1.05088049940913,1.00561908670432,4.16666666666667,0.624408217655902,0.333333333333333,1,6
"CFA-PyRenew_HE","47",0.86743829354652,0.636263796950694,16.5116148550725,0.222248678613343,0.996154927952895,0.895913628615609,23.1666666666667,0.301007565283562,0.333333333333333,0.666666666666667,6
"CFA-PyRenew_HE","48",1.79642584194568,1.15261181994878,115.8265,0.239144442044533,2.32878850054178,1.96485647270071,192.333333333333,0.397993088262703,0,1,6
"CFA-PyRenew_HE","49",0.455098060249782,0.338759021092534,2.04666811594203,0.0965821567970885,0,0,2.66666666666667,0.125048837385938,0.833333333333333,1,6
"CFA-PyRenew_HE","50",0.724843712340104,0.758872927653644,1.57405942028986,0.299242147454289,0.832176762797029,0.86495257814808,2.66666666666667,0.518919218201729,0.5,1,6
"CFA-PyRenew_HE","51",0.855846997309036,0.504572289333269,7.65216594202899,0.131426166300118,1.44894461230469,1.24054212207471,12.8333333333333,0.225530667014223,0.333333333333333,1,6
"CFA-PyRenew_HE","53",0.524342858503299,0.348118231984775,13.1593971014493,0.0763863952959665,0.602343304242074,0.492194475147054,22.6666666666667,0.132240707564679,0.5,1,6
"CFA-PyRenew_HE","54",0.527551644484833,0.478391558772711,2.98315507246377,0.176581509073895,0.784597765887557,0.777484814311739,5.33333333333333,0.304771538171798,0.333333333333333,1,6
"CFA-PyRenew_HE","55",0.516772656111655,0.393177083042291,5.78553115942029,0.163027072881994,0.642648999718671,0.598002325395025,9.5,0.260631275895531,0.333333333333333,1,6
"CFA_Pyrenew-PyrenewHEW_COVID","01",1.56177404459187,1.46168055081408,13.2672945652174,0.257113092789301,2.07541687503042,2.2676610216497,22.1875,0.424237868489189,0,0.875,8
"CFA_Pyrenew-PyrenewHEW_COVID","02",0.440848006096728,0.366025809276103,0.941311141304349,0.167710642740703,0.505220130401344,0.405992512946676,1.625,0.290400547524598,0.75,1,8
"CFA_Pyrenew-PyrenewHEW_COVID","04",0.636112527066764,0.504675453276868,9.06596114130435,0.13472986307778,1.10241316347452,1.15809864983781,13.125,0.195758793005434,0.375,0.875,8
"CFA_Pyrenew-PyrenewHEW_COVID","06",2.47523457208543,2.29207578934488,88.6029692934783,0.401620081525206,2.45389471525012,2.9933641946922,113.3125,0.526943058865358,0,0.125,8
"CFA_Pyrenew-PyrenewHEW_COVID","08",0.523015442184871,0.374012030288844,4.4399839673913,0.0700014439503768,0.557707831625866,0.502459779607178,6.625,0.103853062592591,0.75,1,8
"CFA_Pyrenew-PyrenewHEW_COVID","09",0.81263117051948,0.606407498663878,19.1816073369565,0.348356994117806,0.933724181080616,0.852910122113233,30.625,0.550523554261764,0,0.75,8
"CFA_Pyrenew-PyrenewHEW_COVID","10",0.240982210556931,0.285536471831879,2.50621576086956,0.152803892699777,0.234533024268224,0.280941600819467,3.125,0.180967177838966,1,1,8
"CFA_Pyrenew-PyrenewHEW_COVID","11",0.806695498983807,0.685514721257993,1.18833885869565,0.217484285368645,0.775958026986359,0.715762686788558,1.6875,0.312603427026148,0.625,1,8
"CFA_Pyrenew-PyrenewHEW_COVID","12",0.80557355948482,0.683066217736378,23.5706453804348,0.164949291825034,1.27513767652521,1.49755609873363,34.875,0.245663495347898,0.5,0.75,8
"CFA_Pyrenew-PyrenewHEW_COVID","15",0.609250905441094,0.63235336556765,1.33106983695652,0.256399902220493,0.776891249444599,0.846592404157438,2.25,0.44089714806534,0.5,1,8
"CFA_Pyrenew-PyrenewHEW_COVID","16",0.557577947589349,0.400410911991341,2.50130652173913,0.1652698165615,0.54000285476237,0.428386514675102,3.625,0.235750087730434,0.625,1,8
"CFA_Pyrenew-PyrenewHEW_COVID","17",0.68674567189422,0.514775596816171,41.6645910326087,0.214329204146522,1.00544658202436,1.06749309138754,64.6875,0.333847154276392,0.125,0.625,8
"CFA_Pyrenew-PyrenewHEW_COVID","18",0.848843161075026,0.665151626618697,31.7269230978261,0.186187143411351,1.03204884108905,1.04891785197792,51,0.303721845007844,0,0.875,8
"CFA_Pyrenew-PyrenewHEW_COVID","19",0.893219907687666,0.679047217479337,10.3103157608696,0.26478816523522,Inf,Inf,14.375,0.379300339110883,0.375,0.625,8
"CFA_Pyrenew-PyrenewHEW_COVID","20",0.576125588494645,0.514263013076404,7.30499592391304,0.179547628769383,0.804142168582737,0.734723997197091,12.5625,0.300447161903436,0.5,1,8
"CFA_Pyrenew-PyrenewHEW_COVID","21",0.747545435127214,0.664530093679353,13.3845989130435,0.190779251874456,1.24320040167069,1.33102660358489,21.3125,0.302379197054896,0,0.625,8
"CFA_Pyrenew-PyrenewHEW_COVID","22",1.05438290370508,1.02877245982929,10.9266413043478,0.293517602029148,1.44611593382334,1.78111583680694,17.5,0.474775013106767,0,0.75,8
"CFA_Pyrenew-PyrenewHEW_COVID","23",1.03557662992825,1.04047129789515,3.1753,0.293263089188184,1.40331746710354,1.40078184316531,5.25,0.476137756345741,0.25,0.875,8
"CFA_Pyrenew-PyrenewHEW_COVID","24",0.914674557697844,0.740487312974191,6.34671820652174,0.16734393408644,1.07629392785496,1.12451051725233,10.125,0.266358105078932,0.25,1,8
"CFA_Pyrenew-PyrenewHEW_COVID","25",0.454194966725461,0.285878030907573,17.358339673913,0.133731469396319,0.454127798341906,0.387380828900701,29.875,0.229782395694573,0.125,0.875,8
"CFA_Pyrenew-PyrenewHEW_COVID","26",0.390417716630111,0.304706223081613,15.5657399456522,0.114798364714623,0.607602675360224,0.646825494158972,27,0.19675629631183,0.5,1,8
"CFA_Pyrenew-PyrenewHEW_COVID","27",0.948544332158622,0.681633124068806,13.3453760869565,0.185913458050641,1.2046197686964,1.1671051054519,23.375,0.324229658735312,0.125,1,8
"CFA_Pyrenew-PyrenewHEW_COVID","28",1.74549001024175,1.42450760465076,13.372920923913,0.308535988113294,1.96717868922322,2.0523815111702,18.5,0.439615014393744,0.125,0.375,8
"CFA_Pyrenew-PyrenewHEW_COVID","29",0.768268064032155,0.59497733987736,28.6493269021739,0.334233677249776,Inf,Inf,41.4375,0.48768346859471,0,0.75,8
"CFA_Pyrenew-PyrenewHEW_COVID","30",0.786061874344394,0.684208181728862,5.20290760869565,0.23825653315448,0.860987686178909,0.754540280421472,7.75,0.372639985749081,0.375,0.75,8
"CFA_Pyrenew-PyrenewHEW_COVID","31",0.629543326318794,0.562479099813975,3.44250788043478,0.147695072261941,0.688736239308053,0.657447420001598,4.625,0.207087403495909,0.625,1,8
"CFA_Pyrenew-PyrenewHEW_COVID","32",0.612584841203358,0.521832862554988,3.48854157608696,0.202251789469255,0.804592374173001,0.799617591840537,6.125,0.351711278198114,0,1,8
"CFA_Pyrenew-PyrenewHEW_COVID","33",1.08073495737681,1.009060340291,5.35147472826087,0.233256403123607,1.09055122282754,1.11500783540781,8.375,0.369869148925198,0.375,0.875,8
"CFA_Pyrenew-PyrenewHEW_COVID","34",1.0255471757282,0.761754643129047,19.2986649456522,0.134900514867516,1.16598121940756,1.15384668293845,32.1875,0.228097394776289,0,0.75,8
"CFA_Pyrenew-PyrenewHEW_COVID","35",1.09161314436773,1.09021951619805,9.76488315217391,0.164029826826698,1.25703283138676,1.32170203143624,15.125,0.250527656937441,0.625,1,8
"CFA_Pyrenew-PyrenewHEW_COVID","36",0.878333480431962,0.639055952490159,28.8545,0.105102126885521,1.01520224567592,1.00756266689131,42.75,0.160579495555164,0.5,0.833333333333333,6
"CFA_Pyrenew-PyrenewHEW_COVID","37",1.1851125979928,1.03304492800788,15.9099565217391,0.17525399789182,1.81151446730239,2.12184568466401,26.375,0.290812580545773,0.125,0.875,8
"CFA_Pyrenew-PyrenewHEW_COVID","39",0.509413043913269,0.46759253798237,23.8846695652174,0.0937465008471326,0.69066643352337,0.841326531605666,41.9166666666667,0.163810176283586,0.166666666666667,1,6
"CFA_Pyrenew-PyrenewHEW_COVID","40",0.597819744046355,0.452823346967478,10.7408,0.21718824901145,0.820726985685107,0.706631127712845,17.1875,0.351282354903018,0.125,1,8
"CFA_Pyrenew-PyrenewHEW_COVID","41",0.83934070951609,0.655098531468124,5.04948804347826,0.167717607383021,0.991991558549459,1.00461968582871,8.75,0.290053083041503,0.125,0.875,8
"CFA_Pyrenew-PyrenewHEW_COVID","42",0.609966246405342,0.386720486416149,22.7019616847826,0.0597506909045512,0.686622218846714,0.658567414341018,31.25,0.0802090063143147,0.75,1,8
"CFA_Pyrenew-PyrenewHEW_COVID","44",0.978883662691805,0.891216499205203,10.9691576086957,0.404533931483357,1.00569737942116,0.968550031767406,17,0.623700512676991,0,0.5,2
"CFA_Pyrenew-PyrenewHEW_COVID","45",0.9102336719902,0.655325149759235,8.33082173913044,0.172116350398792,1.19302427478405,1.11042474182087,13.375,0.279477555954048,0.25,0.875,8
"CFA_Pyrenew-PyrenewHEW_COVID","46",0.701504652695176,0.657972073757041,1.74755652173913,0.102302039125262,0.739340969357988,0.693627520942598,2.25,0.123470612255839,0.875,1,8
"CFA_Pyrenew-PyrenewHEW_COVID","48",1.29160386265514,0.99504407461613,38.6402576086956,0.219399611005761,1.53809958556264,1.69902671276578,51.625,0.306225736870735,0.25,0.625,8
"CFA_Pyrenew-PyrenewHEW_COVID","50",1.07942368276562,1.12955304396367,3.10566114130435,0.257088341360908,1.18226006994968,1.22180415355864,5,0.416402045975289,0.375,1,8
"CFA_Pyrenew-PyrenewHEW_COVID","51",1.18975759916514,0.857677341394605,10.7360005434783,0.170101096918134,2.35826980117514,2.50101985989426,17.625,0.281193464291238,0,0.75,8
"CFA_Pyrenew-PyrenewHEW_COVID","53",0.954710971486357,0.836304890149711,7.85962744565217,0.203019032062474,0.884018186685972,0.978034900817053,11.25,0.296909651578483,0.375,0.625,8
"CFA_Pyrenew-PyrenewHEW_COVID","54",0.662110688895581,0.544331438495165,11.1135380434783,0.214663497377447,0.79224295567428,0.728045170377832,16.75,0.318876276247331,0.375,0.875,8
"CFA_Pyrenew-PyrenewHEW_COVID","55",0.592585002778865,0.480690508615504,8.50896684782609,0.0973870525264312,0.784493109330828,0.773108597314929,15,0.166654071742463,0.5,1,8
"CFA_Pyrenew-Pyrenew_HE_COVID","01",1.12270090825413,0.723250108629046,15.5797723073123,0.186703390412102,1.29914127343647,0.97640201470566,22.8295454545455,0.284294584565063,0.352272727272727,0.818181818181818,88
"CFA_Pyrenew-Pyrenew_HE_COVID","02",0.700447880493077,0.608890332227053,1.13197434277048,0.231755325594526,0.763740018520561,0.6614638695145,1.84883720930233,0.384580560828841,0.732558139534884,1,86
"CFA_Pyrenew-Pyrenew_HE_COVID","04",0.559821716248856,0.397603428703753,6.31864072463768,0.118426139956094,1.00954766534024,0.953519907664212,9.98333333333333,0.18587314293669,0.555555555555556,0.977777777777778,90
"CFA_Pyrenew-Pyrenew_HE_COVID","05",0.675674138261976,0.490253777509619,4.2763358409611,0.186770790145341,0.942928165501278,0.766546020751567,6.61184210526316,0.27995117849798,0.592105263157895,0.973684210526316,76
"CFA_Pyrenew-Pyrenew_HE_COVID","06",0.994161639929811,0.84609861163704,46.1573177536232,0.138229123843805,1.14004100481697,1.23363789621425,70.2611111111111,0.209290116666775,0.388888888888889,0.855555555555556,90
"CFA_Pyrenew-Pyrenew_HE_COVID","08",0.522197688338512,0.46769143839715,5.20188731041456,0.193134841217026,0.569974891158844,0.613724973984177,8.16279069767442,0.285844533012154,0.534883720930233,0.930232558139535,86
"CFA_Pyrenew-Pyrenew_HE_COVID","09",0.773725163550187,0.594108491343132,8.03666071789686,0.215450807153194,0.867815189517255,0.802748150975809,13.3837209302326,0.336403009258129,0.418604651162791,0.930232558139535,86
"CFA_Pyrenew-Pyrenew_HE_COVID","10",0.739200550869057,0.584249056287055,3.16292625603865,0.235983369425703,0.874106440251359,0.73688762885487,4.92222222222222,0.379352673752909,0.566666666666667,0.966666666666667,90
"CFA_Pyrenew-Pyrenew_HE_COVID","11",1.01031642082952,0.720343732516405,2.95558332449629,0.325190824083159,1.02628924919293,0.794438293005642,4.61585365853659,0.510040082044615,0.51219512195122,0.926829268292683,82
"CFA_Pyrenew-Pyrenew_HE_COVID","12",0.584661518040747,0.449800939731571,24.6153177777778,0.108154559082857,0.837057310326535,0.887941923514877,37.6555555555556,0.164605719075529,0.477777777777778,0.9,90
"CFA_Pyrenew-Pyrenew_HE_COVID","13",0.854596953063574,0.482179556502554,15.1705611660079,0.15523062582563,Inf,Inf,23.5227272727273,0.244152541271801,0.420454545454545,0.875,88
"CFA_Pyrenew-Pyrenew_HE_COVID","15",0.738523158640273,0.710097198948784,1.73950826086957,0.239943264047646,0.93466284358181,0.946407497812499,2.77777777777778,0.396255953142594,0.644444444444444,0.988888888888889,90
"CFA_Pyrenew-Pyrenew_HE_COVID","16",0.712528270389019,0.591950737626147,3.04997065217391,0.339987100520316,0.7814913787284,0.719390527613837,4.57954545454545,0.501822376127549,0.511363636363636,0.920454545454545,88
"CFA_Pyrenew-Pyrenew_HE_COVID","17",0.473981541805894,0.350474197430518,20.1792500724638,0.150531003183103,0.750880090166041,0.817099841694242,31.9277777777778,0.238064790596594,0.4,0.855555555555556,90
"CFA_Pyrenew-Pyrenew_HE_COVID","18",0.549018203343153,0.427131434176527,14.3216036905966,0.179518936121083,0.715286018712112,0.720063771674382,23.0174418604651,0.27900775117485,0.383720930232558,0.918604651162791,86
"CFA_Pyrenew-Pyrenew_HE_COVID","19",0.671816473915176,0.492004185778392,7.63076045150502,0.170593595556126,Inf,Inf,11.7884615384615,0.251211686737914,0.538461538461538,0.884615384615385,52
"CFA_Pyrenew-Pyrenew_HE_COVID","20",0.503047561455925,0.504540911593192,4.53591178359684,0.207404131695982,0.709062449419742,0.777752630352805,7.27272727272727,0.343149556922959,0.556818181818182,0.977272727272727,88
"CFA_Pyrenew-Pyrenew_HE_COVID","21",0.49472546820763,0.444871492803412,6.750796352657,0.16911837750509,0.800539812017658,0.914719434673032,10.2944444444444,0.267958479276447,0.477777777777778,0.911111111111111,90
"CFA_Pyrenew-Pyrenew_HE_COVID","22",1.20511741361475,0.89524216162262,16.4271828089245,0.263062575330604,1.59023116471745,1.45076836075729,25.5986842105263,0.399430688541045,0.394736842105263,0.855263157894737,76
"CFA_Pyrenew-Pyrenew_HE_COVID","23",0.63901997278411,0.700133280488922,2.18044376811594,0.264126284733168,0.755767667494374,0.812691564389023,3.52222222222222,0.440162816150241,0.577777777777778,0.955555555555556,90
"CFA_Pyrenew-Pyrenew_HE_COVID","24",0.717810329108832,0.559129498702889,8.00866032608696,0.25459222998837,0.803725091983593,0.791379269705118,11.5921052631579,0.369421533638443,0.513157894736842,0.894736842105263,76
"CFA_Pyrenew-Pyrenew_HE_COVID","25",0.470186232726551,0.33758956599968,10.2999043972332,0.161087090583992,0.442182844007387,0.449852837855586,16.4659090909091,0.2568121969178,0.511363636363636,0.931818181818182,88
"CFA_Pyrenew-Pyrenew_HE_COVID","26",0.41818313785528,0.344465819645501,17.1666356167846,0.205133532621322,0.61443821376079,0.685057956564931,27.1860465116279,0.31355900494273,0.441860465116279,0.86046511627907,86
"CFA_Pyrenew-Pyrenew_HE_COVID","27",0.690570807213002,0.49400843532281,9.07678764822134,0.21101461522366,0.804089928943198,0.795380266340486,14.0511363636364,0.338477812452462,0.454545454545455,0.943181818181818,88
"CFA_Pyrenew-Pyrenew_HE_COVID","28",1.10182062467762,0.776112728508386,7.78919251482214,0.200075433778011,1.28233406690989,1.15409421672568,11.6818181818182,0.301133376544506,0.443181818181818,0.875,88
"CFA_Pyrenew-Pyrenew_HE_COVID","29",0.503893568152973,0.441704878878917,11.9228784057971,0.207489923651994,Inf,Inf,18.6166666666667,0.326650402820136,0.411111111111111,0.911111111111111,90
"CFA_Pyrenew-Pyrenew_HE_COVID","30",0.765919499802747,0.701791220575678,3.54300046583851,0.337552738071249,0.777071242137011,0.724379144038501,5.13095238095238,0.513385122657947,0.511904761904762,0.857142857142857,84
"CFA_Pyrenew-Pyrenew_HE_COVID","31",0.530458737752637,0.561337003311352,3.29549971014493,0.249587062107602,0.730840085344892,0.795386111721037,5.21111111111111,0.404073092187754,0.522222222222222,0.988888888888889,90
"CFA_Pyrenew-Pyrenew_HE_COVID","32",0.659240296211958,0.533819531430845,2.99153359903382,0.198117752320592,0.787257469296058,0.733324998490483,4.67777777777778,0.30964043551536,0.5,0.933333333333333,90
"CFA_Pyrenew-Pyrenew_HE_COVID","33",0.706351043996366,0.629818750618944,3.98269855072464,0.261494046305524,0.724977801569631,0.720834930207882,6.22222222222222,0.421768489263581,0.5,0.933333333333333,90
"CFA_Pyrenew-Pyrenew_HE_COVID","34",0.744295204253984,0.598342773062003,16.298950951087,0.149972850871708,0.786597113148776,0.816932668077325,24.36875,0.21946018377828,0.5,0.925,80
"CFA_Pyrenew-Pyrenew_HE_COVID","35",0.885613409325863,0.727460643493281,4.03457403943377,0.217990037356037,1.07097304536788,0.938997429318853,6.46511627906977,0.335261892476287,0.63953488372093,0.930232558139535,86
"CFA_Pyrenew-Pyrenew_HE_COVID","36",0.731274369812299,0.489648249364035,24.0928587198068,0.114647211941393,0.825963458237583,0.754607429973302,36.7611111111111,0.173623638878391,0.511111111111111,0.944444444444444,90
"CFA_Pyrenew-Pyrenew_HE_COVID","37",1.00487413982293,0.746961840805452,19.1153319724284,0.154844441840983,1.35895804279749,1.37368087355646,29.4085365853659,0.241465623306585,0.390243902439024,0.902439024390244,82
"CFA_Pyrenew-Pyrenew_HE_COVID","38",0.651212830150437,0.856531972815566,3.07330088932806,0.308541542827094,0.856171627256822,0.911771714516934,4.93181818181818,0.499133071007683,0.522727272727273,0.931818181818182,88
"CFA_Pyrenew-Pyrenew_HE_COVID","39",0.465235037736703,0.492460613799543,24.2005522883295,0.237940200688974,0.546698539880771,0.771423131842719,35.8486842105263,0.324932000251838,0.565789473684211,0.868421052631579,76
"CFA_Pyrenew-Pyrenew_HE_COVID","40",0.569756803830268,0.513318720888384,10.2381199150425,0.258913128352062,0.791864845664493,0.812751011854676,16.2413793103448,0.421461152292058,0.367816091954023,0.942528735632184,87
"CFA_Pyrenew-Pyrenew_HE_COVID","41",0.634628754380333,0.462296855469099,3.16009698369565,0.206556805839242,0.690187060737452,0.627555772730869,5.0125,0.315233995923344,0.5,0.9125,80
"CFA_Pyrenew-Pyrenew_HE_COVID","42",0.572737264317863,0.399332507120623,25.1806667846309,0.123507683950386,0.641183931089601,0.717286560854486,37.0348837209302,0.184246478746409,0.569767441860465,0.883720930232558,86
"CFA_Pyrenew-Pyrenew_HE_COVID","44",1.00307487491891,0.806195300634991,4.62130211887727,0.312784103127852,1.11670875182793,1.00592221284704,6.94303797468354,0.496676317076314,0.430379746835443,0.886075949367089,79
"CFA_Pyrenew-Pyrenew_HE_COVID","45",0.762907936997497,0.603489493205341,10.4349415331808,0.227013259813059,0.884913688407007,0.879612495278449,15.0921052631579,0.319523563482931,0.473684210526316,0.842105263157895,76
"CFA_Pyrenew-Pyrenew_HE_COVID","46",0.865788215813352,0.726247958606646,2.98604125319693,0.278820848623723,0.913396083847319,0.831905409821852,4.41176470588235,0.459031240252522,0.6,0.917647058823529,85
"CFA_Pyrenew-Pyrenew_HE_COVID","47",0.676650683783084,0.546892590279569,9.93212576581028,0.138518609722584,0.836668046900896,0.872589452248248,15.0113636363636,0.207173107038888,0.488636363636364,0.920454545454545,88
"CFA_Pyrenew-Pyrenew_HE_COVID","48",1.13161790643799,0.660288560760912,50.4540337250294,0.149831764900445,1.3755349124669,1.0978197657125,76.8716216216216,0.230375845113127,0.324324324324324,0.810810810810811,74
"CFA_Pyrenew-Pyrenew_HE_COVID","49",0.691700758378428,0.597173916821459,2.32295130992196,0.26922747517023,0.80534667956212,0.799410341107752,3.69230769230769,0.430064923342206,0.551282051282051,0.948717948717949,78
"CFA_Pyrenew-Pyrenew_HE_COVID","50",0.830496683181383,0.849711084679444,1.74501236714976,0.314535265988598,0.865517597362569,0.907244890687514,2.65555555555556,0.515672356301836,0.555555555555556,0.955555555555556,90
"CFA_Pyrenew-Pyrenew_HE_COVID","51",0.792651454981044,0.482882080753007,11.1853957051962,0.163826169390227,1.23387277192133,1.10368178814541,17.7256097560976,0.258360615877344,0.414634146341463,0.926829268292683,82
"CFA_Pyrenew-Pyrenew_HE_COVID","53",0.745688544995916,0.620138203422414,6.63559053140097,0.170361279257245,0.774138960027018,0.769129714712033,10.6666666666667,0.270323616042771,0.511111111111111,0.911111111111111,90
"CFA_Pyrenew-Pyrenew_HE_COVID","54",0.6061030517075,0.515205709017551,5.96899657004831,0.216258045107305,0.758059019790686,0.740502484244352,9.31111111111111,0.343664220734617,0.611111111111111,0.977777777777778,90
"CFA_Pyrenew-Pyrenew_HE_COVID","55",0.424585056587482,0.351721738371093,7.55784814009662,0.16478279870065,0.5223830004379,0.516364509674138,12.2388888888889,0.250524299822519,0.522222222222222,0.911111111111111,90
"CFA_Pyrenew-Pyrenew_HW_COVID","01",1.01943281652994,0.82419017817984,8.08992065217391,0.13284881035458,1.25488710901709,1.12702642526922,12.5,0.192196691853893,0.75,1,8
"CFA_Pyrenew-Pyrenew_HW_COVID","02",1.2810441377719,1.38061274181911,2.66313614130435,0.602546135684057,1.2736183858345,1.49720192311431,4,1.02006478093469,0.125,0.875,8
"CFA_Pyrenew-Pyrenew_HW_COVID","04",0.784423890581446,0.605939654837588,11.6097777173913,0.167224490364445,1.5396705930021,1.58560376881749,18.9375,0.276081847585433,0.375,1,8
"CFA_Pyrenew-Pyrenew_HW_COVID","06",1.46743651966134,1.3229308295052,52.646066576087,0.232616017738296,1.87296428610134,2.16650506373775,87,0.384342705298008,0.25,1,8
"CFA_Pyrenew-Pyrenew_HW_COVID","08",0.797838160123332,0.63705742817173,6.95617744565217,0.125141788031853,0.705746113626087,0.776610069651208,9.125,0.177447072411518,0.75,1,8
"CFA_Pyrenew-Pyrenew_HW_COVID","09",1.04309397085875,0.860117383879215,24.5205266304348,0.4839257587693,1.00046634531319,1.08213116102721,32.6875,0.686602158930445,0.375,0.75,8
"CFA_Pyrenew-Pyrenew_HW_COVID","10",0.834452307504834,0.69257235922158,9.49847336956522,0.396300601414061,1.04062599657885,0.947311946165237,15.25,0.653027091229987,0.125,0.875,8
"CFA_Pyrenew-Pyrenew_HW_COVID","11",0.86731972869275,0.975931943656826,1.3393714673913,0.320487358573783,1.12152378462504,1.33383948321537,2.625,0.624828669247864,0.75,1,8
"CFA_Pyrenew-Pyrenew_HW_COVID","12",0.79891434833158,0.665141079575454,22.8373529891304,0.155763167302016,1.34746598407813,1.55352701935505,35.8125,0.24622296883417,0.5,0.875,8
"CFA_Pyrenew-Pyrenew_HW_COVID","15",0.88239469102739,1.0074663352179,1.95699266304348,0.412980848101555,1.05101930160292,1.28122890677236,3.125,0.687100482524418,0.375,1,8
"CFA_Pyrenew-Pyrenew_HW_COVID","16",1.62939500713596,1.63100060034134,7.14205489130435,0.65409353718778,1.66901211490006,1.9789596124563,10.75,1.03934637036441,0.125,0.625,8
"CFA_Pyrenew-Pyrenew_HW_COVID","17",1.03723241404623,0.833409397505793,34.6450260869565,0.283724559505248,2.00268243230226,2.25917672443989,66.5,0.527672652577394,0.5,1,2
"CFA_Pyrenew-Pyrenew_HW_COVID","18",0.628189479042967,0.505988111701169,24.0997108695652,0.145465672484456,0.802336427317881,0.783798687749387,39.8125,0.227629829348952,0.625,1,8
"CFA_Pyrenew-Pyrenew_HW_COVID","19",1.05381020907765,0.887683785832179,12.7194956521739,0.37727319416993,Inf,Inf,18.25,0.562640831982496,0.5,0.625,8
"CFA_Pyrenew-Pyrenew_HW_COVID","20",0.852862537532123,0.815857152698464,10.7889529891304,0.282814342457815,1.22288577143693,1.22276283385874,19.125,0.498916764091616,0.25,1,8
"CFA_Pyrenew-Pyrenew_HW_COVID","21",0.780532530246788,0.657100300527499,13.4948336956522,0.181924187805044,1.18381055886687,1.21454296091811,19.875,0.270701134777926,0.625,1,8
"CFA_Pyrenew-Pyrenew_HW_COVID","22",1.40982378168252,1.04335799173865,14.9509994565217,0.302329068861429,1.95848947844847,1.84756082593729,24.25,0.500541109231175,0.125,0.75,8
"CFA_Pyrenew-Pyrenew_HW_COVID","23",1.22266960769004,1.37570797771058,3.80812934782609,0.403305533025435,1.26925294053631,1.50845509535037,5.5,0.609712251333524,0.25,1,8
"CFA_Pyrenew-Pyrenew_HW_COVID","24",1.0162000747005,0.821779640808605,7.03937336956522,0.184021845373038,1.32570695456902,1.33193420730429,12.5,0.313276184291355,0.375,1,8
"CFA_Pyrenew-Pyrenew_HW_COVID","25",1.12490468831512,0.949900322546239,46.2263372282609,0.48489366175903,0.940146899355159,1.09639250289836,65.125,0.696674438141106,0,0.625,8
"CFA_Pyrenew-Pyrenew_HW_COVID","26",0.836592751844519,0.602353862709884,33.5951480978261,0.222624583618637,1.10842960838069,1.11716010522567,49.75,0.334163599544001,0.5,0.875,8
"CFA_Pyrenew-Pyrenew_HW_COVID","27",0.714179118318031,0.567741675097102,10.5490138586957,0.16602764552306,0.716615087007962,0.817525899228961,16.1875,0.269159920745711,0.625,1,8
"CFA_Pyrenew-Pyrenew_HW_COVID","28",0.902014137077921,0.68464739778178,7.23667717391304,0.159008607872654,1.00338021916306,0.99512793141128,10.3125,0.237543345574733,0.625,1,8
"CFA_Pyrenew-Pyrenew_HW_COVID","29",0.835602363174088,0.74222044653203,30.5090451086957,0.408433336071125,Inf,Inf,54,0.716255086069194,0.125,1,8
"CFA_Pyrenew-Pyrenew_HW_COVID","30",1.01693219342881,0.983232280207501,6.75514809782609,0.342928744280602,1.09471568054346,1.05768338279528,9.875,0.523136586289823,0.375,0.75,8
"CFA_Pyrenew-Pyrenew_HW_COVID","31",0.845936576329399,0.885284645186983,4.46138423913044,0.221851483926172,1.15153635390141,1.23551242304285,7.3125,0.363600145185252,0.625,1,8
"CFA_Pyrenew-Pyrenew_HW_COVID","32",1.14308376803391,1.00502143025114,6.5617,0.387756983634844,1.40640354181364,1.47252339016869,10.75,0.644375970550124,0.25,1,8
"CFA_Pyrenew-Pyrenew_HW_COVID","33",1.0437131993952,0.952935432314998,5.0378527173913,0.216965519203514,1.06067280387803,1.07760487052178,8.125,0.357325940161009,0.5,1,8
"CFA_Pyrenew-Pyrenew_HW_COVID","34",0.735881862097937,0.589284992355768,14.4944195652174,0.110438361512217,0.846088355477826,0.871831828428379,24.625,0.184095732647997,0.625,1,8
"CFA_Pyrenew-Pyrenew_HW_COVID","35",1.07695989005502,0.852317835697561,9.1354035326087,0.121790010858746,1.22014123179699,1.08266919593146,13.6875,0.191344679437878,0.875,1,8
"CFA_Pyrenew-Pyrenew_HW_COVID","36",0.92216259581095,0.711917481368801,21.8096173913043,0.0916127166360256,1.45831446237849,1.43932704730795,39.25,0.158775376113155,1,1,2
"CFA_Pyrenew-Pyrenew_HW_COVID","37",1.13085033675525,0.919344819210078,14.9409260869565,0.150651156453278,1.80269155531195,1.96494674510987,25.75,0.260353715466951,0.75,1,8
"CFA_Pyrenew-Pyrenew_HW_COVID","39",0.687261178320044,0.569474844180761,36.7985472826087,0.131375788744897,0.763150007082422,0.896433214168071,57.4375,0.216192955000957,0.5,1,8
"CFA_Pyrenew-Pyrenew_HW_COVID","40",1.21385137180829,1.21417492344785,21.948091576087,0.592037342666198,1.55443419321618,1.82055723001533,32.625,0.917767481324024,0,0.5,8
"CFA_Pyrenew-Pyrenew_HW_COVID","41",1.2207179649586,1.03208300255395,7.77976440217391,0.282592645462211,1.30645307454984,1.42564165956412,12.625,0.455343392676683,0.25,1,8
"CFA_Pyrenew-Pyrenew_HW_COVID","42",0.671755533524181,0.459251150415253,26.4697910326087,0.075913196069208,0.614165851160822,0.671549283002898,31.8125,0.0944637960802407,0.75,1,8
"CFA_Pyrenew-Pyrenew_HW_COVID","44",0.622544644074662,0.541376636308805,6.9761,0.24573739298425,0.79864203659916,0.705221367813699,13.5,0.454129280088446,0,1,2
"CFA_Pyrenew-Pyrenew_HW_COVID","45",0.98111464505087,0.827601777797653,9.24921440217391,0.218583784699329,1.34865952113138,1.47758337875153,15.5,0.375679949731741,0.375,1,8
"CFA_Pyrenew-Pyrenew_HW_COVID","46",2.23362023396257,3.21266219809881,5.79332961956522,0.535603038104502,1.99720831622176,3.21202899934149,6.625,0.644089174086156,0.625,0.625,8
"CFA_Pyrenew-Pyrenew_HW_COVID","48",1.15160188527147,0.840045840733107,33.5510016304348,0.18265709443261,1.67136833392737,1.71057878796107,54.1875,0.30122250355562,0.375,0.875,8
"CFA_Pyrenew-Pyrenew_HW_COVID","50",0.966817597580309,0.931961637734968,2.73879157608696,0.207572657871372,1.04048907275287,1.00408682166114,4.375,0.337800118294681,0.625,1,8
"CFA_Pyrenew-Pyrenew_HW_COVID","51",1.05068707351303,0.776592696158985,9.73105923913044,0.158639376201672,1.96480614087278,2.12751613192951,15,0.246053212184908,0.625,1,8
"CFA_Pyrenew-Pyrenew_HW_COVID","53",0.889435698447602,0.738227230832022,6.79029402173913,0.168616962937127,0.974358499373157,1.01956312024085,11.5,0.28953344905448,0.5,1,8
"CFA_Pyrenew-Pyrenew_HW_COVID","54",0.861375347220348,0.798834807576317,14.2699410326087,0.309350737172167,1.11760891234743,1.17205625050086,23.5,0.508973038247886,0.375,0.875,8
"CFA_Pyrenew-Pyrenew_HW_COVID","55",1.01371115510679,0.858528494243129,15.0944595108696,0.178834072853185,1.34262097642651,1.38965181298535,26.5,0.308998973648476,0.375,1,8
"CFA_Pyrenew-Pyrenew_HW_COVID","56",1.0712767869465,1.19681008453812,4.06217826086957,0.482741972679973,1.24699808068373,1.30935350138073,7,0.804514791240411,0,1,4
"CFA_Pyrenew-Pyrenew_H_COVID","01",0.884780453045368,0.678096996726843,11.6218000724638,0.181879117633764,1.05223061200622,0.911309746298488,17.5666666666667,0.276460515581589,0.566666666666667,0.955555555555556,90
"CFA_Pyrenew-Pyrenew_H_COVID","02",1.06255998946559,0.944783881223652,1.55050246376812,0.314430287886684,1.0312773804445,0.979457042279768,2.22777777777778,0.49240970148805,0.677777777777778,0.977777777777778,90
"CFA_Pyrenew-Pyrenew_H_COVID","04",0.814628732347491,0.578673157463653,9.20148019323672,0.178968879324777,1.47169714226726,1.39608892083502,14.3277777777778,0.278244932991729,0.555555555555556,0.966666666666667,90
"CFA_Pyrenew-Pyrenew_H_COVID","05",0.961164013671038,0.743194515328647,6.04113497770346,0.295185970780325,1.31163641683256,1.19641318768635,9.18589743589744,0.461927557828992,0.474358974358974,0.948717948717949,78
"CFA_Pyrenew-Pyrenew_H_COVID","06",1.04157614671467,1.01709468940795,53.4819662077295,0.188423544506763,1.26388036493881,1.55335176550363,84.9111111111111,0.295226881590198,0.344444444444444,0.755555555555556,90
"CFA_Pyrenew-Pyrenew_H_COVID","08",0.883134246937401,0.742314722701276,8.84037652173913,0.324681706712332,0.884011647156516,1.02063943957061,12.8666666666667,0.510243867882608,0.511111111111111,0.911111111111111,90
"CFA_Pyrenew-Pyrenew_H_COVID","09",0.999935707908348,0.729213924318848,9.98196019323671,0.257706003412191,0.946525619194894,0.923635219626142,14.1722222222222,0.386319946313434,0.611111111111111,0.955555555555556,90
"CFA_Pyrenew-Pyrenew_H_COVID","10",0.918833055047588,0.733270499343131,3.47042405797101,0.2810897648966,1.07673108948587,0.915845390542704,5.2,0.430942852171125,0.6,1,90
"CFA_Pyrenew-Pyrenew_H_COVID","11",0.995671460645957,0.854072134080393,2.78460321031345,0.385068980243933,1.03859736940499,0.967052700632196,4.49418604651163,0.624263883183786,0.476744186046512,0.976744186046512,86
"CFA_Pyrenew-Pyrenew_H_COVID","12",0.921777805946377,0.73325041629777,43.827414178744,0.196429995946314,1.35179102187185,1.48892968454774,68.45,0.30654105019092,0.322222222222222,0.844444444444444,90
"CFA_Pyrenew-Pyrenew_H_COVID","13",0.969799289792446,0.757127276403858,15.6008605731225,0.232747264753338,Inf,Inf,23.4034090909091,0.356352376218851,0.443181818181818,0.931818181818182,88
"CFA_Pyrenew-Pyrenew_H_COVID","15",0.860420423052687,0.844041677507874,1.96317311594203,0.267435647470873,0.946411668017681,1.03641074938841,2.68888888888889,0.403500395840258,0.755555555555556,0.988888888888889,90
"CFA_Pyrenew-Pyrenew_H_COVID","16",1.30366780729328,1.07250463779591,5.26698078867543,0.533427949682976,1.35607482057539,1.36413297236511,7.57558139534884,0.851807205468743,0.395348837209302,0.86046511627907,86
"CFA_Pyrenew-Pyrenew_H_COVID","17",0.664949925484039,0.482579726292796,30.6009339613527,0.231582310918692,1.02788924344145,1.09771639904424,46.2166666666667,0.349130427073545,0.5,0.9,90
"CFA_Pyrenew-Pyrenew_H_COVID","18",0.691060990919676,0.546850564276181,18.3575107246377,0.241295435194283,0.867069914835793,0.925620121917465,28.3055555555556,0.381445635118457,0.433333333333333,0.944444444444444,90
"CFA_Pyrenew-Pyrenew_H_COVID","19",0.828445707909157,0.685713364468847,6.51733531400966,0.279042561450288,Inf,Inf,9.64444444444444,0.432155646649761,0.588888888888889,0.933333333333333,90
"CFA_Pyrenew-Pyrenew_H_COVID","20",0.848912833189842,0.777985172827052,7.39031905797101,0.307879956439913,1.23866261751347,1.15094695314139,12.1388888888889,0.474142741758887,0.455555555555556,0.966666666666667,90
"CFA_Pyrenew-Pyrenew_H_COVID","21",0.82973731032647,0.704239311256309,11.9037277536232,0.278893499659142,1.30220016491934,1.40641362200443,17.5,0.424583522520627,0.477777777777778,0.911111111111111,90
"CFA_Pyrenew-Pyrenew_H_COVID","22",1.06796018099509,0.847397846969426,11.8981490821256,0.251061305605467,1.37658443706716,1.42192146262204,17.6777777777778,0.38607489981912,0.533333333333333,0.955555555555556,90
"CFA_Pyrenew-Pyrenew_H_COVID","23",1.07743940964942,0.941178040952717,3.71313008893281,0.33952666184819,1.19355129612886,1.04834119015805,5.58522727272727,0.543323773116039,0.568181818181818,0.954545454545455,88
"CFA_Pyrenew-Pyrenew_H_COVID","24",0.967132609985184,0.752681819208727,10.2401494202899,0.361836321664206,1.12393190973766,1.11887643444945,15.2888888888889,0.55715829148538,0.466666666666667,0.9,90
"CFA_Pyrenew-Pyrenew_H_COVID","25",0.827553517698996,0.602825419706561,17.2542048309179,0.2727554567871,0.728163175293571,0.758304059876284,26.4333333333333,0.4244430708016,0.422222222222222,0.877777777777778,90
"CFA_Pyrenew-Pyrenew_H_COVID","26",1.08940718631426,0.622848940789511,47.6615189130435,0.380358118269606,1.4919562178589,1.21879502941043,71.4166666666667,0.5848554427569,0.322222222222222,0.855555555555556,90
"CFA_Pyrenew-Pyrenew_H_COVID","27",0.825629855248625,0.598079215764993,11.4805248792271,0.272054677509318,0.935606879713189,0.941266650350261,17.7111111111111,0.43394539704054,0.466666666666667,0.944444444444444,90
"CFA_Pyrenew-Pyrenew_H_COVID","28",0.912899305343507,0.703194641707633,6.17755553140097,0.187362984161263,1.07794744930028,1.07825130492662,9.52222222222222,0.294970347647998,0.555555555555556,1,90
"CFA_Pyrenew-Pyrenew_H_COVID","29",0.929576180594076,0.668273105444517,22.666545410628,0.30719587405211,Inf,Inf,31.7333333333333,0.45527961137449,0.522222222222222,0.822222222222222,90
"CFA_Pyrenew-Pyrenew_H_COVID","30",1.00640938553581,0.943769582571308,4.67684427536232,0.486800331161496,1.09104445806217,1.02203561208863,7.26666666666667,0.762564991430588,0.311111111111111,0.866666666666667,90
"CFA_Pyrenew-Pyrenew_H_COVID","31",0.845551484152105,0.748191727263545,5.43452611111111,0.336635429451828,1.18237179495077,1.07117218336391,8.48333333333333,0.543459390038519,0.611111111111111,0.944444444444444,90
"CFA_Pyrenew-Pyrenew_H_COVID","32",0.991052645130099,0.818144440851771,4.37499579710145,0.301063212997595,1.13170297801859,1.11720904529687,6.57777777777778,0.472009573725248,0.5,0.966666666666667,90
"CFA_Pyrenew-Pyrenew_H_COVID","33",1.02770467559692,0.899569715355496,6.14899661835749,0.397345016378453,1.03509614435171,1.00212613656624,9.37777777777778,0.614498860208724,0.388888888888889,0.888888888888889,90
"CFA_Pyrenew-Pyrenew_H_COVID","34",0.90914223112747,0.665018374315907,20.7862772222222,0.19000960617524,1.00853091146796,0.982626638093247,32.7277777777778,0.302836691592293,0.466666666666667,0.955555555555556,90
"CFA_Pyrenew-Pyrenew_H_COVID","35",0.958423777103997,0.823647802445495,4.66506869565217,0.276486910576254,1.11384907566715,1.08699089949636,7.23888888888889,0.437804287389694,0.588888888888889,0.955555555555556,90
"CFA_Pyrenew-Pyrenew_H_COVID","36",1.06963507563858,0.79132800597392,36.0561995652174,0.196139456980946,1.26825616505215,1.27794142083753,57.7388888888889,0.313168766151792,0.288888888888889,0.9,90
"CFA_Pyrenew-Pyrenew_H_COVID","37",1.03029266219001,0.788148125963654,19.3083386714976,0.173103971504127,1.39021202792149,1.46924553104869,28.8777777777778,0.268549367910879,0.577777777777778,0.977777777777778,90
"CFA_Pyrenew-Pyrenew_H_COVID","38",0.748615229332827,0.854193901643179,3.37877666666667,0.278326217277933,0.982473264269868,0.907113027473931,5.40555555555556,0.45302088138866,0.611111111111111,0.955555555555556,90
"CFA_Pyrenew-Pyrenew_H_COVID","39",0.742578073342952,0.64395507583595,35.0730910869565,0.335018671346551,0.879012056593863,1.09321277248599,52.9333333333333,0.504564850839031,0.455555555555556,0.866666666666667,90
"CFA_Pyrenew-Pyrenew_H_COVID","40",0.871028242553599,0.819385884981654,14.3780326570048,0.373029984468432,1.1731183424415,1.27285793192383,22.3222222222222,0.599051111090119,0.333333333333333,0.844444444444444,90
"CFA_Pyrenew-Pyrenew_H_COVID","41",1.05853823272311,0.827111462374733,5.20623504830918,0.391363489221725,1.1597567906814,1.16486611735539,8.48888888888889,0.63171438998906,0.333333333333333,0.866666666666667,90
"CFA_Pyrenew-Pyrenew_H_COVID","42",0.90640871188775,0.607996152280443,40.5202757971014,0.196079159508078,1.03536315948982,1.12386818658242,61.4722222222222,0.307946556879425,0.466666666666667,0.944444444444444,90
"CFA_Pyrenew-Pyrenew_H_COVID","44",0.826257521329655,0.713070495412381,4.01355686638388,0.310080351682563,0.985539105024037,0.909673133320232,6.40853658536585,0.504584308024966,0.597560975609756,0.963414634146341,82
"CFA_Pyrenew-Pyrenew_H_COVID","45",1.14813888068442,0.822779345639529,15.1843315700483,0.321410109972162,1.4183528660956,1.34069662511032,23.2666666666667,0.501348169646224,0.433333333333333,0.9,90
"CFA_Pyrenew-Pyrenew_H_COVID","46",0.977930100686956,0.888842207733613,3.21963500494071,0.334476998606491,1.05146800857211,1.01731681262892,4.76704545454545,0.534803524219086,0.590909090909091,0.931818181818182,88
"CFA_Pyrenew-Pyrenew_H_COVID","47",0.979415634703241,0.715211107629289,13.8299924154589,0.178613340850722,1.20376257147454,1.15436046430123,20.7555555555556,0.270208315546347,0.566666666666667,0.933333333333333,90
"CFA_Pyrenew-Pyrenew_H_COVID","48",1.06085943930677,0.801619338233107,41.1904669082126,0.19264846965906,1.33523012053756,1.39254765252844,63.9666666666667,0.301223087436321,0.455555555555556,0.888888888888889,90
"CFA_Pyrenew-Pyrenew_H_COVID","49",1.01183054573254,0.777246641343231,3.5021593645485,0.364445041111075,1.15906598549352,1.09321403867217,5.44230769230769,0.603759944478521,0.5,0.987179487179487,78
"CFA_Pyrenew-Pyrenew_H_COVID","50",1.05609695552074,0.95584087358475,2.35530106280193,0.374375527473009,1.07819118570802,1.00195589209146,3.53333333333333,0.604014361525895,0.5,0.922222222222222,90
"CFA_Pyrenew-Pyrenew_H_COVID","51",0.976188909715674,0.68007617184024,14.5921590338164,0.26871572774399,1.51435400996138,1.53944790543511,23.0833333333333,0.424287172610672,0.444444444444444,0.911111111111111,90
"CFA_Pyrenew-Pyrenew_H_COVID","53",1.09520072050067,0.865365670707694,11.480307826087,0.273583343102024,1.11483390324956,1.11252284919594,17.3611111111111,0.440659043721513,0.411111111111111,0.944444444444444,90
"CFA_Pyrenew-Pyrenew_H_COVID","54",0.915603973493819,0.766321206983275,9.04591647342995,0.31106331873172,1.10468162636053,1.11976205041108,13.4666666666667,0.501189853246658,0.555555555555556,0.944444444444444,90
"CFA_Pyrenew-Pyrenew_H_COVID","55",0.862388024059976,0.675563820956575,15.5382749033816,0.306396461021111,1.00757251184407,0.982898215529413,23.9611111111111,0.468987959131315,0.466666666666667,0.888888888888889,90
"CFA_Pyrenew-Pyrenew_H_COVID","56",0.914223294328214,0.912661935345625,2.92289929951691,0.343285594884568,1.05162266558206,1.01236134808794,4.62222222222222,0.57243657369034,0.566666666666667,0.955555555555556,90
"CMU-TimeSeries","01",0.625116237303092,0.476367522381683,9.772253098409,0.145416665181759,0.751081945694528,0.637921690888113,14.4526734644895,0.214839427062775,0.591397849462366,0.994623655913978,186
"CMU-TimeSeries","02",0.944991051124923,0.865470663611773,1.62541014404487,0.324914561351929,0.978140838980298,0.853664706354349,2.49560434647947,0.499517364894517,0.274193548387097,0.82258064516129,186
"CMU-TimeSeries","04",0.84545810054606,0.589287358501419,12.4782317585942,0.222205507367422,1.51410308111337,1.41902241715215,18.6836814805795,0.343555516297707,0.526881720430108,1,186
"CMU-TimeSeries","05",0.692759520621231,0.54330862191181,5.76623546188251,0.230084135684543,0.920985059012264,0.859489707047608,9.07109910552101,0.37557987416662,0.456989247311828,0.994623655913978,186
"CMU-TimeSeries","06",0.987704068023971,0.732276406415938,75.9264724940242,0.201929673094404,1.10838880970374,1.08292849871871,112.414541386486,0.304387312973124,0.478494623655914,0.89247311827957,186
"CMU-TimeSeries","08",0.802491188604275,0.604359985821402,12.6734098946823,0.336091403339959,0.866087333681863,0.843711896956881,18.5028361857463,0.514196100708357,0.446236559139785,0.962365591397849,186
"CMU-TimeSeries","09",0.763807668523168,0.550822905288618,13.0381302951848,0.267745454633583,0.808190057412171,0.74685665903776,20.1948325931232,0.42509866738753,0.370967741935484,0.919354838709677,186
"CMU-TimeSeries","10",0.728164458985248,0.626315361139635,4.32245321221221,0.300650649539095,0.817801866654452,0.739752368057605,6.41752375351744,0.459890051101058,0.39247311827957,0.82258064516129,186
"CMU-TimeSeries","11",1.10315006570927,0.868833101922147,3.25884307644154,0.406790257052812,1.01725709624234,0.889999410450673,4.7538503785681,0.611121092186423,0.236559139784946,0.736559139784946,186
"CMU-TimeSeries","12",0.736782353913406,0.526728691739756,47.3579526301238,0.187272247434773,1.03914544713648,1.01018330315139,71.5397893192992,0.286080295681528,0.505376344086022,0.935483870967742,186
"CMU-TimeSeries","13",0.823198849257825,0.567150008841278,17.8287830892106,0.236814798691563,Inf,Inf,24.7008048452991,0.338589505658808,0.575268817204301,0.989247311827957,186
"CMU-TimeSeries","15",0.880651301195838,0.863110272710012,3.2025513921454,0.343419934773755,1.04471568238263,1.04426137840579,4.84944443109766,0.52038843902579,0.28494623655914,0.790322580645161,186
"CMU-TimeSeries","16",0.767386219645949,0.673105935051606,4.00232427095567,0.422096369459466,0.865940893157476,0.84029133721384,5.79245992403044,0.635722158754814,0.306451612903226,0.795698924731183,186
"CMU-TimeSeries","17",0.558872123734598,0.365914567901771,36.7181326959928,0.223257239120913,0.842688069192835,0.764195433077482,56.5613261909384,0.326466422558338,0.60752688172043,0.973118279569892,186
"CMU-TimeSeries","18",0.550075349122421,0.427218720336708,18.7531030614418,0.219013408179672,0.710204749110055,0.702550063313952,29.5934018278686,0.336380043053038,0.56989247311828,1,186
"CMU-TimeSeries","19",0.617258031763349,0.520883484726602,8.03811736610295,0.27682773682517,Inf,Inf,12.5576882626314,0.444324736556248,0.435483870967742,0.956989247311828,186
"CMU-TimeSeries","20",0.690882516581029,0.629410077743544,9.10968145321362,0.306273660720846,0.992639914685586,0.948071204155855,14.4624626362311,0.478944354227921,0.451612903225806,0.951612903225806,186
"CMU-TimeSeries","21",0.586642026584091,0.491500718268224,11.4584205107039,0.246674138568806,0.959900486016965,1.0016404762936,17.1252844583891,0.38601922495417,0.510752688172043,1,186
"CMU-TimeSeries","22",0.792063804174728,0.615835926069496,11.4386920765019,0.239782680053376,1.06913672538567,1.04917058477366,17.1180636339458,0.367143880450577,0.403225806451613,0.940860215053763,186
"CMU-TimeSeries","23",0.641956061121644,0.652359186450848,2.9385633318409,0.2983773623249,0.727970153800183,0.73063418566751,4.63057014064361,0.479379801385612,0.252688172043011,0.817204301075269,186
"CMU-TimeSeries","24",0.697468164254527,0.482028135715295,10.305331230415,0.279294671991837,0.659449303883602,0.576715834317308,14.3571040171275,0.406339620209165,0.553763440860215,0.951612903225806,186
"CMU-TimeSeries","25",0.644866611840909,0.400769084113544,24.9597321020137,0.269765377149299,0.605985494389907,0.509711842370887,38.9931845511981,0.413832326837501,0.467741935483871,0.908602150537634,186
"CMU-TimeSeries","26",0.561794197664588,0.376227117926546,31.032996462556,0.27503725785819,0.694393780514419,0.623590800330867,47.6641179336241,0.413229463515676,0.580645161290323,0.967741935483871,186
"CMU-TimeSeries","27",0.598021966404594,0.416566942381941,12.980535778775,0.238786972135455,0.6923066944377,0.619500970430141,19.7541531405743,0.356052373896213,0.60752688172043,0.967741935483871,186
"CMU-TimeSeries","28",0.744179469908733,0.609047516152952,6.19328546042617,0.206440375644609,0.890691237739528,0.906543525987528,9.50677597195301,0.316185245190906,0.446236559139785,0.924731182795699,186
"CMU-TimeSeries","29",0.801654754003537,0.600026608712411,21.5829174000919,0.316061150550766,Inf,Inf,32.4837141461578,0.514371876477029,0.408602150537634,0.989247311827957,186
"CMU-TimeSeries","30",0.88857153955978,0.891901584385879,4.81574647432183,0.45487198809322,0.939353043269095,0.912245260516465,7.20094423209578,0.673837949727454,0.220430107526882,0.768817204301075,186
"CMU-TimeSeries","31",0.596733573922064,0.55352106563535,6.26946836672536,0.324323254904807,0.829548841401963,0.790465631035507,9.64139038788807,0.505436976669959,0.39247311827957,0.913978494623656,186
"CMU-TimeSeries","32",0.86570043983357,0.710206816137624,5.50930410004248,0.314660304114721,0.981650637985837,0.945041715780452,8.48087884612743,0.496331381912968,0.354838709677419,0.967741935483871,186
"CMU-TimeSeries","33",0.686160339411608,0.60943840412975,4.39382864395609,0.283748606896007,0.647360388062512,0.646944439064548,6.61332686278033,0.442809847686033,0.413978494623656,0.903225806451613,186
"CMU-TimeSeries","34",0.667006050174463,0.481668842782202,25.9486606094632,0.195946011811475,0.662034019143265,0.611704745825011,38.6400060133419,0.286291817921984,0.586021505376344,0.946236559139785,186
"CMU-TimeSeries","35",0.823500752930246,0.750345525571484,4.763349968671,0.28229544508685,0.986236559652548,0.96364129703966,7.36638938580751,0.440937588839334,0.354838709677419,0.951612903225806,186
"CMU-TimeSeries","36",0.710778582191831,0.464127829221703,43.1208118078956,0.176487069604819,0.606657784939768,0.551691410362943,63.6048949870219,0.269206925206994,0.672043010752688,1,186
"CMU-TimeSeries","37",0.758484036524375,0.569256702012058,25.7667600647167,0.194044746789351,1.05363690326904,1.04813944100731,40.9693481825044,0.298913818914797,0.483870967741935,0.946236559139785,186
"CMU-TimeSeries","38",0.654111826880917,0.810880118137101,4.0750872302098,0.330374169686339,0.800874518656248,0.809591188589038,6.20642104425716,0.511744941255015,0.241935483870968,0.763440860215054,186
"CMU-TimeSeries","39",0.578317011446731,0.468063230602329,43.0865825328765,0.325496757153115,0.686814886156247,0.751191989131605,66.5667926229286,0.482296997508486,0.521505376344086,0.935483870967742,186
"CMU-TimeSeries","40",0.613274167538397,0.564098294229694,13.0016775416491,0.326288215734388,0.831812579077429,0.858349292965893,20.4669423435001,0.519254607665868,0.317204301075269,0.951612903225806,186
"CMU-TimeSeries","41",0.737938632105727,0.523557791346182,6.33629962124335,0.276782384014879,0.822932609485104,0.736186649792602,10.3432169889852,0.443458873318564,0.370967741935484,0.962365591397849,186
"CMU-TimeSeries","42",0.647365008095355,0.413424800870704,49.796334320854,0.181771929865094,0.70872860818324,0.68741379974685,75.7578169892151,0.259409271714437,0.650537634408602,0.956989247311828,186
"CMU-TimeSeries","44",0.811814014620413,0.669572245580933,5.72891441065609,0.316606864685301,0.889844086957574,0.788024856500005,8.69876185625766,0.481385144529337,0.32258064516129,0.78494623655914,186
"CMU-TimeSeries","45",0.723814939039519,0.553292187126039,10.8660756563951,0.250935004879588,0.888502709547924,0.86058609076845,16.7297139644252,0.387733418774606,0.403225806451613,0.935483870967742,186
"CMU-TimeSeries","46",1.04110731793853,0.898115974112071,4.45769603329167,0.366027857918471,1.14586818256055,0.989561470528604,6.69101255932854,0.55432033325232,0.236559139784946,0.801075268817204,186
"CMU-TimeSeries","47",0.743650180560113,0.583564962786606,13.3750599473219,0.181777405304179,0.954353625845055,0.950089909301914,20.5713309840572,0.278013954262926,0.521505376344086,0.994623655913978,186
"CMU-TimeSeries","48",1.05417214080083,0.704816139234693,50.3220005843492,0.210704116713988,1.2193355039077,1.12674378272239,74.0491629079468,0.318757686906892,0.510752688172043,0.956989247311828,186
"CMU-TimeSeries","49",0.789695680358261,0.611779112462713,3.749992715469,0.31859560460645,0.967231553819218,0.87407596873092,5.47879577715849,0.497887555795174,0.408602150537634,0.962365591397849,186
"CMU-TimeSeries","50",0.922120152424228,0.976774446950878,2.23056053885474,0.39187861217898,0.926551160473873,0.923483818457665,3.28300824397898,0.564706197127177,0.182795698924731,0.655913978494624,186
"CMU-TimeSeries","51",0.737791973306827,0.462145729859445,13.4083872106211,0.203655637089192,1.04527692822193,0.939352752439213,20.122425581778,0.301522504556705,0.586021505376344,0.962365591397849,186
"CMU-TimeSeries","53",0.920516786824457,0.699586256134691,13.413195124351,0.252710372296215,0.930268391008492,0.882128897016525,21.0865349798564,0.406859843301206,0.354838709677419,0.935483870967742,186
"CMU-TimeSeries","54",0.573425136983792,0.490371241090348,10.2138333020134,0.30395266737647,0.682272260222202,0.657412379117249,15.7601984395523,0.471064440388256,0.446236559139785,0.897849462365591,186
"CMU-TimeSeries","55",0.604982084675799,0.477295293866681,19.1077081177884,0.289120363259439,0.69518125761781,0.661736024497803,29.0876581915206,0.441034494366493,0.5,0.951612903225806,186
"CMU-TimeSeries","56",0.987299250624727,1.09043220024465,3.07640389882657,0.398834556028754,1.07215346961481,1.04906310126688,4.60258325934163,0.591151151644366,0.344086021505376,0.806451612903226,186
"CMU-TimeSeries","72",0.994851474933782,0.800197926566867,13.1393697742768,0.444224638439746,1.04404426506026,1.02310509859657,18.9909068534723,0.650964439474746,0.279569892473118,0.82258064516129,186
"CMU-TimeSeries_Cal","01",1.15418397644648,0.893868854789276,17.7044591427155,0.183851603572339,1.50898482917451,1.27844915418893,30.5319524682563,0.310621511929215,0.333333333333333,1,3
"CMU-TimeSeries_Cal","02",0.80976355907606,0.699562637315186,1.51533569238943,0.313939389632999,0.872219289353219,0.740456896333994,2.50010942920963,0.520711963473104,0.333333333333333,1,3
"CMU-TimeSeries_Cal","04",1.61626669451597,0.967284243975128,14.4103364086596,0.16011181882529,5.21826553018904,4.13398918392477,28.0661722862949,0.314401553107626,0.333333333333333,1,3
"CMU-TimeSeries_Cal","05",1.09134669884526,0.772339601687345,5.07771243782813,0.255206960320557,1.64676838506198,1.34290467845261,8.68113807148096,0.43995323484722,0.333333333333333,1,3
"CMU-TimeSeries_Cal","06",1.1530781756604,0.889304761425439,147.237535305064,0.16384419288536,1.43833872363019,1.40140319794765,245.414029317015,0.27076329743818,0.333333333333333,0.666666666666667,3
"CMU-TimeSeries_Cal","08",0.542409290691677,0.42431403872119,4.40756504071296,0.114255947514909,0.502930896786124,0.463416012464573,5.19969385007216,0.123977604704033,0.666666666666667,1,3
"CMU-TimeSeries_Cal","09",0.705870039983492,0.522436293146838,12.0274358281073,0.251845299741895,0.816931510866185,0.760105086722007,20.6528429439128,0.434816228695701,0,1,3
"CMU-TimeSeries_Cal","10",0.53722445402249,0.428761864756888,1.12086646846919,0.0961004224152782,0.530787174130869,0.433103475337508,1.48097776732764,0.121892817739745,1,1,3
"CMU-TimeSeries_Cal","11",0.816784610439015,0.611283241567801,2.8252578571732,0.231993390347282,0.7601235738006,0.609729627131372,4.17244317019856,0.332191154327413,0.333333333333333,0.666666666666667,3
"CMU-TimeSeries_Cal","12",1.21935741191672,0.80830117744313,54.4556796266585,0.0879361392898933,2.97897584007482,2.60910655356335,109.2956508383,0.175579148763814,0.666666666666667,1,3
"CMU-TimeSeries_Cal","13",1.71593703273214,1.02408719722752,24.5989965188527,0.212820317737842,Inf,Inf,44.6017839871382,0.388946660845246,0.333333333333333,1,3
"CMU-TimeSeries_Cal","15",0.971057691734808,0.92059152240686,7.16369495867973,0.202845964453352,1.16287427647758,1.11611090606692,11.6830281929726,0.324337396998433,0,0.666666666666667,3
"CMU-TimeSeries_Cal","16",0.866196533355813,0.696934281307887,2.45634343802864,0.17151742515218,0.995374220947991,0.924267381121892,3.74379684157652,0.274835461227678,0.333333333333333,1,3
"CMU-TimeSeries_Cal","17",0.806041786404745,0.502599124428391,9.88066068826111,0.130813081939323,1.4792013193644,1.33760472578081,15.1686020419235,0.206590895725644,0.333333333333333,1,3
"CMU-TimeSeries_Cal","18",0.601820074317287,0.451569005709132,5.11999248551395,0.145765077387557,0.790020761116529,0.759917854606696,8.06658381500651,0.227537738236646,0.666666666666667,1,3
"CMU-TimeSeries_Cal","19",0.831477257396493,0.6317846723688,1.82784779990147,0.102022377864607,Inf,Inf,2.67638163271879,0.149418059436369,1,1,3
"CMU-TimeSeries_Cal","20",1.12024995324297,0.911701912071176,3.34440958520281,0.330012817300507,1.8538214594073,1.4910918872099,5.8377950366153,0.563018179695478,0,1,3
"CMU-TimeSeries_Cal","21",0.927886004220027,0.666235279298539,5.83959301864954,0.212034749684184,1.79614744129207,1.45308442185089,10.4524961782162,0.369048988429379,0.333333333333333,1,3
"CMU-TimeSeries_Cal","22",1.0880930495222,0.754780823501682,10.3078547774103,0.109901140615093,1.95525603887159,1.68196779860763,18.5908508389344,0.199019081583045,0.666666666666667,1,3
"CMU-TimeSeries_Cal","23",0.591589145358605,0.595968523680228,1.08850151571704,0.242975435789069,0.670155555297737,0.647160466161735,1.68885614570815,0.369053267105064,0.333333333333333,1,3
"CMU-TimeSeries_Cal","24",0.509555185927833,0.366400951888712,3.00937950497294,0.0720724886950701,0.258871721316196,0.230825019438342,1.83122247834252,0.043637827895237,1,1,3
"CMU-TimeSeries_Cal","25",0.490058192153318,0.310423013750665,4.18812137132861,0.0782916407366426,0.0673166394379211,0.0609592485055533,0.443392478273561,0.00859257628656085,1,1,3
"CMU-TimeSeries_Cal","26",0.929932388464445,0.569392925648142,8.66550603145038,0.14948314313513,1.44756363698494,1.23473390060101,12.8684981365889,0.230223206678406,0.666666666666667,1,3
"CMU-TimeSeries_Cal","27",0.538664481563899,0.387645622303964,3.1145517883878,0.0952013387822304,0.643656658847422,0.607519492101994,4.14079162878407,0.12250439018129,1,1,3
"CMU-TimeSeries_Cal","28",1.12123834967355,0.80609547001032,6.52700942814959,0.203208939019948,1.06811305318044,0.933711143275287,10.4858808171151,0.317300466964812,0.333333333333333,0.666666666666667,3
"CMU-TimeSeries_Cal","29",1.16463407228524,0.75372570861071,6.34415583085629,0.125299317638955,Inf,Inf,8.51460603609726,0.167478795385667,0.666666666666667,1,3
"CMU-TimeSeries_Cal","30",0.821487865108724,0.84170797591398,2.90533231089607,0.334717107299111,0.978001153546519,0.918480234546175,4.84124549967656,0.531863109330282,0.333333333333333,1,3
"CMU-TimeSeries_Cal","31",0.58289299622008,0.512092051093257,1.13690702093056,0.144574806868376,0.828817889208241,0.745902595578915,1.68287823383358,0.211578326362649,1,1,3
"CMU-TimeSeries_Cal","32",0.653876532214901,0.493880541361432,5.66915959737619,0.137792110407442,0.790853323318854,0.702571918168551,9.03089044538202,0.224153143975359,0.333333333333333,1,3
"CMU-TimeSeries_Cal","33",0.71112443998322,0.605088665032638,3.98265194688238,0.389568734970354,0.697674084345107,0.636497891040217,6.07193297947058,0.619814483453839,0,0.666666666666667,3
"CMU-TimeSeries_Cal","34",0.474969813026488,0.348114545735332,8.3452032279796,0.0572792831711231,0.423520381383291,0.381359729163416,8.81889115308616,0.0562896907312653,0.666666666666667,1,3
"CMU-TimeSeries_Cal","35",0.926191840106104,0.764333177618255,2.86421157375503,0.256190772159927,1.31713606697203,1.1234478366378,5.26902969246001,0.454849466502692,0.666666666666667,1,3
"CMU-TimeSeries_Cal","36",0.647786424484189,0.406901694587093,18.7432394336799,0.059310946009177,0.800436340017448,0.686123111922182,26.4603742457754,0.0833025404371099,1,1,3
"CMU-TimeSeries_Cal","37",1.08958700722247,0.767250175011724,21.6273228930786,0.102673017034243,1.74924969296522,1.61976398318812,38.8551646182478,0.184120740636339,0.333333333333333,1,3
"CMU-TimeSeries_Cal","38",0.5102061711727,0.743171659624461,0.888086396444955,0.459209748679566,0.694282557949163,0.775638167518275,1.48808864375321,0.757986325112192,0,0.333333333333333,3
"CMU-TimeSeries_Cal","39",0.514822008750525,0.400168076029546,9.56742479791241,0.119020700991027,0.593154595349094,0.621042442733477,13.4230441353058,0.162985129195423,1,1,3
"CMU-TimeSeries_Cal","40",0.934918543746583,0.69987923599333,6.02132454045681,0.253161110217282,1.20336456824864,0.967902522821132,10.5006789384497,0.426717233867317,0.333333333333333,1,3
"CMU-TimeSeries_Cal","41",0.53020863452331,0.363157626674359,5.51804391160259,0.101417585002627,0.649783663411534,0.554706833443564,10.8068641778344,0.191176596243061,0,1,3
"CMU-TimeSeries_Cal","42",0.790683601607615,0.518533795399785,28.0771032693575,0.176718841520665,0.935747289802113,0.945424138948655,44.9390175340021,0.285558387125444,0.333333333333333,1,3
"CMU-TimeSeries_Cal","44",0.726440247999597,0.651728913201846,3.17397244782449,0.252635300616448,0.812406902022832,0.767865243120377,5.05640573145039,0.400627561705575,0.333333333333333,1,3
"CMU-TimeSeries_Cal","45",0.769206904606857,0.519612807359531,5.44508470977128,0.0735838518368123,0.947456616557503,0.806257415690877,8.13209161611087,0.107838343277713,1,1,3
"CMU-TimeSeries_Cal","46",1.02417589501854,1.04262731500797,3.32427078942094,0.527127403900774,1.12815165457789,1.16963081276707,5.36770920441498,0.844418960429049,0,0.666666666666667,3
"CMU-TimeSeries_Cal","47",1.02684392378708,0.720589414562779,16.9275106238915,0.227138000749187,1.52502724435606,1.30427142888208,29.914821464725,0.38505911633252,0,1,3
"CMU-TimeSeries_Cal","48",1.88841835264776,1.20179722179584,107.657461513397,0.236820356419619,2.31844005348839,1.92221380885066,179.795182390369,0.387205021899296,0.333333333333333,1,3
"CMU-TimeSeries_Cal","49",0.609820511126028,0.472041843475895,1.86862452472811,0.0790999949121668,0.490152031386577,0.425910052300889,1.68799366356902,0.0698935999918873,1,1,3
"CMU-TimeSeries_Cal","50",0.803657872668095,0.832531878859622,1.9487963080269,0.374704410839335,0.872109005992675,0.906281994635455,3.14481291535515,0.621661571030668,0,0.666666666666667,3
"CMU-TimeSeries_Cal","51",1.51685110609331,0.904126430141421,11.1394358230551,0.187577078983508,2.69878815109638,2.31472178944333,18.3395088233684,0.31634308898891,0,1,3
"CMU-TimeSeries_Cal","53",0.929697500598614,0.686948049902603,19.6583451204476,0.118032541920276,1.03000078250037,0.920482279531261,32.2183587445981,0.190260333421142,0.333333333333333,0.666666666666667,3
"CMU-TimeSeries_Cal","54",0.386306735781775,0.333685199983069,1.80381525071963,0.0907299244654288,0.321402431792891,0.306576254102253,1.64766655262071,0.0798975376675705,1,1,3
"CMU-TimeSeries_Cal","55",0.513459878765645,0.390073568346689,6.32031229491187,0.169144067150697,0.626473083637884,0.550427188075236,10.5966097253633,0.261956596128583,0.333333333333333,1,3
"CMU-TimeSeries_Cal","56",1.28696421798151,1.28670937713863,2.04891051876564,0.585931967134755,1.45275573796465,1.1920784729062,3.37715472185767,0.879591311129803,0,0.666666666666667,3
"CMU-TimeSeries_Cal","72",1.1384201555143,0.875182760938126,14.2964495000597,0.151473254046759,1.26875845774403,1.15302075239735,24.6061952785688,0.265958885563429,0.333333333333333,1,3
"CovidHub-baseline","01",1,1,15.8798873916612,0.320421367481652,1,1,21.9887640449438,0.405462756656005,0.646067415730337,0.955056179775281,178
"CovidHub-baseline","02",1,1,1.68989963470995,0.373374270516724,1,1,2.3876366151302,0.567340539446771,0.887640449438202,1,178
"CovidHub-baseline","04",1,1,12.6577469126764,0.355087718415711,1,1,13.5168539325843,0.28276855466523,0.882022471910112,1,178
"CovidHub-baseline","05",1,1,7.20921407629428,0.396387290979841,1,1,10.2022442836788,0.480822109735694,0.747191011235955,0.966292134831461,178
"CovidHub-baseline","06",1,1,71.0844146039831,0.270525501886042,1,1,93.1348314606742,0.263385348535961,0.724719101123595,0.921348314606742,178
"CovidHub-baseline","08",1,1,10.4787547939369,0.425014889014812,1,1,16.0898876404494,0.518840821230496,0.668539325842697,1,178
"CovidHub-baseline","09",1,1,13.7063345661181,0.438938055890392,1,1,19.8707865168539,0.499085765563318,0.724719101123595,0.932584269662921,178
"CovidHub-baseline","10",1,1,3.59875511355419,0.346937501823448,1,1,5.22471757020941,0.508475281196186,0.747191011235955,1,178
"CovidHub-baseline","11",1,1,2.80464723093506,0.418893750425762,1,1,4.51123595505618,0.667847839105571,0.707865168539326,0.99438202247191,178
"CovidHub-baseline","12",1,1,50.0305036260658,0.278571409674433,1,1,68.1966292134831,0.285128962270903,0.662921348314607,0.97752808988764,178
"CovidHub-baseline","13",1,1,17.5110821496636,0.346721412375239,NA,NA,23.7078651685393,0.344040633785081,0.696629213483146,0.99438202247191,178
"CovidHub-baseline","15",1,1,2.8318224286609,0.376533917401723,1,1,3.66853922752711,0.465873535839722,0.831460674157303,1,178
"CovidHub-baseline","16",1,1,4.13178256255889,0.485770752775441,1,1,6.36516344096025,0.754968362903078,0.747191011235955,0.97752808988764,178
"CovidHub-baseline","17",1,1,50.3642532307164,0.497166451529694,1,1,68.9662921348315,0.440617834738908,0.679775280898876,0.938202247191011,178
"CovidHub-baseline","18",1,1,28.9591149200909,0.457821854249493,1,1,40.6685393258427,0.455041358802093,0.674157303370786,0.949438202247191,178
"CovidHub-baseline","19",1,1,8.66951080508008,0.411814187738422,NA,NA,11.9325842696629,0.472114664338854,0.724719101123595,0.949438202247191,178
"CovidHub-baseline","20",1,1,9.74114312249351,0.433856007996841,1,1,13.1292134831461,0.489366102876216,0.769662921348315,0.943820224719101,178
"CovidHub-baseline","21",1,1,13.2552929637666,0.413231285347369,1,1,16.7921348314607,0.368587695426445,0.780898876404494,0.98876404494382,178
"CovidHub-baseline","22",1,1,11.9000529151184,0.318299013047451,1,1,16.0337078651685,0.339380788748053,0.741573033707865,0.97752808988764,178
"CovidHub-baseline","23",1,1,3.91519982143825,0.406617706926833,1,1,5.49436752794494,0.577536962803453,0.758426966292135,0.98314606741573,178
"CovidHub-baseline","24",1,1,11.0165106387946,0.45797766278324,1,1,15.9269662921348,0.537597025470857,0.769662921348315,0.98314606741573,178
"CovidHub-baseline","25",1,1,22.630424201416,0.469437996222064,1,1,32.2359550561798,0.474014291238939,0.747191011235955,0.97752808988764,178
"CovidHub-baseline","26",1,1,39.8495407127181,0.554489171819672,1,1,55.061797752809,0.533642397026132,0.752808988764045,0.97752808988764,178
"CovidHub-baseline","27",1,1,14.4473539049172,0.430516079835182,1,1,20.3932584269663,0.450237056658835,0.735955056179775,0.99438202247191,178
"CovidHub-baseline","28",1,1,7.43077192514561,0.309821320792432,1,1,10.5,0.33082466791966,0.764044943820225,1,178
"CovidHub-baseline","29",1,1,22.6269596965673,0.458891162705138,NA,NA,30.0393258426966,0.495174098187021,0.730337078651685,0.926966292134832,178
"CovidHub-baseline","30",1,1,4.39526844197081,0.447117458141325,1,1,6.79775280898876,0.723477100497816,0.685393258426966,0.97752808988764,178
"CovidHub-baseline","31",1,1,6.27302234211497,0.418582488651295,1,1,8.52808678367682,0.557741958987448,0.758426966292135,0.943820224719101,178
"CovidHub-baseline","32",1,1,4.78285931040588,0.373313719297537,1,1,6.53370786516854,0.455463826172342,0.825842696629214,0.99438202247191,178
"CovidHub-baseline","33",1,1,5.68786726297087,0.4291452685069,1,1,8.65168539325843,0.579759984192981,0.640449438202247,0.98314606741573,178
"CovidHub-baseline","34",1,1,24.4466657510696,0.299997081700668,1,1,35.6910112359551,0.329803570306935,0.634831460674157,0.99438202247191,178
"CovidHub-baseline","35",1,1,5.56080447885854,0.381025247653629,1,1,8.21348314606742,0.488983687760439,0.775280898876405,1,178
"CovidHub-baseline","36",1,1,37.9700321711749,0.287134477746936,1,1,58.7696629213483,0.327032756531708,0.612359550561798,0.98314606741573,178
"CovidHub-baseline","37",1,1,24.42843320187,0.289304542535354,1,1,35.247191011236,0.303806108583059,0.691011235955056,0.99438202247191,178
"CovidHub-baseline","38",1,1,4.65523893877019,0.386020421264756,1,1,6.45505015443413,0.574661076186963,0.685393258426966,0.932584269662921,178
"CovidHub-baseline","39",1,1,56.5707052440013,0.559329625010937,1,1,79.6067415730337,0.533093104891267,0.646067415730337,0.955056179775281,178
"CovidHub-baseline","40",1,1,17.737049644629,0.508620141688668,1,1,24.876404494382,0.591880330038148,0.584269662921348,0.853932584269663,178
"CovidHub-baseline","41",1,1,5.59645792112354,0.477091663754262,1,1,8.20224719101124,0.5599617045981,0.808988764044944,1,178
"CovidHub-baseline","42",1,1,58.2596535044995,0.427759612804698,1,1,83.3483146067416,0.345824146812985,0.713483146067416,1,178
"CovidHub-baseline","44",1,1,5.49771478358506,0.38683552178275,1,1,7.6516800561264,0.526181782617791,0.769662921348315,0.955056179775281,178
"CovidHub-baseline","45",1,1,13.2630209301412,0.415479040137285,1,1,19.2752808988764,0.462111586827339,0.735955056179775,0.99438202247191,178
"CovidHub-baseline","46",1,1,4.14481527195682,0.399944196170028,1,1,5.8764099579198,0.589292603515811,0.814606741573034,0.98314606741573,178
"CovidHub-baseline","47",1,1,16.4032601300551,0.304448230520987,1,1,22.7921348314607,0.306148569805205,0.702247191011236,0.98876404494382,178
"CovidHub-baseline","48",1,1,46.4317809693472,0.300738860209432,1,1,62.1460674157303,0.281766502241226,0.713483146067416,0.966292134831461,178
"CovidHub-baseline","49",1,1,3.61140619117647,0.408708957844305,1,1,4.98876404494382,0.512218684175556,0.870786516853933,1,178
"CovidHub-baseline","50",1,1,2.2337238948645,0.373399760235211,1,1,3.3258462781257,0.612126894146721,0.758426966292135,0.98876404494382,178
"CovidHub-baseline","51",1,1,15.9605131254793,0.420583290730186,1,1,21.7303370786517,0.375380425481837,0.786516853932584,1,178
"CovidHub-baseline","53",1,1,11.8980597176865,0.359853707098413,1,1,18.2865168539326,0.440506791699043,0.696629213483146,0.98314606741573,178
"CovidHub-baseline","54",1,1,11.9009985301058,0.450874360407037,1,1,16.8089840308515,0.581313802771034,0.719101123595506,0.955056179775281,178
"CovidHub-baseline","55",1,1,21.714430486173,0.47333557297185,1,1,30.1685393258427,0.53988699168952,0.685393258426966,0.943820224719101,178
"CovidHub-baseline","56",1,1,3.25246357372648,0.403188022500709,1,1,4.35393036514635,0.553205585849757,0.837078651685393,1,178
"CovidHub-baseline","72",1,1,11.9348829913488,0.525849971305675,1,1,16.3426966292135,0.571145273488863,0.797752808988764,0.971910112359551,178
"CovidHub-ensemble","01",0.638414528330193,0.479106458539805,10.6046132682597,0.153571861721583,0.7619738488994,0.628768574012899,16.5121663267378,0.230532204328262,0.623595505617977,0.98876404494382,178
"CovidHub-ensemble","02",0.809402650667063,0.730424163772257,1.30546603873364,0.267293292805171,0.866178023122634,0.753896780542288,2.07375891178918,0.434468735122546,0.556179775280899,0.955056179775281,178
"CovidHub-ensemble","04",0.630520391271048,0.431500346338262,9.32032556551668,0.170466700708897,0.907365630596969,0.827338447706923,14.4955458887315,0.265688551781993,0.623595505617977,0.99438202247191,178
"CovidHub-ensemble","05",0.616854178097518,0.477082181111269,5.24495399728942,0.20961361821671,0.87659254149985,0.785877500006943,8.4163695817373,0.338933313656523,0.528089887640449,0.971910112359551,178
"CovidHub-ensemble","06",0.789358067960522,0.572936754925751,53.2586924066,0.13875456138641,0.93178017807588,0.881104616190155,82.0218982211419,0.215084040581816,0.550561797752809,0.932584269662921,178
"CovidHub-ensemble","08",0.707347393635679,0.564886787817826,8.60849807896786,0.280826269153829,0.851236550615126,0.825302389813365,13.7124510498958,0.421349260836257,0.51123595505618,0.932584269662921,178
"CovidHub-ensemble","09",0.822049186744621,0.611404185799687,10.2728997918283,0.24612575003336,0.845191441160415,0.80565743604482,16.4526683106398,0.399341085334016,0.449438202247191,0.949438202247191,178
"CovidHub-ensemble","10",0.742576242213197,0.65788951995391,3.06211381809736,0.267119460270112,0.872010021082775,0.815116698626079,4.59564822619746,0.419572811047468,0.567415730337079,0.882022471910112,178
"CovidHub-ensemble","11",0.859364571761645,0.6918034885881,2.42875810756806,0.301632342207313,0.899999949337354,0.771107232914379,3.9729748250437,0.47794255579385,0.438202247191011,0.921348314606742,178
"CovidHub-ensemble","12",0.599106919162255,0.415837620465894,35.8797566413437,0.140342478276257,0.813832291168748,0.754038098629799,58.2293187964206,0.220749707093846,0.561797752808989,0.99438202247191,178
"CovidHub-ensemble","13",0.507902634888347,0.352409708720873,12.0814135653495,0.155515033234489,Inf,Inf,19.0645160248106,0.23508898813957,0.544943820224719,0.99438202247191,178
"CovidHub-ensemble","15",0.814368123525485,0.76079067107868,2.29746003578096,0.282856836146197,1.03006552629005,0.984850767112979,3.7201809042641,0.45773165220087,0.539325842696629,0.960674157303371,178
"CovidHub-ensemble","16",0.728469243428491,0.626273966542413,3.41899476781783,0.364540837167208,0.829431437876943,0.766761123106866,5.32430778404075,0.564025037239548,0.376404494382022,0.887640449438202,178
"CovidHub-ensemble","17",0.49566691543838,0.320303832239495,32.773822733532,0.196262752871931,0.708679150227064,0.654493764806948,49.1068311727615,0.291422367658638,0.533707865168539,0.938202247191011,178
"CovidHub-ensemble","18",0.558893507783128,0.410089981251336,18.1750889342398,0.200585996629589,0.746987762620925,0.701946369805168,29.3530309944925,0.312555633331999,0.471910112359551,0.98876404494382,178
"CovidHub-ensemble","19",0.588447638003987,0.474681275101441,6.23014586865387,0.232416599219006,NA,NA,9.68389880733792,0.344176569072787,0.567415730337079,0.960674157303371,178
"CovidHub-ensemble","20",0.675767182470691,0.581587502649366,7.75514043759963,0.271217853161749,0.935122996674251,0.841524959651073,11.9586097237774,0.408722166352354,0.573033707865168,0.921348314606742,178
"CovidHub-ensemble","21",0.503945535795366,0.39104664392874,8.3648706126461,0.176792406725231,0.82549459596555,0.774422599100815,12.7969774574806,0.269697701021098,0.657303370786517,0.97752808988764,178
"CovidHub-ensemble","22",0.678911960011483,0.520231836673888,9.61334048114885,0.192073899395239,0.863339000628554,0.831504509209482,14.2860099118991,0.286894024260984,0.556179775280899,0.932584269662921,178
"CovidHub-ensemble","23",0.726981928519697,0.736281368610587,3.05481750556769,0.331860434826765,0.845581464371328,0.866143431738506,4.93798731870494,0.564306535296339,0.410112359550562,0.938202247191011,178
"CovidHub-ensemble","24",0.685784203039817,0.51967581764705,9.3412344935328,0.291675198248289,0.815398795230969,0.754988696691378,14.2080590250342,0.440000125023703,0.52247191011236,0.926966292134832,178
"CovidHub-ensemble","25",0.646308741599238,0.442516988143759,17.4719649679452,0.241124567701809,0.816999809089992,0.764738449980162,27.5824967141855,0.385848573297923,0.443820224719101,0.921348314606742,178
"CovidHub-ensemble","26",0.556274505676615,0.38067975604093,29.743960615971,0.271562608985419,0.740252899532589,0.687145337667623,45.3552675441428,0.405576113410376,0.528089887640449,0.904494382022472,178
"CovidHub-ensemble","27",0.611545122647144,0.457823026600117,10.4040530414036,0.233749420687545,0.774603364901555,0.746923876322281,16.3766629482198,0.358449561953687,0.51685393258427,0.926966292134832,178
"CovidHub-ensemble","28",0.666600513845416,0.515247339271056,5.20347632466151,0.158699722706802,0.803042500626685,0.772976094856014,8.06328539555823,0.24321937287274,0.584269662921348,1,178
"CovidHub-ensemble","29",0.626392452052523,0.457640750409335,17.824531294029,0.252805633845308,NA,NA,25.8454704219321,0.387640085429181,0.449438202247191,0.898876404494382,178
"CovidHub-ensemble","30",0.752419040850867,0.72819376770038,3.71087495537754,0.374108902533681,0.842865584218434,0.781792012129281,5.98868861812661,0.592954266796044,0.382022471910112,0.859550561797753,178
"CovidHub-ensemble","31",0.598148230322874,0.55917058031957,4.78883356249327,0.290084626334368,0.817961296101057,0.79348730150042,7.40976502157535,0.474124987734264,0.47752808988764,0.926966292134832,178
"CovidHub-ensemble","32",0.808194816100583,0.638047406738575,4.05341339271273,0.24633265713531,0.972650730721133,0.881124270570111,6.57463753582028,0.400778878123018,0.47752808988764,0.971910112359551,178
"CovidHub-ensemble","33",0.745230954622565,0.652025727650628,4.182951382917,0.282671814336861,0.754975565653594,0.720114597768483,6.69763157890283,0.449354989106392,0.432584269662921,0.915730337078652,178
"CovidHub-ensemble","34",0.75863477882433,0.55872903566396,19.6054717499998,0.170917937991011,0.894181094458297,0.836245352545525,31.517550651962,0.262692585904961,0.550561797752809,0.966292134831461,178
"CovidHub-ensemble","35",0.735606109074032,0.680628282844579,4.12775078993216,0.255449002245423,0.847388734590269,0.834139973154658,6.32582970140165,0.380158929791871,0.584269662921348,0.943820224719101,178
"CovidHub-ensemble","36",0.658840495911892,0.460656294638683,27.8934758614216,0.141585722660603,0.748632980542158,0.708285287097725,44.8530463812832,0.228953459064741,0.47752808988764,0.99438202247191,178
"CovidHub-ensemble","37",0.705505005463458,0.51659480816155,18.6759202338942,0.156123244599229,0.962207130868898,0.932094194943129,30.5358663094095,0.247697504488646,0.49438202247191,0.98876404494382,178
"CovidHub-ensemble","38",0.654357261200497,0.841300061505419,3.40771369918216,0.316793223797316,0.826139788490115,0.85637640226542,5.36600692135729,0.507999888477057,0.415730337078652,0.882022471910112,178
"CovidHub-ensemble","39",0.570305951084466,0.461760063099345,35.275163620602,0.289115052920092,0.716735697783711,0.764001733854495,54.8025392424735,0.415768461234505,0.49438202247191,0.932584269662921,178
"CovidHub-ensemble","40",0.675570073380942,0.539235028515152,13.746765600953,0.290294721238776,0.865995848037354,0.784997948307824,20.1462532744973,0.433598791503523,0.432584269662921,0.837078651685393,178
"CovidHub-ensemble","41",0.76237386683445,0.553872971497477,4.13398282590529,0.252541982518624,0.821965059581761,0.75784596192385,6.55653225455987,0.396450550896501,0.528089887640449,0.97752808988764,178
"CovidHub-ensemble","42",0.597757002208058,0.390204561513594,35.5471361808426,0.154116147257497,0.738032107742864,0.732035544266703,57.0783921373993,0.235005462727731,0.567415730337079,0.97752808988764,178
"CovidHub-ensemble","44",0.761305418937298,0.677091807822381,4.07674324965949,0.266381151161513,0.863983539877152,0.814831774455705,6.49364151423321,0.420224095548847,0.471910112359551,0.887640449438202,178
"CovidHub-ensemble","45",0.699519472199086,0.533776242787503,10.803900848321,0.248166649769151,0.847864933839994,0.810270940811672,17.2926705418148,0.386207788585394,0.471910112359551,0.910112359550562,178
"CovidHub-ensemble","46",0.765239770120821,0.752811710729255,3.14906273372919,0.317767099143328,0.844211929579173,0.849410250881333,4.89327276554996,0.512889447107177,0.460674157303371,0.926966292134832,178
"CovidHub-ensemble","47",0.672844310995542,0.490263130740393,11.9315364405574,0.149625386329674,0.868805413762052,0.792076165481104,18.8869870039036,0.225747957621833,0.640449438202247,0.966292134831461,178
"CovidHub-ensemble","48",0.723358067016583,0.503253848683006,35.7049944788508,0.153337474591216,0.880553445229966,0.824496316374796,54.9125043086391,0.228265323115578,0.595505617977528,0.98876404494382,178
"CovidHub-ensemble","49",0.766786746545254,0.625049817611448,3.20676184090844,0.293960096802462,0.877340210521506,0.808838701763474,5.14148996922689,0.464744708655889,0.51685393258427,0.960674157303371,178
"CovidHub-ensemble","50",0.832378676585864,0.86164581663847,1.81828325174564,0.322123350581659,0.900732207334375,0.902481656703748,2.92768926819224,0.525093548452989,0.415730337078652,0.938202247191011,178
"CovidHub-ensemble","51",0.583184567166856,0.388779460487908,11.5245934205298,0.191018942980459,0.813358774774486,0.756566160014776,17.511671014865,0.277547382332907,0.617977528089888,0.949438202247191,178
"CovidHub-ensemble","53",0.882709608831168,0.678194483226909,10.4736579452513,0.226547001940274,0.898883144119421,0.859743919463238,15.9860839885526,0.359891206452459,0.438202247191011,0.955056179775281,178
"CovidHub-ensemble","54",0.653357073555885,0.582329355880571,8.1375798136792,0.292353776059661,0.773697752993441,0.791179289100042,12.0753961266788,0.450659057191877,0.50561797752809,0.898876404494382,178
"CovidHub-ensemble","55",0.665966832253932,0.499126493548891,15.1731406264008,0.250339490333393,0.786607300432189,0.724353969444805,24.1456751219873,0.398778512737001,0.48314606741573,0.915730337078652,178
"CovidHub-ensemble","56",0.740489133304034,0.788701117886185,2.47585540213239,0.314133576209363,0.835825950330849,0.80303382584326,3.83446144727197,0.482340404721765,0.49438202247191,0.904494382022472,178
"CovidHub-ensemble","72",0.81464680415165,0.631042987716776,10.4720996061244,0.337721164035617,0.916239667196248,0.872767272192629,15.3725468845577,0.505059135347635,0.466292134831461,0.865168539325843,178
"Google_SAI-Ensemble","01",0.635112274030514,0.504825692270088,11.2553477427463,0.170588017530954,0.771725415606289,0.678847592411478,17.8166415662651,0.266941047842623,0.451807228915663,0.975903614457831,166
"Google_SAI-Ensemble","02",0.788453700733371,0.692478260270213,1.32128976121879,0.267892207763998,0.823223983378834,0.724140557556127,1.89093038821954,0.410448043694777,0.596385542168675,0.933734939759036,166
"Google_SAI-Ensemble","04",0.59148869877246,0.398987467833037,9.05917478846546,0.170007144112157,0.993279116946883,0.908957830789608,13.4880438420348,0.258066886094392,0.5,0.94578313253012,166
"Google_SAI-Ensemble","05",0.582823456674241,0.466607409163254,4.85788021477213,0.208890232293138,0.821453750724916,0.755148885376355,7.72265729585007,0.331660040776348,0.518072289156627,0.975903614457831,166
"Google_SAI-Ensemble","06",0.765484115336612,0.537879117110476,59.4720412992186,0.145290692742592,0.836865341221752,0.774378142243503,87.9076807228916,0.2181657076324,0.463855421686747,0.909638554216867,166
"Google_SAI-Ensemble","08",0.640524643919258,0.538981902057355,7.58359245627437,0.275517839114664,0.733969950550115,0.767424119458609,11.103999330656,0.39580795464641,0.542168674698795,0.897590361445783,166
"Google_SAI-Ensemble","09",0.77763004982788,0.631569336826803,8.35231981025552,0.231776633410262,0.766156397032659,0.796700856467163,12.7414491298527,0.358989966546237,0.5,0.939759036144578,166
"Google_SAI-Ensemble","10",0.688702993442345,0.642791120545471,2.41028037301379,0.249831513284844,0.777518909017532,0.752177106947989,3.65180722891566,0.387770463999982,0.518072289156627,0.94578313253012,166
"Google_SAI-Ensemble","11",0.979335363763489,0.78651788686105,2.36396793911152,0.299990543190828,0.96756166467589,0.850959296474834,3.7630187416332,0.473502054002903,0.463855421686747,0.939759036144578,166
"Google_SAI-Ensemble","12",0.741019945382045,0.534186696899679,40.4923476356513,0.149905299556348,1.1735318513733,1.14342410970635,67.0348644578313,0.246863118775373,0.355421686746988,0.993975903614458,166
"Google_SAI-Ensemble","13",0.499545848958389,0.3720730867027,11.2660546384087,0.152430291450199,Inf,Inf,17.6583668005355,0.237041647110725,0.566265060240964,0.993975903614458,166
"Google_SAI-Ensemble","15",1.04024220017837,0.927508787277185,2.99351756638874,0.352118687404429,1.27941006807884,1.1894296202952,4.70515394912985,0.54716717130876,0.433734939759036,0.873493975903614,166
"Google_SAI-Ensemble","16",0.685601090271569,0.608265062714459,3.10318149114574,0.350322130608523,0.80142387306259,0.764651562685663,4.83700635876841,0.545004160871885,0.427710843373494,0.903614457831325,166
"Google_SAI-Ensemble","17",0.456056191355063,0.331008709439732,25.2131281880784,0.185407563701895,0.67001523336793,0.693870196610582,38.2398343373494,0.277219703394582,0.512048192771084,0.933734939759036,166
"Google_SAI-Ensemble","18",0.490411504508233,0.399923925327637,13.3457480826203,0.186296732256014,0.640118399172757,0.659416522403553,21.5072205488621,0.286607826065625,0.469879518072289,0.969879518072289,166
"Google_SAI-Ensemble","19",0.521102326537773,0.416044737805011,5.42993272957773,0.210600265820945,Inf,Inf,8.58893072289157,0.314288287384845,0.572289156626506,0.963855421686747,166
"Google_SAI-Ensemble","20",0.554288526383971,0.535786030114,5.61997053994965,0.247399645844504,0.747999765454173,0.749289747476204,8.67884036144578,0.365020688925359,0.58433734939759,0.939759036144578,166
"Google_SAI-Ensemble","21",0.497979954958063,0.38772463985942,8.06417790040597,0.17554986720479,0.801259063933103,0.748496656673083,12.4944611780455,0.264300798958596,0.58433734939759,0.963855421686747,166
"Google_SAI-Ensemble","22",0.692259764988952,0.545673175347091,9.40061787865229,0.192521124956043,0.878477697323217,0.8669329248715,14.168406961178,0.288673242059676,0.530120481927711,0.91566265060241,166
"Google_SAI-Ensemble","23",0.737597992002898,0.804162600665776,3.02370192800186,0.382730551230929,0.765626996055281,0.833011754836449,4.64693775100402,0.603525787109111,0.379518072289157,0.837349397590361,166
"Google_SAI-Ensemble","24",0.683967659270958,0.550133745220584,8.48634233259124,0.289562909413322,0.846754727688088,0.835070877706094,12.8721636546185,0.432932592223719,0.41566265060241,0.91566265060241,166
"Google_SAI-Ensemble","25",0.506285975537047,0.402530905910475,10.6815103230313,0.197736726495424,0.641040455478645,0.672978498428943,16.9482597054886,0.300212492023426,0.487951807228916,0.975903614457831,166
"Google_SAI-Ensemble","26",0.513087205066781,0.379203725282322,24.3282107959374,0.255042518550563,0.700391939994511,0.701589244371673,36.5517151941098,0.37509911651357,0.481927710843373,0.891566265060241,166
"Google_SAI-Ensemble","27",0.540728300323924,0.435690216801972,8.3518321097797,0.219036792008207,0.736556838516578,0.765593726015879,13.069921352075,0.33384668837961,0.542168674698795,0.927710843373494,166
"Google_SAI-Ensemble","28",0.616022316015253,0.471999359197276,5.12384355785461,0.156398807546568,0.688670171687564,0.660958986625645,7.77776941097724,0.237136138883586,0.55421686746988,0.993975903614458,166
"Google_SAI-Ensemble","29",0.59030568342942,0.445704282199518,14.3659053770153,0.227298861233563,Inf,Inf,21.8044009370817,0.350717621636843,0.439759036144578,0.933734939759036,166
"Google_SAI-Ensemble","30",0.727674904497534,0.717127112474438,3.32332717627757,0.371611870901138,0.79247467819628,0.760213443002495,5.16954484605087,0.57679146357728,0.397590361445783,0.891566265060241,166
"Google_SAI-Ensemble","31",0.604330762595655,0.585570861863381,4.44732046326611,0.294724659654074,0.840983140440494,0.830895134851213,6.96377175368139,0.47141734965158,0.439759036144578,0.94578313253012,166
"Google_SAI-Ensemble","32",0.826176553581227,0.64072872244357,4.12087577181916,0.250216625837314,0.915695942202795,0.839439896754959,6.34328982597055,0.395314770803569,0.451807228915663,0.94578313253012,166
"Google_SAI-Ensemble","33",0.815478465530634,0.701955335209325,4.58406252651912,0.304408614227417,0.819565079139634,0.788663969189294,7.10601572958501,0.481408419886866,0.439759036144578,0.891566265060241,166
"Google_SAI-Ensemble","34",0.694001454543027,0.554204318479225,16.0122765645917,0.158320427908091,0.805558471452037,0.835119825728452,24.9114123159304,0.24134170665817,0.493975903614458,0.94578313253012,166
"Google_SAI-Ensemble","35",0.707200204483776,0.667926195886874,3.63783621249491,0.259158822548905,0.809829129090494,0.810817796734585,5.52623828647925,0.376836394903659,0.512048192771084,0.951807228915663,166
"Google_SAI-Ensemble","36",0.725963230849774,0.537282660935839,27.0034564402538,0.149252688726671,0.870185013450997,0.885243157180655,43.3715277777778,0.245063282205751,0.403614457831325,0.981927710843373,166
"Google_SAI-Ensemble","37",0.710564128907041,0.550082820043643,17.8184984966678,0.155142741788861,0.995377260266518,1.01197548024029,28.6067269076305,0.242018030237748,0.439759036144578,0.987951807228916,166
"Google_SAI-Ensemble","38",0.735585023073148,0.921673143449945,3.39719525620598,0.327557795023978,0.893859792130417,0.919096233500695,5.2743641231593,0.518615275071536,0.391566265060241,0.897590361445783,166
"Google_SAI-Ensemble","39",0.494940546608295,0.471173688966499,25.587005364356,0.272476668970057,0.634840985018563,0.803326535862111,37.8548862115127,0.377098081155629,0.5,0.939759036144578,166
"Google_SAI-Ensemble","40",0.682199855543293,0.548765064801461,13.9267147292794,0.291100084491256,0.891556962137522,0.809612745560742,20.844093038822,0.439622981186601,0.433734939759036,0.873493975903614,166
"Google_SAI-Ensemble","41",0.919077737923123,0.621195441193652,4.59780838076945,0.265069505870609,0.961864642845527,0.846953635963748,6.98765060240964,0.404020595569797,0.530120481927711,0.939759036144578,166
"Google_SAI-Ensemble","42",0.498046669697793,0.338701543058733,29.2284942293449,0.141235790188591,0.611205879257747,0.641849372963996,46.441281793842,0.217852481092969,0.475903614457831,0.969879518072289,166
"Google_SAI-Ensemble","44",0.67680691692349,0.664332507701882,3.06552305777458,0.248405370151659,0.755313072570009,0.781113968866684,4.72868139223561,0.381039458257081,0.536144578313253,0.921686746987952,166
"Google_SAI-Ensemble","45",0.663530275345045,0.529470856826948,10.2276822443761,0.241762283873044,0.818172272406497,0.818971386804403,15.9131944444444,0.367086257354193,0.421686746987952,0.91566265060241,166
"Google_SAI-Ensemble","46",0.749642809098861,0.784849689148838,2.89979048825738,0.325408540683244,0.854615997623741,0.900933348047262,4.56887550200803,0.516605195448214,0.439759036144578,0.897590361445783,166
"Google_SAI-Ensemble","47",0.600772094860284,0.483623085678691,9.72544720567051,0.140026076868786,0.752101745673611,0.781837458392047,14.8578145917001,0.211659728646507,0.55421686746988,0.969879518072289,166
"Google_SAI-Ensemble","48",0.627843696665322,0.45456592701742,34.5557853899657,0.15019155895381,0.694395986320401,0.689594112154353,52.6921184738956,0.225308908236066,0.542168674698795,0.993975903614458,166
"Google_SAI-Ensemble","49",0.798140552124905,0.653322790349973,3.316805391348,0.309720386220745,1.02584591188821,0.983538823578925,4.86638219544846,0.472382919160598,0.469879518072289,0.933734939759036,166
"Google_SAI-Ensemble","50",0.823527477254977,0.870423153436284,1.7632230292547,0.344525621627612,0.872509602995864,0.900496546048027,2.7680890227577,0.550183632998882,0.41566265060241,0.897590361445783,166
"Google_SAI-Ensemble","51",0.539833469253899,0.370429222725507,10.7061731491182,0.186414803527199,0.717600848739119,0.681839293462024,16.8253848728246,0.277090973635117,0.5,0.963855421686747,166
"Google_SAI-Ensemble","53",1.05357618249617,0.814173300665286,11.3142888009284,0.241259837533691,1.01763370967073,0.981359496448973,16.8643825301205,0.373844676185959,0.379518072289157,0.921686746987952,166
"Google_SAI-Ensemble","54",0.584918822492967,0.533674176920823,6.77469677347069,0.273189306427498,0.710707289563142,0.712699486700731,10.4427710843374,0.412961753317117,0.518072289156627,0.903614457831325,166
"Google_SAI-Ensemble","55",0.646004087293064,0.503231468244757,14.0549143744907,0.253133523716432,0.767874108664456,0.737564372494236,22.1762382864793,0.400313338766495,0.427710843373494,0.927710843373494,166
"Google_SAI-Ensemble","56",0.76495379233085,0.813335961539311,2.40812119790757,0.314542037772949,0.870601825727535,0.839149047534524,3.68517402945114,0.480199679106038,0.481927710843373,0.897590361445783,166
"Google_SAI-Ensemble","72",0.800774400356649,0.629414685035577,10.7437396178919,0.347430155702716,0.847189029174259,0.807844735603445,15.9506358768407,0.51968006002467,0.391566265060241,0.903614457831325,166
"NEU_ISI-AdaptiveEnsemble","01",0.623813927969379,0.507494701218226,12.1131373517787,0.145545505118739,0.694214495864301,0.648728283412177,17.6363636363636,0.216952518807434,0.465909090909091,0.829545454545455,88
"NEU_ISI-AdaptiveEnsemble","02",1.16748925721622,1.13110679140475,2.3944944388271,0.399187574609212,1.08281499590053,1.01992246492323,3.47674418604651,0.577055782413387,0.348837209302326,0.732558139534884,86
"NEU_ISI-AdaptiveEnsemble","04",0.887416166022469,0.54402285233754,19.7175275794938,0.241127888866383,1.58203389662128,1.29985409345921,32.1194029850746,0.407920808850972,0.492537313432836,1,67
"NEU_ISI-AdaptiveEnsemble","05",0.59536502400671,0.471743656866593,7.64725400457666,0.186409501061675,0.760934353765343,0.677370640934924,11.7263157894737,0.280554402108462,0.4,0.842105263157895,95
"NEU_ISI-AdaptiveEnsemble","06",1.24695784891647,0.827764875844905,82.5373964803313,0.202336788702346,1.32589945650883,1.24644200052742,109.083333333333,0.298276320891468,0.428571428571429,0.892857142857143,84
"NEU_ISI-AdaptiveEnsemble","08",0.81333266986924,0.632310159806222,14.2121422101449,0.317299594928571,0.930407052017559,0.897881763566015,21.0833333333333,0.444671973977383,0.395833333333333,0.729166666666667,96
"NEU_ISI-AdaptiveEnsemble","09",0.966274456955474,0.749315950397509,15.038543983822,0.248289657580591,0.83321027629312,0.823789856082787,20.906976744186,0.339890208455477,0.290697674418605,0.767441860465116,86
"NEU_ISI-AdaptiveEnsemble","10",1.16201986712577,1.04423391985055,4.98736061381074,0.262375561583652,1.27152942031061,1.1723738533106,7.29411764705882,0.36621532016104,0.470588235294118,0.729411764705882,85
"NEU_ISI-AdaptiveEnsemble","11",1.13803279638106,0.98235138843369,3.81380051150895,0.33314831142207,0.98076593783231,0.951630755947534,5.30588235294118,0.469367694697019,0.341176470588235,0.694117647058824,85
"NEU_ISI-AdaptiveEnsemble","12",0.717858910463593,0.497502728501569,33.9835466536395,0.146127342566174,1.1123973366505,1.04588156629017,52.4269662921348,0.226749085206448,0.471910112359551,0.921348314606742,89
"NEU_ISI-AdaptiveEnsemble","13",0.526072140977886,0.376267297931508,17.157803500847,0.170189070916435,Inf,Inf,25.5194805194805,0.25264050386016,0.467532467532468,0.818181818181818,77
"NEU_ISI-AdaptiveEnsemble","15",0.885030617462117,0.880440996344244,2.68419216317767,0.334318694706855,0.933251729132829,0.934003070642011,3.55555555555556,0.438251218977984,0.407407407407407,0.641975308641975,81
"NEU_ISI-AdaptiveEnsemble","16",0.894129983988159,0.739181636187671,4.6246547314578,0.294949731102746,0.917846604949997,0.849117679008035,6.67058823529412,0.432191399770168,0.341176470588235,0.729411764705882,85
"NEU_ISI-AdaptiveEnsemble","17",0.457821701624464,0.277928577619544,61.4383434782609,0.176069852087317,0.702915059464509,0.596375611990379,96.89,0.270595593624747,0.36,0.83,100
"NEU_ISI-AdaptiveEnsemble","18",0.482256219555264,0.361758270549476,26.5679652173913,0.163670665581657,0.603194499925423,0.567914798291422,40.67,0.245173684534388,0.35,0.77,100
"NEU_ISI-AdaptiveEnsemble","19",0.609488105984043,0.491040350866895,11.7443,0.246836237569736,NA,NA,17.94,0.360756173899821,0.31,0.76,100
"NEU_ISI-AdaptiveEnsemble","20",0.732470084620659,0.639654373857197,13.0753759057971,0.288210149424831,0.982159628577479,0.845662893491765,21.3541666666667,0.419533750047484,0.229166666666667,0.760416666666667,96
"NEU_ISI-AdaptiveEnsemble","21",0.543095093696443,0.405370834467397,12.333069828722,0.149137522414581,0.872180301402389,0.791071315409273,18.3939393939394,0.228552105681445,0.464646464646465,0.868686868686869,99
"NEU_ISI-AdaptiveEnsemble","22",0.92088007530699,0.664765722571994,11.069105156724,0.206716912545818,1.15379369375042,1.0601768235046,15.2790697674419,0.291504906885185,0.488372093023256,0.767441860465116,86
"NEU_ISI-AdaptiveEnsemble","23",0.825435100628578,0.774210328796467,5.69877422734416,0.305886595160165,0.788913948520303,0.764734328198142,8.03614457831325,0.45245167392983,0.313253012048193,0.831325301204819,83
"NEU_ISI-AdaptiveEnsemble","24",0.706971471931947,0.522114055793025,17.7078780012979,0.336015039918587,0.817221304634132,0.741868525389372,27.2388059701493,0.474052602162104,0.417910447761194,0.805970149253731,67
"NEU_ISI-AdaptiveEnsemble","25",0.78465941165058,0.584170229590983,27.0665608695652,0.238455793348706,0.900514340057856,0.896815789647149,42.06,0.358140868949474,0.24,0.69,100
"NEU_ISI-AdaptiveEnsemble","26",0.592347973726825,0.398397517267709,47.5499624261943,0.215060132315928,0.805008366182212,0.701548604456902,74.1234567901235,0.312225920596733,0.222222222222222,0.691358024691358,81
"NEU_ISI-AdaptiveEnsemble","27",0.795172182510162,0.585414566518128,20.5986068256194,0.24510804611431,0.908951026909129,0.851006499159266,31.6559139784946,0.343247837168328,0.451612903225806,0.795698924731183,93
"NEU_ISI-AdaptiveEnsemble","28",0.740577127130948,0.550244936223858,9.64556238185255,0.177981479895686,0.871615615797699,0.815581724135926,14.2608695652174,0.266580010963315,0.391304347826087,0.815217391304348,92
"NEU_ISI-AdaptiveEnsemble","29",0.608324436701391,0.408150614740508,24.4388516068053,0.183971304139343,Inf,Inf,36.554347826087,0.28614648577697,0.369565217391304,0.869565217391304,92
"NEU_ISI-AdaptiveEnsemble","30",1.00396638221223,1.00193903510791,6.13183730715287,0.341039276774667,0.9637925221957,0.950119223280636,8.53763440860215,0.48501779774037,0.258064516129032,0.666666666666667,93
"NEU_ISI-AdaptiveEnsemble","31",0.687948589362816,0.599710211893997,7.37995746691871,0.253432921918004,0.920364562369786,0.83806884049122,10.6847826086957,0.37639671141744,0.402173913043478,0.83695652173913,92
"NEU_ISI-AdaptiveEnsemble","32",1.01176879836699,0.830089387781817,4.97911640953717,0.278317779469691,1.07697996808785,1.02259729033412,7.33333333333333,0.417156551150122,0.311827956989247,0.763440860215054,93
"NEU_ISI-AdaptiveEnsemble","33",0.89092016677196,0.763690771977905,7.13480130902291,0.285650837129423,0.77642998044206,0.734320318335227,9.97849462365591,0.39897204114642,0.279569892473118,0.655913978494624,93
"NEU_ISI-AdaptiveEnsemble","34",1.01113371924246,0.774722623320748,33.7283843873518,0.204259015801208,1.09271912552566,1.08622649485542,50.6022727272727,0.304538132291449,0.465909090909091,0.784090909090909,88
"NEU_ISI-AdaptiveEnsemble","35",0.858212744474239,0.862163714237813,6.37889668069191,0.299679950040438,0.900212709644056,0.937243330529096,9.06451612903226,0.40255560139593,0.376344086021505,0.795698924731183,93
"NEU_ISI-AdaptiveEnsemble","36",0.991999508529756,0.663769392995746,56.4299044433827,0.167173795842217,1.05419798076059,0.964286470539595,81.3956043956044,0.244225903500287,0.461538461538462,0.89010989010989,91
"NEU_ISI-AdaptiveEnsemble","37",1.10103491467863,0.792669601006835,27.2840372670807,0.171519347169156,1.34507730410845,1.30851731416993,39.5934065934066,0.250801974378115,0.406593406593407,0.78021978021978,91
"NEU_ISI-AdaptiveEnsemble","38",0.853455867945677,1.02836203142344,6.22615728900256,0.250866979859981,0.978109472081938,0.900956366048155,9.25,0.361450510824207,0.338235294117647,0.764705882352941,68
"NEU_ISI-AdaptiveEnsemble","39",0.656070522293432,0.542395926001964,65.9243391304348,0.36385745720938,0.839616574543951,0.841592143396943,112.74,0.490034848505369,0.27,0.74,100
"NEU_ISI-AdaptiveEnsemble","40",0.634463144241988,0.519107806606519,19.6223887468031,0.28593303260354,0.733735440287876,0.65838412747796,27.1764705882353,0.387758725942885,0.282352941176471,0.635294117647059,85
"NEU_ISI-AdaptiveEnsemble","41",0.848002046820571,0.666636261547013,4.51104885701479,0.245183917384469,0.91888549170901,0.915995368029555,6.92783505154639,0.367972847358994,0.402061855670103,0.793814432989691,97
"NEU_ISI-AdaptiveEnsemble","42",0.714871864385315,0.445145985664447,60.0377434782609,0.142222244258282,0.802959763570583,0.769707979617642,91.5,0.211445244899527,0.46,0.84,100
"NEU_ISI-AdaptiveEnsemble","44",0.872722720887741,0.75476259031627,6.32642608695652,0.215647790245394,0.902383940788443,0.829971153621881,10.03,0.32808550672551,0.41,0.79,100
"NEU_ISI-AdaptiveEnsemble","45",0.864278603232723,0.66890006465436,17.1007989130435,0.291235882863017,1.2019643155543,1.14360872097271,25.3375,0.412872048506006,0.3125,0.675,80
"NEU_ISI-AdaptiveEnsemble","46",0.869034441231264,0.772557024381404,5.35576086956522,0.266639234288747,0.920056719660948,0.819539686825393,8.1195652173913,0.398583171405915,0.423913043478261,0.728260869565217,92
"NEU_ISI-AdaptiveEnsemble","47",0.671379739468093,0.49681617995537,17.8880412371134,0.153169801322719,0.800862237443771,0.746457638028244,27.0721649484536,0.231933960332335,0.474226804123711,0.835051546391753,97
"NEU_ISI-AdaptiveEnsemble","48",0.719325088884811,0.512397915259691,40.559247311828,0.15363377457924,0.872614075844586,0.844945421398385,61.3118279569892,0.233683721285395,0.537634408602151,0.924731182795699,93
"NEU_ISI-AdaptiveEnsemble","49",1.12661819410569,0.851698717825548,6.12246376811594,0.453300471321287,1.18028447925547,0.991418926588257,8.92307692307692,0.629813806440671,0.397435897435897,0.730769230769231,78
"NEU_ISI-AdaptiveEnsemble","50",1.04113241248661,1.06149649916583,3.28961823966066,0.338768391142962,0.951839922130157,0.944949613887631,4.63414634146341,0.469887142125796,0.195121951219512,0.695121951219512,82
"NEU_ISI-AdaptiveEnsemble","51",0.620341215389819,0.416916057566379,19.2643618513324,0.191664673873287,0.804806420479068,0.760019259896821,27.7956989247312,0.269324409828954,0.473118279569892,0.795698924731183,93
"NEU_ISI-AdaptiveEnsemble","53",0.784426343705148,0.60369962778577,14.2096704805492,0.216221583711803,0.66604542856768,0.630657048296653,19.8,0.31573838739316,0.452631578947368,0.831578947368421,95
"NEU_ISI-AdaptiveEnsemble","54",0.733685047965895,0.583145001695625,14.7532336956522,0.227531203425115,0.871002622012532,0.775709511811504,22.15625,0.33964424607643,0.239583333333333,0.6875,96
"NEU_ISI-AdaptiveEnsemble","55",0.700667383697261,0.581091516484528,21.9217913043478,0.210602816889036,0.697837857346817,0.694526328678123,32.14,0.289111104173345,0.39,0.69,100
"NEU_ISI-AdaptiveEnsemble","56",0.83053903105782,0.941850134033319,3.68472463768116,0.330466763733664,0.873845988459847,0.912705660653777,5.4,0.487004619469925,0.366666666666667,0.744444444444444,90
"OHT_JHU-nbxd","01",0.830604154650319,0.655181627857007,13.6256577918906,0.2113863392008,1.00146153939109,0.87669168394372,20.588595505618,0.31176202242096,0.438202247191011,0.932584269662921,178
"OHT_JHU-nbxd","02",1.03009999221164,0.917151294010127,1.69059115779189,0.336464428314671,0.943129679697475,0.782372428558593,2.36904494382022,0.454944806679862,0.196629213483146,0.52247191011236,178
"OHT_JHU-nbxd","04",0.831463055792469,0.556139610643599,13.0845424279433,0.229318518289352,1.50866253333741,1.33027376469449,19.9958426966292,0.347574088730564,0.314606741573034,0.803370786516854,178
"OHT_JHU-nbxd","05",0.658883808498388,0.488456295433392,6.48142518319492,0.243365723157526,0.857134984461922,0.740916983340184,9.60415730337079,0.36766910934775,0.342696629213483,0.758426966292135,178
"OHT_JHU-nbxd","06",1.71038140957011,1.07181075348492,120.325242989741,0.265780493150463,1.84766118558846,1.54463026038544,166.913820224719,0.383406626566785,0.342696629213483,0.730337078651685,178
"OHT_JHU-nbxd","08",0.981761382139226,0.816392767317092,11.2314578407426,0.383541800301068,1.06566844953282,1.08819575947792,16.1952247191011,0.525009312985781,0.297752808988764,0.623595505617977,178
"OHT_JHU-nbxd","09",1.02363491514087,0.845375242148906,12.9472417928676,0.347652805953417,0.916601564210287,0.965062286941909,18.0860674157303,0.491838965464601,0.258426966292135,0.623595505617977,178
"OHT_JHU-nbxd","10",1.19649059399249,1.12973209570465,4.64077056668295,0.412547778584007,1.23733474586177,1.16617440933105,6.44443820224719,0.547654421067074,0.241573033707865,0.561797752808989,178
"OHT_JHU-nbxd","11",1.48725769730096,1.20921729466226,3.6022731802638,0.445429837141994,1.19041963795463,1.05089273035201,4.78831460674157,0.583084706713134,0.157303370786517,0.50561797752809,178
"OHT_JHU-nbxd","12",1.39631341470717,0.806096294513019,79.2097832193454,0.247286784070483,2.06986764413619,1.62837142279101,118.94191011236,0.373253873066751,0.308988764044944,0.752808988764045,178
"OHT_JHU-nbxd","13",0.762810417486843,0.497209629237799,18.4428693453835,0.206626901393679,Inf,Inf,29.3047752808989,0.325792823541072,0.303370786516854,0.825842696629214,178
"OHT_JHU-nbxd","15",2.01585691307694,1.51915089704399,6.18601189545677,0.597827264713763,1.96457837138829,1.51370140297147,7.66691011235955,0.752087184813107,0.0842696629213483,0.308988764044944,178
"OHT_JHU-nbxd","16",0.716692103851833,0.635953680356708,4.04966426477772,0.456618824412531,0.751143447658099,0.695970157215657,5.68494382022472,0.605563746981141,0.202247191011236,0.584269662921348,178
"OHT_JHU-nbxd","17",0.670009514311669,0.544563985828066,41.5337707620909,0.352097120882463,1.01368369187807,1.16596554819817,63.5404494382022,0.524975763465562,0.224719101123595,0.679775280898876,178
"OHT_JHU-nbxd","18",0.764279494199632,0.654086321748607,25.5388133121641,0.369844918587019,0.931591697574735,1.01692475112608,38.8240449438202,0.53844072669818,0.207865168539326,0.629213483146067,178
"OHT_JHU-nbxd","19",0.685711977830303,0.6295980284152,8.33350671714704,0.387494249673428,Inf,Inf,12.728595505618,0.553633414920662,0.191011235955056,0.623595505617977,178
"OHT_JHU-nbxd","20",0.748555619513602,0.703244177854576,9.7415524914509,0.381400150253311,0.956386793179711,0.931627801146298,14.0125280898876,0.531187474582733,0.275280898876405,0.634831460674157,178
"OHT_JHU-nbxd","21",0.581765155404926,0.464396051870483,11.3913120175867,0.263050414764161,0.953969608391586,0.907929127332154,17.8942696629213,0.403540374989083,0.280898876404494,0.775280898876405,178
"OHT_JHU-nbxd","22",1.23037948432703,0.862930863783588,17.1448843917929,0.304882422812669,1.59904579980086,1.39080084120864,24.6026966292135,0.434385549395626,0.331460674157303,0.657303370786517,178
"OHT_JHU-nbxd","23",0.915350490985493,1.05262415359491,4.22812276502198,0.544570567280593,0.846441048675929,0.945689328933864,5.55106741573034,0.694248697545757,0.134831460674157,0.404494382022472,178
"OHT_JHU-nbxd","24",1.12036164826524,0.849487337798073,13.8263193209575,0.444958678259903,1.26444914584973,1.16316774042306,19.7749438202247,0.599560996492541,0.213483146067416,0.556179775280899,178
"OHT_JHU-nbxd","25",0.848184844315389,0.627603545991411,19.9949697361993,0.319731536526608,0.927533987549686,0.928797856078092,29.8398314606742,0.463043551337219,0.286516853932584,0.707865168539326,178
"OHT_JHU-nbxd","26",0.766401655019396,0.626733252630931,37.0446603077675,0.442687174344859,1.03506303159859,1.13691870740081,54.0649438202247,0.617661365543103,0.202247191011236,0.601123595505618,178
"OHT_JHU-nbxd","27",0.946892919576512,0.762066651024095,15.2719063507572,0.387238951019607,1.09631778604456,1.13063342292394,23.3457865168539,0.549397454828345,0.191011235955056,0.640449438202247,178
"OHT_JHU-nbxd","28",0.71259109697942,0.493789302047945,6.58157633121641,0.16925350225579,0.754466301130848,0.653045411223257,10.3723033707865,0.265664938419736,0.438202247191011,0.887640449438202,178
"OHT_JHU-nbxd","29",0.753843818138709,0.667124872362228,19.8581242794333,0.359439729079814,Inf,Inf,28.5481460674157,0.526697946516732,0.235955056179775,0.657303370786517,178
"OHT_JHU-nbxd","30",0.933344957760867,0.884211474481714,4.85802310698583,0.495475614753912,0.896685703300737,0.789672440997933,6.73101123595506,0.641304049189939,0.213483146067416,0.528089887640449,178
"OHT_JHU-nbxd","31",0.890618026684396,0.933818328177492,6.17152344894968,0.449564921693584,1.11395801146976,1.12357651036689,8.99252808988764,0.605948403414792,0.202247191011236,0.550561797752809,178
"OHT_JHU-nbxd","32",1.34239769297322,0.973396948263299,6.72336336101612,0.369681045205843,1.35375603935047,1.12166623978999,9.29629213483146,0.511138474953093,0.213483146067416,0.584269662921348,178
"OHT_JHU-nbxd","33",1.02042731803629,1.07063759766999,5.58074833903273,0.436555430374095,0.855042467996336,0.969003111722522,7.68247191011236,0.579633876880805,0.207865168539326,0.567415730337079,178
"OHT_JHU-nbxd","34",1.10774719459426,0.799215481307526,27.1916468246214,0.233840904289846,1.17303550384094,1.12953044469562,41.2584831460674,0.356144195267614,0.297752808988764,0.780898876404494,178
"OHT_JHU-nbxd","35",1.17778617546848,0.97810927882996,6.61190324865657,0.361651347383891,1.22955918930428,1.0663989315139,9.6676404494382,0.497270501909161,0.264044943820225,0.691011235955056,178
"OHT_JHU-nbxd","36",1.12199041186893,0.695953541845476,39.5215751831949,0.166183787036152,1.24938652803802,1.07076465699093,61.1024719101124,0.26057448648412,0.455056179775281,0.904494382022472,178
"OHT_JHU-nbxd","37",1.22383848707996,0.783375386836522,33.2332722520762,0.22826217607787,1.61127748677409,1.37829896996712,51.4690449438202,0.350201300159761,0.337078651685393,0.786516853932584,178
"OHT_JHU-nbxd","38",0.892527392746152,1.25591804767272,5.03486253053249,0.525206945830384,0.947465969658192,1.02366610733994,6.93758426966292,0.687795180451381,0.129213483146067,0.438202247191011,178
"OHT_JHU-nbxd","39",0.751700463863577,0.711325860577761,45.3593024181729,0.473914844305031,0.894319604802924,1.10579051017953,67.7613483146067,0.638495448476277,0.230337078651685,0.629213483146067,178
"OHT_JHU-nbxd","40",0.826623433501093,0.69126326729661,17.6199311431363,0.405831934362938,0.987804251021454,0.924359457849096,24.3502808988764,0.564433458928952,0.207865168539326,0.550561797752809,178
"OHT_JHU-nbxd","41",1.93557642538927,1.1167094277,9.79768141182218,0.428140799108015,1.71124823981287,1.2922081434482,13.3961235955056,0.603180837605553,0.196629213483146,0.539325842696629,178
"OHT_JHU-nbxd","42",0.669142928983943,0.506090561586201,45.1991597215437,0.253306161317799,0.781256800965251,0.911490445209963,71.0125280898876,0.387499775934925,0.320224719101124,0.825842696629214,178
"OHT_JHU-nbxd","44",0.982628736065138,0.867547457888275,5.80219066927211,0.387165937559099,0.943634120106338,0.878041626339893,8.18134831460674,0.5234007750048,0.230337078651685,0.573033707865168,178
"OHT_JHU-nbxd","45",1.18704459279744,0.835956105417076,17.8100722520762,0.368301515137023,1.41031939513262,1.2429312192799,25.6703370786517,0.51463660969023,0.258426966292135,0.584269662921348,178
"OHT_JHU-nbxd","46",0.899974287273954,1.0011969636423,3.7305018075232,0.478404819025976,0.901620263408635,0.946532296407122,5.35601123595506,0.62112873557045,0.179775280898876,0.539325842696629,178
"OHT_JHU-nbxd","47",0.801581284755231,0.555425963599372,16.5937243771373,0.196140143510391,0.933750336192735,0.847653033600825,24.7568539325843,0.298159252445268,0.404494382022472,0.820224719101124,178
"OHT_JHU-nbxd","48",1.14365707016709,0.658136845192918,68.5062702979971,0.229762290538901,1.40366769189506,1.12453685772446,101.725617977528,0.349399275659949,0.297752808988764,0.786516853932584,178
"OHT_JHU-nbxd","49",1.20917240581511,0.975729959303939,4.75390256472887,0.414686396100476,1.49468978826574,1.35120399082386,6.59943820224719,0.55652098066089,0.157303370786517,0.48314606741573,178
"OHT_JHU-nbxd","50",1.08009000638675,1.20215495036285,2.61430906204201,0.503264945405364,0.944505313362166,0.973505102149652,3.46325842696629,0.629942364013129,0.162921348314607,0.432584269662921,178
"OHT_JHU-nbxd","51",0.831138998864137,0.549424601015643,15.5472322667318,0.261846604762045,1.24047848456718,1.18495324163826,23.6392134831461,0.396017674082723,0.308988764044944,0.752808988764045,178
"OHT_JHU-nbxd","53",1.76798841168984,1.2429809998522,18.0560086223742,0.325446792863806,1.55130059152435,1.35185694585828,24.8186516853933,0.463962769214176,0.241573033707865,0.657303370786517,178
"OHT_JHU-nbxd","54",0.98916820419132,1.12681111701135,11.4744464826575,0.552050070532547,1.06295039822779,1.35169711311856,15.4198876404494,0.722992701066448,0.224719101123595,0.48314606741573,178
"OHT_JHU-nbxd","55",0.955336338910016,0.860357302746855,19.6944586956522,0.435192970419442,1.00250774122051,1.07987749086915,29.5569101123595,0.600059458868874,0.241573033707865,0.629213483146067,178
"OHT_JHU-nbxd","56",0.857679980918349,0.996478437332916,3.3927427210552,0.467617016316185,0.833478426573292,0.861109029589439,4.57157303370786,0.606476024323566,0.185393258426966,0.48314606741573,178
"OHT_JHU-nbxd","72",1.43661853049029,1.1326859355162,18.5457024425989,0.600228135087514,1.43441812268588,1.36615485381955,23.9761797752809,0.78178785857569,0.140449438202247,0.398876404494382,178
"UGA_flucast-INFLAenza","01",0.666772884514705,0.609671114609523,12.967736661299,0.251277811882356,0.740071101509013,0.732914566787133,17.5740740740741,0.322822166014363,0.635802469135803,0.944444444444444,162
"UGA_flucast-INFLAenza","02",0.665567033711906,0.629170239669488,1.13894953032743,0.244852834784318,0.718558171474795,0.646550670017141,1.79012345679012,0.385892678282531,0.709876543209877,1,162
"UGA_flucast-INFLAenza","04",0.589559496148074,0.404411632220239,8.23822355072464,0.149395692190472,0.999255957613438,0.91322990422915,13.3888888888889,0.242647964968933,0.475308641975309,0.975308641975309,162
"UGA_flucast-INFLAenza","05",0.549844483459239,0.423479646529845,5.21310207997853,0.194264731119749,0.736930843421909,0.669546513219738,7.87037037037037,0.30575711971046,0.537037037037037,0.925925925925926,162
"UGA_flucast-INFLAenza","06",0.734995514654195,0.556929544369903,47.2571996242619,0.138678520370198,0.882111470484509,0.878299810753517,74.891975308642,0.224106622285199,0.506172839506173,0.95679012345679,162
"UGA_flucast-INFLAenza","08",0.738100758377423,0.615796445736391,7.93939433709071,0.260109641241693,0.890858037620516,0.914625040749069,12.1111111111111,0.380497060244568,0.41358024691358,0.876543209876543,162
"UGA_flucast-INFLAenza","09",0.863141581066934,0.70560363249406,10.224115257649,0.25425372177223,0.809931818433687,0.858007758501433,15.3333333333333,0.393891200535306,0.419753086419753,0.925925925925926,162
"UGA_flucast-INFLAenza","10",0.735185241862385,0.660336500077705,3.12246178207193,0.254972969426164,0.872113184823959,0.794667578205848,4.91049382716049,0.401936482517663,0.574074074074074,0.932098765432099,162
"UGA_flucast-INFLAenza","11",0.942033839903499,0.762909248946246,2.6246788647343,0.307237897678342,0.879878515178739,0.788134791203036,4.02469135802469,0.471249992028924,0.475308641975309,0.888888888888889,162
"UGA_flucast-INFLAenza","12",0.640843955151914,0.469148420172397,33.7535061594203,0.144547128225888,0.910476298319526,0.903836967555637,55.6666666666667,0.235630376826828,0.512345679012346,0.969135802469136,162
"UGA_flucast-INFLAenza","13",0.442129843776909,0.319999296005731,10.4371573403113,0.139128088172357,NA,NA,16.9938271604938,0.22634257571616,0.512345679012346,0.975308641975309,162
"UGA_flucast-INFLAenza","15",0.74626498530404,0.70985115082686,2.11285751476114,0.278658287399107,0.9266911840035,0.881823489301332,3.41358024691358,0.431677544519438,0.567901234567901,1,162
"UGA_flucast-INFLAenza","16",0.778916548740411,0.653928486783182,3.94403411164788,0.378881238709182,0.859300245613741,0.786780641863653,5.78395061728395,0.567940036251243,0.308641975308642,0.796296296296296,162
"UGA_flucast-INFLAenza","17",0.542293719804252,0.357199042508081,39.0074852522813,0.214179635871056,0.793825705734256,0.772040166514026,55.2685185185185,0.321918675921268,0.419753086419753,0.820987654320988,162
"UGA_flucast-INFLAenza","18",0.59301658625646,0.429250382989749,20.472480085883,0.2003261409653,0.781331748186402,0.732536738462655,32.8950617283951,0.318271026423937,0.401234567901235,0.895061728395062,162
"UGA_flucast-INFLAenza","19",0.700468152900421,0.537545819515448,7.42143624530327,0.228490187031304,Inf,Inf,11.5030864197531,0.354805450575038,0.469135802469136,0.864197530864197,162
"UGA_flucast-INFLAenza","20",0.632158666912633,0.540664385739087,8.10996438539989,0.261573764086162,0.771248762611201,0.724834131626203,11.4506172839506,0.387262184285975,0.475308641975309,0.864197530864197,162
"UGA_flucast-INFLAenza","21",0.453423225428741,0.331217746954193,8.65407157809984,0.156551109310352,0.721416140857399,0.637465464405742,13.7654320987654,0.247730230461498,0.5,0.932098765432099,162
"UGA_flucast-INFLAenza","22",0.689853873551272,0.552057478986977,9.99531045356951,0.214234136985377,0.861081012151263,0.866933435607982,15.1944444444444,0.332760893855873,0.419753086419753,0.864197530864197,162
"UGA_flucast-INFLAenza","23",0.680458497069418,0.691981488254988,3.10852799248524,0.301985448674864,0.768431570941747,0.796897794475637,4.97530864197531,0.504617144894413,0.54320987654321,0.950617283950617,162
"UGA_flucast-INFLAenza","24",0.806870075798193,0.618010576096591,9.45214134460547,0.282954026796738,1.00615022554504,0.95520755442321,14.4938271604938,0.429654785575731,0.314814814814815,0.827160493827161,162
"UGA_flucast-INFLAenza","25",0.630820926636445,0.46451501820935,15.9454972624799,0.22488887053133,0.79061632640233,0.79453959998932,24.7191358024691,0.352166057978124,0.364197530864198,0.901234567901235,162
"UGA_flucast-INFLAenza","26",0.580692754698915,0.397580936156,31.1549243290392,0.255460879045374,0.792266405060789,0.753148744343445,44.5895061728395,0.374973931074198,0.41358024691358,0.796296296296296,162
"UGA_flucast-INFLAenza","27",0.684524360674126,0.525055192971428,10.8839349168009,0.234839707554103,0.869309995576644,0.867226000794783,17.5524691358025,0.368359554059812,0.364197530864198,0.901234567901235,162
"UGA_flucast-INFLAenza","28",0.624245324886814,0.480010193459121,5.19135163714439,0.149853505966774,0,0,8.29938271604938,0.23908810410545,0.580246913580247,0.975308641975309,162
"UGA_flucast-INFLAenza","29",0.649449235714644,0.454094606092742,20.9403584675255,0.247664461407717,Inf,Inf,28.962962962963,0.372768581557768,0.358024691358025,0.802469135802469,162
"UGA_flucast-INFLAenza","30",0.667675903797254,0.654331532298813,3.38754040526033,0.328678097788009,0.752915797142786,0.708830676942314,5.4320987654321,0.518775751804369,0.364197530864198,0.888888888888889,162
"UGA_flucast-INFLAenza","31",0.573192377907936,0.529575696709342,5.03726434514224,0.27804750048636,0.780788487310513,0.740743921855401,7.46296296296296,0.43267699252036,0.475308641975309,0.882716049382716,162
"UGA_flucast-INFLAenza","32",0.787769282079359,0.62506464896081,3.65723572195384,0.229941416241328,0.916682279506386,0.828353006102823,5.83333333333333,0.364871444196552,0.450617283950617,0.938271604938272,162
"UGA_flucast-INFLAenza","33",0.758758112526932,0.64771148937679,4.74816818303811,0.281632851823888,0.712951284190527,0.670463318531237,7.33024691358025,0.440836281490013,0.438271604938272,0.864197530864197,162
"UGA_flucast-INFLAenza","34",0.682899695028458,0.519494052812486,16.764679777241,0.146421565035502,0.810841746733955,0.7997069687608,27.3117283950617,0.233932348113631,0.518518518518518,0.962962962962963,162
"UGA_flucast-INFLAenza","35",0.719778987794794,0.627710662140093,4.12955303274289,0.219392450783343,0.83058710022323,0.752707831871795,6.62037037037037,0.325895992603075,0.592592592592593,0.932098765432099,162
"UGA_flucast-INFLAenza","36",0.729876044784795,0.520040442637607,28.9864979334407,0.140970141563536,0.862344841740714,0.836077716954082,47.3179012345679,0.232762991345455,0.438271604938272,0.944444444444444,162
"UGA_flucast-INFLAenza","37",0.725139181941485,0.538017834263341,18.7070450751476,0.153644961562106,1.04565698364163,1.03608825234035,30.8024691358025,0.253166444298072,0.41358024691358,0.975308641975309,162
"UGA_flucast-INFLAenza","38",0.694208935632593,0.862053579504303,3.90199316961889,0.313229241763666,0.836949633429647,0.868085067766673,5.80246913580247,0.497384496279937,0.45679012345679,0.944444444444444,162
"UGA_flucast-INFLAenza","39",0.612608225934309,0.487547409902215,38.8006058105207,0.285689667131871,0.735938793308794,0.783283364841729,56.5524691358025,0.392478163314594,0.444444444444444,0.827160493827161,162
"UGA_flucast-INFLAenza","40",0.723523382339383,0.533189332714272,18.8851148819109,0.320476510035683,0.862449231723209,0.737078677668162,25.3796296296296,0.453122756681973,0.419753086419753,0.691358024691358,162
"UGA_flucast-INFLAenza","41",0.963127882424064,0.675880143533803,4.74557610037574,0.265637107239535,0.967212643559126,0.89794271169653,7.09259259259259,0.41556723254613,0.382716049382716,0.87037037037037,162
"UGA_flucast-INFLAenza","42",0.619977323013068,0.409916482050573,39.8500167606012,0.164537365017342,0.748413463235203,0.768790385554473,63.5648148148148,0.262245940776489,0.395061728395062,0.91358024691358,162
"UGA_flucast-INFLAenza","44",0.80998538320319,0.724038572068682,4.39603211218465,0.263949884901135,0.865331674273348,0.851620205497553,6.5679012345679,0.414963584957139,0.555555555555556,0.895061728395062,162
"UGA_flucast-INFLAenza","45",0.690416976469058,0.52706764848293,10.6103146269458,0.236816996874401,0.833656624266323,0.804377131692164,16.2530864197531,0.358425760706499,0.462962962962963,0.876543209876543,162
"UGA_flucast-INFLAenza","46",0.791493641479317,0.779029427246089,3.29280434782609,0.302106801622299,0.870106214482881,0.873396697812447,5.15432098765432,0.485390883163501,0.432098765432099,0.919753086419753,162
"UGA_flucast-INFLAenza","47",0.581251929063855,0.424072811805858,10.5349555555556,0.124287513765537,0.747146101680501,0.697086534900845,16.7901234567901,0.193425900649984,0.555555555555556,0.95679012345679,162
"UGA_flucast-INFLAenza","48",0.576012230927472,0.425419947986742,28.4924278046162,0.136586724646027,0.713617535823153,0.730055191972354,45.1635802469136,0.218324436358923,0.481481481481481,0.95679012345679,162
"UGA_flucast-INFLAenza","49",0.721320119571551,0.663788449642453,2.66782353730542,0.276447176250238,1.07463190837708,1.10087354671621,4.23456790123457,0.426735166086607,0.469135802469136,0.932098765432099,162
"UGA_flucast-INFLAenza","50",0.757103774553253,0.804995548875926,1.76451460010735,0.309821776644365,0.803806633651803,0.837484658967242,2.83024691358025,0.503736766075802,0.469135802469136,0.95679012345679,162
"UGA_flucast-INFLAenza","51",0.563440790585759,0.368838312845317,12.5176993424584,0.189444290115882,0.770162136467535,0.712269214355092,20.0802469135802,0.300245595180494,0.376543209876543,0.882716049382716,162
"UGA_flucast-INFLAenza","53",0.915503831937116,0.704147397063992,9.28890829307568,0.197786481461654,0.904174761468981,0.865108575049147,14.3981481481481,0.311947271337305,0.45679012345679,0.938271604938272,162
"UGA_flucast-INFLAenza","54",0.744725144242394,0.697951304160021,9.18505250939345,0.314601027410068,0.922645782682954,0.984866620724821,13.5123456790123,0.473222886711079,0.419753086419753,0.833333333333333,162
"UGA_flucast-INFLAenza","55",0.745792705930302,0.553616677354661,17.4925634997316,0.260106796634509,0.839309099776215,0.776682686198167,26.7623456790123,0.399044682498609,0.376543209876543,0.820987654320988,162
"UGA_flucast-INFLAenza","56",0.70128464788619,0.718136437504104,2.51529626945786,0.285094846970522,0.778897923563832,0.752143591009599,3.7037037037037,0.438978858985845,0.530864197530864,0.901234567901235,162
"UGA_flucast-INFLAenza","72",0.718534166141158,0.595970790341196,8.86138039452496,0.326055304758457,0,0,12.9228395061728,0.491317972197078,0.481481481481481,0.87037037037037,162
"UM-DeepOutbreak","01",1.03758305088196,0.975928157553603,18.0589838739407,0.336324955128053,1.08536771996547,0.905983527961983,25.4945291066934,0.376545083285619,0.64,0.98,100
"UM-DeepOutbreak","02",1.16762933632377,0.973081870971183,2.46708415302476,0.378863308526783,1.13980994377694,0.849471534467073,3.5881865777601,0.519523484612813,0.83,1,100
"UM-DeepOutbreak","04",1.04184572745506,0.931026474230711,17.1750367745481,0.380088426478721,1.83797290393532,1.49902902196487,27.3600477229148,0.393587979740121,0.79,1,100
"UM-DeepOutbreak","05",0.884747283596392,0.940365904763523,10.280993869813,0.400161320814481,1.16697193130798,1.08373217711152,15.8250438579721,0.471784516265798,0.8,0.95,100
"UM-DeepOutbreak","06",1.58678519089377,1.71205943574495,65.4473338611807,0.393948966680996,1.71121492624297,1.52386444026223,97.0705614857812,0.347540061577399,0.84,1,100
"UM-DeepOutbreak","08",0.968749963471268,0.799748726892681,16.2812059166066,0.432594297402131,1.07042803445621,1.04209958082273,26.2464385598768,0.653422361035382,0.49,0.91,100
"UM-DeepOutbreak","09",1.01132337555501,0.859573387783477,20.5829976249311,0.398887779960168,0.973660966086516,0.950272131991818,30.798960636292,0.567619704218083,0.65,0.83,100
"UM-DeepOutbreak","10",1.00462438719968,0.926118842152014,5.11163406281314,0.306448840751345,1.19534349188976,1.03648816761437,7.88576781301757,0.42174325515763,0.68,0.93,100
"UM-DeepOutbreak","11",1.01780286657164,0.875399411029649,3.66144388564195,0.400712357137574,0.961598271440009,0.79589633991801,5.49682618574977,0.534564874618692,0.78,1,100
"UM-DeepOutbreak","12",1.73137452439178,1.54729300772701,83.0485229200949,0.507535234867762,2.65910768186409,2.04652181001866,136.361466801315,0.511429165279146,0.91,1,100
"UM-DeepOutbreak","13",1.46661135858682,1.2788165275466,32.6381861146216,0.477804191815577,Inf,Inf,53.0558768878438,0.50995769583475,0.69,0.98,100
"UM-DeepOutbreak","15",1.44357190758133,1.01642245808566,2.82871794437261,0.441183137742492,1.67598758976172,1.26016708494627,4.28278615633279,0.725962255715991,0.9,1,100
"UM-DeepOutbreak","16",1.00750233261283,1.09242350583952,4.8719543892552,0.45781136557938,1.09937894818026,1.04323242850456,7.29092416299846,0.548244910870757,0.7,0.98,100
"UM-DeepOutbreak","17",0.698546585498641,0.637069759765513,69.4101277894069,0.407654314603114,0.890687723422339,0.907316607405138,90.5601076050682,0.419384703058855,0.65,0.84,100
"UM-DeepOutbreak","18",0.84851794786331,0.901331129586406,43.6298537653058,0.439892659470665,0.930103391231925,0.993444658575631,59.1147442658897,0.449366084437448,0.55,0.78,100
"UM-DeepOutbreak","19",0.70800797447075,0.684997531647481,10.6474401132362,0.336253869337519,Inf,Inf,16.1310166555973,0.438241155481181,0.68,0.9,100
"UM-DeepOutbreak","20",0.877179990328859,0.823497799815035,14.9408430094222,0.411755537349017,1.05086364466981,0.929940624663412,20.3097084746552,0.501523648453835,0.66,0.87,100
"UM-DeepOutbreak","21",0.90098199335764,0.97476351408291,21.245395822613,0.437785342524963,1.43080065258959,1.36220324851802,32.1558721471461,0.473854637307177,0.61,0.93,100
"UM-DeepOutbreak","22",1.05213489195212,0.891630425714064,13.830463666423,0.365753655937878,1.23408396185619,1.03129166178483,20.2661357537071,0.411954992902867,0.7,0.99,100
"UM-DeepOutbreak","23",0.918318115778557,0.968212119708869,5.92771609208148,0.42414244964709,0.908829458060114,0.960286351707279,8.23915634938301,0.627655927429206,0.53,0.84,100
"UM-DeepOutbreak","24",0.910766688113832,0.795033921059363,16.2424297409387,0.420259942955747,1.02129258328529,0.959430608448535,24.3495151951413,0.54029207316171,0.6,0.95,100
"UM-DeepOutbreak","25",0.81653254082293,0.685845478174573,35.0326201193283,0.405435293167422,0.694217469659337,0.687933871508489,51.2826447910314,0.521036596036541,0.55,0.87,100
"UM-DeepOutbreak","26",0.728505031861168,0.646158158964387,49.9711877144472,0.357091426693094,0.897057201912891,0.831401954829662,70.502222294062,0.372924385322444,0.66,0.88,100
"UM-DeepOutbreak","27",0.691119815250913,0.556225060337291,18.7254962740814,0.306077583843781,0.637243341630131,0.619910564239357,27.5638027852656,0.414746467020493,0.66,0.95,100
"UM-DeepOutbreak","28",0.985845069029551,1.03330851784132,8.82194276873091,0.292485746953971,1.13863472076698,1.24678797130442,13.1138798602571,0.357766225419383,0.56,0.92,100
"UM-DeepOutbreak","29",0.76169899557052,0.782602978895859,31.5132298597578,0.436861166831006,Inf,Inf,41.4146906075386,0.436672837186639,0.68,0.87,100
"UM-DeepOutbreak","30",0.912830187288036,0.877698023582615,5.23373722589051,0.350493326914645,1.00213709223151,0.864840632329795,8.53778488252174,0.518281472050664,0.57,0.96,100
"UM-DeepOutbreak","31",0.837426941009348,0.804739507712234,9.3780190463413,0.400972849197489,1.14237086448467,1.0210965482359,14.722983722328,0.581545728915033,0.7,0.94,100
"UM-DeepOutbreak","32",1.43797973334898,1.08698076599018,7.68158125993111,0.455584913053203,1.73898626307859,1.3357863942231,13.0234061994608,0.682750049703728,0.61,0.99,100
"UM-DeepOutbreak","33",0.807738740708872,0.810840839519852,6.24577171281493,0.332849671615964,0.775136762401335,0.767893739392265,9.32514704920135,0.439899337066927,0.48,0.83,100
"UM-DeepOutbreak","34",0.860494886611367,0.827514281114235,32.5581390684809,0.29187319637445,0.815939638613619,0.764332407614995,46.9263068507718,0.304320752828569,0.67,0.93,100
"UM-DeepOutbreak","35",0.851155726561081,0.792604178234888,6.20732198188682,0.285025742721381,0.955865715911252,0.922474610156321,9.4132720380073,0.405170283762156,0.63,1,100
"UM-DeepOutbreak","36",1.03767992892899,1.00325903131879,53.1392505642666,0.282932475530053,1.05687020424098,1.07930065508908,80.4047241982744,0.322695061635573,0.71,0.97,100
"UM-DeepOutbreak","37",1.20833978021642,1.08110380603935,32.5816773784937,0.319321041361388,1.60267677535194,1.52087065288673,49.6381385982693,0.363450974797804,0.66,0.99,100
"UM-DeepOutbreak","38",0.671430876109081,0.953429064461968,5.48644476441528,0.315721408775877,0.80246303011949,0.850783121552566,8.09159486684933,0.439028084573206,0.61,0.94,100
"UM-DeepOutbreak","39",0.826637966447649,0.587298719562744,82.6653603415978,0.445829039919265,0.894983544917522,0.941084312951028,111.844330719286,0.633484855113868,0.61,0.82,100
"UM-DeepOutbreak","40",0.803585446798479,0.80654571844922,22.1237182861068,0.449182833557448,1.02962735393781,0.989133176766363,32.4969979390731,0.578097155926948,0.56,0.77,100
"UM-DeepOutbreak","41",1.08996633890587,0.85972196455383,5.86535664854234,0.421429595270868,1.00638006583293,0.837883824992281,7.75622936521253,0.464630680398586,0.89,1,100
"UM-DeepOutbreak","42",0.786225966035172,0.703095516465202,63.975650652143,0.257264382812612,0.814113059345743,0.990084904940909,89.9925861524851,0.317989192211743,0.56,0.94,100
"UM-DeepOutbreak","44",0.961251911898718,0.997539107738149,7.59033501427466,0.342452909629889,0.933420293957366,0.836958694924423,10.1951177909365,0.368571743813176,0.59,0.85,100
"UM-DeepOutbreak","45",0.930812081274545,0.854814325736632,16.9477920162272,0.412752248181153,1.12109373790884,1.01993554040752,27.2646391746965,0.504306570657462,0.69,1,100
"UM-DeepOutbreak","46",1.00916272430285,0.97210193941942,5.93149828958572,0.355988684798462,1.02288826502738,0.997385146196113,8.69303753747721,0.535329795732507,0.6,0.89,100
"UM-DeepOutbreak","47",1.22376483022872,1.1147057211083,27.846893446339,0.33416999220496,1.32224266185577,1.24552632137059,37.106060644407,0.352214691766628,0.61,0.82,100
"UM-DeepOutbreak","48",1.4632766317616,1.47724323449318,57.1997477214974,0.41403954682416,1.59149570921539,1.33838151191257,77.5037419450122,0.341378446138779,0.82,1,100
"UM-DeepOutbreak","49",1.34889183919095,0.943613258784445,6.69696707683701,0.478608040513854,1.50819238097524,1.12473235677927,10.3153314694106,0.676624501814833,0.76,1,100
"UM-DeepOutbreak","50",1.07891155836958,1.05416427067052,3.01246492072315,0.368106107082585,1.15986269306247,1.13937751302236,4.86271166243215,0.61544636830519,0.57,0.9,100
"UM-DeepOutbreak","51",0.910144269944288,0.760022448163344,22.5824334035438,0.345706876341792,1.17748089169498,1.15495528380639,33.1079234777273,0.436645297064812,0.59,0.97,100
"UM-DeepOutbreak","53",1.13000417962005,1.03799246014017,10.8296712047787,0.292018912484132,1.07666527328319,1.00593741097578,16.7719543770278,0.381810195858239,0.72,1,100
"UM-DeepOutbreak","54",0.87048458512993,0.906204271516038,16.2381716343837,0.41604020363667,0.939782194356707,0.965236484216627,21.4236530974708,0.486335597906657,0.72,0.87,100
"UM-DeepOutbreak","55",0.81614410569718,0.780908122893356,29.5642381259698,0.365064265699868,0.933893462307145,0.895056891976435,46.2656666748525,0.469656593409362,0.59,0.89,100
"UM-DeepOutbreak","56",0.848197187510055,0.850927095367965,4.25379093021499,0.341214060225136,0.933082669897267,0.787611287887518,6.59025426853989,0.487702695265755,0.59,0.9,100
"UM-DeepOutbreak","72",1.24856247173524,1.01981602350764,9.16243591146557,0.52780898596466,1.46050923709083,1.15983804119946,13.8044444889657,0.620802194673025,0.76,0.99,100
"UMass-ar6_pooled","01",0.865447972975931,0.751747821965224,15.2331839595972,0.279116872629444,0.972322964098066,0.984887825482696,21.4316726806897,0.41901370566899,0.609467455621302,0.952662721893491,169
"UMass-ar6_pooled","02",1.05384748180319,0.961748442001514,1.76629499019408,0.348079938084235,1.09905814092143,1.0205342467703,2.64233802221191,0.571179037289753,0.674556213017751,0.976331360946746,169
"UMass-ar6_pooled","04",0.850576217428641,0.577181891997486,11.8715100613561,0.222810331181734,1.2192394561958,1.0908800599784,17.7589568741045,0.328234714110917,0.698224852071006,1,169
"UMass-ar6_pooled","05",0.827603778653944,0.642438707905259,7.41124001863431,0.296525968695928,1.13987919492487,0.986648068663483,11.578587034847,0.44334928142728,0.603550295857988,0.976331360946746,169
"UMass-ar6_pooled","06",0.877274401603196,0.657685453665854,50.4185745859544,0.146610343646003,1.00536856436173,0.97442388316979,77.3363871933202,0.226162301226885,0.609467455621302,0.940828402366864,169
"UMass-ar6_pooled","08",0.806582739968511,0.622748630551475,11.00159922238,0.344481434040362,0.912552769714292,0.835833922298913,17.5757388478693,0.508161123406934,0.550295857988166,0.952662721893491,169
"UMass-ar6_pooled","09",0.897553598931525,0.722652154286682,13.2468648047601,0.340429271201548,0.935390057833228,0.935988399324362,20.3595112293079,0.521280138996122,0.674556213017751,0.976331360946746,169
"UMass-ar6_pooled","10",0.925664881549299,0.804939075345371,3.57761690090875,0.295869284878801,1.09291129173922,1.01984433792918,5.3033012308479,0.467897483833186,0.686390532544379,0.970414201183432,169
"UMass-ar6_pooled","11",0.951500898549171,0.808444677051768,2.92636176858727,0.379969068304328,0.972203110363845,0.886001278075307,4.64081199958465,0.609121251044868,0.556213017751479,0.952662721893491,169
"UMass-ar6_pooled","12",0.891101920517399,0.660800615968838,43.4063614353945,0.199531573147268,1.04499042523129,0.976894753388285,53.7369321412993,0.216137500136501,0.905325443786982,1,169
"UMass-ar6_pooled","13",0.642106334425329,0.460273269133027,14.327322026416,0.198136374862836,Inf,Inf,22.3611367922592,0.294767418231832,0.627218934911243,0.994082840236686,169
"UMass-ar6_pooled","15",0.927632253452895,0.85858189004637,2.42843753192203,0.316328294982154,1.12690170745468,1.08438333752573,3.70580528471352,0.495451734627239,0.680473372781065,0.994082840236686,169
"UMass-ar6_pooled","16",0.928385643737093,0.7962464009729,4.23285126897168,0.436310665399579,1.0593170258242,0.99939106130972,6.46351887090614,0.684536681968348,0.502958579881657,0.917159763313609,169
"UMass-ar6_pooled","17",0.695062555997472,0.454242360071985,45.1760514672786,0.283534591969148,1.042764658968,0.991369332738359,67.8021601632638,0.435110532013751,0.538461538461538,0.928994082840237,169
"UMass-ar6_pooled","18",0.734065580828232,0.552445789152725,25.2280619111749,0.283522051259019,0.97020896948317,0.919747477731338,40.8107807297491,0.442525335509008,0.479289940828402,0.982248520710059,169
"UMass-ar6_pooled","19",0.779012154680459,0.65639165992506,7.92264168300579,0.31372192713263,Inf,Inf,11.8206126798934,0.467233553472487,0.668639053254438,0.970414201183432,169
"UMass-ar6_pooled","20",0.826553467980377,0.723403468132643,10.0609360798704,0.35248713305443,1.14265953103294,1.03873305033707,15.7276024602289,0.542804220278045,0.591715976331361,0.958579881656805,169
"UMass-ar6_pooled","21",0.656655082212827,0.534948455925328,11.4046751358492,0.248406770508697,1.00335620789999,0.95982795000339,16.1957442125371,0.337954489175392,0.72189349112426,0.964497041420118,169
"UMass-ar6_pooled","22",0.814405239299151,0.621558621954285,10.8704219144265,0.224217922544195,1.10427809538603,1.04225714896902,16.4438385372608,0.332770157994798,0.609467455621302,0.976331360946746,169
"UMass-ar6_pooled","23",0.908514900526069,0.895758436921028,3.77846266539462,0.372874500182614,1.03128379256629,1.03156897900603,5.96696333020012,0.634674068796588,0.609467455621302,0.970414201183432,169
"UMass-ar6_pooled","24",0.807317897369799,0.611692881531267,11.4496910467214,0.365101188822019,0.877176066797303,0.79738738954196,16.9811437929177,0.520768769282073,0.615384615384615,0.928994082840237,169
"UMass-ar6_pooled","25",0.787927313813681,0.539676353362651,23.4560789323941,0.322680218465024,0.876883324951628,0.815939726267949,36.99084216471,0.510825219965959,0.461538461538462,0.928994082840237,169
"UMass-ar6_pooled","26",0.758623906337353,0.539350639602239,38.5813864670693,0.365887639678776,0.924850266623859,0.851700085942809,60.6841034671301,0.549668224592243,0.627218934911243,0.958579881656805,169
"UMass-ar6_pooled","27",0.738254224713358,0.542365530764609,14.5777443863688,0.315602049993803,0.784173430462187,0.731782331673173,22.7742749851406,0.473122383722861,0.57396449704142,0.917159763313609,169
"UMass-ar6_pooled","28",0.821384798845965,0.664666414300256,6.51713067251054,0.213521746955515,0.958372327742989,0.937229297426588,9.50729348369642,0.293074008143254,0.727810650887574,1,169
"UMass-ar6_pooled","29",0.799413656298429,0.593426862604926,21.0743130464689,0.311200008044581,Inf,Inf,30.7708858837302,0.48648574399758,0.514792899408284,0.899408284023669,169
"UMass-ar6_pooled","30",0.984196003208575,0.90974206002263,4.92878398672563,0.456645045246188,1.09711949934193,1.00290274059685,7.7162343545611,0.733493568229584,0.473372781065089,0.928994082840237,169
"UMass-ar6_pooled","31",0.766907231937439,0.717543385273176,6.3996116569175,0.365564332524752,0.910268044716158,0.861109920366873,9.63072819946851,0.578705871903994,0.627218934911243,0.970414201183432,169
"UMass-ar6_pooled","32",0.957383539424689,0.757295279746957,4.86108007162846,0.303365989639969,1.14527085703372,1.03382607206339,7.64400236184185,0.475502988549773,0.57396449704142,0.976331360946746,169
"UMass-ar6_pooled","33",1.00218639359202,0.907737086621412,5.83331671194786,0.388796128898182,0.997166279908726,0.969694779448786,9.15373930369137,0.591950420678221,0.485207100591716,0.940828402366864,169
"UMass-ar6_pooled","34",0.87348234892815,0.641698330822431,25.8980034036096,0.225104858535211,0.881320880344696,0.816967388854386,39.0747737299504,0.329214274610175,0.668639053254438,0.994082840236686,169
"UMass-ar6_pooled","35",0.907921648736743,0.814190575598869,5.43949862191497,0.317421769597661,1.03241679307729,1.01837659728083,8.18403745191211,0.484746420978551,0.633136094674556,0.976331360946746,169
"UMass-ar6_pooled","36",0.746485673455199,0.504305801022766,35.6291025739069,0.173604833453948,0.734278096372349,0.659503187358732,55.9287205004962,0.265834482914402,0.562130177514793,0.982248520710059,169
"UMass-ar6_pooled","37",0.828264066323669,0.59689700353229,22.5666983556481,0.189782417336454,1.03829243586709,0.992043044545222,35.0512041640937,0.288771833389624,0.591715976331361,0.964497041420118,169
"UMass-ar6_pooled","38",0.79915717966678,0.954148118250965,4.19221889107167,0.349121034890369,1.02680068086363,1.02412594763801,6.56973142851702,0.58770790913008,0.520710059171598,0.946745562130177,169
"UMass-ar6_pooled","39",0.733551639006691,0.566016099067316,51.2573646963721,0.396554133590617,0.901534108832231,0.926486656370441,77.3908434727736,0.568968981695003,0.502958579881657,0.875739644970414,169
"UMass-ar6_pooled","40",0.783333371075299,0.657885024405334,15.8337586244652,0.35361512535499,1.0260814553695,0.940534983288142,23.7939416184903,0.512515631662469,0.473372781065089,0.840236686390533,169
"UMass-ar6_pooled","41",0.849235676657277,0.646313882209498,4.7737431035448,0.313991949693979,0.90424782049434,0.84264213351547,7.33902779767464,0.457102314013462,0.633136094674556,0.982248520710059,169
"UMass-ar6_pooled","42",0.853174841716122,0.55077189754412,51.7920809394141,0.223044252371479,1.00651570855135,0.961328739709176,81.2055192438684,0.315491077256938,0.680473372781065,0.982248520710059,169
"UMass-ar6_pooled","44",0.899328527276279,0.783680383118651,5.22116282678473,0.322272731684664,1.01293865925998,0.945969119786756,8.21394112550859,0.517950708327831,0.591715976331361,0.994082840236686,169
"UMass-ar6_pooled","45",0.915037815289945,0.670221427509017,13.6726891389293,0.308243038233266,1.15742901935912,1.0467105620335,21.6279302962302,0.461488012128914,0.473372781065089,0.928994082840237,169
"UMass-ar6_pooled","46",0.928831671244389,0.856978489853691,4.11933073808654,0.362686609031725,0.970135004331866,0.946774053463626,5.97045017770098,0.568400210651108,0.644970414201183,0.976331360946746,169
"UMass-ar6_pooled","47",0.879454397333914,0.651785164601556,15.806360393104,0.205454548989622,1.15029162074202,1.05936470941683,24.7244655367109,0.301442073597617,0.70414201183432,0.988165680473373,169
"UMass-ar6_pooled","48",0.91564626821559,0.657532284438346,40.6790027742892,0.196229870610615,1.01061402942519,0.943525151182776,54.6383735571901,0.241062690783574,0.846153846153846,1,169
"UMass-ar6_pooled","49",0.960737954036423,0.72517350582375,4.08456967990807,0.353795510536402,1.30103850130365,1.10177125641705,6.16684840479573,0.526004161581433,0.698224852071006,1,169
"UMass-ar6_pooled","50",1.07150153815317,1.00661785232744,2.47970298199959,0.380139648200361,1.09746201931028,1.04585179771948,3.71300714097175,0.623972510855342,0.603550295857988,0.970414201183432,169
"UMass-ar6_pooled","51",0.737139487019087,0.507748407797434,14.2989861887998,0.250053888187697,1.03754420237475,0.990714250836601,21.4396326430787,0.352955596572542,0.692307692307692,0.970414201183432,169
"UMass-ar6_pooled","53",0.98361743821325,0.774452245984147,11.5615725871637,0.268550364976146,1.01693113196301,0.970159274465905,18.2768141308218,0.424013466032507,0.461538461538462,0.976331360946746,169
"UMass-ar6_pooled","54",0.745685512057938,0.637786812867114,10.0150841314627,0.344854218770725,0.942779464357318,0.936865042023375,15.1688730992574,0.555526648640866,0.550295857988166,0.946745562130177,169
"UMass-ar6_pooled","55",0.75891833075106,0.600396125085431,20.0956297078839,0.336942199978456,0.891936068469177,0.841384077024862,31.0308259727427,0.52403846403009,0.57396449704142,0.946745562130177,169
"UMass-ar6_pooled","56",0.980376327708715,0.975545321215677,3.33917778476143,0.37746363729082,1.03849778301401,1.02813324610844,4.69286049151946,0.591364841513688,0.692307692307692,0.982248520710059,169
"UMass-ar6_pooled","72",0.961650037073412,0.748176572556532,11.0427387813053,0.390772649303413,1.11485031138172,1.02721861284992,17.1634130941039,0.583599923387326,0.562130177514793,0.93491124260355,169
"UMass-gbqr","01",0.822048700333663,0.60929665364924,13.7664754867961,0.200739677704631,0.940376641556928,0.774602600126516,20.6653191619141,0.295337350973525,0.497005988023952,0.916167664670659,167
"UMass-gbqr","02",0.82800121203691,0.76008384414958,1.37832107733771,0.294369105082136,0.92538231188633,0.814055892451903,2.18788859786305,0.478222602579451,0.461077844311377,0.940119760479042,167
"UMass-gbqr","04",0.837011125840489,0.571196574326279,11.099576722597,0.20978042197346,1.50103423646573,1.34999340637433,18.1529526222578,0.344706402647469,0.419161676646707,0.952095808383233,167
"UMass-gbqr","05",0.758774034954534,0.591513271341077,6.67358326669088,0.271144491620261,1.01178506824694,0.951165342061929,10.0173212321624,0.436812951758423,0.389221556886228,0.92814371257485,167
"UMass-gbqr","06",0.841170389982281,0.620829663289935,49.42029009799,0.143863048254169,0.964246642116302,0.927576506564687,77.654856622067,0.228770087659149,0.520958083832335,0.934131736526946,167
"UMass-gbqr","08",0.779731736164274,0.614814756320224,10.1487689388399,0.329836509596475,0.990478776849569,0.959766659323565,16.1263011973824,0.503257580055903,0.44311377245509,0.904191616766467,167
"UMass-gbqr","09",0.929281021399437,0.735111755770742,12.5778598694303,0.324172988085952,0.915343338739886,0.936508888208904,18.8002381959791,0.496302979597337,0.347305389221557,0.862275449101796,167
"UMass-gbqr","10",0.835970251160416,0.775201886337781,3.25099702900544,0.301342305536945,1.04011699659049,1.01412056714699,4.9639543419823,0.474718627511498,0.473053892215569,0.892215568862275,167
"UMass-gbqr","11",0.80456726197942,0.674625409881202,2.42695067587857,0.327141245370107,0.78561194540186,0.719067821684651,3.73438943109044,0.518251394128275,0.44311377245509,0.880239520958084,167
"UMass-gbqr","12",0.592657949446157,0.413260496350572,33.9394946456478,0.140199434856719,0.849185908556324,0.796506423598646,54.9204873756424,0.223443621759707,0.467065868263473,0.964071856287425,167
"UMass-gbqr","13",0.6309839862648,0.441148689857008,14.2859136784148,0.192001715057673,Inf,Inf,22.8918510588008,0.299544214826568,0.497005988023952,0.964071856287425,167
"UMass-gbqr","15",0.895401069793383,0.845309024663301,2.30083497967926,0.319703726287013,1.10247816498308,1.06248663727099,3.65809613725568,0.508471316721335,0.520958083832335,0.958083832335329,167
"UMass-gbqr","16",0.873027235722828,0.732972896649062,3.89588554482241,0.398509796358318,1.0259708439915,0.934926937313365,5.91800502348645,0.608734110154731,0.401197604790419,0.880239520958084,167
"UMass-gbqr","17",0.653810245756873,0.43825547467663,42.781081943096,0.27805090794919,0.941057409090092,0.948157314957791,59.437953093682,0.413985687466621,0.44311377245509,0.838323353293413,167
"UMass-gbqr","18",0.673499335633775,0.502010846029937,23.4451258706027,0.259129857712196,0.870324340044107,0.868592140901358,35.7432371358547,0.415564854589428,0.413173652694611,0.874251497005988,167
"UMass-gbqr","19",0.77137733893028,0.617132424745958,8.20850276784259,0.301842314032987,Inf,Inf,11.8975587432285,0.459615577185987,0.550898203592814,0.868263473053892,167
"UMass-gbqr","20",0.769522447999911,0.653887981426193,9.45290722998225,0.324985845007506,1.03673990512115,0.930653838008909,13.5659018499269,0.466953239037526,0.502994011976048,0.868263473053892,167
"UMass-gbqr","21",0.672316115792918,0.502124486202652,11.8945988005731,0.228873026844429,1.10121026643438,1.03141582505923,17.773824570054,0.361220587547339,0.467065868263473,0.892215568862275,167
"UMass-gbqr","22",0.827945890748933,0.613789237804377,10.5322221692618,0.208804161685637,1.13610351189205,1.05635673281098,16.1601626443937,0.320686284789818,0.473053892215569,0.892215568862275,167
"UMass-gbqr","23",0.84529094052608,0.859500859509084,3.76710224879044,0.378217962976239,0.918198765038092,0.95477286243576,5.64071286781915,0.613305146959271,0.389221556886228,0.904191616766467,167
"UMass-gbqr","24",0.789769703771858,0.583060854384314,11.4494686045596,0.354418874865858,1.02943299247084,0.934752231705703,17.3917556267855,0.529444842567153,0.473053892215569,0.892215568862275,167
"UMass-gbqr","25",0.758154460431162,0.525693786454997,22.5977089039892,0.316447341695155,0.760519248062246,0.716440925210425,34.8261668123244,0.483721683543199,0.37125748502994,0.832335329341317,167
"UMass-gbqr","26",0.685855203395327,0.479547305229832,36.5279642883078,0.339197674078695,0.968683246468511,0.946736219029046,50.7381946871523,0.480209820144336,0.395209580838323,0.748502994011976,167
"UMass-gbqr","27",0.692032985562358,0.518046158202297,13.8466478529367,0.306002857008069,0.763568710455342,0.759605786624863,20.9958125636172,0.474473673016976,0.383233532934132,0.820359281437126,167
"UMass-gbqr","28",0.815930435945779,0.637782117229996,6.16564342602307,0.190686958654709,1.05914280513361,1.03004217319335,9.62062114109133,0.294472852313276,0.48502994011976,0.976047904191617,167
"UMass-gbqr","29",0.844348012718511,0.638752581753525,22.334551078396,0.335220595312137,Inf,Inf,30.6820844356016,0.516237835973358,0.37125748502994,0.820359281437126,167
"UMass-gbqr","30",0.834016271439985,0.797408236313114,4.35946721195014,0.42936821574653,0.902046028531422,0.83255641587182,6.71752982239886,0.651542680828211,0.335329341317365,0.844311377245509,167
"UMass-gbqr","31",0.668237871002626,0.635816476551683,5.81420382159974,0.35154543144299,0.811614877094613,0.819231233612091,8.30209176893383,0.545793536317725,0.44311377245509,0.892215568862275,167
"UMass-gbqr","32",0.899176342066569,0.710576928292974,4.52464231988461,0.282610587811022,1.07371341173053,0.961093941494726,7.35952141013598,0.455450997764869,0.467065868263473,0.976047904191617,167
"UMass-gbqr","33",0.900911196003181,0.777208893037945,5.50052029656379,0.353140900886161,0.925250558738448,0.864863087390422,8.75452235741058,0.551241399401938,0.359281437125749,0.844311377245509,167
"UMass-gbqr","34",0.721173570743862,0.52587112959806,24.2440108211181,0.211326880423959,0.721024808487901,0.67974978916027,37.7354016705811,0.327410107438253,0.455089820359281,0.904191616766467,167
"UMass-gbqr","35",0.823751967332888,0.770310904156119,4.71232183052291,0.302777421809287,0.919125006015516,0.900860651486893,7.47830008530199,0.458004890806124,0.473053892215569,0.92814371257485,167
"UMass-gbqr","36",0.811229722757633,0.571609341258473,38.2992696292627,0.202311577225036,0.961044901787475,0.916918245383627,62.1090551481303,0.332752016907578,0.365269461077844,0.976047904191617,167
"UMass-gbqr","37",0.856493124267176,0.609336648903248,24.0546464437494,0.198472071339276,1.08814615260374,1.03966635207683,37.1058388228948,0.305234332056579,0.479041916167665,0.862275449101796,167
"UMass-gbqr","38",0.735147726291737,0.929651841157976,4.12360365759189,0.348812586654078,0.882104472947559,0.926140292467621,5.9748108824292,0.538903889311388,0.341317365269461,0.796407185628742,167
"UMass-gbqr","39",0.672534113240438,0.518445573127546,46.0402402393482,0.353240668932226,0.811851056100875,0.872736023285317,65.4935332735772,0.504533037152309,0.353293413173653,0.850299401197605,167
"UMass-gbqr","40",0.854450254265323,0.680742971506606,16.9796833067513,0.357284518571307,1.03419892387922,0.94353582763655,23.3792135838838,0.517368920485908,0.389221556886228,0.74251497005988,167
"UMass-gbqr","41",0.7664546058509,0.567779700247041,4.26975946940572,0.280440353141433,0.795496788894642,0.748333743512787,6.50908066619777,0.429105463823903,0.592814371257485,0.958083832335329,167
"UMass-gbqr","42",0.824457603342121,0.539565479505522,48.632646534816,0.20688146405759,0.940094960262841,0.97410750728126,71.052528669971,0.309926984529604,0.347305389221557,0.820359281437126,167
"UMass-gbqr","44",0.897305491107289,0.817994529304092,4.91844370944762,0.319347494450913,0.920347306657169,0.945961516786536,6.97064631129085,0.492899327724016,0.413173652694611,0.850299401197605,167
"UMass-gbqr","45",0.935022149324098,0.670522327973882,13.3820706495499,0.294826366761103,1.26449108783189,1.14937322496486,20.4401190837558,0.446357363399127,0.389221556886228,0.832335329341317,167
"UMass-gbqr","46",0.83544326145126,0.82584454845122,3.83351089265689,0.373868118442905,0.92735754321807,0.938488830097995,5.72996534287769,0.588601629346026,0.437125748502994,0.862275449101796,167
"UMass-gbqr","47",0.839107804780414,0.617581221946274,14.1053194709414,0.180611249521849,1.10490102225859,1.04621794939087,22.6437732955667,0.288733506310102,0.395209580838323,0.940119760479042,167
"UMass-gbqr","48",0.830696981595545,0.573108116079139,35.226026273761,0.159381837618606,1.13110372683335,1.03548294474802,59.2203622428658,0.260485845103112,0.437125748502994,0.982035928143713,167
"UMass-gbqr","49",0.944663208793094,0.707188526018022,4.02962397844784,0.347981599801956,1.549670964636,1.29668515867415,6.46930240704339,0.540413848525752,0.497005988023952,0.946107784431138,167
"UMass-gbqr","50",0.991464806512353,1.02554566293834,2.16285022937822,0.379726039809411,1.07046387279797,1.05704665649626,3.40693136170401,0.607517862384594,0.359281437125749,0.862275449101796,167
"UMass-gbqr","51",0.703468815646657,0.466438994495426,14.4249614702681,0.239077313965023,1.08859319247139,1.01162533499707,22.4283569217541,0.354157611957796,0.550898203592814,0.88622754491018,167
"UMass-gbqr","53",0.981409026034879,0.760599965673375,11.8132926020278,0.27172177046232,0.986565084054443,0.931904678493278,18.5605062722173,0.430292126744586,0.359281437125749,0.916167664670659,167
"UMass-gbqr","54",0.790941405844248,0.717337318535028,10.3754890627159,0.377242727396459,0.946856098730379,0.977017136354095,15.2444552482193,0.560681207067151,0.395209580838323,0.850299401197605,167
"UMass-gbqr","55",0.708757362825212,0.552726316104131,18.2061525667797,0.312087986718117,0.766815224186319,0.766739622106791,25.7534833429448,0.473457802023523,0.407185628742515,0.844311377245509,167
"UMass-gbqr","56",0.77818942418739,0.843187021787813,2.64314358835544,0.32739443752448,0.899819996682114,0.870634094143694,4.16717051675005,0.515083760226047,0.377245508982036,0.844311377245509,167
"UMass-gbqr","72",0.809956244842571,0.633288114089222,9.4256820625172,0.339446477087191,0.933671448783427,0.891559174979207,13.8326046361337,0.502130276355519,0.44311377245509,0.838323353293413,167
"ZJU_LeiLab-MPUDE_ens","01",0.826431397618932,0.61716894502479,12.2030188405797,0.120453166593826,0.812824957923516,0.755112224643886,14.4583333333333,0.16049255496877,0.666666666666667,1,6
"ZJU_LeiLab-MPUDE_ens","02",0.698252131258829,0.597495611080668,1.62407463768116,0.310805035746734,0.746691388347126,0.654905806569595,2.45833333333333,0.506814124546766,0.333333333333333,1,6
"ZJU_LeiLab-MPUDE_ens","04",0.474269853004064,0.35478714028906,5.79792898550725,0.0745914384246413,0.35409272938826,0.352828722993764,3.79166666666667,0.0503426650436339,1,1,6
"ZJU_LeiLab-MPUDE_ens","05",0.740836463400998,0.54848563344374,2.98360724637681,0.155928560271882,1.035279802453,0.928483688005024,4.375,0.244693515298592,0.5,1,6
"ZJU_LeiLab-MPUDE_ens","06",0.852873478713965,0.667660333399628,106.220223913043,0.118080426416213,1.08246025859264,1.09583021226287,179.25,0.20162241432857,0.333333333333333,1,6
"ZJU_LeiLab-MPUDE_ens","08",0.719327036400751,0.586045759221183,6.50963115942029,0.18466613234572,0.933013612192277,0.933679910814066,10.5616666666667,0.287743592403115,0.666666666666667,1,6
"ZJU_LeiLab-MPUDE_ens","09",0.999024348443243,0.776103267704914,17.5068449275362,0.470340246182187,1.02198368762335,1.03773947679684,26.6666666666667,0.748598431607935,0.166666666666667,0.666666666666667,6
"ZJU_LeiLab-MPUDE_ens","10",0.669566186565863,0.691523452571871,1.91864202898551,0.189729833716672,0.662404017081528,0.709429339511608,2.70833333333333,0.269556318932101,0.666666666666667,1,6
"ZJU_LeiLab-MPUDE_ens","11",0.872477886364459,0.716544917284217,3.5214268115942,0.331620122015174,1.00779205177192,0.889381423649016,6.41666666666667,0.592276821148902,0.333333333333333,1,6
"ZJU_LeiLab-MPUDE_ens","12",0.930688186066265,0.616632286301402,43.5690710144927,0.070846447465675,1.59535649646821,1.4805921563099,59.8116666666667,0.102253619275197,0.833333333333333,1,6
"ZJU_LeiLab-MPUDE_ens","13",1.07165746970292,0.65220728769265,15.662015942029,0.141580792738709,Inf,Inf,25.875,0.246569619743841,0.333333333333333,1,6
"ZJU_LeiLab-MPUDE_ens","15",0.985016359772319,0.811350806874269,7.44220942028985,0.188227804450328,1.14628738477672,1.05433461481669,11.2916666666667,0.303857331437169,0.666666666666667,1,6
"ZJU_LeiLab-MPUDE_ens","16",0.94058608335072,0.790118874860408,2.64181376811594,0.188855582238333,0.83456140633432,0.801933522234599,2.875,0.214205532689336,1,1,6
"ZJU_LeiLab-MPUDE_ens","17",0.509436869887801,0.373133254876585,6.16803188405797,0.102144910939983,0.55750795328736,0.578742206322836,6.625,0.109270612641372,1,1,6
"ZJU_LeiLab-MPUDE_ens","18",0.459462033745952,0.362694321545915,4.77795797101449,0.136853652343664,0.618452250097649,0.627694596554273,7.54166666666667,0.22080218245675,0.333333333333333,1,6
"ZJU_LeiLab-MPUDE_ens","19",0.64468891319648,0.594421521097457,1.72335652173913,0.111822615518685,NA,NA,1.83333333333333,0.116944543382663,1,1,6
"ZJU_LeiLab-MPUDE_ens","20",0.757131873128872,0.624074099019909,3.08844057971015,0.286063513560478,1.04208678173683,0.919679160832121,4.83333333333333,0.474365487061086,0.333333333333333,1,6
"ZJU_LeiLab-MPUDE_ens","21",0.375307619227581,0.307285589918992,2.60487028985507,0.101245065998456,0.51974730493603,0.512825767255737,3.125,0.129657162334178,0.666666666666667,1,6
"ZJU_LeiLab-MPUDE_ens","22",0.848209352977036,0.560736267470624,9.53857391304348,0.102532867583513,0.751601621145888,0.666229646947209,8.79166666666667,0.101879943634445,1,1,6
"ZJU_LeiLab-MPUDE_ens","23",0.740238536757275,0.837904904791468,1.46357101449275,0.377634966487866,0.809553544935109,0.941648800871686,2.125,0.581059198333744,0.5,0.666666666666667,6
"ZJU_LeiLab-MPUDE_ens","24",1.42255594129756,1.26661432969178,10.7583905797101,0.360668795631327,2.15995303172014,2.36718947751881,19.2083333333333,0.637140019689106,0,1,6
"ZJU_LeiLab-MPUDE_ens","25",0.838602451519699,0.64564852796059,8.78607753623188,0.221550827564088,1.55626781388021,1.58697978836817,16.875,0.412800193439024,0,1,6
"ZJU_LeiLab-MPUDE_ens","26",0.645898460638876,0.507155107609144,7.00531086956522,0.175007317963906,1.19289502326579,1.1987648371325,12.7916666666667,0.304183077534205,0.666666666666667,1,6
"ZJU_LeiLab-MPUDE_ens","27",0.971304286525108,0.789378682589096,6.01712536231884,0.226846083388685,1.4867365388072,1.6047440447818,11.48,0.421617655099879,0,1,6
"ZJU_LeiLab-MPUDE_ens","28",1.55520439908288,1.06639111809025,10.2365007246377,0.283037481821524,2.06649084635392,1.78643599707798,17.25,0.487425267917431,0,1,6
"ZJU_LeiLab-MPUDE_ens","29",0.489368353209561,0.401458097624963,4.38243405797101,0.0997819788760512,NA,NA,3.66666666666667,0.0868699620183123,1,1,6
"ZJU_LeiLab-MPUDE_ens","30",0.684152046237678,0.710670784297049,2.36374782608696,0.270898646688523,0.84373000474307,0.841170121502239,4,0.465386036813017,0.666666666666667,1,6
"ZJU_LeiLab-MPUDE_ens","31",0.532156966440996,0.501867079359315,1.04076666666667,0.143292109413821,0.738251206278105,0.689254215391513,1.41666666666667,0.194087248936276,1,1,6
"ZJU_LeiLab-MPUDE_ens","32",0.726055457972798,0.581962550438158,5.87951304347826,0.147641175000586,0.907915758721481,0.827673413773594,9.08333333333333,0.227797608082839,0.833333333333333,1,6
"ZJU_LeiLab-MPUDE_ens","33",0.720078205575926,0.647598059466208,3.44919565217391,0.356846784928099,0.611000705927093,0.600033683095573,5.16666666666667,0.557952035531417,0.5,0.833333333333333,6
"ZJU_LeiLab-MPUDE_ens","34",0.901537981398268,0.686711647912469,16.7489956521739,0.125824597324136,1.27902294195525,1.26592357650534,31.5416666666667,0.23089554040027,0.333333333333333,1,6
"ZJU_LeiLab-MPUDE_ens","35",0.851328065161305,0.700906102950517,5.16345797101449,0.382900934727366,1.00944125731249,0.929316480074944,8.20833333333333,0.626917858831707,0.166666666666667,0.833333333333333,6
"ZJU_LeiLab-MPUDE_ens","36",0.787259332066659,0.566721034700934,28.9865797101449,0.112408943549201,1.16023045361743,1.1080432980271,54.5616666666667,0.20442198080574,0.333333333333333,1,6
"ZJU_LeiLab-MPUDE_ens","37",0.712398992954814,0.540442646413231,14.4911942028986,0.0752406328756222,0.678368657614359,0.684330962894975,13.2083333333333,0.0688416679239832,1,1,6
"ZJU_LeiLab-MPUDE_ens","38",0.489238137685138,0.690251760749564,0.762596376811594,0.362968896273514,0.683490415977326,0.761242084870366,1.29166666666667,0.63706847445641,0.166666666666667,1,6
"ZJU_LeiLab-MPUDE_ens","39",0.579613647877864,0.482385748413932,10.8656594202899,0.141316757169305,0.616760334206429,0.690458774635131,13.1666666666667,0.1709975251998,0.833333333333333,1,6
"ZJU_LeiLab-MPUDE_ens","40",0.62093243317737,0.486760667959361,5.12632826086957,0.207216240879644,0.780927818070311,0.759320690075106,7.58333333333333,0.342764841287113,0.666666666666667,1,6
"ZJU_LeiLab-MPUDE_ens","41",0.892927890753757,0.656211788904416,14.5015731884058,0.329924778468992,1.05340127688523,0.970242881446984,25.4583333333333,0.573316214689653,0,1,6
"ZJU_LeiLab-MPUDE_ens","42",0.646287385089374,0.486325752058061,23.2585760869565,0.169827605608529,0.773395924111111,0.896423958025428,36.2916666666667,0.264513664146195,0.5,1,6
"ZJU_LeiLab-MPUDE_ens","44",0.697156998692773,0.633643891907024,3.23992753623188,0.257637400925936,0.863386504305033,0.834519544828163,5.625,0.446357967860521,0.333333333333333,1,6
"ZJU_LeiLab-MPUDE_ens","45",0.784517788239361,0.585620801015709,8.14349057971014,0.111434065950435,0.596800805728117,0.593122539599676,7.25,0.106276432571108,1,1,6
"ZJU_LeiLab-MPUDE_ens","46",0.785765988189392,0.762954227610982,2.19634710144928,0.334478631384373,0.962936953523087,0.954576778390348,3.75,0.582063974047103,0.166666666666667,1,6
"ZJU_LeiLab-MPUDE_ens","47",0.591067742094348,0.443460758176514,10.598534057971,0.145308070678689,0.703417571912892,0.687626769141537,14.9166666666667,0.211821936448446,0.666666666666667,1,6
"ZJU_LeiLab-MPUDE_ens","48",1.54500311157165,1.02914410504906,95.7824644927536,0.206064161955981,2.02602496151598,1.78755637957143,162.376666666667,0.353481498052855,0,1,6
"ZJU_LeiLab-MPUDE_ens","49",1.09673846011221,0.998129649461206,4.90541811594203,0.283472725126897,2.03276407660158,2.05888953927138,9.08333333333333,0.508265401321703,0.5,1,6
"ZJU_LeiLab-MPUDE_ens","50",0.737409827127184,0.750124309205955,1.61452971014493,0.299451434054035,0.867411838705623,0.899891316306997,2.79166666666667,0.542212875264256,0.333333333333333,1,6
"ZJU_LeiLab-MPUDE_ens","51",0.581112975244707,0.403048324882187,5.32664492753623,0.108975024069103,0.800204294449986,0.771958481822452,7.58333333333333,0.151258748390974,0.666666666666667,1,6
"ZJU_LeiLab-MPUDE_ens","53",0.946282685526499,0.814204604503235,28.3446405797101,0.21764826447496,1.01773689070975,1.05531811707118,49.8966666666667,0.376787769486954,0.333333333333333,1,6
"ZJU_LeiLab-MPUDE_ens","54",1.0024128096364,1.07294305874475,5.82390797101449,0.411547512388554,1.43392761084622,1.72424737891425,10.0416666666667,0.707483439362395,0.166666666666667,1,6
"ZJU_LeiLab-MPUDE_ens","55",0.764145160927696,0.628929199734738,8.24209347826087,0.250719597438919,1.01274161887855,1.02202289703186,14.5616666666667,0.430761976117934,0.333333333333333,1,6
"ZJU_LeiLab-MPUDE_ens","56",0.601155871898712,0.674243623547325,1.18703188405797,0.390147407690808,0.726743380148208,0.751442924457704,2,0.667414705516707,0.166666666666667,0.833333333333333,6
"ZJU_LeiLab-MPUDE_ens","72",1.45535172464032,0.968153311820253,19.6520507246377,0.182261501198318,1.35070088361368,1.21894668897804,23.875,0.262128943373951,1,1,6
"docxology-analog","01",0.828042918642127,0.667370193999786,13.6102152204982,0.154128116415377,1.01993385618037,0.920203711137196,23.9108337928017,0.273544785862685,0,1,1
"docxology-analog","02",1.28614097018431,1.22566784561743,3.47153003676667,0.775115398688379,1.1166833377188,1.09760497816121,4.71265186725683,1.11851702314932,0,0,1
"docxology-analog","04",0.632833676333413,0.460428046337225,4.11249344212795,0.0581101133111302,3.47056310845018,3.32454544873435,7.29911495686535,0.102388860688249,1,1,1
"docxology-analog","05",0.701866249257958,0.55639321544955,3.63048403881359,0.208358919482034,1.10439949967612,0.981056432137144,7.01892765289517,0.406366018970609,0,1,1
"docxology-analog","06",0.806248702277071,0.667432537022466,123.045131004883,0.151702031665736,0.865064463096293,0.898569584261871,178.589227999078,0.217776836170156,0,0,1
"docxology-analog","08",0.726891894086895,0.511126468318801,2.74528382984757,0.0711616586526221,Inf,Inf,0.560507788671792,0.0154496972202507,1,1,1
"docxology-analog","09",0.935433128320711,0.711958315836594,22.7281441519853,0.463705422644461,0.938813372205498,0.937038753592888,33.0105441465259,0.708980925973407,0,0,1
"docxology-analog","10",1.33972198737457,0.991723815494763,2.07005154601909,0.141811776581124,2.77100458409251,2.21914094947763,3.98831925279591,0.286951759137664,1,1,1
"docxology-analog","11",0.634347576179275,0.508350195790314,2.15582420941701,0.167286666236656,0.787465990478132,0.657569945003036,4.38705843823126,0.320468594127912,1,1,1
"docxology-analog","12",0.575764591637249,0.41984975464795,16.5500091678758,0.0310012842377879,0.371189116761836,0.359986057107392,6.67570394059271,0.012485998295511,1,1,1
"docxology-analog","13",0.865227614101091,0.715110193311925,7.38353460526262,0.098791586878907,Inf,Inf,15.3264448426855,0.198830420225519,1,1,1
"docxology-analog","15",1.18778879617539,1.05911425731154,10.9708472082969,0.30289138905157,1.4316899450876,1.32294340761132,17.688170365753,0.489634900075368,0,1,1
"docxology-analog","16",1.92950411606663,1.44986755358191,5.52185958040375,0.354879446079507,1.94784589134786,1.63622335501567,8.39833524307675,0.567291977376295,0,1,1
"docxology-analog","17",0.743989665810922,0.480142092354032,6.90986541288023,0.0957936336263359,1.86170532660185,1.7649124480397,11.6379610105109,0.169514512123174,0,1,1
"docxology-analog","18",0.694417006240498,0.549906883919444,7.76361007178857,0.234530737152678,1.15093331908346,1.18850160231078,16.0512614178185,0.4815466194028,0,1,1
"docxology-analog","19",0.956782274996617,0.725915987240387,1.7558637412272,0.100349216785549,Inf,Inf,0.873655077858468,0.0531648122528026,1,1,1
"docxology-analog","20",0.668517250080088,0.639145722323479,1.29939630574125,0.163485156205849,1.04604382742667,0.968081655349078,2.21668365398789,0.250602580074842,1,1,1
"docxology-analog","21",1.32190875064034,1.21432413855814,6.38556968132997,0.334574336902777,2.48688657968109,2.8412459421653,11.1581068373879,0.591176094827393,0,1,1
"docxology-analog","22",0.698547133448974,0.53050172395774,4.45525598574552,0.0542853454596877,0.67393173326521,0.64222328529185,4.05659024852142,0.0507003075298904,1,1,1
"docxology-analog","23",0.573371043761156,0.61839319462949,1.03620267044266,0.253630452401647,0.711934631704545,0.772918543861121,1.87638167119314,0.485791195357842,0,1,1
"docxology-analog","24",1.04538116803612,0.674573141764845,4.44951952156862,0.0906009754333261,1.45779270988711,1.26280910368978,5.74221343650188,0.125345344613548,1,1,1
"docxology-analog","25",0.427877177202721,0.302616262976327,2.88968394867582,0.0558159289312794,Inf,Inf,0.378997943395667,0.00699396553749665,1,1,1
"docxology-analog","26",0.478035237933384,0.336364979707197,3.61142555594722,0.0732876498145655,0.850404468275014,0.812254960531955,5.12788633080339,0.101758756762826,1,1,1
"docxology-analog","27",0.537279585338428,0.381672802467956,2.97366634187422,0.087849884594578,0.362677706575241,0.332537768257319,2.36922685267153,0.0661752285383552,1,1,1
"docxology-analog","28",0.83601831522515,0.661851716398,2.08438429844786,0.0798336333057063,Inf,Inf,2.37299145463339,0.0885576935301509,1,1,1
"docxology-analog","29",0.485252324881366,0.365434570137503,2.35172146675305,0.0540084355405426,Inf,Inf,0.364768259758854,0.00844720448205072,1,1,1
"docxology-analog","30",0.96639221840108,0.999894266377896,2.43388699791371,0.289252497343419,1.04316338563741,1.02785866824938,3.72230501385938,0.413081083508234,0,1,1
"docxology-analog","31",0.648238325879565,0.665573786030983,1.30472860000141,0.188444315811048,Inf,Inf,2.50686341838085,0.326478868821011,1,1,1
"docxology-analog","32",1.09235529679978,0.885594521657567,11.9383434961503,0.301379320152499,1.44144311094207,1.38131574007015,20.3883394624445,0.523854784591394,0,1,1
"docxology-analog","33",0.759028869008791,0.618170873001375,2.48522408584707,0.190228711835701,1.14858875194589,1.02447596158181,5.0929554194964,0.411643013458377,0,1,1
"docxology-analog","34",0.382847631927222,0.262729854088034,6.74362032116733,0.0411307319868728,Inf,Inf,5.57760114177256,0.0343881976032288,1,1,1
"docxology-analog","35",0.913382708776235,0.870031417302837,2.06829959342355,0.224013062599479,1.36792176394659,1.34851108393941,3.99868772158292,0.405301086758266,0,1,1
"docxology-analog","36",0.51519663552354,0.365413600827714,10.5564067958139,0.0368415689269688,0.738214206904183,0.695514594221535,14.5846012312173,0.0494984655940103,1,1,1
"docxology-analog","37",1.54678575524179,1.20428266643634,19.691223263101,0.111828249093484,3.40025808285583,3.53891254573302,40.3104995051276,0.226355358833362,0,1,1
"docxology-analog","38",0.613319364287992,0.843401006114857,1.3196160971125,0.706121848735552,0.816701615887295,0.876122544252504,2.10441904887039,1.13282659606664,0,1,1
"docxology-analog","39",0.669395668949183,0.542880517380711,16.0815204677714,0.210564328908043,0.808416127681975,0.894676517271203,26.6245153234563,0.341641240901092,0,1,1
"docxology-analog","40",0.870579911414682,0.814779296629941,3.23682784482863,0.186996164933174,1.68042676228919,1.71868632975582,6.88232526983838,0.375177882121192,0,1,1
"docxology-analog","41",0.863831168538206,0.635869138769069,7.15536325285752,0.129889995317081,1.11234585676324,1.02736742754499,13.6089025328455,0.239068561441057,0,1,1
"docxology-analog","42",1.34424038912983,0.88113405722154,59.6348528536575,0.377419744393543,1.31436544617609,1.2593569556937,79.8270076599448,0.490754140393844,0,0,1
"docxology-analog","44",0.612122887036637,0.530778169507514,2.53862194434193,0.189455135809408,0.860462148780454,0.77811136424197,5.70129578937562,0.408525296539376,1,1,1
"docxology-analog","45",0.726199067167393,0.573065596825509,3.98138847209441,0.0635035933346254,0.828614905606745,0.791963958395489,4.00509949868349,0.0607043046579578,1,1,1
"docxology-analog","46",1.09924992985021,1.18059337841574,5.07796607311886,0.770995602416177,1.13496351644164,1.23698632340326,7.45262390594046,1.13168707103507,0,1,1
"docxology-analog","47",0.623564159336841,0.469412175512047,6.74492226909139,0.0992127385256044,0.859918686374626,0.790654675320435,11.6870238191322,0.16232322947983,0,1,1
"docxology-analog","48",0.482212785083402,0.363789908440135,24.1772318112988,0.0681874507903096,0.591720529800411,0.591916866204324,42.4173634791376,0.120578355664787,0,1,1
"docxology-analog","49",0.845442763416916,0.652440625209808,1.91027337552612,0.0815629773186075,Inf,Inf,0.0836559359621774,0.00363061593767977,1,1,1
"docxology-analog","50",1.72354128753229,1.44737596800552,4.258798346083,0.748448075827823,1.89310405707327,1.50984701778825,7.21720518335877,1.22546079328418,0,1,1
"docxology-analog","51",1.03573556792245,0.665654609916949,5.62573724598554,0.108996869596875,2.75825434722245,2.50206109402919,10.9947782146502,0.218595950450174,0,1,1
"docxology-analog","53",1.29104713375399,0.961956035542825,27.0892180088309,0.15159479371859,1.49195169714862,1.35010385118383,45.9506505944213,0.258167356316574,0,1,1
"docxology-analog","54",2.42404426043599,1.66158544054223,7.62788280912005,0.290456026479569,3.71327476475769,3.00503192418763,11.6924166575794,0.460345156552681,0,1,1
"docxology-analog","55",0.445051121904142,0.330771091342257,6.36212272966378,0.153640664503959,0.579689244173453,0.517266956161588,11.7170429819918,0.273283992286253,0,1,1
"docxology-analog","56",0.351658662160595,0.439879837703246,0.735697040444571,0.256440286618988,0.395643909652621,0.494624500054378,1.23949731160421,0.48227098646773,0,1,1
"docxology-analog","72",1.22184875360462,0.927073450668874,8.86578822779179,0.104788323323207,Inf,Inf,16.0350550178196,0.19613400148858,0,1,1
