"model_id","wis","ae_median","interval_coverage_50","interval_coverage_95","n"
"CFA_Pyrenew-Pyrenew_E_COVID",0.000219704518387849,0.000287147365768649,0.571428571428571,1,10
"CFA_Pyrenew-Pyrenew_HE_COVID",0.00027052822833156,0.000403557265588644,0.571428571428571,1,10
"CMU-TimeSeries",0.000478319739017755,0.000761461956568842,0.5,1,20
"CovidHub-baseline",0.000658208336296189,0.00099,1,1,20
"CovidHub-ensemble",0.000345087256460592,0.000437404438589633,0.8,1,20
"UGA_flucast-INFLAenza",0.000283425472004211,0.000243007041737729,1,1,20
