"model_id","reference_date","wis_scaled_relative_skill","wis_scaled_relative_skill__log","wis","wis__log","ae_median_scaled_relative_skill","ae_median_scaled_relative_skill__log","ae_median","ae_median__log","interval_coverage_50","interval_coverage_95","n"
"CADPH-CovidCAT_Ensemble",2025-11-29,0.319329179169355,0.260331106125529,15.2264138359173,0.0554544320879803,0.332044642884079,0.331503988793287,22.8243465045975,0.0815682495392127,0.75,1,4
"CADPH-CovidCAT_Ensemble",2025-12-06,1.56327491145016,1.43911142405558,103.093787924023,0.425412705334313,1.39078282804471,1.626830731396,133.893560413616,0.574071529811299,0,0,4
"CADPH-CovidCAT_Ensemble",2025-12-13,1.06607834023612,0.978857378947815,73.329894373348,0.267979775658317,0.984710946934199,1.09348868006663,108.130614522575,0.401230982716356,0,0.25,4
"CADPH-CovidCAT_Ensemble",2025-12-20,0.266067535284699,0.246086118467002,16.6833747223984,0.0509036260182259,0.219944856302913,0.232998561803134,18.5412466123705,0.0576679609263682,0.75,1,4
"CADPH-CovidCAT_Ensemble",2025-12-27,0.295638240315567,0.287006287625573,19.3032636532591,0.0602442719514555,0.320048924643299,0.346508176697516,27.1975348382797,0.0837821934469174,0.75,1,4
"CADPH-CovidCAT_Ensemble",2026-01-03,0.357438713511698,0.314439717106845,23.1204578682555,0.0677674980035636,0.33741190447113,0.354322665798696,34.860457132195,0.107065993783113,0.5,1,4
"CADPH-CovidCAT_Ensemble",2026-01-10,2.74357198378447,1.97833263938154,111.843858948258,0.295160758551964,3.22494116884673,2.53924884982512,178.031164546934,0.468831053084725,0,0.75,4
"CADPH-CovidCAT_Ensemble",2026-01-17,0.716966157657515,0.644268380683719,28.0722573116948,0.0875301082306769,0.887176079766829,0.919283043880576,43.305268469833,0.139227922838939,0.25,1,4
"CADPH-CovidCAT_Ensemble",2026-01-24,0.580893850432143,0.515493186675899,21.2063681988342,0.0718897209562787,0.77937619859837,0.865739324448738,39.2880595797655,0.13090535356584,0.75,1,4
"CADPH-CovidCAT_Ensemble",2026-01-31,1.09061790046238,0.867509222576551,37.1369275799706,0.133727888219718,1.30580556026412,1.17398000761822,63.4262802271837,0.227380128156628,0.25,1,4
"CADPH-CovidCAT_Ensemble",2026-02-07,2.17930755176968,2.09181490881125,79.1673141733493,0.306084703873193,2.19423750830749,2.79927988109464,112.477202556034,0.448024076371042,0,0.5,4
"CADPH-CovidCAT_Ensemble",2026-02-14,0.96321538940298,0.833712264807097,33.0243122043317,0.119843226023079,1.03698544739229,1.03809356747465,49.2628063157045,0.178730224566763,0.25,0.75,4
"CADPH-CovidCAT_Ensemble",2026-02-21,0.671451214577033,0.616725697316628,25.6251169242387,0.095020071482131,0.952229459412919,0.939443047598396,43.5568797857503,0.16725710385244,0.5,1,4
"CADPH-CovidCAT_Ensemble",2026-02-28,0.490198930127166,0.524199858076016,17.6289559908318,0.0789937428028096,0.572626124416076,0.650247242407229,28.359129875624,0.124386153010698,0.75,1,4
"CADPH-CovidCAT_Ensemble",2026-03-07,0.467873810520889,0.524726413502457,15.8934496610315,0.0822144588991927,0.578125631448473,0.689781877639733,27.1615384179793,0.136197558443837,0.5,1,4
"CADPH-CovidCAT_Ensemble",2026-03-14,0.848635933595964,0.941748164134486,27.7786965042613,0.166991828342444,0.987624813809374,1.21943360679232,47.2310769662087,0.285912619325808,0,0.75,4
"CADPH-CovidCAT_Ensemble",2026-03-21,0.486213692084788,0.521928864065617,15.0159157539633,0.0892061341623047,0.533897096667014,0.622090605878905,24.07201842021,0.140366648957169,0.75,1,4
"CADPH-CovidCAT_Ensemble",2026-03-28,0.654498780156597,0.698591234405172,18.7594120318139,0.105119384367486,0.850312955295775,0.961961149428092,33.1030770688227,0.191501388311877,0.25,1,4
"CADPH-CovidCAT_Ensemble",2026-04-04,1.99075613436953,1.89847063234625,52.4029916434418,0.458298847787688,2.44410642708858,2.75340860253438,71.5565365103594,0.652552667270922,0,0,4
"CADPH-CovidCAT_Ensemble",2026-04-11,0.550613285933674,0.502607452933342,14.0965487706332,0.103094086452555,1.21530265985547,1.10664329727193,26.1182648972837,0.186720400844242,0.25,1,4
"CADPH-CovidCAT_Ensemble",2026-04-18,1.95174361641503,1.6861454751259,59.466654250865,0.506315362806114,2.32308591455686,2.45002609494169,78.0168465614041,0.696356301970381,0,0,4
"CADPH-CovidCAT_Ensemble",2026-04-25,0.575475028960126,0.48905139370256,14.9607124698987,0.104667102598054,0.960335550398657,0.941673084445799,27.4892196989135,0.188393919146675,0.5,1,4
"CADPH-CovidCAT_Ensemble",2026-05-02,0.50905358957224,0.430496776181839,10.2323925798667,0.0655544868221266,0.78719978544532,0.707730636176749,14.0706676106788,0.0879174942420951,0.5,1,4
"CADPH-CovidCAT_Ensemble",2026-05-09,0.94735457489266,0.761697706558763,25.618797978624,0.148500719899968,2.01696982371157,1.78848326780302,42.705519895492,0.250199182736399,0.5,1,4
"CADPH-CovidCAT_Ensemble",2026-05-23,0.50243500267604,0.483139152314361,12.6088409019854,0.0829988647076569,0.864256072338938,0.829550895224537,18.2408903119815,0.123809057202859,0.5,1,4
"CADPH-CovidCAT_Ensemble",2026-05-30,0.633975540569985,0.605867772062354,14.7886988335581,0.096135712767256,1.23493920758928,1.07281487073008,22.1003278165637,0.147808323677296,0.5,0.75,4
"CADPH-CovidCAT_Ensemble",2026-06-06,0.785490482790929,0.75761042859508,22.8635821129516,0.180873732565439,1.30370292116804,1.29995805856419,36.5764517160178,0.290634038766855,0.25,0.75,4
"CADPH-CovidCAT_Ensemble",2026-06-13,0.633592501674621,0.55846213842322,14.7259192635114,0.0909987464629654,1.4475480408062,1.20669632009115,24.7832295211507,0.158949916182054,0.5,1,4
"CADPH-CovidCAT_Ensemble",2026-06-20,0.368709454467541,0.312269404001458,9.51742117922671,0.0596394186294802,0.377103166374022,0.37179295448699,8.01299390632474,0.0559283677214177,0.75,1,4
"CADPH-CovidCAT_Ensemble",2026-06-27,0.571450161869191,0.494518803206137,13.8921325782784,0.0826599671419703,0.783334859741802,0.742266544811098,19.5573397123253,0.114355318955403,0.75,1,4
"CADPH-CovidCAT_Ensemble",2026-07-04,0.77491389474976,0.629204768203191,34.2457184117279,0.196049304785449,0.933252313251985,0.965116306070335,58.977901625616,0.335669523784084,0,1,4
"CADPH-CovidCAT_Ensemble",2026-07-11,0.540161129755801,0.426648569910886,30.429291410086,0.123520806725894,0.674012699439796,0.628236081235763,54.388090647602,0.220122090457051,0.25,1,4
"CADPH-CovidCAT_Ensemble",2026-07-18,0.302005878618087,0.224381478589434,23.30271589088,0.0764418786446084,0.293461738526927,0.267415458846016,39.9281448798717,0.122428407376004,0.5,1,4
"CADPH-CovidCAT_Ensemble",2026-07-25,0.304204163703301,0.243617820551827,20.490346258582,0.0563312977235491,0.225617190932493,0.231834223875353,24.0586643453468,0.0708854567592323,0.75,1,4
"CADPH-CovidCAT_Ensemble",2026-08-01,0.572727983196831,0.485609012964299,66.177128546406,0.176440162579494,0.583056439557319,0.585809493263355,112.520958364702,0.296518884472883,0,0.75,4
"CADPH-CovidCAT_Ensemble",2026-08-08,0.360544261113385,0.265044156793799,38.9692296387606,0.0699480127092576,0.33756546994717,0.308469846353135,56.6930498169942,0.104739290675441,0.75,1,4
"CADPH-CovidCAT_Ensemble",2026-08-15,0.380838181390659,0.283713936541196,75.1669623198367,0.122728555290825,0.432788706928523,0.34551701285579,135.142580102517,0.217605233855765,0.25,1,4
"CADPH-CovidCAT_Ensemble",2026-08-22,0.714100350578076,0.609755133460909,187.961706301716,0.288213260879689,0.746490656751543,0.724377909834349,279.262798973415,0.437830977858348,0,0.25,4
"CADPH-CovidCAT_Ensemble",2026-08-29,0.706882456603477,0.53548921001238,214.211312145237,0.286805247322865,0.749601625971599,0.615487252596643,318.710744420296,0.433188042463549,0,0.25,4
"CADPH-CovidCAT_Ensemble",2026-09-05,0.750218872894609,0.551917924896639,216.814528731735,0.268319783450772,0.845833351579903,0.710943455833827,331.764291410147,0.416116251401451,0,0.25,4
"CADPH-CovidCAT_Ensemble",2026-09-12,0.631863627080978,0.419902143534295,191.732678912159,0.227749592097697,0.93224622810602,0.77784761125977,272.383977929735,0.32830701212962,0.25,0.5,4
"CADPH-CovidCAT_Ensemble",2026-09-19,0.675019341698131,0.508409092224714,127.260488214565,0.131136045047976,1.07068492537153,0.948054381930126,193.92773457527,0.199230727572816,0.666666666666667,0.666666666666667,3
"CADPH-CovidCAT_Ensemble",2026-09-26,1.11379882001248,0.834577534647467,194.565946403602,0.206008661777342,1.80228948164169,1.37080014625654,287.322243371765,0.295631493804101,0,0.5,2
"CADPH-CovidCAT_Ensemble",2026-10-03,1.28482210812069,1.01830521835644,280.000728478195,0.318316975357373,1.36453494044385,1.13590086354606,359.07690235553,0.398242816058155,0,0,1
"CEPH-Rtrend_covid",2024-11-30,0.69374608239722,0.63291868381244,27.9557357859532,0.196566049186457,0.729056933766418,0.702241709941212,41.5336538461538,0.300475473861841,0.600961538461538,0.951923076923077,208
"CEPH-Rtrend_covid",2024-12-07,0.710134257638774,0.729037339385027,43.6480121237458,0.27104991128843,0.880219671281446,0.875494402690344,69.8894230769231,0.42897126311737,0.408653846153846,0.879807692307692,208
"CEPH-Rtrend_covid",2024-12-14,0.722627766500441,0.750946735826605,63.3640050167224,0.29242321787619,0.886774192045376,0.903495924060398,96.5817307692308,0.457891102769324,0.298076923076923,0.759615384615385,208
"CEPH-Rtrend_covid",2024-12-21,0.586328200593882,0.625617170036098,52.8383507525084,0.241277164381468,0.742553864131747,0.742204656235143,84.3076923076923,0.375965951905104,0.360576923076923,0.783653846153846,208
"CEPH-Rtrend_covid",2024-12-28,0.666876750653233,0.622998640229578,66.7600627090301,0.290656587793648,0.75413521568856,0.708667471883275,98.4423076923077,0.439802184259848,0.355769230769231,0.754807692307692,208
"CEPH-Rtrend_covid",2025-01-04,1.32877462864998,1.096110275115,68.5043143812709,0.262093669459409,1.36990506157455,1.10607018902146,101.384615384615,0.384145202338613,0.466346153846154,0.846153846153846,208
"CEPH-Rtrend_covid",2025-01-11,1.89190137412202,1.32690024564836,108.668718645485,0.32218918588007,1.84624987427196,1.42075216508382,162.778846153846,0.506805860316052,0.336538461538462,0.826923076923077,208
"CEPH-Rtrend_covid",2025-01-18,1.15034820784391,1.12704613988477,39.8064276755853,0.195542052247549,1.16646492637763,1.19654086299109,61.2548076923077,0.300560682866782,0.644230769230769,0.975961538461538,208
"CEPH-Rtrend_covid",2025-02-01,1.54877696023976,1.59926859823259,50.6438336120401,0.364735133078777,1.6674615747339,1.97510414934067,81.3990384615385,0.601354181031263,0.389423076923077,0.927884615384615,208
"CEPH-Rtrend_covid",2025-02-08,1.31078564351097,1.13735336913773,37.4809030100334,0.236591077830375,1.2663928609569,1.15127516844692,56.0769230769231,0.360010452788815,0.658653846153846,0.975961538461538,208
"CEPH-Rtrend_covid",2025-02-15,1.32463527687595,1.07314033605853,35.699393812709,0.206725999758682,1.30398075559548,1.18161962353651,53.8317307692308,0.296900292336665,0.759615384615385,0.990384615384615,208
"CEPH-Rtrend_covid",2025-02-22,1.27481898332404,1.06363594809753,31.5743185618729,0.225568789814703,1.44648268003395,1.3642240773986,51.7692307692308,0.368754969360404,0.495192307692308,0.947115384615385,208
"CEPH-Rtrend_covid",2025-03-01,1.53477087348916,1.36597142691976,40.1198327759197,0.297749633246515,1.63729699107855,1.65089514277746,64.0817307692308,0.466926552253282,0.341346153846154,0.793269230769231,208
"CEPH-Rtrend_covid",2025-03-08,1.30223943040774,1.14946103530723,29.170025083612,0.237803634695207,1.35634926264325,1.37669604344246,45.7788461538462,0.373871233488635,0.461538461538462,0.903846153846154,208
"CEPH-Rtrend_covid",2025-03-15,1.1515582552065,0.949865014364845,26.3521906354515,0.195904426674938,1.13666850603525,1.0936868285434,38.75,0.294519064284894,0.5625,0.927884615384615,208
"CEPH-Rtrend_covid",2025-03-22,1.09640395047433,0.961442189239583,27.6713043478261,0.237143583338592,1.07613016968956,1.11465838872566,40.4230769230769,0.369058542984175,0.456730769230769,0.913461538461538,208
"CEPH-Rtrend_covid",2025-03-29,0.986975927969671,0.946968189136466,24.5666847826087,0.264498307542828,1.03602801360332,1.20634598604421,37.9663461538462,0.409744713959765,0.475961538461538,0.875,208
"CEPH-Rtrend_covid",2025-04-05,0.817230654284819,0.852077324790665,16.8341450668896,0.227322484347339,0.861191566080002,1.12284551220141,26.4326923076923,0.354722364106588,0.538461538461538,0.942307692307692,208
"CEPH-Rtrend_covid",2025-04-12,0.987116059616893,0.846217224199688,20.1341868729097,0.2320348437602,1.09029214376848,1.12607209015131,31.5288461538462,0.356429492445751,0.504807692307692,0.908653846153846,208
"CEPH-Rtrend_covid",2025-04-19,1.25474347234505,0.902709768954033,20.6269878762542,0.269301263822255,1.43351066778709,1.31997140502869,32.3028846153846,0.4258291896918,0.408653846153846,0.865384615384615,208
"CEPH-Rtrend_covid",2025-04-26,0.83457714562806,0.853784494781098,13.6325585284281,0.24842343732561,0.972451761880731,1.25411131094373,22.1923076923077,0.403649944073425,0.432692307692308,0.908653846153846,208
"CEPH-Rtrend_covid",2025-05-03,0.8530081905635,0.781979149151504,13.7678699832776,0.245150906844294,1.00425654569178,1.08851528426821,21.7403846153846,0.385194693917704,0.471153846153846,0.879807692307692,208
"CEPH-Rtrend_covid",2025-05-10,0.878753712989452,0.773712971481784,14.9753239966555,0.257919236629993,1.00366380754484,1.1861946249993,22.8173076923077,0.410617808329202,0.413461538461538,0.846153846153846,208
"CEPH-Rtrend_covid",2025-05-17,1.26124549131996,0.987162156187241,19.7507775919732,0.365134890802693,1.42342596951656,1.39786393447832,28.7067307692308,0.557850210338087,0.288461538461538,0.75,208
"CEPH-Rtrend_covid",2025-05-24,1.26063058967179,0.887878043847511,22.0272784280936,0.316737784262615,1.44979451306678,1.46672667477697,30.4471153846154,0.486427910151622,0.355769230769231,0.798076923076923,208
"CEPH-Rtrend_covid",2025-05-31,1.31662488783386,0.928633071158937,21.5670275919732,0.377181242800399,1.679773642721,1.53037502014785,30.1153846153846,0.569429755315231,0.283653846153846,0.745192307692308,208
"CEPH-Rtrend_covid",2025-06-07,1.04404335932045,0.789202468823978,16.3497324414716,0.313873779484329,1.36383788981141,1.38763983019303,23.4182692307692,0.4851919052677,0.365384615384615,0.778846153846154,208
"CEPH-Rtrend_covid",2025-06-14,1.00443346713475,0.825442924436596,17.0386036789298,0.324428731645658,1.20540031158444,1.21349801046488,24.5576923076923,0.492519005909538,0.394230769230769,0.822115384615385,208
"CEPH-Rtrend_covid",2025-06-21,1.13570163151799,0.914934888254282,19.6567495819398,0.395468278952889,1.22179990906658,1.24469765132076,28.0336538461538,0.606385892621854,0.254807692307692,0.706730769230769,208
"CEPH-Rtrend_covid",2025-06-28,1.0818087566961,0.820928540370972,19.2387019230769,0.321931012522208,1.29091484061561,1.23810158683644,28.2451923076923,0.493730885835357,0.350961538461538,0.759615384615385,208
"CEPH-Rtrend_covid",2025-07-05,0.95674318507369,0.780806766706996,19.4415405518395,0.319111175424538,1.05491360113006,1.06188627475989,28.4278846153846,0.48304507824758,0.384615384615385,0.788461538461538,208
"CEPH-Rtrend_covid",2025-07-12,1.10116671285258,0.8560527016561,27.9076505016722,0.376402790390573,1.07658992569189,1.01567740564341,38.7355769230769,0.557988939782962,0.293269230769231,0.692307692307692,208
"CEPH-Rtrend_covid",2025-07-19,0.944425513061083,0.798473518960707,25.928766722408,0.348887860808213,0.940419010077915,0.968721783784002,38.0673076923077,0.524592709518795,0.283653846153846,0.697115384615385,208
"CEPH-Rtrend_covid",2025-07-26,0.992275318013093,0.780407153129209,35.2154744983278,0.338841202890522,0.928304298057915,0.912077625907438,48.3557692307692,0.496243588939529,0.3125,0.697115384615385,208
"CEPH-Rtrend_covid",2025-08-02,0.838768093030413,0.702972068372988,33.9895171404682,0.326589719020449,0.811206680630036,0.752524756288135,48.6730769230769,0.488801099732081,0.254807692307692,0.673076923076923,208
"CEPH-Rtrend_covid",2025-08-09,0.529120239218056,0.538502345374066,22.8365091973244,0.216507875994331,0.560071172018741,0.5861035512001,35.9903846153846,0.33402481601409,0.403846153846154,0.875,208
"CEPH-Rtrend_covid",2025-08-16,0.50318772499871,0.703651121078622,23.8154410535117,0.246314551112005,0.502968382931711,0.715231640146531,33.9807692307692,0.351343447486347,0.4375,0.783653846153846,208
"CEPH-Rtrend_covid",2025-08-23,0.566350596096204,0.59889092501439,25.0596195652174,0.184941325859877,0.58728038162942,0.641646715168824,36.3701923076923,0.279542669968549,0.480769230769231,0.875,208
"CEPH-Rtrend_covid",2025-08-30,0.862636146793392,0.682790815647609,32.373133361204,0.205821947506969,0.893407429353896,0.736139333631605,49.6442307692308,0.315346522887218,0.408653846153846,0.836538461538462,208
"CEPH-Rtrend_covid",2025-09-06,1.2434254265764,0.917853988565064,43.879368729097,0.264550403062184,1.2315981126657,0.964263840739276,65.4278846153846,0.395420767571498,0.370192307692308,0.75,208
"CEPH-Rtrend_covid",2025-09-13,1.67454089679989,1.40701481463584,63.4753595317726,0.394258557485591,1.73114611221701,1.48001418010544,92.0625,0.555508822547479,0.225961538461538,0.596153846153846,208
"CEPH-Rtrend_covid",2025-09-20,1.72166306050132,1.49313506011212,65.2396383779264,0.391833418835099,1.76809643883426,1.58670451156316,94.8269230769231,0.575686446376547,0.197115384615385,0.610576923076923,208
"CEPH-Rtrend_covid",2025-09-27,1.50769408413422,1.43813545546137,54.543747909699,0.38179808031538,1.48369224460247,1.41610019970662,81.4471153846154,0.571004650253762,0.197115384615385,0.658653846153846,208
"CEPH-Rtrend_covid",2025-11-29,0.875162369482248,0.733033728582849,17.5272554347826,0.266499345287026,0.939368306999603,0.926845817059441,28.2932692307692,0.415201230030287,0.461538461538462,0.894230769230769,208
"CEPH-Rtrend_covid",2025-12-06,0.995251155961837,0.738410741299873,31.4878051839465,0.325727673638742,0.962253160877404,0.859863968928341,48.0048076923077,0.506347571452566,0.322115384615385,0.759615384615385,208
"CEPH-Rtrend_covid",2025-12-13,0.995146169133371,0.795278290593106,40.868737458194,0.353514789904278,0.983335997182427,0.923174685889509,60.9663461538462,0.547030500380674,0.240384615384615,0.759615384615385,208
"CEPH-Rtrend_covid",2025-12-20,0.70407731996033,0.578601605216093,36.5231647157191,0.278606793527545,0.709052650780083,0.63332367545654,57.4230769230769,0.434947719530776,0.379807692307692,0.822115384615385,208
"CEPH-Rtrend_covid",2025-12-27,0.791424857674195,0.665124013625165,35.5034615384615,0.267369887307756,0.800061301944283,0.728020762431537,53.1730769230769,0.399667946159414,0.432692307692308,0.802884615384615,208
"CEPH-Rtrend_covid",2026-01-03,1.13359787214939,0.86543250315347,29.1961204013378,0.190470314737465,1.20415439654373,1.03798120503719,43.1634615384615,0.28374228896816,0.528846153846154,0.860576923076923,208
"CEPH-Rtrend_covid",2026-01-10,1.74620411869236,1.26010282787638,39.8763984113712,0.238017010084388,1.87427520257628,1.4634898767202,62.6490384615385,0.375153879434378,0.355769230769231,0.831730769230769,208
"CEPH-Rtrend_covid",2026-01-17,1.08433331126775,1.06546207641621,22.6330204849498,0.188164186502993,1.20815734539952,1.30647596174065,35.8798076923077,0.299202232948881,0.384615384615385,0.889423076923077,208
"CEPH-Rtrend_covid",2026-01-24,1.01810025076642,0.954930507256694,18.7644816053512,0.203811599536878,1.16345933451558,1.26588598225495,29.7980769230769,0.314547558546858,0.490384615384615,0.899038461538462,208
"CEPH-Rtrend_covid",2026-01-31,1.24444620090082,1.01824825894236,23.5067182274247,0.280171190345662,1.33099807937168,1.1969623348546,37.2596153846154,0.446163824981124,0.375,0.831730769230769,208
"CEPH-Rtrend_covid",2026-02-07,1.25313063958855,1.05143319305616,19.021862458194,0.20444916411966,1.47263364093154,1.49343275438579,31.7115384615385,0.335708910841621,0.466346153846154,0.923076923076923,208
"CEPH-Rtrend_covid",2026-02-14,1.12804268060259,0.949644375237337,17.5696153846154,0.203842270513892,1.3215399852352,1.21985394052826,29.2692307692308,0.319827607654115,0.504807692307692,0.913461538461538,208
"CEPH-Rtrend_covid",2026-02-21,0.849977951959403,0.747040315178015,14.4074561036789,0.189356717639692,0.844242404063963,0.812816234694966,21,0.285300978088829,0.600961538461538,0.923076923076923,208
"CEPH-Rtrend_covid",2026-02-28,0.845109011879077,0.87556104646004,13.7874226588629,0.21004513658153,0.796348549218593,0.955000368035773,19.9230769230769,0.327086331222958,0.596153846153846,0.956730769230769,208
"CEPH-Rtrend_covid",2026-03-07,0.769385737279603,0.825493185979621,14.5374561036789,0.246599658327612,0.794264663883876,0.923410680006057,22.6394230769231,0.38842504587587,0.528846153846154,0.918269230769231,208
"CEPH-Rtrend_covid",2026-03-14,0.654766450936134,0.726722386470246,12.3912938963211,0.26728119641641,0.65626236073344,0.800067747909528,18.5913461538462,0.409581168349009,0.581730769230769,0.932692307692308,208
"CEPH-Rtrend_covid",2026-03-21,0.696953146558786,0.776669830002538,13.1767182274247,0.323884649234837,0.675933074398702,0.807063335489481,19.7980769230769,0.475938626468161,0.461538461538462,0.865384615384615,208
"CEPH-Rtrend_covid",2026-03-28,0.716155611941905,0.801451119950589,14.7178637123746,0.369836521289161,0.610066612099262,0.742863756925665,20.7644230769231,0.536773038264652,0.442307692307692,0.802884615384615,208
"CEPH-Rtrend_covid",2026-04-04,0.821561288489423,0.738606961432359,7.73778846153846,0.29630667849597,1.15562225495852,1.08396622000595,11.625,0.44480091028263,0.625,0.932692307692308,208
"CEPH-Rtrend_covid",2026-04-11,0.833871039652314,0.784587314523773,7.62726379598662,0.344063671485138,1.41241062415604,1.25960046443502,12.5288461538462,0.565468249121557,0.528846153846154,0.951923076923077,208
"CEPH-Rtrend_covid",2026-04-18,1.01299593531271,0.916310314047553,8.80940217391304,0.43404017247887,1.46506896147562,1.39539395249797,14.6346153846154,0.709623370872633,0.408653846153846,0.860576923076923,208
"CEPH-Rtrend_covid",2026-04-25,0.796653409645519,0.774815321320709,6.87163043478261,0.345326243634728,0.992431174662607,1.0967481190653,9.51442307692308,0.518909053117937,0.605769230769231,0.903846153846154,208
"CEPH-Rtrend_covid",2026-05-02,0.90207360257573,0.734961972909418,8.24469690635452,0.332423655816046,1.23388587484538,1.06344983793861,11.6923076923077,0.488890067319146,0.509615384615385,0.846153846153846,208
"CEPH-Rtrend_covid",2026-05-09,0.707847773272,0.695864492513126,5.95357023411371,0.311735413482035,1.01640910402706,1.05520317683741,8.31730769230769,0.453836319702288,0.509615384615385,0.850961538461538,208
"CEPH-Rtrend_covid",2026-05-16,0.678927956685454,0.713284713670812,5.73631897993311,0.332000289022678,0.894290402378685,0.92472699539269,8.23557692307692,0.477130357434813,0.504807692307692,0.850961538461538,208
"CEPH-Rtrend_covid",2026-05-23,0.630427381106289,0.697954278806938,4.76324205685619,0.328031027244432,0.933285935005697,0.962212015673281,6.71153846153846,0.483088967434858,0.543269230769231,0.879807692307692,208
"CEPH-Rtrend_covid",2026-05-30,0.719813323723701,0.714727268599608,5.04770275919732,0.343770779219056,1.20819347162164,1.08286805326393,7.02403846153846,0.516752889568525,0.572115384615385,0.961538461538462,208
"CEPH-Rtrend_covid",2026-06-06,0.590158688005824,0.716082105179428,4.11877299331104,0.357251806332824,1.02420490343796,1.07741585845133,6.55769230769231,0.522163614355171,0.514423076923077,0.850961538461538,208
"CEPH-Rtrend_covid",2026-06-13,0.737762647166878,0.89736853710542,4.88110158862876,0.445594093193693,1.51550167815148,1.44851354086281,7.90865384615385,0.671838697858996,0.408653846153846,0.817307692307692,208
"CEPH-Rtrend_covid",2026-06-20,0.707821927969997,0.761361956813784,4.85870192307692,0.365960895621312,1.21091397830959,1.21862540013318,7.68269230769231,0.548115454971367,0.475961538461538,0.870192307692308,208
"CEPH-Rtrend_covid",2026-06-27,0.877137632445233,0.91302561874668,6.33515468227425,0.463694858196037,1.26858480260368,1.34875316942371,10.0480769230769,0.689469899079013,0.423076923076923,0.783653846153846,208
"CEPH-Rtrend_covid",2026-07-04,1.07676917168508,0.936912171229531,8.6223118729097,0.492374649646822,1.41151864541324,1.45377565769605,13.5240384615385,0.757511412979966,0.466346153846154,0.860576923076923,208
"CEPH-Rtrend_covid",2026-07-11,1.04587380882104,1.04108411361286,9.05891931438127,0.52617354966572,1.21909232093417,1.28933176470575,14.4471153846154,0.754380601175132,0.336538461538462,0.730769230769231,208
"CEPH-Rtrend_covid",2026-07-18,1.19249292157334,1.13915711945484,11.483143812709,0.551961234856844,1.34935204877577,1.54586521433759,18.5192307692308,0.815328609964772,0.375,0.793269230769231,208
"CEPH-Rtrend_covid",2026-07-25,0.934680459416061,0.943649025536576,10.2436204013378,0.471116379611277,1.01434929955572,1.10586561274367,16.4471153846154,0.671054483874086,0.360576923076923,0.75,208
"CEPH-Rtrend_covid",2026-08-01,0.874409657371276,0.796106480136025,10.8753887959866,0.373101823151394,0.943897042906356,0.973115891961713,17.7548076923077,0.54907510720876,0.423076923076923,0.817307692307692,208
"CEPH-Rtrend_covid",2026-08-08,0.928440542727889,0.861515742412743,13.125614548495,0.412035507811071,0.982415812101606,1.01753667444251,21.1826923076923,0.596965922585203,0.355769230769231,0.745192307692308,208
"CEPH-Rtrend_covid",2026-08-15,0.871871034705001,0.757763123915708,16.2647387123746,0.381902100889901,0.90810307525038,0.825647043340502,26.25,0.589783468722017,0.269230769230769,0.793269230769231,208
"CEPH-Rtrend_covid",2026-08-22,0.951917834227705,0.89346510491185,20.2829285117057,0.404043632307861,1.00667484848264,1.04558957210744,31.3557692307692,0.593445585260713,0.307692307692308,0.721153846153846,208
"CEPH-Rtrend_covid",2026-08-29,1.00551339821446,0.834061944021172,23.343118729097,0.384789038382938,1.01887805044703,0.89457624723523,35.2307692307692,0.563772773833629,0.326923076923077,0.730769230769231,208
"CEPH-Rtrend_covid",2026-09-05,0.932207257429347,0.828286466418114,18.5360723244147,0.328764424306939,1.04264958578137,1.01754582598341,28.8269230769231,0.495244297731468,0.384615384615385,0.788461538461538,208
"CEPH-Rtrend_covid",2026-09-12,0.680316626949739,0.565821512221744,16.8490969899666,0.320528447843056,1.06838284188678,1.02746162178135,25,0.460050482357061,0.370192307692308,0.725961538461538,208
"CEPH-Rtrend_covid",2026-09-19,0.614226046751243,0.57547482612548,13.0644843924192,0.285000655547948,1.01464258028831,1.03888695727809,19.7884615384615,0.404680055741822,0.371794871794872,0.705128205128205,156
"CEPH-Rtrend_covid",2026-09-26,0.598421260461646,0.535544791123989,10.0849456521739,0.210812934268288,1.06675168937995,0.917606805714368,15.6442307692308,0.300466103608036,0.432692307692308,0.807692307692308,104
"CEPH-Rtrend_covid",2026-10-03,0.886202753341235,0.738328251492577,13.6353344481605,0.257490546846239,1.04901917375215,0.90766708296012,18.8076923076923,0.346629174110356,0.307692307692308,0.634615384615385,52
"CFA-EpiAutoGP",2025-08-30,1.10759177097622,0.836532644978225,40.6368471817537,0.242560955420927,0.849002376867896,0.743742468479206,43.6146131635417,0.304617287649901,0.770833333333333,1,192
"CFA-EpiAutoGP",2025-09-06,1.17040406408182,0.917784514431104,39.4916372588917,0.244661170200548,1.00553481361725,0.926853218048662,51.5710028890625,0.345790645834362,0.6875,0.979166666666667,192
"CFA-EpiAutoGP",2025-09-13,1.30651712062358,1.01098998957462,48.2044673710518,0.270498878631104,1.45152881073326,1.12663552203013,74.7507132895833,0.403819929936275,0.479166666666667,0.890625,192
"CFA-EpiAutoGP",2025-09-20,1.55755821734265,1.24917167578317,59.7571344016619,0.33041803783178,1.68902548818898,1.35197567798115,91.210082171875,0.491274681836054,0.395833333333333,0.817708333333333,192
"CFA-EpiAutoGP",2025-09-27,1.2559297315091,1.21351704070307,45.8964573623704,0.316294900957689,1.30548902552555,1.26136779471124,72.1781282661458,0.497163085729015,0.276041666666667,0.848958333333333,192
"CFA-EpiAutoGP",2025-11-22,0.86451156035009,0.618353379882321,12.7951859056643,0.203747511246878,0.883882941333963,0.753696562477602,18.8492964515625,0.317619173964714,0.59375,0.984375,192
"CFA-EpiAutoGP",2025-11-29,0.703180338899337,0.600418999019015,13.7192376462583,0.218900233086314,0.712729497353389,0.750062701044289,20.9219216307292,0.340129627141024,0.526041666666667,0.932291666666667,192
"CFA-EpiAutoGP",2025-12-06,0.643325105447024,0.549905910905154,19.1559497506554,0.230194689910114,0.658611211939041,0.663293179245573,31.3646600515625,0.370368627024588,0.4375,0.963541666666667,192
"CFA-EpiAutoGP",2025-12-13,0.594230427791204,0.589271952252693,23.9417280767091,0.258030032203313,0.585763693331208,0.667650119795542,36.2570417192708,0.392222420774762,0.505208333333333,0.932291666666667,192
"CFA-EpiAutoGP",2025-12-20,0.686017485631782,0.582807324786695,34.1528565491745,0.269997893084816,0.722244013176652,0.674180760490667,53.564254259375,0.426494461318224,0.369791666666667,0.880208333333333,192
"CFA-EpiAutoGP",2025-12-27,0.660557835013448,0.578683018286026,29.2647188561316,0.232167878244126,0.704640404653411,0.670086841368289,44.9602957395833,0.357441361394925,0.4375,0.895833333333333,192
"CFA-EpiAutoGP",2026-01-10,2.40007947824597,1.52695557848589,52.1398239256712,0.27765761204294,2.62889793621139,1.80830674494695,83.996156515625,0.451928171432346,0.244791666666667,0.885416666666667,192
"CFA-EpiAutoGP",2026-01-17,1.7554376229676,1.40573119847965,36.6938627061634,0.244799912396935,2.0101410282393,1.7790256644791,60.58017158125,0.406700308883418,0.265625,0.911458333333333,192
"CFA-EpiAutoGP",2026-01-24,1.06279850827548,0.812992391334022,19.3164166142081,0.166781179587456,1.17993458817103,1.09880428810883,29.6967382958333,0.261406471970909,0.572916666666667,0.973958333333333,192
"CFA-EpiAutoGP",2026-01-31,1.02956735322452,0.833894912678759,19.5696400799034,0.233635307104094,1.02639989785925,0.868542033843098,28.9554888671875,0.330081123958381,0.619791666666667,0.958333333333333,192
"CFA-EpiAutoGP",2026-02-07,0.873874251471881,0.724653071825491,13.3978585389579,0.141812406335283,0.900082944133186,0.911994004946378,19.2614525411458,0.203456182560242,0.71875,0.984375,192
"CFA-EpiAutoGP",2026-02-14,0.894025890106515,0.759735742153013,14.3305144674252,0.161822107130311,0.939630356192692,0.935686044734779,21.2466863598958,0.244867920835771,0.609375,0.973958333333333,192
"CFA-EpiAutoGP",2026-02-21,1.26118608943796,1.04372754449264,21.2165473942226,0.250836563396522,1.336419900193,1.21604426450781,31.3710136130729,0.391689145589465,0.510416666666667,0.947916666666667,192
"CFA-EpiAutoGP",2026-02-28,1.14109876805123,0.970905004851531,19.9892137102937,0.231328206634674,1.24322699399872,1.15734295165382,32.0035185953125,0.378981928018798,0.432291666666667,0.958333333333333,192
"CFA-EpiAutoGP",2026-03-07,1.16518237337309,1.03737227496572,24.547518387151,0.3270864964803,1.17995581072872,1.12495547856568,38.3565298020833,0.509348579252888,0.3125,0.848958333333333,192
"CFA-EpiAutoGP",2026-03-14,0.999688571929173,0.947253398523271,20.6733706615327,0.370855358120975,1.02991196827286,1.03962825138414,32.34365966875,0.568011991278922,0.28125,0.833333333333333,192
"CFA-EpiAutoGP",2026-03-21,0.996860368363814,0.947919300897642,20.099420922657,0.418133014981025,0.975767826882787,1.00127353278216,30.6451947886458,0.620088071083491,0.3125,0.770833333333333,192
"CFA-EpiAutoGP",2026-03-28,1.16272281059827,1.10658193320316,23.8154955833135,0.505894226465519,1.09388916539349,1.07281489678033,35.51124375,0.728526727966435,0.208333333333333,0.671875,192
"CFA-EpiAutoGP",2026-04-04,0.772806656759348,0.737853540238789,7.32282187381827,0.296353241296611,1.09313822591145,1.10884365665418,11.1263034382344,0.460358991026899,0.4375,0.901041666666667,192
"CFA-EpiAutoGP",2026-04-11,0.715517643663323,0.739193031387035,6.6885996955062,0.335816789038503,1.06539894412678,1.05441117517939,9.71481878414724,0.498101720133667,0.427083333333333,0.895833333333333,192
"CFA-EpiAutoGP",2026-04-18,0.767279114132935,0.667524479832766,6.86784822723351,0.315916665707248,1.013600487473,0.976484343409369,10.251939960266,0.491551809359077,0.436170212765957,0.920212765957447,188
"CFA-EpiAutoGP",2026-04-25,0.677167479457644,0.632695755384908,6.08185556947154,0.298345542523993,0.821045980447228,0.902320592451113,8.69513801682292,0.46766897244689,0.489583333333333,0.901041666666667,192
"CFA-EpiAutoGP",2026-05-02,1.03665641900437,0.734264155378871,9.76698607725292,0.339595383676571,1.41582658340736,1.02646299215848,14.9871499233854,0.514201174919876,0.458333333333333,0.880208333333333,192
"CFA-EpiAutoGP",2026-05-09,1.06462516540668,0.733433692963818,8.32579148696128,0.296439807981375,1.75878584585198,1.29432584117397,12.8900146690104,0.479653323747861,0.4375,0.916666666666667,192
"CFA-EpiAutoGP",2026-05-16,0.822123681205936,0.792821893411599,6.81578157045318,0.354090305950836,1.16821324932696,1.12514513645605,10.4507335485625,0.552902624162974,0.40625,0.848958333333333,192
"CFA-EpiAutoGP",2026-05-23,0.765144057042897,0.744961865753823,5.92704308287332,0.350700959908903,1.24796809526284,1.13878027482664,9.06589270830208,0.554596493913096,0.359375,0.885416666666667,192
"CFA-EpiAutoGP",2026-05-30,0.776127122472867,0.742049946790502,5.69980173377445,0.360125823747001,1.48200849829679,1.17323752036059,8.9044007988125,0.548823936205836,0.4375,0.869791666666667,192
"CFA-EpiAutoGP",2026-06-06,0.652080676030824,0.647662625578813,4.67664021527111,0.321854221163182,1.03244446666429,1.03044515525777,6.77655809236302,0.500471109069069,0.447916666666667,0.901041666666667,192
"CFA-PyRenew_H",2026-09-19,0.822494243222983,0.634060761226775,17.0798480107985,0.301879973918889,1.37279830713723,1.26824898773357,26.4084967320261,0.484805502942944,0.483660130718954,0.967320261437909,153
"CFA-PyRenew_H",2026-09-26,0.746844238522374,0.554702068502626,12.5064943734015,0.215348253204679,1.2860707167177,1.01975120220956,18.6225490196078,0.329633719968719,0.627450980392157,0.980392156862745,102
"CFA-PyRenew_H",2026-10-03,0.864196380161212,0.687180070408274,13.4462889173061,0.243277787382664,1.11071039349296,0.999425248600267,20.0588235294118,0.387333568522334,0.470588235294118,0.941176470588235,51
"CFA-PyRenew_HE",2026-09-19,0.944624080529606,0.49544310350922,19.7627100524206,0.220337497811482,1.56818293259224,0.968672830213846,30.5177304964539,0.348051767758764,0.382978723404255,0.914893617021277,141
"CFA-PyRenew_HE",2026-09-26,1.21835601921194,0.549946585423001,20.6192294809228,0.198997055840498,2.06171751720208,1.03275649586218,30.3265306122449,0.315757177517813,0.469387755102041,0.918367346938776,98
"CFA-PyRenew_HE",2026-10-03,0.903006730100415,0.485470766144468,14.4374014640639,0.161485009890948,1.15000423246029,0.682317930886611,21.4183673469388,0.248774908207379,0.591836734693878,0.918367346938776,49
"CFA_Pyrenew-PyrenewHEW_COVID",2025-05-03,0.802639113771264,0.538957849499333,4.99437601449275,0.144226488270866,1.06081123815862,0.767844767282912,8.26666666666667,0.225085423224684,0.533333333333333,0.966666666666667,30
"CFA_Pyrenew-PyrenewHEW_COVID",2025-05-10,0.762458899550244,0.611540290745833,6.2067557568438,0.197140022144878,0.910268806612095,0.915579482897804,9.68518518518519,0.308082765897662,0.462962962962963,0.907407407407407,54
"CFA_Pyrenew-PyrenewHEW_COVID",2025-05-17,0.815449151284736,0.593155588084086,7.05621188639551,0.207647515391512,1.03059461718263,0.887144741376926,11.741935483871,0.342248705279161,0.435483870967742,0.951612903225806,62
"CFA_Pyrenew-PyrenewHEW_COVID",2025-05-24,0.704658011143664,0.573209120819571,7.40175716873706,0.172261990319036,0.849193500229018,0.92904887223932,11.2142857142857,0.260124539586014,0.571428571428571,0.952380952380952,84
"CFA_Pyrenew-PyrenewHEW_COVID",2025-05-31,0.602459171004273,0.493599108353237,7.33879414525692,0.161499254989175,0.810464550304598,0.858737048199429,11.2784090909091,0.261995078346622,0.522727272727273,0.977272727272727,88
"CFA_Pyrenew-PyrenewHEW_COVID",2025-06-07,0.733084486295225,0.539368535480509,7.93596571146245,0.16440599565806,1.04830561718486,0.949388297183486,12.8409090909091,0.257180942253907,0.454545454545455,0.943181818181818,88
"CFA_Pyrenew-PyrenewHEW_COVID",2025-06-14,0.528443837554445,0.505340825604539,7.37997648221344,0.160324298046061,0.693301060915213,0.773848852801873,11.75,0.254297992108604,0.545454545454545,0.965909090909091,88
"CFA_Pyrenew-PyrenewHEW_COVID",2025-06-21,0.559300173940852,0.45522537702667,7.99165871980676,0.178581909817536,0.627109522619,0.625762015449622,11.8666666666667,0.271301332610993,0.522222222222222,0.944444444444444,90
"CFA_Pyrenew-PyrenewHEW_COVID",2025-06-28,0.544640312895859,0.516943308609419,6.48519285024155,0.195722727641442,0.650210988951411,0.777756500493945,9.55555555555556,0.29339337119213,0.6,0.944444444444444,90
"CFA_Pyrenew-PyrenewHEW_COVID",2025-07-05,0.495839578474254,0.520851006195043,6.53856062801932,0.186701148397628,0.581495339080149,0.735280246647497,10.1111111111111,0.28872204898004,0.544444444444444,0.933333333333333,90
"CFA_Pyrenew-PyrenewHEW_COVID",2025-07-12,0.422389319706118,0.416389207022673,6.68791859903382,0.154248160621181,0.452923650209537,0.505139382120656,10.2277777777778,0.232578452552014,0.533333333333333,0.944444444444444,90
"CFA_Pyrenew-PyrenewHEW_COVID",2025-07-19,0.420615087022628,0.476361794157161,7.33631427536232,0.172769400022374,0.431815984295421,0.599431455685172,11.0833333333333,0.264535232859035,0.477777777777778,0.911111111111111,90
"CFA_Pyrenew-PyrenewHEW_COVID",2025-07-26,0.39391487144797,0.469011162845189,8.88943582125604,0.154263576789914,0.42852796619018,0.608391386494181,14.1277777777778,0.250292031332356,0.455555555555556,0.966666666666667,90
"CFA_Pyrenew-PyrenewHEW_COVID",2025-08-02,0.353536561434403,0.326219017496692,9.47749366729679,0.129839536609839,0.354098036151884,0.370213996551893,14.1630434782609,0.205526062246275,0.543478260869565,0.945652173913043,92
"CFA_Pyrenew-PyrenewHEW_COVID",2025-08-09,0.379507420041314,0.34383941478349,11.30622386679,0.126534249307707,0.401817466461934,0.380303408637953,17.9308510638298,0.196762391654139,0.542553191489362,0.936170212765957,94
"CFA_Pyrenew-PyrenewHEW_COVID",2025-08-16,0.321340024576379,0.370193314950901,11.4036055293006,0.129208862609,0.355300559376732,0.418681271379502,17.7554347826087,0.198061181930126,0.489130434782609,0.945652173913043,92
"CFA_Pyrenew-PyrenewHEW_COVID",2025-08-23,0.553962091951562,0.469467245401748,19.3037963228492,0.120871074253596,0.596135522050067,0.509497420422112,29.8989361702128,0.184817911519161,0.446808510638298,0.872340425531915,94
"CFA_Pyrenew-PyrenewHEW_COVID",2025-08-30,0.800153375657618,0.470267113891751,25.4704502081406,0.115398052451839,0.795972552761735,0.496591335580891,38.3776595744681,0.175016329542268,0.478723404255319,0.861702127659574,94
"CFA_Pyrenew-PyrenewHEW_COVID",2025-09-06,1.15571677865973,0.67069217358746,30.2612382516189,0.159577622828708,1.15057589013667,0.694792101957523,46.1329787234043,0.234273890464742,0.382978723404255,0.819148936170213,94
"CFA_Pyrenew-PyrenewHEW_COVID",2025-09-13,1.31438024190332,0.851339263440453,32.9383447502313,0.172987003824395,1.26647180794004,0.88816550585587,45.4893617021277,0.243258388668971,0.414893617021277,0.765957446808511,94
"CFA_Pyrenew-PyrenewHEW_COVID",2025-09-20,1.02674600674238,1.09161436769844,26.539866720629,0.200776603903049,1.09789874508882,1.13500930863491,40.1542553191489,0.286305378512212,0.361702127659574,0.74468085106383,94
"CFA_Pyrenew-PyrenewHEW_COVID",2025-09-27,0.690922509934863,0.918161653095816,18.4110612401186,0.15550640462684,0.711970275638512,0.925819364076193,28.3863636363636,0.238311227326427,0.454545454545455,0.863636363636364,88
"CFA_Pyrenew-PyrenewHEW_COVID",2025-11-22,0.930060906469915,0.645619939369073,10.48114118083,0.179374032224656,0.943894923889611,0.753846257393824,15.4034090909091,0.266798767069644,0.397727272727273,0.863636363636364,88
"CFA_Pyrenew-PyrenewHEW_COVID",2025-11-29,1.09524824820482,0.776386338354591,14.7293376976285,0.211624024259565,1.13687767594166,1.00855941336611,22.7215909090909,0.337194841705798,0.227272727272727,0.806818181818182,88
"CFA_Pyrenew-PyrenewHEW_COVID",2025-12-06,0.954507806662165,0.708245178132296,15.3720542214358,0.222875359605205,0.862038044362542,0.79937449565284,22.2906976744186,0.341396781779799,0.267441860465116,0.837209302325581,86
"CFA_Pyrenew-PyrenewHEW_COVID",2025-12-13,0.763014093993605,0.612688669868886,15.4958112401186,0.175742473218134,0.762576642312305,0.732840355913292,24.4943181818182,0.280854837777314,0.397727272727273,0.886363636363636,88
"CFA_Pyrenew-Pyrenew_HE_COVID",2025-03-08,0.832247222384038,0.753888286924133,16.3748075624422,0.128930227624181,0.879474628963156,0.906459531735555,26.3563829787234,0.206302614030932,0.446808510638298,0.925531914893617,94
"CFA_Pyrenew-Pyrenew_HE_COVID",2025-03-15,0.872197094494336,0.749628524084747,17.1248056838768,0.128721672926235,0.810402525247385,0.857728790128363,23.5364583333333,0.193433828573123,0.572916666666667,0.958333333333333,96
"CFA_Pyrenew-Pyrenew_HE_COVID",2025-03-22,0.827309840963792,0.664444656891071,20.0180343167702,0.138338023939003,0.821811289382793,0.785241999714294,28.2551020408163,0.217238726218938,0.448979591836735,0.948979591836735,98
"CFA_Pyrenew-Pyrenew_HE_COVID",2025-03-29,0.781838443108003,0.540854139922924,19.1174685004437,0.130987236175996,0.720685860436022,0.649085318491808,25.1530612244898,0.189122515996428,0.561224489795918,0.938775510204082,98
"CFA_Pyrenew-Pyrenew_HE_COVID",2025-04-05,0.884547438268075,0.676301370292006,16.4943240036232,0.139838334634043,0.833561854331384,0.887529576597774,22.9947916666667,0.217978446734154,0.447916666666667,0.90625,96
"CFA_Pyrenew-Pyrenew_HE_COVID",2025-04-12,0.767104184169348,0.631424995714765,15.2807133984028,0.145443629047424,0.778341333605526,0.849074490055402,21.4897959183673,0.222937677162347,0.489795918367347,0.948979591836735,98
"CFA_Pyrenew-Pyrenew_HE_COVID",2025-04-19,0.939319669419967,0.599677350849996,16.3774066992014,0.160238427117605,1.00715197299826,0.863737522189886,23.6224489795918,0.246768193701995,0.479591836734694,0.887755102040816,98
"CFA_Pyrenew-Pyrenew_HE_COVID",2025-04-26,0.830434486624646,0.621146439628609,12.8736254880213,0.148020756180077,0.957973410964216,0.884294680626688,20.3163265306122,0.234353191009362,0.489795918367347,0.938775510204082,98
"CFA_Pyrenew-Pyrenew_HE_COVID",2025-05-03,0.758773127428376,0.643734476330631,10.3743300576752,0.160315651853885,0.900701555590887,0.907326970044382,15.9030612244898,0.250091218296346,0.469387755102041,0.897959183673469,98
"CFA_Pyrenew-Pyrenew_HE_COVID",2025-05-10,0.794468510113394,0.670129810420509,10.6776080523514,0.182910357200568,0.941407501994821,0.992803167946161,16.6938775510204,0.281232535720365,0.479591836734694,0.918367346938776,98
"CFA_Pyrenew-Pyrenew_HE_COVID",2025-05-17,0.79120835488303,0.587765744751689,9.66509383318545,0.180982336039302,0.904251238079272,0.850782833492128,14.4336734693878,0.285682229006923,0.510204081632653,0.948979591836735,98
"CFA_Pyrenew-Pyrenew_HE_COVID",2025-05-24,0.583899205748334,0.565298218964001,8.14800221827861,0.166075039298087,0.750379850387063,0.953667000640717,12.8775510204082,0.260609073766932,0.551020408163265,0.948979591836735,98
"CFA_Pyrenew-Pyrenew_HE_COVID",2025-05-31,0.541673443422416,0.473598478295664,6.88439511978705,0.157468426321569,0.727769447198685,0.82742850808231,10.5408163265306,0.255313675424453,0.520408163265306,0.969387755102041,98
"CFA_Pyrenew-Pyrenew_HE_COVID",2025-06-07,0.668346249076822,0.517257611456209,7.37169307897072,0.156761448864304,0.943139276932694,0.916279907376443,11.780612244898,0.248845483293415,0.520408163265306,0.948979591836735,98
"CFA_Pyrenew-Pyrenew_HE_COVID",2025-06-14,0.594123889468752,0.528660706784498,8.04489736956522,0.168859515203078,0.761609855551845,0.807017378503855,12.49,0.266839305801499,0.51,0.97,100
"CFA_Pyrenew-Pyrenew_HE_COVID",2025-06-21,0.566945841052429,0.478035264891078,7.94824206521739,0.182574947583444,0.65836176530221,0.669183402604329,12.275,0.283948571305701,0.51,0.95,100
"CFA_Pyrenew-Pyrenew_HE_COVID",2025-06-28,0.567553500878385,0.513628839305553,7.03515136956522,0.186323382855323,0.681537782942662,0.76712142035555,10.445,0.277248833977557,0.55,0.93,100
"CFA_Pyrenew-Pyrenew_HE_COVID",2025-07-05,0.50324475194532,0.524769828383109,7.26226763043478,0.183295977003462,0.588980916055482,0.73628598470911,11.33,0.281989268787807,0.51,0.94,100
"CFA_Pyrenew-Pyrenew_HE_COVID",2025-07-12,0.411865343163051,0.42056874366723,7.41636752173913,0.152871228103664,0.444903021848276,0.525757739204943,11.545,0.237807260718633,0.5,0.96,100
"CFA_Pyrenew-Pyrenew_HE_COVID",2025-07-19,0.417680877369188,0.460551514301479,7.53823427240461,0.163836186789222,0.437764147561126,0.601498178914964,11.6275510204082,0.260031678191934,0.510204081632653,0.928571428571429,98
"CFA_Pyrenew-Pyrenew_HE_COVID",2025-07-26,0.365733750026392,0.447396649713213,8.56848434782609,0.144240303730631,0.405686620958802,0.5713178098793,13.82,0.229524834927021,0.5,0.97,100
"CFA_Pyrenew-Pyrenew_HE_COVID",2025-08-02,0.344773452931999,0.327032797834016,9.25354734782609,0.125367022255797,0.350960933923011,0.361586375253609,14.06,0.19242721489952,0.55,0.96,100
"CFA_Pyrenew-Pyrenew_HE_COVID",2025-08-09,0.385512810765455,0.354917051740575,11.2854330217391,0.126780544291418,0.412283192193001,0.400915779490235,18.02,0.201112797877059,0.48,0.94,100
"CFA_Pyrenew-Pyrenew_HE_COVID",2025-08-16,0.341206160968582,0.392986208693353,12.1557919565217,0.132658744455347,0.36453032765501,0.431579311587111,18.375,0.198161515176602,0.51,0.89,100
"CFA_Pyrenew-Pyrenew_HE_COVID",2025-08-23,0.55629245138524,0.469280253317416,19.6933697463768,0.116742970089054,0.596900280325063,0.511964860550393,30.3333333333333,0.179547823814633,0.447916666666667,0.864583333333333,96
"CFA_Pyrenew-Pyrenew_HE_COVID",2025-08-30,0.800236054592861,0.469679137779009,26.3821044865865,0.117126418959025,0.793716934152431,0.508221081112708,39.5531914893617,0.182849401990141,0.436170212765957,0.893617021276596,94
"CFA_Pyrenew-Pyrenew_HE_COVID",2025-09-06,1.06810246112997,0.596503739928308,27.884972673913,0.140508014393793,1.05821897764043,0.6196727647581,42.09,0.207086518494436,0.45,0.86,100
"CFA_Pyrenew-Pyrenew_HE_COVID",2025-09-13,1.25616392823536,0.844205948396915,30.981188673913,0.170492906488075,1.22907358613962,0.876085207226597,43.435,0.238124180998914,0.43,0.77,100
"CFA_Pyrenew-Pyrenew_HE_COVID",2025-09-20,0.9235905360607,1.05358798865078,23.3128889347826,0.191694746986412,1.01130234718891,1.11055839547176,36.07,0.277767948391921,0.36,0.77,100
"CFA_Pyrenew-Pyrenew_HE_COVID",2025-09-27,0.723946853729779,0.928872147267853,18.839745906568,0.15570558914879,0.757919315911495,0.95899900257167,29.5797872340426,0.245101751244947,0.393617021276596,0.861702127659574,94
"CFA_Pyrenew-Pyrenew_HE_COVID",2025-11-22,0.930181817257808,0.655619648203845,10.2243118177613,0.182368548078328,0.943731580434937,0.781364491930472,15.0212765957447,0.278012619669098,0.393617021276596,0.882978723404255,94
"CFA_Pyrenew-Pyrenew_HE_COVID",2025-11-29,1.10487346924632,0.757214938229352,14.5101296484736,0.210277327319051,1.12803916158439,0.981093983262888,22.1702127659574,0.336315495237132,0.234042553191489,0.808510638297872,94
"CFA_Pyrenew-Pyrenew_HE_COVID",2025-12-06,0.898672348208557,0.697467164236117,15.1990116394928,0.212586464893936,0.799913611404447,0.791972177365047,22.0364583333333,0.330053575956847,0.28125,0.84375,96
"CFA_Pyrenew-Pyrenew_HE_COVID",2025-12-13,0.727274254820124,0.587870055173695,14.3415604070305,0.166334259540934,0.741207519044276,0.701410250305741,23.1276595744681,0.265535695589244,0.457446808510638,0.925531914893617,94
"CFA_Pyrenew-Pyrenew_HE_COVID",2025-12-20,0.59573609060178,0.493506057853773,22.5378243478261,0.207299517946375,0.568152277416356,0.523411286445355,34.725,0.325620628376838,0.32,0.85,100
"CFA_Pyrenew-Pyrenew_HE_COVID",2025-12-27,0.283124987421277,0.272919045646764,14.8085128743961,0.109510923046418,0.293732141456047,0.300538424027599,23.6722222222222,0.175025584041599,0.444444444444444,0.955555555555556,90
"CFA_Pyrenew-Pyrenew_HE_COVID",2026-01-03,1.03875368591366,0.935547527165901,23.6013986355227,0.15823268317156,1.25701298590181,1.24901383586269,37.2446808510638,0.247470938726594,0.382978723404255,0.851063829787234,94
"CFA_Pyrenew-Pyrenew_HE_COVID",2026-01-10,1.05670296688016,0.864694170645251,17.4397935,0.127555916420241,1.11180111576774,0.979357429364065,28,0.206865575531087,0.48,0.97,100
"CFA_Pyrenew-Pyrenew_HE_COVID",2026-01-17,0.76337012185788,0.896369552367252,14.5407395,0.143743957628072,0.840958777293124,1.05499327221417,23,0.222903872698128,0.46,0.94,100
"CFA_Pyrenew-Pyrenew_HE_COVID",2026-01-24,0.800786325195625,0.747231187201442,12.5133825199645,0.13522654945359,0.927640221580123,1.03267526768556,19.969387755102,0.220352468334585,0.520408163265306,0.959183673469388,98
"CFA_Pyrenew-Pyrenew_HE_COVID",2026-01-31,0.813788762386232,0.646404207245961,12.330206673913,0.139877363690661,0.826434160951116,0.754115374484687,18.285,0.220188271299765,0.57,0.97,100
"CFA_Pyrenew-Pyrenew_HE_COVID",2026-02-07,0.937326273951225,0.838950056113961,12.2528238043478,0.135382722192367,1.1007051011089,1.17263735007024,20.42,0.219873121645193,0.49,0.96,100
"CFA_Pyrenew-Pyrenew_HE_COVID",2026-02-14,0.802146910929014,0.635208966690661,13.2169473478261,0.129974463188056,0.877599997708696,0.842187819205846,20.57,0.210652049900074,0.47,0.96,100
"CFA_Pyrenew-Pyrenew_HE_COVID",2026-02-21,0.775652158573954,0.617391159596962,12.2245388360507,0.126094350498001,0.829746420304026,0.715576317010577,18.40625,0.19538947513719,0.541666666666667,0.96875,96
"CFA_Pyrenew-Pyrenew_HE_COVID",2026-02-28,0.755626866090294,0.836888577681939,9.79160004347826,0.132955591920577,0.797525842267029,0.940411274172075,14.82,0.199778174484504,0.59,0.95,100
"CFA_Pyrenew-Pyrenew_HE_COVID",2026-03-07,0.859134910771274,0.892511107802017,10.8890434130435,0.14958130420235,0.956173025998228,1.05592435082363,17.945,0.246096057231317,0.46,0.96,100
"CFA_Pyrenew-Pyrenew_HE_COVID",2026-03-14,0.82300816312979,0.81270609000263,9.35031245652174,0.161581212607451,0.923388904875462,0.963225063857502,15.345,0.267065899160354,0.47,0.98,100
"CFA_Pyrenew-Pyrenew_HE_COVID",2026-03-21,0.722351354895895,0.725413774602615,11.1343699782609,0.219472395529937,0.677945247968752,0.758440407899234,16.29,0.328479845724569,0.48,0.85,100
"CFA_Pyrenew-Pyrenew_HE_COVID",2026-03-28,0.734551303623206,0.837233280038313,16.1642998225377,0.374546417981099,0.651123658304421,0.790054892519227,22.2602040816327,0.506147024157447,0.357142857142857,0.673469387755102,98
"CFA_Pyrenew-Pyrenew_HE_COVID",2026-04-04,1.46732177665146,1.04991963874656,13.4692948695652,0.386419076435354,1.92580251512615,1.4537344674974,19.55,0.550358725885296,0.3,0.72,100
"CFA_Pyrenew-Pyrenew_HE_COVID",2026-04-11,0.977230937967424,0.767322502664368,7.2495266563147,0.261074766291245,1.62178557167792,1.21538277707162,11.5357142857143,0.414722374310804,0.476190476190476,0.892857142857143,84
"CFA_Pyrenew-Pyrenew_HE_COVID",2026-04-18,0.70714587294067,0.595743554920927,5.93855193761815,0.255381635300479,0.909704044616547,0.866844632414241,8.90760869565217,0.396861829579103,0.478260869565217,0.923913043478261,92
"CFA_Pyrenew-Pyrenew_HE_COVID",2026-04-25,0.794920494284182,0.643304330994687,5.28946361413044,0.237941032225505,1.06163180085312,0.969939830009372,8.1125,0.370610070991462,0.5625,0.925,80
"CFA_Pyrenew-Pyrenew_HE_COVID",2026-05-02,0.692465116032973,0.609710835736359,5.5147018115942,0.241283253901597,0.893473175419373,0.85865562915206,8.390625,0.381533613002374,0.552083333333333,0.895833333333333,96
"CFA_Pyrenew-Pyrenew_HE_COVID",2026-05-09,0.766076444652649,0.759887188905271,4.43738299365942,0.238824002019469,1.31590543883842,1.35076365508328,7.10416666666667,0.37813877256065,0.520833333333333,0.9375,96
"CFA_Pyrenew-Pyrenew_HE_COVID",2026-05-16,0.657425081960382,0.648544037794359,3.33622329988852,0.240450305692427,0.976621328590192,0.967690467664613,5.08974358974359,0.388893062770808,0.576923076923077,0.923076923076923,78
"CFA_Pyrenew-Pyrenew_HE_COVID",2026-05-23,0.682704086747491,0.591157136059594,4.00084461956522,0.241842813633102,1.06034474573115,0.891658768421223,6.24375,0.393133593966583,0.55,0.95,80
"CFA_Pyrenew-Pyrenew_HE_COVID",2026-05-30,0.67030714259379,0.589297794303678,3.6503143812709,0.272665972043462,1.28084365725868,0.944251448627755,5.6025641025641,0.414583522962558,0.551282051282051,0.897435897435897,78
"CFA_Pyrenew-Pyrenew_HE_COVID",2026-06-06,0.516900284496756,0.535521056277074,2.66164961180124,0.241412334353496,0.852192498467678,0.867143245470631,4.17261904761905,0.386877250279229,0.607142857142857,0.976190476190476,84
"CFA_Pyrenew-Pyrenew_HE_COVID",2026-06-13,0.505020628960463,0.58555966835395,2.62569154589372,0.301559746023,1.01309057114764,1.02560676656428,4.16111111111111,0.495434053484381,0.544444444444444,0.933333333333333,90
"CFA_Pyrenew-Pyrenew_HE_COVID",2026-06-20,0.507743740721297,0.520042187091671,2.50902608695652,0.251541111388541,0.840585956716863,0.848070433980749,4,0.401955621233434,0.569767441860465,0.965116279069767,86
"CFA_Pyrenew-Pyrenew_HE_COVID",2026-06-27,0.519513481571001,0.499721193917888,2.84127346014493,0.235788907488934,0.752018727901866,0.771566884557971,4.52604166666667,0.371712573550729,0.5625,0.96875,96
"CFA_Pyrenew-Pyrenew_HE_COVID",2026-07-04,0.459452426604774,0.443238031597746,2.70285476410731,0.211473230690107,0.576782936831488,0.713257278410834,4.07446808510638,0.340970148643586,0.680851063829787,0.98936170212766,94
"CFA_Pyrenew-Pyrenew_HE_COVID",2026-07-11,0.454848808395391,0.465955123618652,2.7352822094055,0.218661095291525,0.438912494474336,0.594408951908709,3.83673469387755,0.345015878045795,0.663265306122449,0.959183673469388,98
"CFA_Pyrenew-Pyrenew_HE_COVID",2026-07-18,0.497773040849796,0.472282608861505,3.66995760869565,0.231078593816641,0.561305981920866,0.724182037153099,5.48979591836735,0.370744029436162,0.63265306122449,0.959183673469388,98
"CFA_Pyrenew-Pyrenew_HE_COVID",2026-07-25,0.45756732976896,0.487527055744347,4.30784673913043,0.243606723044566,0.49650091701962,0.625575408309795,6.921875,0.391714940741539,0.583333333333333,0.947916666666667,96
"CFA_Pyrenew-Pyrenew_HE_COVID",2026-08-01,0.363254417164065,0.389362201955899,3.75617472247919,0.184028761117791,0.35489880047584,0.4910333228437,5.45212765957447,0.277776125445498,0.74468085106383,0.968085106382979,94
"CFA_Pyrenew-Pyrenew_HE_COVID",2026-08-08,0.70925839408297,0.492533313834507,5.83108961845608,0.202709686423185,0.695535358843992,0.619975048386785,8.5765306122449,0.317892311927597,0.602040816326531,0.979591836734694,98
"CFA_Pyrenew-Pyrenew_HE_COVID",2026-08-15,0.798624028853507,0.512208857309161,7.82251188997338,0.213178623686128,0.790740079578508,0.597201541966184,11.9489795918367,0.348483015682928,0.5,0.948979591836735,98
"CFA_Pyrenew-Pyrenew_HE_COVID",2026-08-22,0.504701779485324,0.515902933274838,10.5836549365942,0.251965987513762,0.534432918966418,0.62224368333361,16.3888888888889,0.381190292523032,0.534722222222222,0.930555555555556,144
"CFA_Pyrenew-Pyrenew_HE_COVID",2026-08-29,0.752351720298596,0.488064350116829,17.4262975303165,0.224057499350123,0.750883863691963,0.530879122997724,25.6360544217687,0.332717935717067,0.523809523809524,0.884353741496599,147
"CFA_Pyrenew-Pyrenew_HE_COVID",2026-09-05,1.12816675913594,0.654966385873404,21.5560442330918,0.235460497761545,1.24453945454584,0.846929973914267,32.9375,0.372541185408436,0.409722222222222,0.875,144
"CFA_Pyrenew-Pyrenew_HE_COVID",2026-09-12,0.767664565062916,0.408467168845193,19.6692474939614,0.219534487192268,1.28944131940365,0.80727617913395,31.0381944444444,0.344985576333946,0.416666666666667,0.888888888888889,144
"CFA_Pyrenew-Pyrenew_HW_COVID",2025-03-15,1.36702695860584,1.03935808342718,24.6132106420627,0.172676966234322,1.1966548552946,1.07909830174789,33.4127906976744,0.237745738860327,0.709302325581395,0.988372093023256,86
"CFA_Pyrenew-Pyrenew_HW_COVID",2025-03-22,1.16166529242942,1.07755251462623,14.6996671799517,0.220523000682947,0.974511826545426,1.21068285083938,18.3819444444444,0.334673696903816,0.569444444444444,0.972222222222222,72
"CFA_Pyrenew-Pyrenew_HW_COVID",2025-03-29,1.18078664738466,1.01340371702859,18.3946102116705,0.25518242266311,1.02943565589046,1.17468074585935,23.4473684210526,0.35790825787497,0.657894736842105,0.947368421052632,76
"CFA_Pyrenew-Pyrenew_HW_COVID",2025-04-05,0.912991455043789,0.872670810337933,11.1777671269095,0.177517708708514,0.859425156275799,1.12055513199543,15.5135135135135,0.269367926388068,0.635135135135135,1,74
"CFA_Pyrenew-Pyrenew_HW_COVID",2025-04-12,1.05205183337245,0.931072379811731,11.6538422768879,0.193848301634446,1.16946242542399,1.27211563231886,18.3486842105263,0.30509882170364,0.618421052631579,1,76
"CFA_Pyrenew-Pyrenew_HW_COVID",2025-04-19,1.33102402258935,1.03936249250408,17.5236400197628,0.291299873023857,1.51809945684736,1.54525582105336,27.5075757575758,0.465890508029942,0.424242424242424,0.893939393939394,66
"CFA_Pyrenew-Pyrenew_HW_COVID",2025-04-26,0.888798415329501,0.866873717073027,8.63730407608696,0.236363218154596,0.985276371558726,1.19778297603387,13.0089285714286,0.363752746532167,0.553571428571429,0.964285714285714,56
"CFA_Pyrenew-Pyrenew_HW_COVID",2025-05-03,0.766934010658321,0.753917319481614,5.37690489130435,0.210400562266385,0.866687902010867,1.05410641600259,7.88888888888889,0.327876861450605,0.583333333333333,0.972222222222222,36
"CFA_Pyrenew-Pyrenew_HW_COVID",2025-05-10,0.795766979699832,0.638228885361973,6.57959546476762,0.207080566034495,0.990470486951298,1.00883559878423,10.7758620689655,0.34277942237868,0.53448275862069,1,58
"CFA_Pyrenew-Pyrenew_HW_COVID",2025-05-17,0.951521532873614,0.78359798246307,8.36051448106592,0.272254322078267,1.15813007570119,1.16793767702453,13.2338709677419,0.441963066648042,0.419354838709677,0.967741935483871,62
"CFA_Pyrenew-Pyrenew_HW_COVID",2025-05-24,0.852785056413495,0.739776870495686,12.1655483333333,0.220892914118788,0.891905520976193,1.14035601595422,15.55,0.316108404500685,0.611111111111111,0.955555555555556,90
"CFA_Pyrenew-Pyrenew_HW_COVID",2025-05-31,0.87375601887357,0.681737893462069,10.5950520048309,0.221261434815296,1.08840934819822,1.12712422783668,14.95,0.339700910098655,0.622222222222222,0.922222222222222,90
"CFA_Pyrenew-Pyrenew_HW_COVID",2025-06-07,1.18599344609352,0.815353955301171,12.7785347342995,0.245509159563371,1.67673023974852,1.47893569764688,20.3666666666667,0.395927915723741,0.533333333333333,0.955555555555556,90
"CFA_Pyrenew-Pyrenew_HW_COVID",2025-06-14,0.927739530409411,0.678033785199251,12.7799838438735,0.217931260560799,1.08452069411026,1.00261586535066,18.2159090909091,0.3358970802194,0.625,0.943181818181818,88
"CFA_Pyrenew-Pyrenew_HW_COVID",2025-06-21,0.85185856108839,0.715784583815416,12.1478050094518,0.278356462891635,0.977235045347794,1.00433480530868,18.4402173913043,0.432365201553476,0.489130434782609,0.923913043478261,92
"CFA_Pyrenew-Pyrenew_HW_COVID",2025-06-28,0.780597156486496,0.72660158881953,9.34758657004831,0.274270468960099,1.05968693526009,1.16337654292061,15.6555555555556,0.438007135673201,0.466666666666667,0.966666666666667,90
"CFA_Pyrenew-Pyrenew_HW_COVID",2025-07-05,0.792404948530088,0.698225099472998,10.3348653409091,0.250142705704001,0.962016478688667,1.01206844824663,16.5113636363636,0.396746179856925,0.534090909090909,0.943181818181818,88
"CFA_Pyrenew-Pyrenew_HW_COVID",2025-07-12,0.88389762502101,0.785207535754185,14.015854965415,0.291808483189465,0.942351591194287,0.966909124439448,21.2954545454545,0.447260525383818,0.5,0.897727272727273,88
"CFA_Pyrenew-Pyrenew_HW_COVID",2025-07-19,0.704193936779849,0.564152301226184,12.3915765122873,0.205499997451025,0.707595443154179,0.71658459078408,18.2771739130435,0.317490142834789,0.565217391304348,0.956521739130435,92
"CFA_Pyrenew-Pyrenew_HW_COVID",2025-07-26,0.724421616532693,0.630255246640597,16.2919130676329,0.206640289404463,0.792878268871871,0.796801503069459,26.0444444444444,0.326669090637454,0.533333333333333,0.966666666666667,90
"CFA_Pyrenew-Pyrenew_HW_COVID",2025-08-02,0.668260970059332,0.656349807605753,18.0694649810964,0.261323189123737,0.721112247144708,0.734886883153596,29.0815217391304,0.408727080369545,0.391304347826087,0.891304347826087,92
"CFA_Pyrenew-Pyrenew_HW_COVID",2025-08-09,0.65600079311756,0.634865545894808,19.249134986413,0.231103024596812,0.684238331380341,0.728022092783915,30.09375,0.373283679063344,0.427083333333333,0.916666666666667,96
"CFA_Pyrenew-Pyrenew_HW_COVID",2025-08-16,0.70190354103192,0.617187531935817,24.6500951766304,0.211278273158855,0.749931979400908,0.715478019275607,37.21875,0.333087035920769,0.479166666666667,0.916666666666667,96
"CFA_Pyrenew-Pyrenew_HW_COVID",2025-08-23,0.691565196148364,0.613679449728169,23.8349785099638,0.160225878253793,0.768923078226085,0.673055191163494,38.0833333333333,0.246984056142074,0.572916666666667,0.958333333333333,96
"CFA_Pyrenew-Pyrenew_HW_COVID",2025-08-30,0.743106847151549,0.71561895371829,23.330059057971,0.179009321525686,0.694397970929394,0.767364030125382,33.03125,0.276417525024057,0.510416666666667,0.947916666666667,96
"CFA_Pyrenew-Pyrenew_HW_COVID",2025-09-06,1.44899714443145,0.86673694759171,37.3809467844203,0.208947971068899,1.49219242180276,0.975705246309211,58.96875,0.333692346352178,0.458333333333333,0.958333333333333,96
"CFA_Pyrenew-Pyrenew_HW_COVID",2025-09-13,1.10388281980435,0.911752951226295,27.2958386322464,0.188110220091642,1.16986589181208,1.04544171944616,41.4166666666667,0.291049088858164,0.510416666666667,0.90625,96
"CFA_Pyrenew-Pyrenew_HW_COVID",2025-09-20,0.804619584822589,0.931825839893029,20.7831474560592,0.170578661842858,0.846509092094307,1.05849733259311,30.9893617021277,0.266537930001544,0.595744680851064,0.946808510638298,94
"CFA_Pyrenew-Pyrenew_HW_COVID",2025-09-27,1.08661987482546,1.01226022497126,27.1419059782609,0.1812411388166,1.05636390825896,1.00012026032898,39.5104166666667,0.271017493073848,0.520833333333333,0.916666666666667,96
"CFA_Pyrenew-Pyrenew_HW_COVID",2025-11-22,1.093698502059,0.881700940459339,12.1683364009662,0.251816510965824,1.17764534903036,1.13460813499123,19,0.413809714850402,0.488888888888889,0.966666666666667,90
"CFA_Pyrenew-Pyrenew_HW_COVID",2025-11-29,0.934631202353644,0.837467831413506,12.1546502527806,0.254467096460174,1.01872452634906,1.09735582629055,19.6976744186047,0.41233607822758,0.453488372093023,0.930232558139535,86
"CFA_Pyrenew-Pyrenew_HW_COVID",2025-12-06,1.05926862881223,1.05177741849359,17.6865811931244,0.349795924597811,1.04893393969421,1.2289663389588,27.7151162790698,0.54536032916684,0.313953488372093,0.848837209302326,86
"CFA_Pyrenew-Pyrenew_HW_COVID",2025-12-13,0.833084947514974,0.81881471802451,16.7695656573499,0.253722436048547,0.813955031253734,0.976366625339503,25.5416666666667,0.398250685640898,0.488095238095238,0.928571428571429,84
"CFA_Pyrenew-Pyrenew_H_COVID",2025-01-11,2.50870195590071,1.67738988932245,137.061599161491,0.342818614834977,2.40262761964622,1.75526062787143,200.692857142857,0.524157913683781,0.271428571428571,0.742857142857143,70
"CFA_Pyrenew-Pyrenew_H_COVID",2025-01-18,1.26380054670767,1.18329873463397,36.5842065896739,0.156026872059264,1.12622370626515,1.17928769292277,51.078125,0.231647952765045,0.739583333333333,0.989583333333333,96
"CFA_Pyrenew-Pyrenew_H_COVID",2025-02-01,1.57980045864802,1.62138362650181,48.232188065661,0.29058830047568,1.62443379040839,1.899844466241,75.9081632653061,0.465031063944051,0.316326530612245,0.86734693877551,98
"CFA_Pyrenew-Pyrenew_H_COVID",2025-02-08,1.23821594167027,1.20424786544417,32.4024261313221,0.193599220980503,1.18699412681362,1.23754935361219,48.4285714285714,0.296868257488109,0.591836734693878,0.959183673469388,98
"CFA_Pyrenew-Pyrenew_H_COVID",2025-02-15,1.32062877459879,1.17709190901214,31.2325958106884,0.175094281497622,1.23437789139155,1.34709771720848,45.4583333333333,0.269155682794136,0.604166666666667,0.989583333333333,96
"CFA_Pyrenew-Pyrenew_H_COVID",2025-02-22,1.21300791735714,1.07965745656482,26.1176910381544,0.188099595557927,1.22726401635467,1.27016390687072,37.9744897959184,0.286537573491902,0.714285714285714,0.969387755102041,98
"CFA_Pyrenew-Pyrenew_H_COVID",2025-03-01,1.3826039497809,1.23362193159714,33.8713447426797,0.220562903806527,1.43807073347086,1.47939247693558,53.3367346938776,0.349397894766068,0.479591836734694,0.959183673469388,98
"CFA_Pyrenew-Pyrenew_H_COVID",2025-03-08,1.19268697505691,1.13585519687633,23.5823281476449,0.2010269771066,1.16681759128981,1.30164285882922,35.21875,0.30726436927336,0.5625,0.96875,96
"CFA_Pyrenew-Pyrenew_H_COVID",2025-03-15,1.22226628374331,1.06583839041481,25.4631464951198,0.182612774260734,1.18945055248174,1.220470008258,37.4132653061224,0.276007003168573,0.602040816326531,0.989795918367347,98
"CFA_Pyrenew-Pyrenew_H_COVID",2025-03-22,1.17576680145306,1.1360763813317,28.6824399290151,0.236709133323823,1.13939375487639,1.28544477078033,39.7908163265306,0.356150283520079,0.581632653061224,0.928571428571429,98
"CFA_Pyrenew-Pyrenew_H_COVID",2025-03-29,1.0164895895531,1.02045528766986,24.4623305900621,0.245442965737032,1.00326839283206,1.25970953987631,34.6632653061224,0.365280158291029,0.602040816326531,0.928571428571429,98
"CFA_Pyrenew-Pyrenew_H_COVID",2025-04-05,0.947486426916609,0.886254460812327,17.4544757925725,0.183306305066475,0.954276674592258,1.13449489146567,26.2864583333333,0.278952021211208,0.583333333333333,1,96
"CFA_Pyrenew-Pyrenew_H_COVID",2025-04-12,1.12014960127548,0.938773901837472,22.2398883096717,0.216830913480133,1.23956709189683,1.29386907338157,34.25,0.340652311991708,0.479591836734694,0.959183673469388,98
"CFA_Pyrenew-Pyrenew_H_COVID",2025-04-19,1.34792824978642,1.062257789442,23.1327130434783,0.280324032699057,1.60038685370502,1.61960112437476,37.0969387755102,0.457355139959763,0.316326530612245,0.908163265306122,98
"CFA_Pyrenew-Pyrenew_H_COVID",2025-04-26,0.872452917406568,0.944179080009286,13.2873944321207,0.223978118558956,0.962749986679698,1.32948975449002,19.9234693877551,0.350070788755866,0.479591836734694,0.928571428571429,98
"CFA_Pyrenew-Pyrenew_H_COVID",2025-05-03,0.843521722715991,0.808449464107038,11.5161251552795,0.195177037150585,0.972858097689043,1.11198035055316,17.469387755102,0.298053970911866,0.63265306122449,0.969387755102041,98
"CFA_Pyrenew-Pyrenew_H_COVID",2025-05-10,0.790999183120646,0.758839052449926,10.5648244232476,0.206245622686947,0.966684180689233,1.18813770577647,17.0255102040816,0.333488828128713,0.479591836734694,0.969387755102041,98
"CFA_Pyrenew-Pyrenew_H_COVID",2025-05-17,1.00356619037506,0.863212373960865,12.1142227373558,0.263694444268554,1.19539555463676,1.26334516561036,19.1122448979592,0.422378981164027,0.418367346938776,0.918367346938776,98
"CFA_Pyrenew-Pyrenew_H_COVID",2025-05-24,1.04149677322432,0.762845011232842,14.8113758873114,0.224299270516651,1.25622220641497,1.30346220657083,21.8061224489796,0.356079090198838,0.540816326530612,0.938775510204082,98
"CFA_Pyrenew-Pyrenew_H_COVID",2025-05-31,1.06271221602394,0.790727503167221,13.7395925687666,0.264606932966165,1.45270082834741,1.36218126800912,21.2959183673469,0.423077003988521,0.36734693877551,0.908163265306122,98
"CFA_Pyrenew-Pyrenew_H_COVID",2025-06-07,1.11074226959915,0.732395519477434,12.3089317657498,0.223109370278449,1.51089750841443,1.26075456781407,18.9795918367347,0.343349770769931,0.551020408163265,0.928571428571429,98
"CFA_Pyrenew-Pyrenew_H_COVID",2025-06-14,0.936732035113185,0.866228855323433,12.590768326087,0.279352485220439,1.11596716805052,1.28172823577919,18.17,0.427021635522482,0.46,0.92,100
"CFA_Pyrenew-Pyrenew_H_COVID",2025-06-21,0.996447876884067,0.911034509584826,13.8777845,0.348984146600259,1.19722341885024,1.2903999809132,22.195,0.55043652558768,0.31,0.84,100
"CFA_Pyrenew-Pyrenew_H_COVID",2025-06-28,0.741946704272905,0.740922572438526,9.07998856521739,0.267734471025213,0.933856183115722,1.14785498268871,14.125,0.413488236313117,0.48,0.9,100
"CFA_Pyrenew-Pyrenew_H_COVID",2025-07-05,0.888795878491537,0.804057104824415,12.9927066086957,0.280913406778028,1.04156509481774,1.17593924854188,20.285,0.450470485085152,0.45,0.89,100
"CFA_Pyrenew-Pyrenew_H_COVID",2025-07-12,0.842579347403055,0.853126364909001,15.5018683695652,0.311549507417842,0.904942153410421,1.07770786597928,23.87,0.488834247937483,0.35,0.85,100
"CFA_Pyrenew-Pyrenew_H_COVID",2025-07-19,0.766444064303027,0.805816236196431,13.7324463478261,0.286300997151727,0.834257043656562,1.02350230479631,21.875,0.439159688895502,0.4,0.89,100
"CFA_Pyrenew-Pyrenew_H_COVID",2025-07-26,0.795514319657336,0.747609655592547,18.9431711086957,0.242818186224451,0.838176627453514,0.948153009798175,28.93,0.383948824534848,0.44,0.9,100
"CFA_Pyrenew-Pyrenew_H_COVID",2025-08-02,0.713948286387017,0.77007885715124,19.2830485652174,0.297003868935166,0.755052288540825,0.87810243539564,30.53,0.471480311085117,0.36,0.86,100
"CFA_Pyrenew-Pyrenew_H_COVID",2025-08-09,0.645801576975201,0.694051289200596,18.6836542625746,0.246319173155659,0.679199174097322,0.773118718178674,29.4607843137255,0.386389146878005,0.352941176470588,0.92156862745098,102
"CFA_Pyrenew-Pyrenew_H_COVID",2025-08-16,0.570528801107708,0.670289735450266,19.8905270460358,0.224803087176933,0.646790688594454,0.761829389616077,31.9166666666667,0.348340150084568,0.490196078431373,0.882352941176471,102
"CFA_Pyrenew-Pyrenew_H_COVID",2025-08-23,0.576927265994362,0.689214977274637,19.633427514919,0.179093361484685,0.625861417089672,0.745922631782407,30.4705882352941,0.27265771721411,0.53921568627451,0.950980392156863,102
"CFA_Pyrenew-Pyrenew_H_COVID",2025-08-30,0.745208222742955,0.77484080946619,23.4101983695652,0.195125535924319,0.747913089551506,0.827506193279579,35.465,0.300910444257934,0.5,0.93,100
"CFA_Pyrenew-Pyrenew_H_COVID",2025-09-06,0.980426242754884,0.904566258818521,25.713632054561,0.217853798124622,0.993001063570594,1.00652825224494,39.6862745098039,0.343795281602976,0.392156862745098,0.892156862745098,102
"CFA_Pyrenew-Pyrenew_H_COVID",2025-09-13,0.981037192779514,0.975076957277647,24.0637309462916,0.200413060311387,1.03734666556219,1.09829665184223,36.5490196078431,0.305188812773771,0.568627450980392,0.901960784313726,102
"CFA_Pyrenew-Pyrenew_H_COVID",2025-09-20,0.819124737526689,0.98844994436651,20.3816565856777,0.1807818664534,0.913720061024617,1.14996720425212,32.1519607843137,0.289653404413,0.529411764705882,0.96078431372549,102
"CFA_Pyrenew-Pyrenew_H_COVID",2025-09-27,0.869183313314917,0.957321356577505,21.2990523870418,0.168215766938753,0.892064724881818,0.968637894375135,32.8039215686275,0.259247218919632,0.509803921568627,0.950980392156863,102
"CFA_Pyrenew-Pyrenew_H_COVID",2025-11-22,1.05096150866128,0.891043985818026,11.4207073369565,0.254348629904915,1.13787642757365,1.13450297162814,17.90625,0.413890967879401,0.427083333333333,0.916666666666667,96
"CFA_Pyrenew-Pyrenew_H_COVID",2025-11-29,0.940886576695184,0.868367318269827,13.0302176177536,0.269203229361309,1.03595959451995,1.12770053384703,21.1197916666667,0.42351118949774,0.395833333333333,0.9375,96
"CFA_Pyrenew-Pyrenew_H_COVID",2025-12-06,1.01966580066817,0.90697597405145,17.8811565439219,0.295954801175835,0.986067466705012,1.04876504634082,27.9132653061224,0.46323773075874,0.357142857142857,0.877551020408163,98
"CFA_Pyrenew-Pyrenew_H_COVID",2025-12-13,0.838388409230933,0.858168163001632,16.766057178442,0.253214941186829,0.773791454386261,0.990936307685694,24.265625,0.388835135949951,0.489583333333333,0.90625,96
"CFA_Pyrenew-Pyrenew_H_COVID",2025-12-20,0.805375692361859,0.738609445360873,30.4360785379369,0.31479502972504,0.809534147809701,0.813685805713316,47.2843137254902,0.493289708789637,0.303921568627451,0.803921568627451,102
"CFA_Pyrenew-Pyrenew_H_COVID",2025-12-27,0.692238994115501,0.66912003912846,35.4059086011342,0.263969015127349,0.759998650256016,0.785968822285853,55.4347826086956,0.417376941675844,0.326086956521739,0.891304347826087,92
"CFA_Pyrenew-Pyrenew_H_COVID",2026-01-03,0.952022980398646,0.900345981278034,23.5794024682971,0.171851056624681,1.12386818673841,1.22288681124541,36.2864583333333,0.275411620402371,0.46875,0.96875,96
"CFA_Pyrenew-Pyrenew_H_COVID",2026-01-10,2.70544626590719,1.61458246234736,46.9918987851662,0.246840348134258,2.78124403673289,1.78946750453472,73.9852941176471,0.393812034542556,0.313725490196078,0.892156862745098,102
"CFA_Pyrenew-Pyrenew_H_COVID",2026-01-17,0.997661335945347,1.01367262543603,19.6752809462916,0.169882426457248,0.902855312471743,1.04776408243751,28.4264705882353,0.256895774559412,0.607843137254902,0.950980392156863,102
"CFA_Pyrenew-Pyrenew_H_COVID",2026-01-24,1.47146728011286,1.43609411754059,23.912024488491,0.276324682830509,1.66222139765023,1.91957654481825,37.2107843137255,0.434962021823638,0.352941176470588,0.882352941176471,102
"CFA_Pyrenew-Pyrenew_H_COVID",2026-01-31,1.94691818282229,1.43352046954921,29.1612264066496,0.306932453922467,2.02086412692819,1.68004888982007,44.171568627451,0.482506603759598,0.274509803921569,0.862745098039216,102
"CFA_Pyrenew-Pyrenew_H_COVID",2026-02-07,1.31590369267286,1.2456789291891,16.9577358908781,0.205144247781419,1.41904353358626,1.6584494011478,26.2156862745098,0.320858695089583,0.431372549019608,0.941176470588235,102
"CFA_Pyrenew-Pyrenew_H_COVID",2026-02-14,1.32014348643477,1.16607313875072,20.7750265558397,0.22978360913968,1.43790159168984,1.44794518729618,32.6127450980392,0.3517882202884,0.470588235294118,0.892156862745098,102
"CFA_Pyrenew-Pyrenew_H_COVID",2026-02-21,1.16083479747404,1.05052714487256,18.8418724711624,0.234203288902967,1.18174839956584,1.14611644031938,28.4540816326531,0.358834556880703,0.479591836734694,0.928571428571429,98
"CFA_Pyrenew-Pyrenew_H_COVID",2026-02-28,1.20365568176708,1.06995052919353,15.4741065856777,0.172375772273323,1.3091674989531,1.24763014834917,24.328431372549,0.270994916319735,0.549019607843137,0.990196078431373,102
"CFA_Pyrenew-Pyrenew_H_COVID",2026-03-07,1.03758514470005,1.02251271534977,12.5646072037511,0.164689499531001,1.06833558156912,1.15682421441725,19.1911764705882,0.259171486650195,0.588235294117647,0.980392156862745,102
"CFA_Pyrenew-Pyrenew_H_COVID",2026-03-14,1.13579435433632,1.07458437812446,12.5237471606034,0.195757033528798,1.16709156457655,1.15055595644616,18.9540816326531,0.293393756022055,0.693877551020408,0.928571428571429,98
"CFA_Pyrenew-Pyrenew_H_COVID",2026-03-21,0.767070662986918,0.80420264833198,11.9894247655584,0.250830212529071,0.729931805710744,0.873803100818306,17.593137254902,0.387403855501473,0.5,0.911764705882353,102
"CFA_Pyrenew-Pyrenew_H_COVID",2026-03-28,0.76135375690324,0.728464593451975,16.5793595481671,0.322383796660944,0.651804694121018,0.695701078207347,23.5490196078431,0.471356572936074,0.441176470588235,0.843137254901961,102
"CFA_Pyrenew-Pyrenew_H_COVID",2026-04-04,1.06923669396796,0.861753849973062,9.10346741261722,0.308098006038603,1.45646717956556,1.27604509344852,13.906862745098,0.474015586122844,0.450980392156863,0.882352941176471,102
"CFA_Pyrenew-Pyrenew_H_COVID",2026-04-11,1.22477767057962,0.984751534566605,8.909752685422,0.348639695355161,1.95171668596957,1.56744084426405,13.5,0.550964067542338,0.411764705882353,0.872549019607843,102
"CFA_Pyrenew-Pyrenew_H_COVID",2026-04-18,1.2845788304139,1.15109551187262,10.0786945865303,0.480523672997594,1.62921174476897,1.61387864236183,15.0588235294118,0.727494379489177,0.333333333333333,0.774509803921569,102
"CFA_Pyrenew-Pyrenew_H_COVID",2026-04-25,1.01101628983939,0.957243986875807,7.9945294970162,0.399233764181841,1.37842304626327,1.42644800379197,12.4656862745098,0.616824508097679,0.401960784313726,0.852941176470588,102
"CFA_Pyrenew-Pyrenew_H_COVID",2026-05-02,1.46781297463698,0.945962620803087,11.0468484441603,0.358773089056283,2.04609814266559,1.36633965274743,16.7009803921569,0.535374179845076,0.470588235294118,0.911764705882353,102
"CFA_Pyrenew-Pyrenew_H_COVID",2026-05-09,0.79630718976301,0.767085577521283,5.11377823955669,0.25357244872906,1.20900665179734,1.26269758337746,7.43627450980392,0.380470917992952,0.656862745098039,0.980392156862745,102
"CFA_Pyrenew-Pyrenew_H_COVID",2026-05-16,0.886531057500878,0.783191992996239,6.0452620630861,0.304857175346335,1.28333464061653,1.15184801178595,9.41176470588235,0.483186946836729,0.57843137254902,0.931372549019608,102
"CFA_Pyrenew-Pyrenew_H_COVID",2026-05-23,0.750965582773583,0.699683001428513,4.81647195225916,0.28726391317297,1.18661536993023,1.04921613152417,7.54411764705882,0.459067335111121,0.558823529411765,0.970588235294118,102
"CFA_Pyrenew-Pyrenew_H_COVID",2026-05-30,0.579683520861241,0.631751736259273,3.483784228474,0.273210430563702,1.09129537970839,1.04449160198257,5.24019607843137,0.429742133661275,0.696078431372549,0.950980392156863,102
"CFA_Pyrenew-Pyrenew_H_COVID",2026-06-06,0.810643240693301,0.706775409321355,4.26889567348679,0.30475736127503,1.34532535797425,1.15117189958157,6.61274509803922,0.487525218317769,0.607843137254902,0.950980392156863,102
"CFA_Pyrenew-Pyrenew_H_COVID",2026-06-13,0.7365731111786,0.761818379473675,3.9092397485081,0.371019918370147,1.49646961302799,1.3109035743521,6.25980392156863,0.591890692149651,0.46078431372549,0.941176470588235,102
"CFA_Pyrenew-Pyrenew_H_COVID",2026-06-20,0.641410573313362,0.659318194604655,3.4676537084399,0.312523085640863,1.01365544545327,1.09038448633798,5.17156862745098,0.504130075062305,0.549019607843137,0.96078431372549,102
"CFA_Pyrenew-Pyrenew_H_COVID",2026-06-27,0.719802934914492,0.687558203841485,3.95939475703325,0.33483251548242,1.04527332789229,1.12399955867313,6.32843137254902,0.563348851495341,0.529411764705882,0.970588235294118,102
"CFA_Pyrenew-Pyrenew_H_COVID",2026-07-04,0.882876271424281,0.741587605706366,4.49988182011935,0.317031063630355,1.01907333173718,1.16575574468826,6.25,0.500418091812878,0.549019607843137,0.911764705882353,102
"CFA_Pyrenew-Pyrenew_H_COVID",2026-07-11,0.872737520444691,0.793315583688142,4.7843023657289,0.338859318862261,1.03338231554984,1.13165938972563,7.84313725490196,0.570207667724467,0.509803921568627,0.96078431372549,102
"CFA_Pyrenew-Pyrenew_H_COVID",2026-07-18,0.767128031260372,0.666449582947706,5.13349339300938,0.297972608675792,0.966420615931972,1.10205425852731,8.31862745098039,0.500371290843114,0.529411764705882,0.941176470588235,102
"CFA_Pyrenew-Pyrenew_H_COVID",2026-07-25,0.749380947168048,0.723816984736886,6.81141664535379,0.363732181406381,0.745273868115189,0.91959271088283,10.0588235294118,0.586546065539386,0.470588235294118,0.92156862745098,102
"CFA_Pyrenew-Pyrenew_H_COVID",2026-08-01,0.761099854560818,0.68924402636935,6.90578642369992,0.295690989429163,0.768139834928475,0.868821991981407,10.5196078431373,0.451594448403167,0.549019607843137,0.941176470588235,102
"CFA_Pyrenew-Pyrenew_H_COVID",2026-08-08,0.762473884552374,0.608314761459336,6.27914096334186,0.261145942415785,0.748925830501483,0.747771867609441,9.23039215686275,0.397525508366147,0.656862745098039,0.970588235294118,102
"CFA_Pyrenew-Pyrenew_H_COVID",2026-08-15,0.780061007848759,0.716305356170096,7.6704186913896,0.318375776040654,0.73842057873764,0.791724587809819,11.0147058823529,0.485977262873005,0.549019607843137,0.931372549019608,102
"CFA_Pyrenew-Pyrenew_H_COVID",2026-08-22,0.857258537372166,0.756072977241089,15.59566352657,0.323538287180334,0.899868600795983,0.954301861385633,23.9934640522876,0.516539763031921,0.549019607843137,0.980392156862745,153
"CFA_Pyrenew-Pyrenew_H_COVID",2026-08-29,1.15862153878668,0.764556213728503,26.6086362318841,0.357093209926581,1.2043734812423,0.888639933328355,40.5,0.565221587875198,0.503267973856209,0.928104575163399,153
"CFA_Pyrenew-Pyrenew_H_COVID",2026-09-05,1.06053518913703,0.812375379623056,19.7172157431088,0.310308547783912,1.20856137845141,1.07367404600004,30.8692810457516,0.499175629598506,0.437908496732026,0.96078431372549,153
"CFA_Pyrenew-Pyrenew_H_COVID",2026-09-12,0.754015467544846,0.549423071936349,18.6572179738562,0.300091966448604,1.17592836437648,1.07416140544991,27.2941176470588,0.468854024134179,0.57516339869281,0.96078431372549,153
"CMU-TimeSeries",2024-11-30,2.16021927506372,1.0606802448657,86.438570365305,0.326125524043594,2.14919648517349,1.19512921463991,121.586617661359,0.506732019108132,0.355769230769231,0.990384615384615,208
"CMU-TimeSeries",2024-12-07,1.07767882627009,0.646866081350928,66.2286355707282,0.240995345962118,0.926605583011098,0.658404596897366,73.6070082491244,0.323573111844157,0.706730769230769,0.985576923076923,208
"CMU-TimeSeries",2024-12-14,0.598938702017906,0.56566336134598,52.5199271735163,0.220477605778926,0.824550067494361,0.763688223333051,89.8034981015767,0.387114721249031,0.673076923076923,0.985576923076923,208
"CMU-TimeSeries",2024-12-21,0.617196882042197,0.525959262891812,55.5774555130372,0.203066411845757,0.789515048130316,0.678750627103352,89.5865716666878,0.344425170597789,0.658653846153846,0.951923076923077,208
"CMU-TimeSeries",2024-12-28,0.662193303544747,0.53257280301926,66.3376673099477,0.247836432963972,0.751523844531636,0.679218747858442,98.2561972303673,0.420505550857021,0.586538461538462,0.923076923076923,208
"CMU-TimeSeries",2025-01-04,1.25777456002982,0.965462730732084,64.7119195895161,0.226685596904297,1.29653384626836,1.02342134363692,95.9166887861014,0.351650692838762,0.360576923076923,0.855769230769231,208
"CMU-TimeSeries",2025-01-11,2.15894027655094,1.55916813662607,124.142131991708,0.37882232577345,2.08911999091011,1.60170002599182,184.922789417741,0.56991122379031,0.149038461538462,0.706730769230769,208
"CMU-TimeSeries",2025-01-18,1.34467212177186,1.1202408499512,46.7860458613264,0.196950794144338,1.30933747994219,1.21597984043021,68.008499113429,0.307225506434185,0.475961538461538,0.9375,208
"CMU-TimeSeries",2025-02-08,1.16530419093954,0.97475549666735,33.2375972324089,0.204107220824122,1.06934374779381,0.986204401144356,47.0338121297228,0.309826666356376,0.620192307692308,0.956730769230769,208
"CMU-TimeSeries",2025-02-15,1.11719768015568,0.96730574457376,29.9472021777555,0.186352450377723,1.08616070885472,1.19254679763182,44.6815827212829,0.301993826003214,0.581730769230769,0.956730769230769,208
"CMU-TimeSeries",2025-02-22,0.904442738910891,0.745665661867351,22.1120851181951,0.155275915170536,0.912721467648698,0.913157371865079,32.1465403059057,0.242568334411138,0.600961538461538,0.971153846153846,208
"CMU-TimeSeries",2025-03-01,0.952515002730211,0.860207391554509,24.5641207274659,0.187457104253581,0.989373363172962,1.02929158311327,38.3600656680847,0.291734320785389,0.475961538461538,0.927884615384615,208
"CMU-TimeSeries",2025-03-08,0.950393367440121,0.873955672253538,20.861476899499,0.176886905876985,0.909084440215585,1.00775696207266,30.2546018978339,0.267272434212018,0.548076923076923,0.927884615384615,208
"CMU-TimeSeries",2025-03-15,0.91760697467362,0.800387890500993,20.5765637708528,0.159933019759263,0.901007836262537,0.92406732047981,30.0450811905694,0.239716614573197,0.557692307692308,0.961538461538462,208
"CMU-TimeSeries",2025-03-22,0.810096934649833,0.614345400446971,20.3293187299909,0.151267196492598,0.758070478470151,0.668028045115182,28.5650615561871,0.221213815326308,0.649038461538462,0.966346153846154,208
"CMU-TimeSeries",2025-03-29,0.721176031897908,0.605533568716764,17.9515892461728,0.168286618735157,0.711670995842966,0.765325641853549,26.1341865813956,0.259269160283925,0.548076923076923,0.951923076923077,208
"CMU-TimeSeries",2025-04-05,0.730209877322406,0.734644463988696,14.8709616704374,0.193117313242544,0.730184624143837,0.953841838217415,22.2420640098388,0.299783719710468,0.538461538461538,0.956730769230769,208
"CMU-TimeSeries",2025-04-12,0.721753134837854,0.706827815685955,14.3521234146471,0.18946096725346,0.757314294586493,0.930370023862397,21.4072707445959,0.287684194347379,0.495192307692308,0.947115384615385,208
"CMU-TimeSeries",2025-04-19,0.856676228480381,0.710154985179336,13.8580042737818,0.207409999327919,0.943034271338661,0.986707169791474,20.7086655693791,0.309554588003334,0.524038461538462,0.927884615384615,208
"CMU-TimeSeries",2025-04-26,0.732516876529419,0.746875495259685,11.8335996861597,0.214361621218787,0.802041640442279,1.03098361044422,17.8644441204079,0.324266594769595,0.485576923076923,0.918269230769231,208
"CMU-TimeSeries",2025-05-03,0.706898274324358,0.670233693592296,11.3619852217601,0.203116438237478,0.797871286911052,0.886326992990072,17.0220250701076,0.297689987937881,0.495192307692308,0.942307692307692,208
"CMU-TimeSeries",2025-05-10,0.732588797150781,0.666768584233469,11.8455801428283,0.212223832527111,0.865188053846874,0.995857830650154,18.8465464715203,0.32816083181638,0.451923076923077,0.966346153846154,208
"CMU-TimeSeries",2025-05-17,0.881198409620466,0.746357859180537,12.8266852787213,0.261189612509295,1.06805485239546,1.05828585052692,20.3313914729419,0.399004696604279,0.418269230769231,0.932692307692308,208
"CMU-TimeSeries",2025-05-24,0.833998597375888,0.714339142316076,14.0361230312932,0.246728799026175,1.09591420338413,1.18793054518504,22.4340091790199,0.383360775007105,0.432692307692308,0.908653846153846,208
"CMU-TimeSeries",2025-05-31,0.937546511642821,0.742622344731237,14.6946806255517,0.286301832234489,1.36874619311501,1.28358684533471,23.6175426191573,0.45575692489001,0.341346153846154,0.899038461538462,208
"CMU-TimeSeries",2025-06-07,0.83325812098137,0.578425106025113,12.4291800534401,0.216192445553507,1.0493609782579,0.991160281914146,17.3756571934121,0.327194645037821,0.528846153846154,0.908653846153846,208
"CMU-TimeSeries",2025-06-14,0.851633959858379,0.609587783851047,14.5961850943541,0.24224938908975,0.99753456414571,0.911549455210762,20.4206353598817,0.370317966031475,0.442307692307692,0.884615384615385,208
"CMU-TimeSeries",2025-06-21,0.960695514371764,0.696336327327837,17.2276498894688,0.301296650311732,1.0705378125181,0.971213084926338,25.360042308292,0.471920543641277,0.360576923076923,0.870192307692308,208
"CMU-TimeSeries",2025-06-28,0.898272890100425,0.685831053461832,16.0202522106806,0.267055765578242,1.13804714081165,1.07927436532957,24.8212235250653,0.425906706028977,0.278846153846154,0.903846153846154,208
"CMU-TimeSeries",2025-07-05,0.72126162100826,0.674393881996495,14.9188175398606,0.277999374758713,0.928058732390712,0.966950381803901,25.315010838337,0.442608153766268,0.298076923076923,0.889423076923077,208
"CMU-TimeSeries",2025-07-12,0.704562977762355,0.701096946383207,17.1976598861178,0.301957238644859,0.8782362838261,0.91363514588292,30.7242687053845,0.492619242258779,0.432692307692308,0.956730769230769,208
"CMU-TimeSeries",2025-07-19,0.752401904359355,0.655190361799429,19.8785091028482,0.280631349342475,0.902781199949928,0.896656575867845,35.8630193233218,0.47754597737523,0.379807692307692,0.971153846153846,208
"CMU-TimeSeries",2025-07-26,0.761874616349641,0.631924592168239,26.249561191674,0.26705172906014,0.925817072498084,0.864320408093018,47.3487471423009,0.462585594985038,0.326923076923077,0.980769230769231,208
"CMU-TimeSeries",2025-08-02,0.742929144600406,0.716514328541588,31.2758398137791,0.341215293898517,0.793549193988874,0.800563073768904,48.4416116927162,0.524584559474559,0.115384615384615,0.759615384615385,208
"CMU-TimeSeries",2025-08-09,0.942146920615665,0.934421846033637,41.3264049514007,0.389032749613531,1.01117663239768,1.03914981653144,64.2875477740284,0.600006362523598,0.115384615384615,0.692307692307692,208
"CMU-TimeSeries",2025-08-16,0.673368246701696,0.702767442111658,30.6688029398649,0.243221734531092,0.816416386026114,0.822773211328854,53.1708902805969,0.398148564320947,0.389423076923077,0.966346153846154,208
"CMU-TimeSeries",2025-08-23,0.680094505252629,0.676404502860418,28.1566209685938,0.207631112784792,0.7613564966814,0.770078019972123,43.9258602908036,0.330280920346465,0.490384615384615,0.980769230769231,208
"CMU-TimeSeries",2025-08-30,0.799434685701004,0.730369729586531,27.3651698327534,0.2049260387847,0.828037552278522,0.791783300708456,40.6841827054405,0.317094769716133,0.524038461538462,0.971153846153846,208
"CMU-TimeSeries",2025-09-06,1.00691392680027,0.77064004871124,34.4815482300129,0.211885651418645,1.06851499739088,0.875387824064663,55.5605694147974,0.3374859597293,0.480769230769231,0.9375,208
"CMU-TimeSeries",2025-09-13,1.28503423297417,1.01481631101693,50.8284174350521,0.289209479474591,1.35541629399621,1.12226784839311,74.9387259101621,0.426315766871989,0.375,0.822115384615385,208
"CMU-TimeSeries",2025-09-20,0.951789172115638,0.964023141371593,39.8157715893831,0.264172293384696,1.05747456488683,1.11283036393866,62.6060591081321,0.419215471738193,0.322115384615385,0.908653846153846,208
"CMU-TimeSeries",2025-09-27,0.902634542045055,0.990051618724606,36.1734910796748,0.285155845010922,0.93413739680176,1.04006637081332,57.073055693912,0.453273378619956,0.331730769230769,0.956730769230769,208
"CMU-TimeSeries",2025-10-04,NA,NA,53.0791170281299,0.422410540014374,NA,NA,84.0880147838412,0.665782256763828,0.110576923076923,0.903846153846154,208
"CMU-TimeSeries",2025-10-11,NA,NA,60.2239416484111,0.528073687983924,NA,NA,88.1653690128766,0.750901961871151,0.225961538461538,0.682692307692308,208
"CMU-TimeSeries",2025-10-18,NA,NA,69.6925611472672,0.608465237613696,NA,NA,101.964841806071,0.874404578492432,0.216346153846154,0.697115384615385,208
"CMU-TimeSeries",2025-11-22,0.90559770418423,0.673117364659535,13.7181130358589,0.225741278083736,0.898662583551174,0.817143932193752,19.7486926574848,0.352801189838946,0.552884615384615,0.956730769230769,208
"CMU-TimeSeries",2025-11-29,0.761681704992906,0.585083753915531,14.0873621242881,0.200658133200173,0.702932783463055,0.722180220177473,19.3741428976125,0.303282155924481,0.596153846153846,0.966346153846154,208
"CMU-TimeSeries",2025-12-06,0.5948380771737,0.48425864890639,17.45370062869,0.199693188718016,0.541334343003581,0.543240231703916,26.2450487303183,0.30457998928727,0.533653846153846,0.985576923076923,208
"CMU-TimeSeries",2025-12-13,0.601823374064394,0.489237811863374,23.3742475094554,0.209759605795661,0.611168381522224,0.558034416444511,37.9338289483001,0.32418198193807,0.552884615384615,0.966346153846154,208
"CMU-TimeSeries",2025-12-20,0.616819605305127,0.531069680985948,29.6993750077436,0.241973984687796,0.66816089371671,0.611688449278639,48.1510433182787,0.380025670024597,0.432692307692308,0.932692307692308,208
"CMU-TimeSeries",2025-12-27,0.660907024690573,0.581407000059875,27.9731265863314,0.22295446641797,0.717885960203411,0.678019546736062,43.8616408241895,0.347635107701525,0.432692307692308,0.932692307692308,208
"CMU-TimeSeries",2026-01-03,1.10025352715934,0.874262675958903,29.3785926222896,0.197703570526232,1.25877663561283,1.15799466499671,47.5804670585845,0.332666940181401,0.432692307692308,0.980769230769231,208
"CMU-TimeSeries",2026-01-10,1.54434418122818,1.19847738416276,33.9533728769035,0.222274669976759,1.68685616518447,1.42000486800884,54.7136879431076,0.358726368613088,0.317307692307692,0.947115384615385,208
"CMU-TimeSeries",2026-01-17,2.43293409819582,1.79759490814456,50.3018694850174,0.31037937311172,2.78563663643457,2.27548586592774,82.1095504206038,0.509721521564771,0.206730769230769,0.927884615384615,208
"CMU-TimeSeries",2026-01-24,0.916322215719197,0.770359410119328,15.9588979970806,0.153632674257251,0.95794835313333,1.00574021438874,23.1303443491515,0.231813177760068,0.572115384615385,0.956730769230769,208
"CMU-TimeSeries",2026-01-31,0.87573546465429,0.545220560548611,15.4623469413981,0.13922804006463,0.845369251309466,0.617387203156045,22.1025799154515,0.213100022939538,0.629807692307692,0.995192307692308,208
"CMU-TimeSeries",2026-02-07,0.916292550607297,0.745944047067802,13.5424224084192,0.141520429166391,0.793808057954591,0.901980737315735,16.3745824543007,0.19635163925617,0.725961538461538,0.975961538461538,208
"CMU-TimeSeries",2026-02-14,0.928192215982633,0.812052654070212,14.1977354815409,0.172934622082413,0.937810210125927,1.01294067177258,20.0072567320012,0.262233857332634,0.567307692307692,0.980769230769231,208
"CMU-TimeSeries",2026-02-21,0.768318338402585,0.700505629936776,12.7064069755941,0.17480472557585,0.760611554185282,0.781240560295324,17.5972511464638,0.258207887383944,0.557692307692308,0.947115384615385,208
"CMU-TimeSeries",2026-02-28,0.776476845943183,0.827912726893754,12.2506647502057,0.193925118501845,0.789255114669602,0.92720396220422,18.0697901972876,0.29087259589459,0.442307692307692,0.932692307692308,208
"CMU-TimeSeries",2026-03-07,0.656562149377876,0.753176280338519,12.7739995456977,0.235144430562753,0.645341833131264,0.802694743656401,19.201466516895,0.351782198593255,0.447115384615385,0.923076923076923,208
"CMU-TimeSeries",2026-03-14,0.726217597912387,0.802517841383007,14.6257044863362,0.323298927153018,0.703994268661283,0.840180597684182,21.8620182713659,0.473885396654231,0.370192307692308,0.865384615384615,208
"CMU-TimeSeries",2026-03-21,0.747142117326879,0.821729531890465,14.8484358918599,0.364076044924696,0.700635664045297,0.827386236649136,22.5424099293474,0.540025382298467,0.288461538461538,0.831730769230769,208
"CMU-TimeSeries",2026-03-28,0.71375900482716,0.806433191090942,14.7922893164429,0.379769650104746,0.685000156735776,0.795351639148585,22.5375758098107,0.55568772417414,0.269230769230769,0.8125,208
"CMU-TimeSeries",2026-04-04,0.693280680478028,0.61424866338136,6.5603353338976,0.248887148554204,0.924693454084256,0.894637490979946,9.38149840723876,0.374779404898793,0.475961538461538,0.961538461538462,208
"CMU-TimeSeries",2026-04-11,0.632574442425147,0.632190705074014,5.57599085065194,0.270000384003091,0.988686646258939,0.96635617958349,8.33901372349568,0.418997010999132,0.495192307692308,0.942307692307692,208
"CMU-TimeSeries",2026-04-18,0.778499664568725,0.732460455550048,6.70086426781038,0.346357996014775,1.09714136540511,1.06536007340652,10.7864154228816,0.537675894069111,0.365384615384615,0.913461538461538,208
"CMU-TimeSeries",2026-04-25,0.826813703978691,0.831645485661051,6.84723616742913,0.360015699058504,1.15487400335945,1.22405546664904,10.8479329716224,0.561120466141328,0.403846153846154,0.9375,208
"CMU-TimeSeries",2026-05-02,0.608633310366955,0.670850998483065,5.16971814189546,0.29414734752145,0.890085215914645,1.00487401577981,7.98001750093665,0.454961561445118,0.490384615384615,0.947115384615385,208
"CMU-TimeSeries",2026-05-09,0.596409520600933,0.622995855820931,4.85859330434173,0.270308323747735,0.903141276240544,1.00160012593032,7.19285116932983,0.414114446160084,0.5,0.942307692307692,208
"CMU-TimeSeries",2026-05-16,0.606646795876122,0.673954933202128,5.11694959275827,0.318393941489002,0.857016241442874,0.964118309797259,7.87143778398852,0.501961729338819,0.418269230769231,0.927884615384615,208
"CMU-TimeSeries",2026-05-23,0.577126318730976,0.638778945573886,4.38956337944693,0.303108418107618,0.854278215330918,0.901572054290927,6.25613909053219,0.457713531688132,0.504807692307692,0.894230769230769,208
"CMU-TimeSeries",2026-05-30,0.536281601615398,0.656371762287288,3.75365991674289,0.320284200270437,0.86235092735441,0.960244031665558,5.15619253029506,0.480099304123704,0.504807692307692,0.875,208
"CMU-TimeSeries",2026-06-06,0.546767904532124,0.580152657192738,3.90915823236619,0.298447433115918,0.789871460628198,0.835871104406306,5.44755694830466,0.437203639167151,0.543269230769231,0.899038461538462,208
"CMU-TimeSeries",2026-06-13,0.602220890605245,0.647953494802561,3.88059199094558,0.313338121170235,1.1587083906456,1.06106203716999,5.87920402270512,0.482177467409039,0.480769230769231,0.903846153846154,208
"CMU-TimeSeries",2026-06-20,0.635086383459642,0.635767045152326,4.22910960298612,0.301010156872143,1.0813046868614,1.06252208633933,6.63881360354162,0.467500096087178,0.495192307692308,0.913461538461538,208
"CMU-TimeSeries",2026-06-27,0.798258804955953,0.701380305600132,5.51919568394613,0.336666455255512,1.16583808710842,1.08456886491542,9.00662178047927,0.530903662975895,0.423076923076923,0.9375,208
"CMU-TimeSeries",2026-07-04,0.8807966750116,0.677799382385631,6.79256239312885,0.334608809311816,1.15894613346264,1.0654308439458,10.8374903876335,0.528201976169437,0.341346153846154,0.918269230769231,208
"CMU-TimeSeries",2026-07-11,1.01579935217459,0.766490251366452,8.70403199143239,0.376209481606621,1.15628322230205,1.03725615967099,13.5574999472439,0.597566025774543,0.322115384615385,0.918269230769231,208
"CMU-TimeSeries",2026-07-18,1.04001160124023,0.72700933478673,10.1052194944413,0.349541291769239,1.08185706254857,1.01605464798477,15.0487585007184,0.542528223075217,0.355769230769231,0.826923076923077,208
"CMU-TimeSeries",2026-07-25,1.03958037023769,0.765860530700981,11.0046343663427,0.358027116827465,1.07319395910802,0.978700856423096,17.0424513749614,0.568403739317818,0.326923076923077,0.879807692307692,208
"CMU-TimeSeries",2026-08-01,0.918186008265001,0.698365202061845,11.2672308870336,0.322904305594818,0.938784976402158,0.90609167598886,17.8291165662481,0.518073291005332,0.288461538461538,0.9375,208
"CMU-TimeSeries",2026-08-08,0.842749056015821,0.642744009991586,11.5191794891885,0.294208987125035,0.842305097342032,0.783760911736386,17.8677876655762,0.445774353722289,0.408653846153846,0.884615384615385,208
"CMU-TimeSeries",2026-08-15,0.714606839935975,0.628687616018211,12.7449038395693,0.316082934582522,0.685083173095174,0.673599016687266,19.53689861808,0.486684355852907,0.322115384615385,0.884615384615385,208
"CMU-TimeSeries",2026-08-22,0.63257360122264,0.579040961124276,12.7127182086581,0.248963936887222,0.63260986017935,0.674540246885131,18.8353933250666,0.370649993519025,0.432692307692308,0.918269230769231,208
"CMU-TimeSeries",2026-08-29,0.697048151733607,0.600438374804749,15.7759133086881,0.269635140327519,0.667236320097784,0.647702221166669,22.6375760836493,0.403353401471801,0.394230769230769,0.865384615384615,208
"CMU-TimeSeries",2026-09-05,0.7347845432957,0.564448884242278,14.6712118672752,0.223679855964101,0.78231854391251,0.703714894804545,21.8466020026078,0.345447794838013,0.375,0.903846153846154,208
"CMU-TimeSeries",2026-09-12,0.709682089717226,0.427999058556116,18.3018074927487,0.242070596648531,1.07861256093762,0.812425006807951,26.4994497845131,0.368549649949413,0.384615384615385,0.899038461538462,208
"CMU-TimeSeries",2026-09-19,0.674845710491439,0.460481429179166,14.1927235218452,0.218960752885558,1.07173277905086,0.876020852857134,20.9805554759535,0.333723861793087,0.378205128205128,0.92948717948718,156
"CMU-TimeSeries",2026-09-26,0.704643567478838,0.468786091828452,12.0266677770411,0.184625321408261,1.31634367846858,0.87940804542374,19.4016674796967,0.286322486806035,0.471153846153846,0.932692307692308,104
"CMU-TimeSeries",2026-10-03,0.663076515627917,0.583411151179221,10.2669686469591,0.206606545389544,0.886302416766789,0.826454804343611,15.8287239616058,0.315945451305546,0.423076923076923,0.923076923076923,52
"CMU-TimeSeries_Cal",2026-09-26,0.806533951055438,0.494344349309321,13.7618991629256,0.193977212937939,1.567390041739,0.954171729163591,23.2541393423602,0.312635549111175,0.442307692307692,0.923076923076923,104
"CMU-TimeSeries_Cal",2026-10-03,0.742072660211165,0.561579598715575,11.4310749180629,0.195256151303978,1.02641845637507,0.794529222384411,18.2722321359178,0.298241898406888,0.480769230769231,0.942307692307692,52
"CMU-climate_baseline",2024-11-30,4.10749049319895,1.81175823148548,164.100789894337,0.555817004957863,5.60283922845857,2.50028971219902,316.0569835932,1.05580587783609,0.293269230769231,1,208
"CMU-climate_baseline",2024-12-07,2.5404322321005,1.31260875479589,156.094702714202,0.488586351684978,3.83233375431833,1.89819488323221,304.305901306325,0.931733258245779,0.495192307692308,1,208
"CMU-climate_baseline",2024-12-14,1.61916269356855,1.09193796687485,142.022097333234,0.426586953893016,2.44841228718833,1.50752860024314,266.730136520087,0.766599244782675,0.701923076923077,1,208
"CMU-climate_baseline",2024-12-21,1.42892663778969,0.990066179207392,128.735771096514,0.383418258867905,1.86038231430295,1.16037967830857,211.029256329859,0.589897139793183,0.889423076923077,1,208
"CMU-climate_baseline",2024-12-28,1.14353670832289,0.769089229503912,113.837490874845,0.356240886081397,1.25515755454445,0.796985381996858,162.850802143872,0.490736109271795,0.975961538461538,1,208
"CMU-climate_baseline",2025-01-04,2.41034678058214,1.48346544083786,123.793137313423,0.345718027609092,3.00597564884788,1.67655924880789,221.791004025368,0.570537352535801,0.677884615384615,1,208
"CMU-climate_baseline",2025-01-11,2.17919831314601,1.5135946804931,122.503880925657,0.360843898229659,2.56952028742533,1.76879973041988,221.849096192219,0.618651969826527,0.543269230769231,1,208
"CMU-climate_baseline",2025-01-18,3.34612562788757,2.09242654122148,116.744912402937,0.361237303955274,3.99498204261427,2.48959886799211,213.34226980239,0.628824874056067,0.427884615384615,1,208
"CMU-climate_baseline",2025-02-08,3.35265926289769,1.77518214776507,93.7451989090909,0.358494424904731,3.9506945265024,2.03187835196288,171.160320190403,0.617905839526292,0.177884615384615,0.899038461538462,208
"CMU-climate_baseline",2025-02-15,3.23448608560021,1.85658800869823,84.8896840319538,0.347868438347845,3.76618325462203,2.44048237358796,151.388935407145,0.598210524995535,0.216346153846154,0.918269230769231,208
"CMU-climate_baseline",2025-02-22,3.16477738893578,1.65650850360262,75.631642175821,0.337987341172425,3.84686562740331,2.21920729035786,131.961643448695,0.576151279181055,0.278846153846154,0.903846153846154,208
"CMU-climate_baseline",2025-03-01,2.55211053912873,1.56395836210578,66.1278192026075,0.329781946627788,2.90001513900656,2.02167877237032,112.586039199238,0.552645334212391,0.336538461538462,0.894230769230769,208
"CMU-climate_baseline",2025-03-08,2.71339856884639,1.61780285592633,58.0356046228428,0.322136528449365,2.99500606857316,2.05027721920696,97.0105169197902,0.534401853894793,0.341346153846154,0.903846153846154,208
"CMU-climate_baseline",2025-03-15,2.36349012726838,1.65378918408761,50.8596067313527,0.324623398044154,2.60892615064984,2.09195309493216,84.0549775174938,0.535766973312214,0.360576923076923,0.884615384615385,208
"CMU-climate_baseline",2025-03-22,1.92649849857095,1.36120255119995,45.9674774830975,0.323764602702111,2.1650626385605,1.69674839934143,76.0192116673643,0.539413272492751,0.341346153846154,0.913461538461538,208
"CMU-climate_baseline",2025-03-29,1.74334962483853,1.19909309330715,41.4485051145687,0.318494520272377,1.9562703257672,1.6541721985945,68.4255430829783,0.53506435040535,0.307692307692308,0.951923076923077,208
"CMU-climate_baseline",2025-04-05,1.89958329503021,1.25826991107977,36.4857094158539,0.301397498337198,2.05575735329251,1.77723448551571,59.0389525903245,0.509302681615078,0.326923076923077,0.975961538461538,208
"CMU-climate_baseline",2025-04-12,1.71656095153717,1.13316932419864,32.6177130949006,0.29169769576571,1.9796263025611,1.68776308474386,53.0424759991199,0.499639865690835,0.375,0.995192307692308,208
"CMU-climate_baseline",2025-04-19,2.25712538464903,1.43514894466919,36.2411322254738,0.417809437085883,1.96514907505598,2.21439934824341,42.7572115384615,0.691253830880648,0.586538461538462,1,208
"CMU-climate_baseline",2025-04-26,2.06704959115094,1.46996418590113,31.917613175864,0.406753330938384,1.69559833766386,2.165878051548,36.0276442307692,0.651034363068819,0.634615384615385,0.995192307692308,208
"CMU-climate_baseline",2025-05-03,2.04690311467102,1.43036101912143,28.7864626672241,0.411721658631387,1.74941531999639,2.07118113256654,32.1610576923077,0.646815114180211,0.658653846153846,0.990384615384615,208
"CMU-climate_baseline",2025-05-10,1.77800659202808,1.32077408042665,26.2154925027871,0.408826467849314,1.3971444298923,1.89337580482836,28.1189903846154,0.598560529565433,0.706730769230769,0.985576923076923,208
"CMU-climate_baseline",2025-05-17,1.82819146008281,1.19029516010217,24.7014112667224,0.408412156882357,1.48544892362977,1.55278924877327,26.9194711538461,0.572951664049923,0.721153846153846,0.985576923076923,208
"CMU-climate_baseline",2025-05-24,1.50612493904503,1.22507046924738,23.9194400083612,0.412322381403833,1.40003649785854,1.86784315899503,27.3497596153846,0.589368911962703,0.677884615384615,0.990384615384615,208
"CMU-climate_baseline",2025-05-31,1.56136269509888,1.06394159214218,23.6736343366778,0.406318328908427,1.60971658468218,1.63490953941105,27.1983173076923,0.580265501806435,0.677884615384615,1,208
"CMU-climate_baseline",2025-06-07,1.68240880527085,1.14028876849937,23.6684111204013,0.410061261369457,1.70977075289114,1.8680282922824,26.9350961538461,0.596838392880494,0.673076923076923,0.995192307692308,208
"CMU-climate_baseline",2025-06-14,1.49495883421376,1.13862766085322,24.7158065635451,0.432663746246683,1.3633500454993,1.60156991483252,27.2860576923077,0.630437954257855,0.649038461538462,0.975961538461538,208
"CMU-climate_baseline",2025-06-21,1.55509441848151,1.01358138101895,26.333769509476,0.43802610204792,1.23186480157772,1.2989239448301,28.4795673076923,0.632735307720677,0.677884615384615,0.975961538461538,208
"CMU-climate_baseline",2025-06-28,1.7888975650913,1.16257170427469,29.4725577132107,0.447668389681833,1.50957272917726,1.69272880105085,31.5408653846154,0.661207918550154,0.649038461538462,0.961538461538462,208
"CMU-climate_baseline",2025-07-05,1.81149450357429,1.18488435584708,34.955728504738,0.463716927276689,1.45204170830884,1.61259353430609,37.5276442307692,0.701669121175198,0.639423076923077,0.975961538461538,208
"CMU-climate_baseline",2025-07-12,1.74577178368711,1.0821266422513,41.6898798007247,0.456102535442365,1.28362442855803,1.33598828813412,44.3834134615385,0.704752821954792,0.644230769230769,0.995192307692308,208
"CMU-climate_baseline",2025-07-19,2.00338918723366,1.13440319935349,49.2914018464326,0.45853908153808,1.39161263542891,1.4155844625082,50.3353365384615,0.70337007813268,0.677884615384615,0.995192307692308,208
"CMU-climate_baseline",2025-07-26,1.80756918349428,1.20825890704579,57.3427092321628,0.467533410794115,1.21994171042135,1.4653557151895,55.7271634615385,0.701354293570069,0.706730769230769,0.995192307692308,208
"CMU-climate_baseline",2025-08-02,1.76153077633696,1.0486867500923,64.9806944537348,0.46387170826675,1.14427705451114,1.12234560264903,61.5721153846154,0.679266889904073,0.730769230769231,0.995192307692308,208
"CMU-climate_baseline",2025-08-09,1.84600125759996,1.1866030054454,72.1471100682833,0.460894378826813,1.15124032868186,1.20122845149262,67.3473557692308,0.656375244755556,0.754807692307692,0.995192307692308,208
"CMU-climate_baseline",2025-08-16,1.83306227370704,1.34528415389012,78.6612235019512,0.457553647740109,1.21692729878876,1.39495258527946,75.4194711538461,0.662515706559225,0.725961538461538,0.990384615384615,208
"CMU-climate_baseline",2025-08-23,2.1234824156414,1.60727015285955,82.6716803999445,0.453958492510937,1.46508060398348,1.68468715007621,82.0625,0.671636717820846,0.721153846153846,0.990384615384615,208
"CMU-climate_baseline",2025-08-30,2.50306538513783,1.60410776422077,82.8929461120403,0.444786668840433,1.7096965700942,1.68628306352297,83.4194711538462,0.669071522999697,0.730769230769231,0.995192307692308,208
"CMU-climate_baseline",2025-09-06,2.78228439935905,1.73907465800523,80.6429944746378,0.454075295924908,1.9219773330115,1.92360206181278,83.6490384615385,0.712136408604712,0.725961538461538,0.995192307692308,208
"CMU-climate_baseline",2025-09-13,2.5130498404517,1.94265651706834,78.340383214883,0.48540477912666,1.91369674910229,2.33468254987972,85.0540865384615,0.796572366135115,0.735576923076923,0.995192307692308,208
"CMU-climate_baseline",2025-09-20,2.27075798425361,2.14826795219747,77.2436735507247,0.522353873799177,1.83010438541631,2.6629553786243,90.6165865384616,0.90593470769734,0.668269230769231,1,208
"CMU-climate_baseline",2025-09-27,2.33867836141177,2.35264240395659,79.1210057134894,0.587322792007964,1.95628800727086,2.79453194706733,103.673076923077,1.06815919834004,0.528846153846154,1,208
"CovidHub-baseline",2024-11-30,1,1,40.2763604584746,0.311130726246199,1,1,56.8125,0.427433688264815,0.293269230769231,0.600961538461538,208
"CovidHub-baseline",2024-12-07,1,1,61.4597597438799,0.372291171441612,1,1,79.4567307692308,0.491132048166235,0.192307692307692,0.461538461538462,208
"CovidHub-baseline",2024-12-14,1,1,87.6647248382813,0.389230362409385,1,1,108.903846153846,0.506826539804442,0.197115384615385,0.461538461538462,208
"CovidHub-baseline",2024-12-21,1,1,90.0455966299103,0.385944002293453,1,1,113.548076923077,0.507781208554722,0.173076923076923,0.408653846153846,208
"CovidHub-baseline",2024-12-28,1,1,100.082844531924,0.468004398656809,1,1,130.711538461538,0.622963253523297,0.100961538461538,0.375,208
"CovidHub-baseline",2025-01-04,1,1,51.5439428055104,0.238461237332121,1,1,74.0721153846154,0.35052353059584,0.360576923076923,0.740384615384615,208
"CovidHub-baseline",2025-01-11,1,1,56.6170923271194,0.240269405183494,1,1,86.9663461538462,0.353234625298618,0.336538461538462,0.817307692307692,208
"CovidHub-baseline",2025-01-18,1,1,34.2362837340597,0.172205512784176,1,1,51.8028846153846,0.250162900878816,0.567307692307692,0.966346153846154,208
"CovidHub-baseline",2025-02-01,1,1,32.5272897796713,0.224379671001768,1,1,48.8461538461538,0.30160677624446,0.581730769230769,0.9375,208
"CovidHub-baseline",2025-02-08,1,1,28.4275902773943,0.210071798299902,1,1,44.1394230769231,0.322707303085351,0.596153846153846,0.966346153846154,208
"CovidHub-baseline",2025-02-15,1,1,26.9298803592855,0.193509146958481,1,1,41.3365384615385,0.251858977854469,0.644230769230769,0.980769230769231,208
"CovidHub-baseline",2025-02-22,1,1,24.5527040928041,0.210967930168757,1,1,35.2644230769231,0.266582163268315,0.649038461538462,0.980769230769231,208
"CovidHub-baseline",2025-03-01,1,1,25.6673806734759,0.217381777222777,1,1,38.5769230769231,0.280493271335347,0.629807692307692,0.961538461538462,208
"CovidHub-baseline",2025-03-08,1,1,22.1470868582657,0.206692388483097,1,1,33.5721153846154,0.267212425750147,0.716346153846154,0.990384615384615,208
"CovidHub-baseline",2025-03-15,1,1,22.7344781143795,0.205154381430508,1,1,34.25,0.266228382960171,0.745192307692308,0.995192307692308,208
"CovidHub-baseline",2025-03-22,1,1,25.6095227637612,0.249796931764034,1,1,38.5288461538462,0.331927989600407,0.673076923076923,0.971153846153846,208
"CovidHub-baseline",2025-03-29,1,1,25.0298970710864,0.277689365416629,1,1,37.3990384615385,0.334650149023664,0.735576923076923,0.971153846153846,208
"CovidHub-baseline",2025-04-05,1,1,20.5364385597355,0.258222497385007,1,1,30.8269230769231,0.3071190353124,0.75,0.971153846153846,208
"CovidHub-baseline",2025-04-12,1,1,20.1551727224289,0.272436622044568,1,1,28.6778846153846,0.313200939658011,0.778846153846154,0.985576923076923,208
"CovidHub-baseline",2025-04-19,1,1,17.095113028041,0.301627502187587,1,1,23.0096153846154,0.319940140350153,0.807692307692308,0.995192307692308,208
"CovidHub-baseline",2025-04-26,1,1,17.215455547707,0.294403749381894,1,1,23.7307692307692,0.316445727610477,0.822115384615385,1,208
"CovidHub-baseline",2025-05-03,1,1,16.3823538343436,0.309692863670927,1,1,21.8701923076923,0.343949541109668,0.807692307692308,1,208
"CovidHub-baseline",2025-05-10,1,1,16.5195216554236,0.326500168190548,1,1,22.2259615384615,0.327432929517344,0.836538461538462,0.990384615384615,208
"CovidHub-baseline",2025-05-17,1,1,14.9331566070299,0.359466709551916,1,1,19.3557692307692,0.373963649873023,0.807692307692308,0.995192307692308,208
"CovidHub-baseline",2025-05-24,1,1,16.91594941566,0.353402178203811,1,1,20.5096153846154,0.321670858781023,0.841346153846154,0.966346153846154,208
"CovidHub-baseline",2025-05-31,1,1,15.9135865454304,0.393055237570518,1,1,17.5576923076923,0.354371100847805,0.826923076923077,0.961538461538462,208
"CovidHub-baseline",2025-06-07,1,1,14.806274352234,0.369379276007368,1,1,16.4182692307692,0.316968939644385,0.865384615384615,0.971153846153846,208
"CovidHub-baseline",2025-06-14,1,1,16.9590223776712,0.387976861686354,1,1,20.1490384615385,0.397368160885673,0.846153846153846,0.961538461538462,208
"CovidHub-baseline",2025-06-21,1,1,17.299901177442,0.4328972538591,1,1,22.5865384615385,0.473628431484465,0.759615384615385,0.966346153846154,208
"CovidHub-baseline",2025-06-28,1,1,17.239830257726,0.397912297422083,1,1,21.4807692307692,0.386323094467782,0.8125,0.966346153846154,208
"CovidHub-baseline",2025-07-05,1,1,19.7961006486737,0.410038259777806,1,1,26.6971129807452,0.447349348923087,0.798076923076923,0.951923076923077,208
"CovidHub-baseline",2025-07-12,1,1,24.9103481111565,0.436762795359455,1,1,35.6442285817089,0.545240417258595,0.701923076923077,0.918269230769231,208
"CovidHub-baseline",2025-07-19,1,1,26.7102598441278,0.434645715850952,1,1,39.9711538461538,0.540001517071784,0.586538461538462,0.923076923076923,208
"CovidHub-baseline",2025-07-26,1,1,34.4691983658871,0.42754172678581,1,1,51.2884615384615,0.540887182517592,0.432692307692308,0.913461538461538,208
"CovidHub-baseline",2025-08-02,1,1,40.6174752496289,0.472368919881444,1,1,59.8653846153846,0.647298393142362,0.336538461538462,0.826923076923077,208
"CovidHub-baseline",2025-08-09,1,1,43.5445534632208,0.413877780460518,1,1,64.0673076923077,0.572067000149409,0.278846153846154,0.846153846153846,208
"CovidHub-baseline",2025-08-16,1,1,45.9201780368031,0.362760267725379,1,1,65.7067307692308,0.495831883928517,0.269230769230769,0.798076923076923,208
"CovidHub-baseline",2025-08-23,1,1,40.217974254844,0.308057715735448,1,1,58,0.427899893717413,0.350961538461538,0.860576923076923,208
"CovidHub-baseline",2025-08-30,1,1,32.3084547454207,0.287742266618466,1,1,48.8557692307692,0.407916214751141,0.346153846153846,0.870192307692308,208
"CovidHub-baseline",2025-09-06,1,1,30.1351933242727,0.267589676030619,1,1,45.4903846153846,0.369208181926508,0.451923076923077,0.913461538461538,208
"CovidHub-baseline",2025-09-13,1,1,36.8764605884982,0.265270168590528,1,1,50.7115384615385,0.349226130613704,0.480769230769231,0.831730769230769,208
"CovidHub-baseline",2025-09-20,1,1,38.712770715263,0.25909846044066,1,1,54.1778846153846,0.354835434436558,0.495192307692308,0.889423076923077,208
"CovidHub-baseline",2025-09-27,1,1,37.6634496960367,0.27395934496908,1,1,57.0288461538462,0.414388342597143,0.384615384615385,0.932692307692308,208
"CovidHub-baseline",2025-11-22,1,1,15.1592677798763,0.349839802942496,1,1,22.7740376322032,0.441573565516169,0.620192307692308,1,208
"CovidHub-baseline",2025-11-29,1,1,19.8674705302401,0.371338634110518,1,1,31.5673076923077,0.47095859725339,0.514423076923077,1,208
"CovidHub-baseline",2025-12-06,1,1,30.9749206660836,0.436604065772517,1,1,49.1826923076923,0.579656068658299,0.394230769230769,0.923076923076923,208
"CovidHub-baseline",2025-12-13,1,1,41.4143408484822,0.446967719328204,1,1,62.6394230769231,0.600241144392409,0.375,0.846153846153846,208
"CovidHub-baseline",2025-12-20,1,1,52.056377630863,0.481962094522373,1,1,77.6586538461538,0.662913744960283,0.225961538461538,0.754807692307692,208
"CovidHub-baseline",2025-12-27,1,1,44.9311911934058,0.402035401598118,1,1,65.9663461538462,0.547477111621381,0.293269230769231,0.788461538461538,208
"CovidHub-baseline",2026-01-03,1,1,25.0478206324561,0.218380681657728,1,1,36.7884615384615,0.285923356690583,0.543269230769231,0.9375,208
"CovidHub-baseline",2026-01-10,1,1,22.5882882127182,0.190465391817662,1,1,34.6971153846154,0.267125867405708,0.543269230769231,0.975961538461538,208
"CovidHub-baseline",2026-01-17,1,1,21.4403544635685,0.182153951053012,1,1,32.0865384615385,0.243014748417822,0.620192307692308,0.975961538461538,208
"CovidHub-baseline",2026-01-24,1,1,18.0611636355888,0.206940818266955,1,1,26.0096153846154,0.245536463562248,0.677884615384615,0.961538461538462,208
"CovidHub-baseline",2026-01-31,1,1,18.0230031320745,0.262426661441049,1,1,26.9326923076923,0.360771114673468,0.600961538461538,0.966346153846154,208
"CovidHub-baseline",2026-02-07,1,1,14.8052860994762,0.190022161745818,1,1,21.0192307692308,0.216906427695786,0.735576923076923,0.985576923076923,208
"CovidHub-baseline",2026-02-14,1,1,15.4170950553112,0.210652800403991,1,1,21.9038461538462,0.259425890383863,0.653846153846154,0.995192307692308,208
"CovidHub-baseline",2026-02-21,1,1,16.9431772453193,0.249741817772884,1,1,24.2932692307692,0.338068726658328,0.653846153846154,0.966346153846154,208
"CovidHub-baseline",2026-02-28,1,1,16.448057553005,0.233153611395182,1,1,25.2596153846154,0.339360451743967,0.591346153846154,1,208
"CovidHub-baseline",2026-03-07,1,1,19.3576381172079,0.297832178555234,1,1,30.9326923076923,0.447466271079029,0.538461538461538,0.985576923076923,208
"CovidHub-baseline",2026-03-14,1,1,19.6078143445617,0.371563217786678,1,1,31.5192307692308,0.560776860233527,0.572115384615385,0.995192307692308,208
"CovidHub-baseline",2026-03-21,1,1,19.6268709650839,0.421576486034792,1,1,32.3173078125012,0.638214077271262,0.548076923076923,1,208
"CovidHub-baseline",2026-03-28,1,1,20.9272584556545,0.464073905949952,1,1,34.0048076923077,0.71157648600517,0.552884615384615,0.966346153846154,208
"CovidHub-baseline",2026-04-04,1,1,9.5673193532252,0.400280523978592,1,1,10.1057690264403,0.418668348579561,0.918269230769231,1,208
"CovidHub-baseline",2026-04-11,1,1,8.93599091656771,0.419249078432335,1,1,8.8125,0.453903194761122,0.918269230769231,1,208
"CovidHub-baseline",2026-04-18,1,1,8.95896193148052,0.468700417918377,1,1,9.81730769230769,0.496412456646369,0.903846153846154,1,208
"CovidHub-baseline",2026-04-25,1,1,8.83599457955679,0.449314726008003,1,1,10.0048076923077,0.486908361639866,0.923076923076923,1,208
"CovidHub-baseline",2026-05-02,1,1,8.86038788282145,0.441539356017525,1,1,9.45673076923077,0.471787530604042,0.927884615384615,1,208
"CovidHub-baseline",2026-05-09,1,1,8.32029017232783,0.430317331849385,1,1,8.02403846153846,0.418139227128911,0.980769230769231,1,208
"CovidHub-baseline",2026-05-16,1,1,8.4873192163482,0.469828479320565,1,1,9.31249822113606,0.521176924191805,0.9375,1,208
"CovidHub-baseline",2026-05-23,1,1,7.75747813467568,0.465446203370825,1,1,7.37980713941755,0.514355097989567,0.961538461538462,1,208
"CovidHub-baseline",2026-05-30,1,1,7.30963813001006,0.481852617268085,1,1,6.18750443514051,0.505717032107806,0.971153846153846,1,208
"CovidHub-baseline",2026-06-06,1,1,7.20363066901823,0.49317928686873,1,1,6.39422689899976,0.48795505547543,0.971153846153846,1,208
"CovidHub-baseline",2026-06-13,1,1,6.74096758552817,0.495250140055521,1,1,5.5048096514619,0.494589702416166,0.980769230769231,1,208
"CovidHub-baseline",2026-06-20,1,1,6.86564499604496,0.481425626982371,1,1,6.25961278843558,0.454383873939919,0.980769230769231,1,208
"CovidHub-baseline",2026-06-27,1,1,7.04884826121599,0.492591291156105,1,1,7.72115310095409,0.496936671060699,0.966346153846154,1,208
"CovidHub-baseline",2026-07-04,1,1,7.70703742512216,0.501640975381101,1,1,9.16826932692404,0.487839634218684,0.947115384615385,0.995192307692308,208
"CovidHub-baseline",2026-07-11,1,1,8.60631217591022,0.501168203366978,1,1,11.7211509254516,0.578041834352861,0.923076923076923,0.995192307692308,208
"CovidHub-baseline",2026-07-18,1,1,9.69516694412011,0.494588938181093,1,1,13.8076860576298,0.529281502301098,0.865384615384615,0.995192307692308,208
"CovidHub-baseline",2026-07-25,1,1,10.7877388222192,0.493800229086318,1,1,16.0432622835844,0.593283398743927,0.860576923076923,0.995192307692308,208
"CovidHub-baseline",2026-08-01,1,1,12.2403159917665,0.471960690061625,1,1,18.7499968629494,0.567416394529073,0.841346153846154,1,208
"CovidHub-baseline",2026-08-08,1,1,13.6528952241541,0.471616996070014,1,1,21.1826855287784,0.578682221179637,0.75,0.990384615384615,208
"CovidHub-baseline",2026-08-15,1,1,17.8585127623899,0.503091013447882,1,1,28.1778831249851,0.718399785129181,0.692307692307692,0.971153846153846,208
"CovidHub-baseline",2026-08-22,1,1,20.5969410336785,0.445061881122709,1,1,30.7355772475994,0.557436909020795,0.653846153846154,0.966346153846154,208
"CovidHub-baseline",2026-08-29,1,1,22.8843579980374,0.463086432652919,1,1,34.3846175841566,0.635003924972676,0.610576923076923,0.956730769230769,208
"CovidHub-baseline",2026-09-05,1,1,19.2873094174583,0.392096033995109,1,1,27.1778832451786,0.484146929302973,0.706730769230769,0.956730769230769,208
"CovidHub-baseline",2026-09-12,1,1,26.011365114908,0.564205316990878,1,1,23.028841971112,0.442887258465313,0.932692307692308,1,208
"CovidHub-baseline",2026-09-19,1,1,21.5193895236341,0.486560528294335,1,1,19.4679487179487,0.385559789871573,0.916666666666667,1,156
"CovidHub-baseline",2026-09-26,1,1,17.3556157751306,0.406495866120136,1,1,14.7980769230769,0.33586534437972,0.923076923076923,1,104
"CovidHub-baseline",2026-10-03,1,1,15.7461279682274,0.36166119473172,1,1,17.9615384615385,0.386174244647633,0.826923076923077,1,52
"CovidHub-ensemble",2024-11-30,0.676833880581014,0.563600737949479,27.3217495669029,0.176154009264411,0.709519490725223,0.610424475448437,40.389486242728,0.262078669492528,0.615384615384615,0.961538461538462,208
"CovidHub-ensemble",2024-12-07,0.668308972500992,0.652184935767439,41.0780804130636,0.242588532553388,0.820623099480656,0.770705274252234,65.1948591101803,0.378017013717085,0.427884615384615,0.903846153846154,208
"CovidHub-ensemble",2024-12-14,0.687555318994894,0.659073125732664,60.2820516821164,0.256716296971439,0.827301883441664,0.788139778932407,90.097970852341,0.399572582772989,0.423076923076923,0.850961538461538,208
"CovidHub-ensemble",2024-12-21,0.64515998984158,0.623511118051301,58.1037319304622,0.240457040613117,0.808441738906326,0.750034719092725,91.747995009416,0.380051314878138,0.375,0.865384615384615,208
"CovidHub-ensemble",2024-12-28,0.728195163492204,0.674273702072713,73.0106088195908,0.314419906878479,0.826332844657194,0.770029636224754,107.994565094386,0.477348933776504,0.288461538461538,0.692307692307692,208
"CovidHub-ensemble",2025-01-04,1.025143052553,0.958171119622023,52.9116508755995,0.229611049512911,1.05056039920688,0.976537990532135,77.7876753965864,0.339351384439854,0.442307692307692,0.855769230769231,208
"CovidHub-ensemble",2025-01-11,1.2847385833553,1.06020541705052,73.6588569170791,0.256308798254202,1.35452821852061,1.16787750339958,119.102738564049,0.414204832510067,0.326923076923077,0.855769230769231,208
"CovidHub-ensemble",2025-01-18,1.0907926512648,0.952894884799906,37.2241711010386,0.165636897600808,1.03190390051373,1.04028151328888,52.9214396842079,0.261167414332929,0.586538461538462,0.956730769230769,208
"CovidHub-ensemble",2025-02-01,0.991245072194288,0.856933946445559,32.3904071786865,0.19553382634592,0.97910371471665,0.961770102562437,47.4045201891782,0.294315639438756,0.543269230769231,0.956730769230769,208
"CovidHub-ensemble",2025-02-08,1.01771900801534,0.880096268945285,28.8744460165621,0.182474623663303,0.906179039062822,0.883376759941496,39.8262527678185,0.276143093785633,0.658653846153846,0.975961538461538,208
"CovidHub-ensemble",2025-02-15,1.03042858365268,0.844033028160607,27.6205473264644,0.161765268489013,0.973438154079659,0.96568850247956,39.9679991116074,0.242534288205197,0.6875,0.975961538461538,208
"CovidHub-ensemble",2025-02-22,0.992734128660172,0.810815852956345,24.390728204363,0.17064296173624,0.970726681952202,0.948832741407949,34.6112755122453,0.255560482144352,0.658653846153846,0.975961538461538,208
"CovidHub-ensemble",2025-03-01,1.073494614835,0.914903276531691,27.7173312946359,0.197794980131275,1.11241349140053,1.06999418111971,43.0423109730418,0.300101132080561,0.490384615384615,0.927884615384615,208
"CovidHub-ensemble",2025-03-08,0.990906384891443,0.783563095204673,21.906546081394,0.16032445999711,0.971586492130457,0.915935111132622,32.3877446057824,0.243948677510989,0.538461538461538,0.956730769230769,208
"CovidHub-ensemble",2025-03-15,0.940141406568864,0.749521741711401,20.9611155639396,0.149335548498686,0.910482106268303,0.845498838839853,30.059617691174,0.217744237420296,0.620192307692308,0.966346153846154,208
"CovidHub-ensemble",2025-03-22,0.833336096317176,0.663686391805336,21.0563888225892,0.162953940553593,0.796358798302963,0.73957650753787,30.0075224150444,0.242841004371592,0.644230769230769,0.966346153846154,208
"CovidHub-ensemble",2025-03-29,0.780308630079979,0.62143329197886,19.3259697954092,0.170578862643495,0.78886048774065,0.774451190808561,28.8485943368592,0.258540377605968,0.610576923076923,0.961538461538462,208
"CovidHub-ensemble",2025-04-05,0.659595951109417,0.602064734905925,13.2616549669411,0.1543358464448,0.663414827635736,0.764871505869727,19.8539019427987,0.232828791657612,0.653846153846154,0.990384615384615,208
"CovidHub-ensemble",2025-04-12,0.724313797240641,0.603557475775198,14.3607489134082,0.162389379763385,0.804371401256261,0.803613939993964,22.6122304873833,0.248644958874932,0.625,0.971153846153846,208
"CovidHub-ensemble",2025-04-19,0.777583297547833,0.588441421984424,12.4922987327452,0.171218142341953,0.837931360424813,0.824917315328658,18.1693832627895,0.257350968821699,0.644230769230769,0.975961538461538,208
"CovidHub-ensemble",2025-04-26,0.658662967547767,0.6054906475184,10.7497144457347,0.175326278654413,0.723040355334622,0.847998197916294,16.3197690752396,0.267225622992422,0.572115384615385,0.966346153846154,208
"CovidHub-ensemble",2025-05-03,0.655315115268269,0.597098932302122,10.5381787690503,0.183404869401576,0.756768974424236,0.825217841876537,16.3086557510558,0.283249697001192,0.610576923076923,0.985576923076923,208
"CovidHub-ensemble",2025-05-10,0.646915671204563,0.571251633634937,10.6306453065264,0.181555757008045,0.774811988060559,0.878162600496638,17.2123094081096,0.288180163850582,0.576923076923077,0.985576923076923,208
"CovidHub-ensemble",2025-05-17,0.82094995868116,0.653549598263521,12.2283123012893,0.230124159253124,1.01528003313623,0.957787064482886,19.5797894524279,0.361977359955556,0.504807692307692,0.980769230769231,208
"CovidHub-ensemble",2025-05-24,0.765544132380213,0.585644286111866,13.0815800613281,0.203605166834632,0.963492096479247,0.953028158429668,19.8526580573353,0.307219593266434,0.533653846153846,0.956730769230769,208
"CovidHub-ensemble",2025-05-31,0.816217779708451,0.555499524401512,13.1601778281016,0.217260160517732,1.08949487660412,0.909044686042402,19.2066364752647,0.325389226647037,0.557692307692308,0.9375,208
"CovidHub-ensemble",2025-06-07,0.795989377627178,0.549852634346475,12.1436853848066,0.207280479187848,1.06069759045603,0.957660301190935,17.952032405942,0.31871548005745,0.519230769230769,0.966346153846154,208
"CovidHub-ensemble",2025-06-14,0.796811500868422,0.590554562718209,13.6144897984003,0.232116051296842,0.969246340830737,0.900656242711633,19.8509212685895,0.362315302296537,0.495192307692308,0.947115384615385,208
"CovidHub-ensemble",2025-06-21,0.75184017353229,0.610065359591798,12.9279671915178,0.260919313941038,0.906085429837531,0.868655091201991,20.5472644249776,0.413857307272754,0.442307692307692,0.947115384615385,208
"CovidHub-ensemble",2025-06-28,0.647994062202044,0.552076184852116,11.3092497563159,0.210543532387723,0.879099217876219,0.841554191033055,19.1260674291349,0.324936505905024,0.533653846153846,0.961538461538462,208
"CovidHub-ensemble",2025-07-05,0.712868533682428,0.588815933966242,14.6011825180634,0.238672615054381,0.897933069083042,0.854500846971834,24.4796079586259,0.385239590248342,0.504807692307692,0.961538461538462,208
"CovidHub-ensemble",2025-07-12,0.651828457264973,0.533967533132667,16.0390292870785,0.231840058632062,0.817022367053444,0.718135808686773,28.8923933555106,0.389690722552673,0.504807692307692,0.971153846153846,208
"CovidHub-ensemble",2025-07-19,0.653209074265789,0.515748940007783,17.3142527696702,0.220524614797257,0.76896089702303,0.679586617281629,30.7229871155057,0.360277655320103,0.447115384615385,0.975961538461538,208
"CovidHub-ensemble",2025-07-26,0.623136268042863,0.516286491604557,21.7510623452531,0.219046149627544,0.745231037483982,0.681274921637139,38.508446168528,0.36073820917507,0.432692307692308,0.990384615384615,208
"CovidHub-ensemble",2025-08-02,0.63761310062169,0.603956563441174,26.409611464122,0.2816902057037,0.731986687953434,0.706987852576669,44.3563365861121,0.45551791805291,0.25,0.879807692307692,208
"CovidHub-ensemble",2025-08-09,0.561377762962622,0.505956019143913,24.4158499054392,0.203553889002273,0.631668256501052,0.582855614738631,40.4451442210328,0.327497454419835,0.408653846153846,0.908653846153846,208
"CovidHub-ensemble",2025-08-16,0.555557616963111,0.516555773798738,25.7318736735502,0.178703351146485,0.65326939520494,0.584448991156617,43.4625702433215,0.28205768220776,0.509615384615385,0.9375,208
"CovidHub-ensemble",2025-08-23,0.587087647477301,0.548156240984803,24.7947044252975,0.168433568750931,0.679587043006973,0.633291564205907,40.3181688870559,0.271919382663801,0.519230769230769,0.971153846153846,208
"CovidHub-ensemble",2025-08-30,0.660891118094982,0.563440258253049,22.4877852049899,0.164497778523542,0.690681603656391,0.60015492659538,33.7217631336337,0.249610430779527,0.581730769230769,0.990384615384615,208
"CovidHub-ensemble",2025-09-06,0.7253324879081,0.64708502098555,23.0204317863731,0.17552858840472,0.728711075974794,0.700878268057495,34.7776538422667,0.267376593742532,0.552884615384615,0.927884615384615,208
"CovidHub-ensemble",2025-09-13,1.00502603796324,0.851008257947001,38.4798755772279,0.233659684613985,1.08857341258928,0.956657063769397,58.7330288152238,0.35069011910966,0.461538461538462,0.879807692307692,208
"CovidHub-ensemble",2025-09-20,0.985781211373243,0.969880144284514,39.8321476001783,0.259450976930479,1.08957608230926,1.11298359623825,62.0992572048272,0.410780036598299,0.350961538461538,0.870192307692308,208
"CovidHub-ensemble",2025-09-27,0.897898541413249,0.954793393545308,34.1090123550587,0.265908076734943,0.971281355649493,1.03316492448775,56.026574737489,0.435820311342216,0.288461538461538,0.932692307692308,208
"CovidHub-ensemble",2025-11-22,0.74751296222739,0.576057907032358,11.2351702911235,0.193003827119094,0.776154572729852,0.69438073148112,17.0886755970064,0.300947031658332,0.552884615384615,0.975961538461538,208
"CovidHub-ensemble",2025-11-29,0.663982095124429,0.546200186705641,12.9374711581125,0.196295530853796,0.683027277146822,0.693525148420294,20.0949821542685,0.308854395307177,0.514423076923077,0.975961538461538,208
"CovidHub-ensemble",2025-12-06,0.666330219140679,0.527167936100701,21.0184358676518,0.229239454492513,0.653362506509798,0.613378690196227,33.1044432789216,0.360499940110333,0.442307692307692,0.908653846153846,208
"CovidHub-ensemble",2025-12-13,0.681315743576606,0.547642667189186,28.6193331653572,0.24574470685606,0.657714710032974,0.618685766407228,42.4153186256637,0.376344693658061,0.447115384615385,0.860576923076923,208
"CovidHub-ensemble",2025-12-20,0.664276681610952,0.535847014229325,33.4110294183221,0.252687668536799,0.698131467943632,0.624159573464321,52.1489463650973,0.399664039141501,0.355769230769231,0.860576923076923,208
"CovidHub-ensemble",2025-12-27,0.670705726851672,0.567179617914089,29.4798596761983,0.225268821392127,0.711127666270087,0.656424689991829,45.3882158965122,0.34897504780575,0.384615384615385,0.870192307692308,208
"CovidHub-ensemble",2026-01-03,0.874143861240655,0.729483974164897,22.1079992209257,0.15962799462009,1.00049443933371,0.936927022379775,35.1612279218036,0.25606855527949,0.495192307692308,0.947115384615385,208
"CovidHub-ensemble",2026-01-10,1.45028529657635,1.10523155589436,31.9472929446851,0.204242367085884,1.67929906756888,1.36041707520345,54.4930890543833,0.341427948182704,0.350961538461538,0.961538461538462,208
"CovidHub-ensemble",2026-01-17,1.31651031912993,1.10238060315783,27.208462897816,0.191912045171766,1.57421420482405,1.44751014753742,46.494681376679,0.326210681872846,0.355769230769231,0.966346153846154,208
"CovidHub-ensemble",2026-01-24,0.798281947713025,0.712089674271094,14.2256411550963,0.145970921061843,0.79521390523582,0.909740501917305,20.2828589190135,0.222488371394466,0.673076923076923,0.961538461538462,208
"CovidHub-ensemble",2026-01-31,0.919645737405136,0.694104386159326,16.7908873622527,0.183884712245555,0.976651064028609,0.805630740806946,26.8576232136839,0.294245998733879,0.5,0.980769230769231,208
"CovidHub-ensemble",2026-02-07,0.879338860485538,0.774138857514892,12.9480976162761,0.1465509628003,0.933288283012735,1.00546249851173,19.8427127459466,0.225060967055634,0.576923076923077,0.961538461538462,208
"CovidHub-ensemble",2026-02-14,0.896318426608711,0.763928319602975,13.6717798020151,0.161933143312919,1.0208607181502,0.966612583351912,22.0714940545543,0.250830836965926,0.480769230769231,0.956730769230769,208
"CovidHub-ensemble",2026-02-21,0.81318325115957,0.725423640003908,13.2692431745421,0.177934380655631,0.87062835746116,0.851185178412379,19.8862126442725,0.276610554921129,0.586538461538462,0.961538461538462,208
"CovidHub-ensemble",2026-02-28,0.68322362987994,0.717247005384716,11.0093583834547,0.171588606856757,0.698497549096745,0.84612233730354,16.4374101531209,0.273505743561219,0.528846153846154,0.990384615384615,208
"CovidHub-ensemble",2026-03-07,0.68787215671693,0.767021225001764,13.436880253313,0.239488809078199,0.722838642598532,0.867694620127144,21.2975635018141,0.375350396544334,0.461538461538462,0.923076923076923,208
"CovidHub-ensemble",2026-03-14,0.706821371505837,0.752853266644647,14.1211777346872,0.295774318794992,0.707513209569756,0.805705499476873,21.7064634949718,0.441232132596479,0.451923076923077,0.879807692307692,208
"CovidHub-ensemble",2026-03-21,0.762971829505743,0.80457444442362,15.0210050785477,0.353915517608464,0.741357708383325,0.84933286016175,22.7090773928673,0.526517101850023,0.355769230769231,0.826923076923077,208
"CovidHub-ensemble",2026-03-28,0.789270774907603,0.860567747421032,16.4678175396933,0.408018787252842,0.763875689724119,0.866122387830041,25.2180747031034,0.608222568322679,0.278846153846154,0.745192307692308,208
"CovidHub-ensemble",2026-04-04,0.642772456919003,0.60981327779118,6.02176027802163,0.245547555926493,0.872709443829556,0.916573542079542,8.68089365250741,0.378462487169545,0.567307692307692,0.975961538461538,208
"CovidHub-ensemble",2026-04-11,0.56947369769698,0.540271580539166,5.04124914763024,0.231104529007937,0.852444811599842,0.792070045231173,7.32264916724745,0.347125583297653,0.610576923076923,0.971153846153846,208
"CovidHub-ensemble",2026-04-18,0.689451544753721,0.590604333318209,5.93167676920001,0.275984415532893,0.974622253548692,0.867276025356682,9.48559311122471,0.424786312352892,0.514423076923077,0.947115384615385,208
"CovidHub-ensemble",2026-04-25,0.639727522406311,0.575664943491098,5.47349526279504,0.258135674375893,0.834016504324051,0.838374649977614,8.12704864212014,0.400566502544096,0.600961538461538,0.966346153846154,208
"CovidHub-ensemble",2026-05-02,0.591116555362815,0.549231909724264,5.36896331010396,0.26019896925183,0.794236110786911,0.807546898389439,7.75799442700398,0.403255389474465,0.586538461538462,0.956730769230769,208
"CovidHub-ensemble",2026-05-09,0.645648608736261,0.606339765021409,5.42061178692723,0.274448568220599,1.03321239784493,1.03737272453076,8.31515800229055,0.438471341935569,0.572115384615385,0.971153846153846,208
"CovidHub-ensemble",2026-05-16,0.650820923538575,0.677358509948157,5.58713301599981,0.320994773783158,0.894020577519198,0.989639118932114,8.43214107498698,0.520077992040853,0.475961538461538,0.927884615384615,208
"CovidHub-ensemble",2026-05-23,0.624169675083542,0.664959371824468,4.84409717681791,0.325721518815081,0.999284245488257,1.04788390521173,7.37734489596936,0.538430277630509,0.447115384615385,0.966346153846154,208
"CovidHub-ensemble",2026-05-30,0.588207778948768,0.619219230559122,4.29926435814303,0.314111754603278,1.07087371527337,1.00098371903212,6.47281059372663,0.497116055938254,0.533653846153846,0.923076923076923,208
"CovidHub-ensemble",2026-06-06,0.600423335101922,0.60916694113649,4.42979910014035,0.319005592567457,0.96790851447687,0.947981715923515,6.68311252857251,0.492674286492525,0.533653846153846,0.923076923076923,208
"CovidHub-ensemble",2026-06-13,0.564554609160177,0.611573939713659,3.85086622822655,0.316446490447207,1.04033296933901,1.00499874495081,5.69043740457747,0.495112980494571,0.567307692307692,0.947115384615385,208
"CovidHub-ensemble",2026-06-20,0.533956030517321,0.512375312482211,3.69939994166062,0.254901300768176,0.836249648400482,0.825185609382002,5.4539599845256,0.39015588413066,0.639423076923077,0.966346153846154,208
"CovidHub-ensemble",2026-06-27,0.559094597301431,0.493401015526914,3.99476095609164,0.250736018264245,0.762127574349128,0.730460890887292,6.17023302752452,0.382874363437502,0.629807692307692,0.980769230769231,208
"CovidHub-ensemble",2026-07-04,0.591346797977845,0.516432607071869,4.56269987941608,0.264207668965269,0.776469447291668,0.793331014363324,7.1862593783644,0.400006901643362,0.610576923076923,0.971153846153846,208
"CovidHub-ensemble",2026-07-11,0.633498228722337,0.531965624707852,5.45691617604583,0.268896730187241,0.748034490150615,0.72269228086471,8.76602449258154,0.41978234807173,0.591346153846154,0.966346153846154,208
"CovidHub-ensemble",2026-07-18,0.618611306857834,0.512345314015522,5.93936135066845,0.249895607141671,0.691195467383608,0.726974259114135,9.49637139024625,0.385479512219663,0.586538461538462,0.980769230769231,208
"CovidHub-ensemble",2026-07-25,0.569804749972157,0.512321955902654,6.14469792382122,0.254001370619391,0.614742440847963,0.630134487791042,9.80430822130388,0.377072941688231,0.629807692307692,0.966346153846154,208
"CovidHub-ensemble",2026-08-01,0.590095617850972,0.475898243798375,7.21206187733412,0.220386465978689,0.614850942774459,0.58804276749054,11.243383217416,0.320953529160681,0.677884615384615,0.966346153846154,208
"CovidHub-ensemble",2026-08-08,0.613719476160759,0.491041467814543,8.63004981181549,0.231256277531919,0.623543350212302,0.608722677369226,13.5799882237801,0.351331119704257,0.586538461538462,0.975961538461538,208
"CovidHub-ensemble",2026-08-15,0.674047590159201,0.509200670348432,12.4102858604518,0.251129144293017,0.681092922845554,0.571864555515979,19.6842078123007,0.398694075856792,0.4375,0.932692307692308,208
"CovidHub-ensemble",2026-08-22,0.710711259966846,0.553315626119585,14.7982680797811,0.238963261103863,0.753678724772076,0.674994513926939,23.21280873292,0.371176039744609,0.451923076923077,0.913461538461538,208
"CovidHub-ensemble",2026-08-29,0.759016843642632,0.568454340474689,17.3828898755283,0.256548032473113,0.788210173590538,0.652231686027162,26.9730992093511,0.406018511374345,0.418269230769231,0.908653846153846,208
"CovidHub-ensemble",2026-09-05,0.753759664841532,0.565829390519371,14.6841948164389,0.218626154067381,0.847668327864868,0.732317487977183,23.0780344498269,0.349053468443815,0.447115384615385,0.927884615384615,208
"CovidHub-ensemble",2026-09-12,0.575501344252395,0.404904684258576,14.1044631610411,0.223390178300609,0.914781568030813,0.783980900161146,21.3700203067179,0.347249557866375,0.533653846153846,0.913461538461538,208
"CovidHub-ensemble",2026-09-19,0.513327562592997,0.431769057310733,10.798559059067,0.207860596620028,0.898856968715871,0.877923757862042,17.3591801640823,0.336019446187423,0.448717948717949,0.948717948717949,156
"CovidHub-ensemble",2026-09-26,0.530955182541649,0.436002007904867,8.94520152086168,0.170186589758404,0.968601638615894,0.839377360283318,14.1680671502354,0.273217504742537,0.5,0.980769230769231,104
"CovidHub-ensemble",2026-10-03,0.641838409601011,0.517722979281597,9.91132519941042,0.180761500598451,0.862866557360821,0.750843152229085,15.4543879110679,0.285659724770265,0.461538461538462,0.942307692307692,52
"Google_SAI-Ensemble",2025-03-22,0.922362744538383,0.755132240751232,23.5808558470045,0.185894962111389,0.873912370143387,0.837816082252523,33.0987431725451,0.275481610442669,0.375,0.884615384615385,208
"Google_SAI-Ensemble",2025-03-29,0.881577636531985,0.703833354664566,21.9769258082553,0.192348015948179,0.866086851469515,0.868025721876188,31.8173775553587,0.287292655966051,0.418269230769231,0.889423076923077,208
"Google_SAI-Ensemble",2025-04-05,0.739168202012311,0.645300840325888,15.0084913379185,0.165748221107805,0.726457863801803,0.801485531131967,21.8624194830021,0.243569715643961,0.4375,0.918269230769231,208
"Google_SAI-Ensemble",2025-04-12,0.815800038347,0.644859689877575,16.3288592627361,0.17516299892647,0.855300478716988,0.855860426052345,24.2201489829438,0.266286054066744,0.4375,0.927884615384615,208
"Google_SAI-Ensemble",2025-04-19,0.819405499946446,0.615677249860792,13.2098142451085,0.17885140036255,0.912820469156017,0.88994038885757,19.9999178621543,0.278361866791539,0.495192307692308,0.995192307692308,208
"Google_SAI-Ensemble",2025-04-26,0.740076046587732,0.703974050578327,12.0398245435211,0.202755991742475,0.800686775959389,1.0030725994219,18.1935580784733,0.32062399138519,0.605769230769231,0.995192307692308,208
"Google_SAI-Ensemble",2025-05-03,0.751969314766467,0.672979546710512,11.8498003072352,0.205334257148193,0.864562627163983,0.949869159952408,18.6741232313511,0.325448804053287,0.596153846153846,0.975961538461538,208
"Google_SAI-Ensemble",2025-05-10,0.774139864649075,0.674537721319551,12.5108192363764,0.215229631465573,0.89793822262092,1.01426258486926,19.9650880302224,0.338049022580808,0.586538461538462,0.985576923076923,208
"Google_SAI-Ensemble",2025-05-17,0.895146345620394,0.695406219776565,13.2389611912432,0.244855920423764,1.07426833097475,0.988965199287335,20.9870117484062,0.375866995310401,0.466346153846154,0.975961538461538,208
"Google_SAI-Ensemble",2025-05-24,0.881167045076071,0.611500430805862,14.7739527591973,0.210250166508428,1.03708533536958,0.973950106698747,21.2820512820513,0.312120543129915,0.370192307692308,0.9375,208
"Google_SAI-Ensemble",2025-05-31,0.864111350156168,0.530284072129328,13.7185284280936,0.206118979907761,1.11064673721959,0.852469864408155,19.3862179487179,0.303782191591848,0.360576923076923,0.918269230769231,208
"Google_SAI-Ensemble",2025-06-07,3.36300236655367,2.51836930262514,46.6544704570791,0.88460117547075,3.84163175811242,3.98301819090206,59.4358974358974,1.22642823080881,0.0769230769230769,0.879807692307692,208
"Google_SAI-Ensemble",2025-12-13,0.563087737163602,0.49726388081087,22.4775171404682,0.215911692467235,0.554016064999107,0.570964759279768,34.5586538461538,0.334810270422254,0.447115384615385,0.9375,208
"Google_SAI-Ensemble",2025-12-20,0.604289543491478,0.493200304887,29.2717938963211,0.224748058135136,0.632391945014895,0.580402533101846,45.9913461538462,0.364102589896382,0.360576923076923,0.923076923076923,208
"Google_SAI-Ensemble",2025-12-27,0.613835046868719,0.52924085006567,26.1301078595318,0.201867547383321,0.65797706571588,0.622092406234951,41.0586538461538,0.321473931120114,0.399038461538462,0.923076923076923,208
"Google_SAI-Ensemble",2026-01-03,0.837738380942283,0.741356155269464,20.2440660535117,0.156715159019059,0.952460369729702,0.953075044953619,32.2423076923077,0.253988350358978,0.456730769230769,0.942307692307692,208
"Google_SAI-Ensemble",2026-01-10,0.840984198551396,0.851321177508587,17.3174216628344,0.151708954436839,0.88782377536795,0.987059572901916,26.9365384615385,0.239835036904272,0.475961538461538,0.942307692307692,208
"Google_SAI-Ensemble",2026-01-17,0.746855459565146,0.781509422762698,14.7069032120959,0.132861635729223,0.808643902632811,0.935950490371409,22.6658653846154,0.203814220149746,0.538461538461538,0.980769230769231,208
"Google_SAI-Ensemble",2026-01-24,0.774723632830696,0.776911290645438,13.9928280100334,0.163760444469687,0.817972296509664,1.04247291258964,21.0101495726496,0.261014840889322,0.480769230769231,0.966346153846154,208
"Google_SAI-Ensemble",2026-01-31,1.09157738071206,0.816382952875197,19.9179284942865,0.215700612223986,1.21977722817739,0.99705117310484,32.9668803418803,0.356881256123687,0.283653846153846,0.980769230769231,208
"Google_SAI-Ensemble",2026-02-07,0.931009563444678,0.837667726618236,13.8463474955581,0.160193098202095,1.04937516413711,1.1535721182786,22.3584735576923,0.257478105821328,0.418269230769231,0.966346153846154,208
"Google_SAI-Ensemble",2026-02-14,1.05095432845421,0.869074341251575,15.9905941314799,0.182978826435301,1.18164077601419,1.11782590922631,25.5552884615385,0.288241168464084,0.341346153846154,0.9375,208
"Google_SAI-Ensemble",2026-02-21,0.830696514058169,0.734765239550527,13.298371642454,0.176963708419204,0.912765683757111,0.852363328134926,20.5943509615385,0.272582426451333,0.408653846153846,0.927884615384615,208
"Google_SAI-Ensemble",2026-02-28,0.618554640764854,0.68083018746068,9.72183557953595,0.160992847867341,0.654385321369794,0.784724176104201,14.96484375,0.248656470709376,0.461538461538462,0.966346153846154,208
"Google_SAI-Ensemble",2026-03-07,0.655307312210416,0.777184211480212,12.5879497609218,0.241406478026973,0.664010612479808,0.84183109439769,19.0114182692308,0.357041740026094,0.360576923076923,0.841346153846154,208
"Google_SAI-Ensemble",2026-03-14,0.643696712150991,0.731866881392784,12.5220242775397,0.285895386896727,0.636911555936736,0.767439596984791,18.6352163461538,0.410830339869167,0.394230769230769,0.807692307692308,208
"Google_SAI-Ensemble",2026-03-21,0.693659952325778,0.805328143096799,13.5448861761427,0.356373634454324,0.649524051156293,0.812049621016457,19.8213141025641,0.507360454680366,0.307692307692308,0.754807692307692,208
"Google_SAI-Ensemble",2026-03-28,0.724798010304461,0.860811546097053,15.0511431147807,0.409801479389863,0.679711011358025,0.828718974516568,22.2946047008547,0.581886828337625,0.216346153846154,0.721153846153846,208
"Google_SAI-Ensemble",2026-04-04,0.604981217494947,0.609713147787931,5.70807614385916,0.249699327666977,0.833400369118091,0.892667292511608,8.60924145299145,0.383126473778928,0.4375,0.942307692307692,208
"Google_SAI-Ensemble",2026-04-11,0.567700510875922,0.534624648683764,4.98218517628205,0.228326047774583,0.853837498497919,0.787062291316457,7.30395299145299,0.345032746591094,0.528846153846154,0.947115384615385,208
"Google_SAI-Ensemble",2026-04-18,0.655639100948029,0.539630588168421,5.67774825924378,0.254419388482682,0.908649923393372,0.785572742206387,9.01041666666667,0.393477212479209,0.461538461538462,0.951923076923077,208
"Google_SAI-Ensemble",2026-04-25,0.592335065724552,0.52487041278571,5.12731136543107,0.242321600720894,0.744320455644787,0.732950746921065,7.66212606837607,0.373728096167798,0.557692307692308,0.947115384615385,208
"Google_SAI-Ensemble",2026-05-02,0.543771665424592,0.529713336012123,4.79443630736715,0.248380244979803,0.715627933996136,0.762588955761531,6.78659188034188,0.376434807712802,0.591346153846154,0.956730769230769,208
"Google_SAI-Ensemble",2026-05-09,0.543720449290235,0.563379710035114,4.46160654148086,0.252980785704011,0.849781334060341,0.946723553550993,6.61137820512821,0.392200791748541,0.519230769230769,0.951923076923077,208
"Google_SAI-Ensemble",2026-05-16,0.583840604000834,0.667663345404737,4.94416121911,0.314724567799168,0.825488200510614,0.948668735336339,7.6071047008547,0.492379066985709,0.394230769230769,0.913461538461538,208
"Google_SAI-Ensemble",2026-05-23,0.56801455606896,0.648010525608903,4.34328809805834,0.31839444117021,0.900772384518392,0.980494193747017,6.49305555555556,0.500130624984349,0.403846153846154,0.913461538461538,208
"Google_SAI-Ensemble",2026-05-30,0.524977920522493,0.601044679194245,3.81429363503344,0.305759894032026,0.928252446710738,0.953175175735265,5.54967948717949,0.47173257169497,0.528846153846154,0.9375,208
"Google_SAI-Ensemble",2026-06-06,0.553369774071622,0.580758353292909,3.96415711631364,0.300628502059144,0.862609321294067,0.882757700551166,5.7366452991453,0.450885989077128,0.543269230769231,0.913461538461538,208
"Google_SAI-Ensemble",2026-06-13,0.554262721726608,0.580932180811475,3.65549415412486,0.293497399312197,1.00640470452109,0.932445615970779,5.30074786324786,0.443191220261678,0.572115384615385,0.927884615384615,208
"Google_SAI-Ensemble",2026-06-20,0.513826357594291,0.497363558300681,3.55317006572835,0.250270457254496,0.742517876084986,0.748512271779574,4.94764957264957,0.366348307145314,0.668269230769231,0.951923076923077,208
"Google_SAI-Ensemble",2026-06-27,0.55690275251668,0.485498863461035,3.96438027684876,0.246832723738689,0.73585609112674,0.703238252377056,6.01415598290598,0.372553567331318,0.658653846153846,0.975961538461538,208
"Google_SAI-Ensemble",2026-07-04,0.58503329421428,0.530310492272709,4.48419141118543,0.272523987056167,0.739452161944117,0.814368318895198,6.82638888888889,0.41493054379186,0.600961538461538,0.961538461538462,208
"Google_SAI-Ensemble",2026-07-11,0.619369596873104,0.530524151206263,5.32131728795058,0.269493898503467,0.725384148894919,0.702002933653199,8.50614316239316,0.409162975064324,0.572115384615385,0.951923076923077,208
"Google_SAI-Ensemble",2026-07-18,0.628135584896203,0.527275945172245,6.0459756270903,0.259504292023396,0.695032147432241,0.741969718751851,9.58840811965812,0.398515343331026,0.625,0.975961538461538,208
"Google_SAI-Ensemble",2026-07-25,0.615709003529749,0.513849796108651,6.60813989803976,0.252598248664599,0.647552652369165,0.631965494725101,10.321047008547,0.379583706430637,0.615384615384615,0.966346153846154,208
"Google_SAI-Ensemble",2026-08-01,0.629021714913117,0.498023983198452,7.6617759754738,0.230044468646486,0.652343127634873,0.617634734100098,11.9938568376068,0.339437617456329,0.653846153846154,0.975961538461538,208
"Google_SAI-Ensemble",2026-08-08,0.658389164707218,0.511984546622846,9.20133071813452,0.239231908826263,0.658468833791884,0.638165376338965,14.2943376068376,0.368348875473618,0.5625,0.980769230769231,208
"Google_SAI-Ensemble",2026-08-15,0.731567449406702,0.540878843058835,13.2529456939799,0.263968800102895,0.734822195311475,0.59745255880357,20.9487179487179,0.415740452210385,0.495192307692308,0.971153846153846,208
"Google_SAI-Ensemble",2026-08-22,0.766587592655935,0.561865457189134,15.8925667119565,0.240495398396233,0.805499630682224,0.686875332174731,24.7660256410256,0.375783929752702,0.485576923076923,0.966346153846154,208
"Google_SAI-Ensemble",2026-08-29,0.892652952953751,0.621133175218316,20.5068329547566,0.278018105052531,0.908782779201859,0.713562288992095,31.2069978632479,0.442315857478073,0.403846153846154,0.947115384615385,208
"Google_SAI-Ensemble",2026-09-05,0.885806713500718,0.614489331125122,17.2595177547845,0.234291198327851,0.944861043567949,0.77866169986155,25.7975427350427,0.368185881109732,0.475961538461538,0.956730769230769,208
"Google_SAI-Ensemble",2026-09-12,0.644683685424767,0.439539982312263,15.5108811129692,0.235873707278557,1.01179610898445,0.851568156808078,23.2411858974359,0.365766732913258,0.504807692307692,0.947115384615385,208
"Google_SAI-Ensemble",2026-09-19,0.566942186400487,0.470167056546956,12.0636597051901,0.225994994339453,0.973459996403845,0.931936780615577,19.1527777777778,0.358106740034975,0.403846153846154,0.935897435897436,156
"Google_SAI-Ensemble",2026-09-26,0.492096288602346,0.442167532397558,8.56575966973244,0.18097507017994,0.925471017989648,0.843933941172954,13.9326923076923,0.286700366697596,0.451923076923077,0.990384615384615,104
"Google_SAI-Ensemble",2026-10-03,0.59764620323681,0.540901482830792,9.40823667781494,0.195338279931294,0.851444206782219,0.802617385015798,15.4850427350427,0.312837699410807,0.461538461538462,0.961538461538462,52
"JHU_CSSE-CSSE_Ensemble",2024-11-30,1.30439004764277,0.935595807218011,51.8316304134697,0.276250014892197,1.48361904423459,1.07158952235033,83.5923202614379,0.438111749661227,0.411764705882353,0.946078431372549,204
"JHU_CSSE-CSSE_Ensemble",2024-12-07,1.3201405312383,1.74257387516877,83.1634324927536,0.643571762880751,1.4400009014657,1.80332542998706,117.396666666667,0.882310597607511,0.3,0.655,200
"JHU_CSSE-CSSE_Ensemble",2024-12-14,1.2783660749101,1.51451873845467,113.456739368429,0.591586139821057,1.35028722182051,1.56078131247081,148.948529411765,0.794907123203909,0.25,0.617647058823529,204
"JHU_CSSE-CSSE_Ensemble",2024-12-21,0.854754675670657,0.824817592458197,78.1110763000852,0.321910321442538,1.02930318422447,0.902097378127234,118.490196078431,0.462622861853401,0.357843137254902,0.794117647058823,204
"JHU_CSSE-CSSE_Ensemble",2025-01-04,4.76745257635419,2.52162279255579,244.09894428815,0.530880274107566,4.39216274320007,2.11616049599052,324.19362745098,0.652617109353821,0.42156862745098,0.656862745098039,204
"JHU_CSSE-CSSE_Ensemble",2025-01-18,2.02640717723219,2.32918025179942,72.9751242236025,0.370154338597545,1.22155097873913,1.32399192030252,66.2321428571429,0.304590923766757,0.892857142857143,1,56
"JHU_CSSE-CSSE_Ensemble",2025-02-01,1.79609929756365,1.11472629147801,48.7500600845411,0.256812100746804,1.57777962214629,1.13648200328928,65.4930555555556,0.350266532480867,0.194444444444444,0.611111111111111,72
"JHU_CSSE-CSSE_Ensemble",2025-02-22,1.42325177251899,1.22133031341878,35.0744611501847,0.254001412694821,1.36698318232762,1.13283247019536,48.7683823529412,0.301868697243414,0.82843137254902,1,204
"JHU_CSSE-CSSE_Ensemble",2025-03-01,1.17342483809009,1.0888204069984,30.1416475,0.227205417550087,1.24536260272449,1.21361385531217,48.0475,0.327659510573666,0.57,0.95,200
"JHU_CSSE-CSSE_Ensemble",2025-03-08,1.03954426341794,0.768138769725989,22.7473340240942,0.150257029521817,1.06282103652097,0.914751420195607,35.3141666666667,0.235197683223611,0.49,0.935,200
"JHU_CSSE-CSSE_Ensemble",2025-03-15,0.927950770137214,0.780314074855492,21.1319502652225,0.153873675324418,0.916386454406063,0.899606525637012,31.0914908542418,0.231557516393901,0.418367346938776,0.821428571428571,196
"JHU_CSSE-CSSE_Ensemble",2025-03-22,0.975541059133023,0.768928256475628,24.8452107107062,0.191856396072525,0.962167343704286,0.808618286773581,36.0838971491419,0.266027371538927,0.55,0.91,200
"JHU_CSSE-CSSE_Ensemble",2025-03-29,0.968462329583757,0.726729602378442,24.2610723392144,0.201179796438117,0.941066302199477,0.912390647697026,34.6827550276911,0.30606060311543,0.375,0.86,200
"JHU_CSSE-CSSE_Ensemble",2025-04-05,1.17086976528909,0.958942409986834,25.4811590479032,0.22056140299397,1.13987703364653,1.15220854125717,37.0616872132687,0.313448533219051,0.38953488372093,0.773255813953488,172
"JHU_CSSE-CSSE_Ensemble",2025-04-12,0.87611297667087,0.699696399359659,17.5524986978538,0.187958998501895,0.925068815389715,0.904417780120031,26.1172283417973,0.277477854927606,0.485,0.89,200
"JHU_CSSE-CSSE_Ensemble",2025-04-19,0.939018452215171,0.69863868445854,15.1897006596933,0.207202744923976,1.03007746672763,0.973858915957139,22.7980701598673,0.310839224310168,0.495,0.885,200
"JHU_CSSE-CSSE_Ensemble",2025-04-26,0.746464369647842,0.661611803804789,12.2816314466281,0.192126015537157,0.861089463932556,0.911396161604654,19.723230365117,0.289540603306045,0.49,0.935,200
"JHU_CSSE-CSSE_Ensemble",2025-05-10,0.676497795135505,0.612347108213815,10.8044362898551,0.194487738712007,0.796442724381812,0.932744080855391,17.2116666666667,0.307349173426656,0.51,0.935,200
"JHU_CSSE-CSSE_Ensemble",2025-05-31,0.738270533348507,0.602568711244692,10.9516551521739,0.230451640689035,1.06598595274465,0.995374008516704,17.835,0.354822394839165,0.52,0.94,200
"MOBS-GLEAM_COVID",2024-11-30,1.69263289182705,1.02392967915199,66.1562901326087,0.303036830255342,1.7361874455434,1.02483046876773,96.225015,0.420438727563865,0.13,0.52,200
"MOBS-GLEAM_COVID",2024-12-21,1.16243906242577,1.14078907264097,106.370952685422,0.445147591496459,1.15350669429517,1.14576925983934,132.96568627451,0.587732992516664,0.156862745098039,0.411764705882353,204
"MOBS-GLEAM_COVID",2024-12-28,1.14355804252628,1.07924798424454,115.227489343564,0.490924694748431,1.10236016042192,1.06693023676853,144.759803921569,0.645113031545832,0.0784313725490196,0.313725490196078,204
"MOBS-GLEAM_COVID",2025-01-04,1.33080520346924,1.15398169602337,68.2033631713555,0.244155408981208,1.31992664372727,1.16245098311075,97.5343137254902,0.359975329339421,0.269607843137255,0.71078431372549,204
"MOBS-GLEAM_COVID",2025-01-11,1.55372914571716,1.40415278524021,91.6931415174766,0.337798128080615,1.58309219550904,1.41504218587989,142.779411764706,0.499340683903334,0.303921568627451,0.754901960784314,204
"MOBS-GLEAM_COVID",2025-01-18,2.30930642679773,1.68469252012529,78.2329049445865,0.285047025578883,2.47572195910856,1.83164578585698,126.279411764706,0.446377035584705,0.303921568627451,0.82843137254902,204
"MOBS-GLEAM_COVID",2025-02-08,1.20865015093393,0.878460920837221,34.1199991602728,0.169673551745153,1.13258147499347,0.8896308741277,49.5591421568627,0.254591233289511,0.617647058823529,0.955882352941177,204
"MOBS-GLEAM_COVID",2025-02-15,1.45719090676214,1.05615465511311,39.3626129582268,0.196692945318385,1.39118417795641,1.1871867996728,57.5833333333333,0.28922964562535,0.357843137254902,0.799019607843137,204
"MOBS-GLEAM_COVID",2025-02-22,1.32240815737821,0.927616064395829,32.2361828644501,0.189967768277255,1.38893832763819,1.08249740620738,48.5833333333333,0.282050090769095,0.372549019607843,0.774509803921569,204
"MOBS-GLEAM_COVID",2025-03-01,1.2632063928442,0.991660024469246,32.2435203346121,0.204565152320624,1.30388373110182,1.16181167091325,49.8059950980392,0.31103693487118,0.387254901960784,0.779411764705882,204
"MOBS-GLEAM_COVID",2025-03-08,1.13851267032903,0.82811707218194,25.1455384,0.157629654414333,1.1613579995928,0.990993812980891,38.70141,0.248278170203469,0.455,0.925,200
"MOBS-GLEAM_COVID",2025-03-15,1.1596872583454,0.909100828851795,25.9533563618926,0.180428158859984,1.19262942776459,1.05288459632634,39.4632892156863,0.271824856950099,0.431372549019608,0.82843137254902,204
"MOBS-GLEAM_COVID",2025-03-22,1.05985775006845,0.861303558466001,26.777137144075,0.211047212985327,1.05576763457289,0.97865532671279,39.2683578431373,0.318770340095338,0.42156862745098,0.833333333333333,204
"MOBS-GLEAM_COVID",2025-03-29,1.09816328838463,0.904436276329416,27.8049590643649,0.246998018829518,1.11729877771134,1.10279073922982,41.4226029411765,0.3671556349897,0.323529411764706,0.784313725490196,204
"MOBS-GLEAM_COVID",2025-04-05,1.19579910189929,0.969108412830608,25.1867862644188,0.228131499973502,1.22745231021302,1.25196172765774,38.3248571428571,0.351428078837015,0.352040816326531,0.785714285714286,196
"MOBS-GLEAM_COVID",2025-04-12,1.35297884020165,1.05372246971175,27.7217464130435,0.272091423835501,1.43603045630247,1.43207792378821,41.34354,0.42571955174382,0.27,0.775,200
"MOBS-GLEAM_COVID",2025-04-19,1.59641805510061,1.24593645147648,26.9575175310559,0.364311455200069,1.7351932733127,1.71870023748683,40.063612244898,0.542010466409706,0.137755102040816,0.637755102040816,196
"MOBS-GLEAM_COVID",2025-04-26,1.33949016073337,1.32489489193558,23.1555746086957,0.405778030846446,1.46151804737305,1.78682917616866,34.69906,0.595250726741804,0.165,0.59,200
"MOBS-GLEAM_COVID",2025-05-03,0.998723865594834,0.879714613821412,16.7886710822306,0.273985833653257,1.20618644090735,1.22468200131921,27.1415108695652,0.42592281559961,0.271739130434783,0.78804347826087,184
"MOBS-GLEAM_COVID",2025-05-10,0.92411966724708,0.927114723172254,14.5456075065217,0.29276309539723,1.09997603850283,1.35676934887014,23.56754,0.447733246303086,0.265,0.75,200
"MOBS-GLEAM_COVID",2025-05-17,1.18326961747065,1.05082030855701,17.0589200717391,0.369929125157253,1.41377996610357,1.4228916391944,26.877945,0.545709106135861,0.245,0.685,200
"MOBS-GLEAM_COVID",2025-05-24,1.29067466167334,1.02027156665351,20.6015494458653,0.354988283217695,1.38220023919662,1.55256640562679,26.656862745098,0.497466665984299,0.284313725490196,0.632352941176471,204
"MOBS-GLEAM_COVID",2025-05-31,1.45809866508221,1.2682328196213,22.0109015345269,0.503267964901032,1.75375602771192,1.87475351202044,28.8578431372549,0.67671071322952,0.142156862745098,0.465686274509804,204
"MOBS-GLEAM_COVID",2025-06-07,1.33292616759615,1.27868145224372,20.8767391304348,0.48987136865042,1.59632313709992,1.99244148544866,26.9468085106383,0.65768764215672,0.196808510638298,0.478723404255319,188
"MOBS-GLEAM_COVID",2025-06-14,1.52387103997092,1.35623745661328,26.993254076087,0.523312996152178,1.60750145617449,1.77513029718459,33.3177083333333,0.693403112625428,0.213541666666667,0.473958333333333,192
"MOBS-GLEAM_COVID",2025-06-21,1.79519658521451,1.61658374780629,25.4326641526176,0.72916285442147,1.6820047054534,1.86631079758737,30.5255102040816,0.924348881976466,0.13265306122449,0.357142857142857,196
"MOBS-GLEAM_COVID",2025-06-28,1.52800496959831,1.13680406302426,23.0629059449867,0.470314909994518,1.64484358747738,1.5745238402563,28.9948979591837,0.638580586271423,0.163265306122449,0.48469387755102,196
"MOBS-GLEAM_COVID",2025-07-05,1.75144396829863,1.41064203849904,36.17656985,0.604666673965317,1.79180664813158,1.80821443184002,48.078945,0.836612474620872,0.125,0.46,200
"MOBS-GLEAM_COVID",2025-07-12,1.41633041026477,1.18646772930939,31.1087600133097,0.552388753624618,1.42601180540479,1.36680101136471,42.9585306122449,0.774290473994065,0.137755102040816,0.494897959183673,196
"NEU_ISI-AdaptiveEnsemble",2024-12-14,0.783426047534421,0.727552110324343,70.05742114237,0.286071955979474,0.955102551410617,0.834270277069005,106.03431372549,0.426540011803068,0.32843137254902,0.764705882352941,204
"NEU_ISI-AdaptiveEnsemble",2024-12-21,0.560596142378239,0.650545320091546,51.9618433895297,0.254265167059414,0.703825626468059,0.736549772639347,82.2040816326531,0.378695820876779,0.362244897959184,0.724489795918367,196
"NEU_ISI-AdaptiveEnsemble",2024-12-28,0.662037407216186,0.67155918427458,65.8053102355072,0.298309783572209,0.722549613358607,0.721027771935378,93.7760416666667,0.426346714830886,0.28125,0.59375,192
"NEU_ISI-AdaptiveEnsemble",2025-01-04,1.26906961307415,1.23862948619174,66.8374413043478,0.293710312708473,1.30420944974102,1.17755420522155,98.515,0.405036098814777,0.33,0.67,200
"NEU_ISI-AdaptiveEnsemble",2025-01-11,1.22080767381744,1.1328913640635,72.4368677905945,0.263052351397815,1.29056191516696,1.1701225257358,117.045918367347,0.399763189409905,0.36734693877551,0.790816326530612,196
"NEU_ISI-AdaptiveEnsemble",2025-01-18,2.50275417572629,1.76981153661963,87.6823260869565,0.292358368622609,2.42429277227625,1.75227639711254,127.12,0.416264922453234,0.315,0.68,200
"NEU_ISI-AdaptiveEnsemble",2025-02-01,2.50626860705603,1.3687986571221,94.3479413043478,0.300077023443537,2.60733237359497,1.50818011088948,145.08,0.439134307717176,0.335,0.695,200
"NEU_ISI-AdaptiveEnsemble",2025-02-08,1.79534271464616,1.45244363584829,52.7808648393195,0.273040170017029,1.62515106179132,1.36743295650513,74.375,0.383349090493645,0.28804347826087,0.614130434782609,184
"NEU_ISI-AdaptiveEnsemble",2025-02-15,1.74188039575607,1.29941332616545,49.9283212560387,0.240977686691451,1.645850129141,1.44134607972846,72.2777777777778,0.350045435311227,0.3,0.683333333333333,180
"NEU_ISI-AdaptiveEnsemble",2025-02-22,1.32590069373569,1.03838335121419,33.1460589060309,0.204345921199796,1.51172313379055,1.3300487321018,53.0564516129032,0.327553974383631,0.435483870967742,0.830645161290323,124
"NEU_ISI-AdaptiveEnsemble",2025-03-01,1.11887527290452,0.976759685864532,25.6039394829612,0.197177484146836,1.15043180048497,1.13100371696902,39.0540540540541,0.296844606151169,0.452702702702703,0.871621621621622,148
"NEU_ISI-AdaptiveEnsemble",2025-03-08,1.15073223578455,1.04835624248036,23.9143219461698,0.219802751104205,1.10246987143715,1.17912199103541,34.6190476190476,0.327187275520622,0.428571428571429,0.875,168
"NEU_ISI-AdaptiveEnsemble",2025-03-15,1.1966033434334,1.15214720378992,25.6775318133616,0.243661416011844,1.28176176919155,1.40856624376689,39.9634146341463,0.388122337185247,0.378048780487805,0.859756097560976,164
"NEU_ISI-AdaptiveEnsemble",2025-03-22,1.23238594467426,1.0222027953909,30.9222140831758,0.256149674908688,1.24120941453352,1.13436792420893,45.4782608695652,0.381773949271304,0.440217391304348,0.798913043478261,184
"NEU_ISI-AdaptiveEnsemble",2025-03-29,1.08433440327081,0.965157070169024,24.7806497584541,0.25036668010044,1.1534390338418,1.26596026548599,39.2611111111111,0.401826291279078,0.383333333333333,0.816666666666667,180
"NEU_ISI-AdaptiveEnsemble",2025-04-05,0.920017379269964,0.874230875111647,18.004615942029,0.216435059984143,1.06381093161984,1.20402528496283,31.2944444444444,0.358081903219722,0.416666666666667,0.877777777777778,180
"NEU_ISI-AdaptiveEnsemble",2025-04-12,1.10251276214595,1.06793847345155,21.0853090801538,0.252029452972568,1.27561256530099,1.44529812276914,33.734693877551,0.388635006066245,0.306122448979592,0.82312925170068,147
"NEU_ISI-AdaptiveEnsemble",2025-04-19,1.3635823448269,1.0872009638151,22.1208172302738,0.301170596817638,1.50864521011797,1.47583212797783,32.9444444444444,0.427133219808245,0.203703703703704,0.62962962962963,108
"NEU_ISI-AdaptiveEnsemble",2025-04-26,0.998379485376955,0.992919668118432,12.6519899665552,0.26276515113903,1.10617093917956,1.26538989643806,18.9230769230769,0.364035540936165,0.192307692307692,0.576923076923077,78
"NEU_ISI-AdaptiveEnsemble",2025-05-31,0.969914755791726,0.716670463353153,14.6923275047259,0.272595357711839,1.21879227998858,1.12528350129781,20.695652173913,0.395789939632556,0.347826086956522,0.679347826086957,184
"NEU_ISI-AdaptiveEnsemble",2025-06-07,1.25140498387278,0.805694464749655,18.7280434782609,0.291579260675369,1.74008489258978,1.36164318542776,28.8333333333333,0.431743477622957,0.386904761904762,0.797619047619048,168
"NEU_ISI-AdaptiveEnsemble",2025-06-14,1.10526139051856,0.946887266618874,20.0078058645096,0.359801674174289,1.28048911812284,1.32018114180912,27.8023255813953,0.507431047301185,0.296511627906977,0.709302325581395,172
"NEU_ISI-AdaptiveEnsemble",2025-06-21,1.06988604194932,1.13857513161597,18.250193236715,0.488927848582494,1.29845235619132,1.44951504565697,29.75,0.696408413594832,0.172222222222222,0.583333333333333,180
"NEU_ISI-AdaptiveEnsemble",2025-06-28,0.869969337917363,0.955063170853499,15.6206373517787,0.376270285408878,1.15582654723437,1.46776182176265,26.2159090909091,0.580025026474524,0.340909090909091,0.75,176
"NEU_ISI-AdaptiveEnsemble",2025-07-05,0.910642177124933,0.937497123300072,19.3467536231884,0.386231128153994,1.19534385900119,1.36119175457671,33.5388888888889,0.613033290775933,0.527777777777778,0.966666666666667,180
"NEU_ISI-AdaptiveEnsemble",2025-07-12,0.833613858756237,0.936376274163656,22.1602964426877,0.375047882736838,0.943885810539982,1.22163887922907,35.6306818181818,0.603990425906701,0.380681818181818,0.857954545454545,176
"NEU_ISI-AdaptiveEnsemble",2025-07-19,0.753893051655638,0.84438663561032,22.0451682194617,0.349400278385503,0.714655584564322,1.04199267160184,31.6785714285714,0.531590841805859,0.422619047619048,0.827380952380952,168
"NEU_ISI-AdaptiveEnsemble",2025-07-26,0.673225566521356,0.755045698482078,26.4665679347826,0.314566852568785,0.702964365337927,0.913140469234785,41.73125,0.480994781983735,0.4125,0.8125,160
"NEU_ISI-AdaptiveEnsemble",2025-08-02,0.696165965197638,0.852064496452167,29.3846208291203,0.373045147694709,0.7417697255539,0.902528993038172,46.5988372093023,0.548139648411014,0.325581395348837,0.779069767441861,172
"NEU_ISI-AdaptiveEnsemble",2025-08-09,0.729721846835116,0.80196243448099,33.4716220735786,0.280698500439066,0.778592845816728,0.832342158041786,53.3782051282051,0.41189791598142,0.294871794871795,0.82051282051282,156
"NEU_ISI-AdaptiveEnsemble",2025-08-16,0.772043844437393,0.8355854667237,35.8871102863203,0.244536038458179,0.880716439369094,0.930744767638188,58.3109756097561,0.381010088035656,0.304878048780488,0.865853658536585,164
"NEU_ISI-AdaptiveEnsemble",2025-08-23,0.849913655286822,0.831868370674801,33.6438017598344,0.217217111605916,0.969093021503608,0.929175956276348,55.0178571428571,0.338738266142748,0.375,0.93452380952381,168
"NEU_ISI-AdaptiveEnsemble",2025-08-30,0.937018707205232,0.872089064403991,32.4569661835749,0.235051696611624,1.01303971876772,0.880592340889063,51.9444444444444,0.340147443488331,0.422222222222222,0.905555555555556,180
"NEU_ISI-AdaptiveEnsemble",2025-09-06,0.959660475468899,0.848706692210191,28.3654685990338,0.204294952688157,0.978521466351394,0.874836021088367,42.8611111111111,0.294385845949898,0.45,0.877777777777778,180
"NEU_ISI-AdaptiveEnsemble",2025-09-13,0.747176806850363,0.82066132563679,25.2543236714976,0.195920657093831,0.789993774822017,0.907223339262209,36.4666666666667,0.285397728748633,0.477777777777778,0.872222222222222,180
"NEU_ISI-AdaptiveEnsemble",2025-09-20,0.589787429703307,0.751739886956238,23.2255561172902,0.176328510982978,0.607325454631058,0.829928411832313,33.8720930232558,0.269784957914311,0.453488372093023,0.88953488372093,172
"NEU_ISI-AdaptiveEnsemble",2025-09-27,0.613449163925963,0.792685153811196,22.9452850241546,0.194238052735713,0.598540658689405,0.805755323072093,33.5888888888889,0.299901875674161,0.416666666666667,0.888888888888889,180
"NEU_ISI-AdaptiveEnsemble",2025-11-22,0.869063827743757,0.569159633384494,12.7250685255198,0.179065922764385,0.962082593567889,0.676688062809449,20.1739130434783,0.269774916882317,0.483695652173913,0.885869565217391,184
"NEU_ISI-AdaptiveEnsemble",2025-11-29,0.616973750416258,0.52056728781855,12.3178829051383,0.170762919936274,0.632881426337861,0.641816801926544,18.7727272727273,0.259274294151912,0.517045454545455,0.886363636363636,176
"NEU_ISI-AdaptiveEnsemble",2025-12-06,0.623576778004894,0.567112577206226,18.2645652173913,0.220098424563198,0.566542452698976,0.606774079077174,27.4883720930233,0.328076220411143,0.465116279069767,0.895348837209302,172
"NEU_ISI-AdaptiveEnsemble",2025-12-13,0.677031849024944,0.545206148002818,22.7292961956522,0.188060861396813,0.733344030285764,0.622527202303842,38.9,0.298500332025346,0.51875,0.93125,160
"NEU_ISI-AdaptiveEnsemble",2025-12-20,0.59696202932645,0.470585685693263,32.3024160079051,0.213409687886478,0.624214819359202,0.53161698533562,50.5738636363636,0.330467404724189,0.369318181818182,0.857954545454545,176
"NEU_ISI-AdaptiveEnsemble",2025-12-27,0.627929081131577,0.60388636091213,29.9424841485507,0.236998671998056,0.6255694520398,0.635786372072158,43.9479166666667,0.341591639499012,0.255208333333333,0.677083333333333,192
"NEU_ISI-AdaptiveEnsemble",2026-01-03,1.0084161644,0.864328046119201,27.7949083546462,0.194541737203614,1.09629763311754,1.05515531637476,42.1862745098039,0.298722381102953,0.367647058823529,0.774509803921569,204
"NEU_ISI-AdaptiveEnsemble",2026-01-10,1.79976687695187,1.32645126119199,43.7609272404614,0.253612820065008,2.01116839471075,1.51533453061083,72.7602040816327,0.39902676707376,0.219387755102041,0.724489795918367,196
"NEU_ISI-AdaptiveEnsemble",2026-01-17,1.78738869927588,1.28445074554258,39.8807672634271,0.232388359327576,2.09673928237413,1.58891270044064,67.3725490196078,0.375195415619303,0.279411764705882,0.82843137254902,204
"NEU_ISI-AdaptiveEnsemble",2026-01-24,0.90569737472344,0.859048481761058,16.1120429841897,0.180200511553565,0.881791198913427,1.06893642778073,22.0965909090909,0.267196001729133,0.551136363636364,0.857954545454545,176
"NEU_ISI-AdaptiveEnsemble",2026-01-31,1.04537230500401,0.903077103181707,17.0603357487923,0.221587413937268,1.08882185922294,0.992804590601303,26.4333333333333,0.330384112979211,0.305555555555556,0.75,180
"NEU_ISI-AdaptiveEnsemble",2026-02-07,1.06285080853427,0.910584819577506,15.4441703637977,0.165241808072635,1.14847233458183,1.17166909851605,23.25,0.243384530033638,0.387755102040816,0.846938775510204,196
"NEU_ISI-AdaptiveEnsemble",2026-02-14,0.947922567828453,0.821639171044755,14.4684695652174,0.163520097968202,0.995286027043567,0.98013437815524,21.695,0.244833808989551,0.535,0.865,200
"NEU_ISI-AdaptiveEnsemble",2026-02-21,0.871725576334745,0.819378914025169,13.9631634963768,0.170521078053343,0.942964771471486,0.910936094009873,21.359375,0.253531062820989,0.484375,0.869791666666667,192
"NEU_ISI-AdaptiveEnsemble",2026-02-28,0.777530650990171,0.796868368939692,12.3711487638534,0.175415166456448,0.811468736892379,0.90079018772277,18.7745098039216,0.270350994506459,0.441176470588235,0.852941176470588,204
"NEU_ISI-AdaptiveEnsemble",2026-03-07,0.818197866140537,0.902843445980256,15.5273678601876,0.260395134901795,0.800031763046765,0.95372690490668,22.5441176470588,0.379610840089109,0.323529411764706,0.784313725490196,204
"NEU_ISI-AdaptiveEnsemble",2026-03-14,0.899855737532206,0.894448580659457,17.5572892635315,0.332454746857049,0.847861495231231,0.909407440396591,24.765306122449,0.463632164689782,0.372448979591837,0.729591836734694,196
"NEU_ISI-AdaptiveEnsemble",2026-03-21,1.04305411999217,1.01481378805956,20.1600687666371,0.422122336817432,0.946880504406352,1.00003821751863,28.3163265306122,0.581870133731516,0.321428571428571,0.642857142857143,196
"NEU_ISI-AdaptiveEnsemble",2026-03-28,0.960609107731331,0.969366267668775,20.0721897644928,0.43543646175608,0.868381853110475,0.891323955359498,28.5416666666667,0.585486926253215,0.21875,0.598958333333333,192
"NEU_ISI-AdaptiveEnsemble",2026-04-04,0.671689539682647,0.644197154385782,6.54014975845411,0.258815092512317,0.93912881663919,0.911569200406493,9.78333333333333,0.375142935538254,0.444444444444444,0.833333333333333,180
"NEU_ISI-AdaptiveEnsemble",2026-04-11,0.621706850605967,0.638505604005341,5.191311417462,0.250436538818084,0.860626651517133,0.853938013152338,6.98373983739837,0.342126450127512,0.479674796747967,0.83739837398374,123
"NEU_ISI-AdaptiveEnsemble",2026-04-18,0.796565839812717,0.766825608451172,6.15187789084181,0.315973095784388,0.94238105256488,1.02008040420364,8.57446808510638,0.454487932664959,0.361702127659574,0.75531914893617,94
"NEU_ISI-AdaptiveEnsemble",2026-04-25,0.917379923608371,0.887365635610863,7.67945217391304,0.371248695804645,1.10424227321434,1.20582460677775,10.64,0.522932924620362,0.26,0.66,50
"NEU_ISI-AdaptiveEnsemble",2026-09-05,1.4058778259952,0.864584880744654,26.0527044513458,0.319148303497854,1.20730734383387,0.882999598741766,31.1309523809524,0.40415354040861,0.285714285714286,0.589285714285714,168
"NEU_ISI-AdaptiveEnsemble",2026-09-12,1.02936664818413,0.595806934697559,27.0735778985507,0.284516004910294,1.3291115420313,0.992200346103245,33.4305555555556,0.374675810864875,0.25,0.590277777777778,144
"NEU_ISI-AdaptiveEnsemble",2026-09-19,0.725295030382939,0.5954796137924,11.5221739130435,0.295093645987758,1.01818159117703,0.984010613470097,15.2,0.388998589586548,0.257142857142857,0.561904761904762,105
"NEU_ISI-AdaptiveEnsemble",2026-09-26,0.615908921645119,0.599736974554971,8.7411801242236,0.219045773372318,1.08003156963544,1.00301963788287,13.1142857142857,0.301223443618554,0.371428571428571,0.657142857142857,70
"NEU_ISI-AdaptiveEnsemble",2026-10-03,0.760699709390898,0.644506994789954,9.50334448160535,0.210219608116249,0.923206679463848,0.828814227762713,13.4871794871795,0.296081242760303,0.333333333333333,0.692307692307692,39
"OHT_JHU-nbxd",2024-11-30,1.21103267294392,0.863386937501229,48.8448572324415,0.269107357153361,1.24949989267332,0.88278266516901,70.9763461538462,0.377603475983991,0.25,0.658653846153846,208
"OHT_JHU-nbxd",2024-12-07,0.87951554280429,0.836956853473015,54.214643666388,0.31433804314097,0.97276333226027,0.879774458891446,77.4335576923077,0.434949808053427,0.206730769230769,0.620192307692308,208
"OHT_JHU-nbxd",2024-12-14,0.852919421529079,0.879434157452888,74.8101789715719,0.342676286531093,0.937216633649178,0.93604162380332,102.102211538462,0.474775068286687,0.206730769230769,0.596153846153846,208
"OHT_JHU-nbxd",2024-12-21,0.899782856293022,0.917907795824546,81.198410451505,0.354415851087717,0.986603835528906,0.949929452474098,112.132644230769,0.482166625934729,0.197115384615385,0.586538461538462,208
"OHT_JHU-nbxd",2024-12-28,0.808137852387885,0.716417348262822,80.504208340301,0.331128122503824,0.852335619857422,0.745090111409617,110.739903846154,0.458074585473803,0.235576923076923,0.576923076923077,208
"OHT_JHU-nbxd",2025-01-04,1.77465999571407,1.88902713874255,91.352847951505,0.444630545823713,1.62378073324638,1.7316786505678,120.081298076923,0.594143157906987,0.216346153846154,0.528846153846154,208
"OHT_JHU-nbxd",2025-01-11,0.764272808034301,0.968148958858123,43.6009328595318,0.246651401032381,0.715944451363828,0.942027548940204,62.4900961538462,0.349143747270678,0.394230769230769,0.783653846153846,208
"OHT_JHU-nbxd",2025-01-18,1.3110180229607,1.11206023882111,43.5229782399666,0.190361752003448,1.30252781485872,1.15417190403123,64.9709615384615,0.286078530702147,0.365384615384615,0.8125,208
"OHT_JHU-nbxd",2025-01-25,NA,NA,53.8820605769231,0.258440730590816,NA,NA,82.0469230769231,0.390570813204987,0.25,0.701923076923077,208
"OHT_JHU-nbxd",2025-02-01,1.89337643872427,1.65252304879511,61.94491034699,0.378701412114787,1.82146926009271,1.78131578354589,89.7798076923077,0.54594990224421,0.134615384615385,0.519230769230769,208
"OHT_JHU-nbxd",2025-02-08,2.22636163203737,1.88923912248126,62.5959701295987,0.380669701390439,2.02136006917336,1.79942488068556,88.2546153846154,0.548301410228085,0.173076923076923,0.519230769230769,208
"OHT_JHU-nbxd",2025-02-15,1.60602855017675,1.74976598111016,43.7548090510033,0.346507229281098,1.52250258751442,1.91302742246359,63.5991826923077,0.495398773601147,0.235576923076923,0.596153846153846,208
"OHT_JHU-nbxd",2025-02-22,1.43902403413561,1.10606731718126,35.305929222408,0.233188600226766,1.53461225012093,1.33166365331762,54.1747115384615,0.357422579243742,0.254807692307692,0.759615384615385,208
"OHT_JHU-nbxd",2025-03-01,1.45749981459032,1.19020657699059,37.7701002508361,0.255442138522608,1.46381764055571,1.36788444888625,56.6857692307692,0.381242378700505,0.274038461538462,0.692307692307692,208
"OHT_JHU-nbxd",2025-03-08,1.59763816537432,1.24103777026689,35.1993301003344,0.251761931118688,1.5767134040684,1.40451089515409,52.4696634615385,0.374833572038873,0.264423076923077,0.716346153846154,208
"OHT_JHU-nbxd",2025-03-15,1.19208629086867,1.01578063522241,26.1675517767559,0.200156130055537,1.23458755683498,1.1666683890179,40.4934615384615,0.300764204587585,0.384615384615385,0.831730769230769,208
"OHT_JHU-nbxd",2025-03-29,0.876035853132682,0.761188783993381,21.967672826087,0.208599032000392,0.907381997119725,0.922267214936935,33.5314423076923,0.306646911728045,0.384615384615385,0.822115384615385,208
"OHT_JHU-nbxd",2025-04-12,0.707014297949751,0.691049812942092,14.1790043687291,0.189101118353367,0.78807430001848,0.880173688187236,22.3151923076923,0.275906092315155,0.519230769230769,0.884615384615385,208
"OHT_JHU-nbxd",2025-04-19,0.86546725280462,0.624593928876208,14.2755114757525,0.186410921475004,1.0126752972382,0.898585655775274,22.7154326923077,0.288266334101107,0.466346153846154,0.918269230769231,208
"OHT_JHU-nbxd",2025-04-26,0.745837349956448,0.781115805142161,11.9790769230769,0.223704568919299,0.834517439850202,1.06102197961195,18.5016826923077,0.333486423875187,0.509615384615385,0.836538461538462,208
"OHT_JHU-nbxd",2025-05-10,0.780167350811901,0.727781510787344,12.4757688545151,0.230497767696758,0.901907898558035,1.05474719412975,19.3294230769231,0.344635019221114,0.456730769230769,0.850961538461538,208
"OHT_JHU-nbxd",2025-05-17,0.958499300754138,0.708498922220814,14.2905865593645,0.250030214909238,1.19575972730085,1.03645031828959,23.1284615384615,0.395319385108279,0.365384615384615,0.879807692307692,208
"OHT_JHU-nbxd",2025-05-24,0.929416910565109,0.851982565658719,15.7893530309365,0.289774971329521,1.1994608580533,1.3905064202421,24.6150480769231,0.440244077050307,0.394230769230769,0.865384615384615,208
"OHT_JHU-nbxd",2025-05-31,1.18037766103049,0.649244138317554,18.7534719481605,0.258606177405778,1.59899681698969,1.07018475187641,27.833125,0.389309558549166,0.456730769230769,0.875,208
"OHT_JHU-nbxd",2025-06-07,1.00382887560349,0.690303633155743,15.1357846989967,0.256849854936766,1.29648556243298,1.11224666328626,21.4087980769231,0.362097257941797,0.581730769230769,0.875,208
"OHT_JHU-nbxd",2025-06-14,0.814612050744035,0.596783101091758,14.2849137750836,0.229829442811008,0.954960761356723,0.883563125218191,19.8499519230769,0.348322151860304,0.5625,0.879807692307692,208
"OHT_JHU-nbxd",2025-06-21,0.953955763693009,0.629954326335815,16.9170977842809,0.277406192335602,1.06948007902674,0.869492630965202,25.2871634615385,0.424886678431135,0.456730769230769,0.870192307692308,208
"OHT_JHU-nbxd",2025-06-28,1.02306632707937,0.702649345514503,17.3189736622074,0.268830927116249,1.28110766575979,1.06062023332264,26.6371153846154,0.409212640311261,0.495192307692308,0.899038461538462,208
"OHT_JHU-nbxd",2025-07-05,0.91828704951514,0.634441358658458,17.9251211538462,0.243385037203554,1.10560577169394,0.884045181816062,28.6252403846154,0.378939823930933,0.475961538461538,0.913461538461538,208
"OHT_JHU-nbxd",2025-07-12,0.785126533337823,0.545679012923789,19.3245451923077,0.232807921199863,0.856277542258905,0.677494103647626,30.1027884615385,0.362731708922847,0.5,0.923076923076923,208
"OHT_JHU-nbxd",2025-07-19,0.763623351961252,0.573686424233311,19.5128132107023,0.231377403169777,0.804969989152848,0.697621539157652,30.9210576923077,0.350472913982046,0.533653846153846,0.918269230769231,208
"OHT_JHU-nbxd",2025-07-26,0.587124775515272,0.486348528514647,19.4362034908027,0.192551389627539,0.59361636182554,0.575928322623372,29.4052403846154,0.286792270778581,0.620192307692308,0.9375,208
"OHT_JHU-nbxd",2025-08-09,0.613222704641461,0.504472849252204,26.184258256689,0.195907999351615,0.695793449892247,0.562714446567574,43.9082211538462,0.304830373184881,0.480769230769231,0.942307692307692,208
"OHT_JHU-nbxd",2025-08-16,0.611231451362515,0.502518117636123,27.9095096780936,0.16949553547755,0.722024430741472,0.559337805693359,47.03375,0.263183609889483,0.524038461538462,0.947115384615385,208
"OHT_JHU-nbxd",2025-08-30,0.774383241107089,0.586087011127395,25.7590294523411,0.169375150664759,0.839943979361848,0.634087895008921,40.7801923076923,0.261670160554875,0.485576923076923,0.932692307692308,208
"OHT_JHU-nbxd",2025-09-06,0.802921546331271,0.746471536673565,23.8539607232441,0.19850089114596,0.830511182322685,0.792248355042838,36.2272115384615,0.295961658703633,0.461538461538462,0.850961538461538,208
"OHT_JHU-nbxd",2025-09-13,0.716891466634203,0.813335491563689,23.8363784071906,0.205512234238603,0.75893399290419,0.907092751858437,35.5999038461538,0.308125207172125,0.423076923076923,0.855769230769231,208
"OHT_JHU-nbxd",2025-09-27,0.812752013266578,0.88240103912657,28.7050876672241,0.228001915705379,0.869275969813131,0.921591084037796,46.6596153846154,0.362986396088519,0.394230769230769,0.918269230769231,208
"OHT_JHU-nbxd",2025-10-04,NA,NA,35.6009452341137,0.3029295540759,NA,NA,58.8614903846154,0.487981525750676,0.211538461538462,0.865384615384615,208
"OHT_JHU-nbxd",2025-11-22,1.6106229041588,0.897343628242214,24.4749903637124,0.299273483135097,1.6923675130081,1.01960381389302,37.4518269230769,0.436956368517031,0.399038461538462,0.793269230769231,208
"OHT_JHU-nbxd",2025-11-29,1.42476006847671,0.885630529667626,26.0038050585284,0.305215983283608,1.46340791913843,1.04974489673427,39.8899038461538,0.440184783070163,0.365384615384615,0.701923076923077,208
"OHT_JHU-nbxd",2025-12-06,1.17639999525994,0.777343425987878,32.3055034698997,0.31383877295884,1.13262754368942,0.863034235340889,49.0263942307692,0.461881370060551,0.235576923076923,0.692307692307692,208
"OHT_JHU-nbxd",2025-12-13,1.15921152614688,0.799627354109692,42.9171078386288,0.322906972448543,1.11415116494314,0.869690534987869,62.1770673076923,0.464339734662535,0.225961538461538,0.658653846153846,208
"OHT_JHU-nbxd",2025-12-20,0.980905983906896,0.745111439145461,45.2982118520067,0.327484453029679,0.961775437044059,0.767948574669103,66.294375,0.460813435854662,0.245192307692308,0.634615384615385,208
"OHT_JHU-nbxd",2025-12-27,1.1349228788409,0.849774437933837,46.0326924749164,0.309237681221434,1.1566878183709,0.902929972764045,68.7408173076923,0.445918366421286,0.25,0.663461538461538,208
"OHT_JHU-nbxd",2026-01-03,2.0681381204354,1.48219001140114,48.8318106187291,0.304224535298984,2.17208367452705,1.70241916582375,71.9951923076923,0.440592042329027,0.240384615384615,0.658653846153846,208
"OHT_JHU-nbxd",2026-01-10,2.76313737352834,2.02451997953075,55.3067241847826,0.350665856910656,2.77924031838957,2.10129157730897,82.2131730769231,0.498772859033183,0.158653846153846,0.514423076923077,208
"OHT_JHU-nbxd",2026-01-17,2.97815432709841,2.20220053382943,56.8345871864548,0.360040271124184,3.09524694839023,2.40327875025094,84.8077403846154,0.512274097179609,0.115384615384615,0.456730769230769,208
"OHT_JHU-nbxd",2026-01-24,1.37301860205231,0.999519550016707,22.5760244565217,0.191669407397417,1.56357712192827,1.3279795924618,35.8074519230769,0.296568934372775,0.399038461538462,0.865384615384615,208
"OHT_JHU-nbxd",2026-01-31,0.979699026755302,0.737505517081863,18.0271053720736,0.20005430007661,0.924053899433424,0.808973117081894,26.5360576923077,0.31091156543434,0.423076923076923,0.889423076923077,208
"OHT_JHU-nbxd",2026-02-07,1.53078815501511,1.62804239472793,23.9563703595318,0.331058615456015,1.60572958667552,2.03436593334399,36.7902403846154,0.494905806788752,0.259615384615385,0.769230769230769,208
"OHT_JHU-nbxd",2026-02-14,1.27201778765494,1.18305706240373,20.1599966137124,0.259523884324098,1.45435568255564,1.48684642196226,32.8463942307692,0.401806877020549,0.240384615384615,0.831730769230769,208
"OHT_JHU-nbxd",2026-02-21,1.08003695672584,0.918875499601797,17.8392680811037,0.227250558748923,1.21882295734581,1.07569211267573,28.4430769230769,0.352709068408344,0.298076923076923,0.817307692307692,208
"OHT_JHU-nbxd",2026-02-28,0.911008777805217,0.870302526228224,14.3484701714047,0.203701504552046,0.993087768808521,0.993525319193073,22.8537019230769,0.312333765161172,0.355769230769231,0.884615384615385,208
"OHT_JHU-nbxd",2026-03-07,0.600747576398257,0.791494589533056,10.971227027592,0.237388917256238,0.59850537072138,0.832499797524133,16.3285576923077,0.340337072623356,0.423076923076923,0.778846153846154,208
"OHT_JHU-nbxd",2026-03-14,0.656053912137337,0.771629228698397,12.1545387750836,0.288230193429287,0.659081867549297,0.794634550181609,18.3850961538462,0.406418137106497,0.365384615384615,0.754807692307692,208
"OHT_JHU-nbxd",2026-03-21,0.772482628379698,0.911435694040028,15.0695785953177,0.409107006070508,0.727438670435969,0.884512820416328,22.1382211538462,0.558595437552314,0.221153846153846,0.644230769230769,208
"OHT_JHU-nbxd",2026-03-28,0.726951828540292,0.928835619285923,15.7438996446488,0.456464915841586,0.580663484396057,0.753735824178012,21.7158653846154,0.599020214503475,0.192307692307692,0.495192307692308,208
"OHT_JHU-nbxd",2026-04-04,1.62527824358199,1.1028251798663,16.2314946697324,0.472446619137065,2.04937966729334,1.38343305510902,22.4033653846154,0.614421870364013,0.197115384615385,0.490384615384615,208
"OHT_JHU-nbxd",2026-04-11,0.649661929832105,0.685284125804064,6.01889778428094,0.3090466409224,0.995906387021647,0.953861322865151,9.11283653846154,0.445095495894505,0.336538461538462,0.769230769230769,208
"OHT_JHU-nbxd",2026-04-18,0.784173108485529,0.710855979145388,6.94764972826087,0.347013954996273,1.07473938297479,0.974005995041299,10.8657692307692,0.503266423775176,0.293269230769231,0.682692307692308,208
"OHT_JHU-nbxd",2026-04-25,0.92667806405129,0.919951379594591,7.62750029264214,0.396444288919552,1.21969912451058,1.2189325367998,11.3682211538462,0.549935412678839,0.302884615384615,0.706730769230769,208
"OHT_JHU-nbxd",2026-05-02,0.770835923293215,0.767817482581463,7.01578246237458,0.36547019972203,1.10862830927865,1.0888358834206,10.7144230769231,0.529475704745184,0.192307692307692,0.663461538461538,208
"OHT_JHU-nbxd",2026-05-09,0.847127398265695,0.889804900898409,7.25337242892977,0.408438610087482,1.29654443633903,1.36057486470941,10.4522115384615,0.568582994490018,0.269230769230769,0.644230769230769,208
"OHT_JHU-nbxd",2026-05-16,0.828694757949465,0.85287586556441,7.04134439799331,0.401671541234187,1.1589301945439,1.07525326865682,10.7141826923077,0.558686441341769,0.293269230769231,0.649038461538462,208
"OHT_JHU-nbxd",2026-05-23,1.11341146925564,1.12390303592705,8.80242343227425,0.557905481280347,1.75711562634704,1.44331047486866,13.0177403846154,0.729215152671898,0.201923076923077,0.514423076923077,208
"OHT_JHU-nbxd",2026-05-30,1.23234073797446,1.14009416782413,9.23592161371237,0.588881587251744,2.24659953339657,1.58262908985272,13.6197115384615,0.774212717200665,0.153846153846154,0.442307692307692,208
"OHT_JHU-nbxd",2026-06-06,1.2222869297155,1.04177172424416,9.19993906772575,0.563265202102803,1.9582427938803,1.4422681367789,13.6382692307692,0.753340787124596,0.144230769230769,0.5,208
"OHT_JHU-nbxd",2026-06-13,1.16517359635603,1.07108152089154,8.74404510869565,0.604889094370386,2.08102226188083,1.4869279297884,12.5061057692308,0.783805935446973,0.173076923076923,0.461538461538462,208
"OHT_JHU-nbxd",2026-06-20,1.24658048250388,1.12649130960156,8.80395014632107,0.582615332624947,2.01278796060701,1.63245047811764,12.950625,0.770556775261805,0.163461538461538,0.471153846153846,208
"OHT_JHU-nbxd",2026-06-27,1.11609785502697,0.913452007755789,8.53959857859532,0.497574365491729,1.47797688315297,1.24027684209019,12.5724038461538,0.684310736391584,0.197115384615385,0.543269230769231,208
"OHT_JHU-nbxd",2026-07-04,0.934872749757597,0.814854340541561,8.11505507943144,0.477563894935336,1.148129192644,1.12630414006485,12.1470192307692,0.659739457693559,0.192307692307692,0.5625,208
"OHT_JHU-nbxd",2026-07-11,1.00217438541443,0.949228225505456,8.7760177048495,0.491752321140331,1.11661821168786,1.1177158478335,13.3130288461538,0.662639454770131,0.173076923076923,0.581730769230769,208
"OHT_JHU-nbxd",2026-07-18,0.919931039182222,0.830118863909298,9.19766868729097,0.424213724231412,0.982417818415079,1.04775289222092,13.9509615384615,0.577286193006859,0.25,0.605769230769231,208
"OHT_JHU-nbxd",2026-07-25,0.773416590096286,0.758169954266653,8.26688923494983,0.371523005816101,0.809242149256518,0.865840113099521,12.8556730769231,0.515887172090184,0.288461538461538,0.649038461538462,208
"OHT_JHU-nbxd",2026-08-01,0.728253802101451,0.752092121453004,9.11582297240803,0.363525153076557,0.753792422762488,0.87070500507047,14.1835576923077,0.501975305524518,0.288461538461538,0.697115384615385,208
"OHT_JHU-nbxd",2026-08-08,0.966467546769144,0.711327231790295,12.932670819398,0.319939122645021,0.92032853573586,0.810809854187778,18.7711057692308,0.448275808618224,0.259615384615385,0.677884615384615,208
"OHT_JHU-nbxd",2026-08-15,0.752199076370098,0.648730537770917,13.7329521948161,0.318271102153059,0.675190607326579,0.624569189315917,19.1916346153846,0.435083757490383,0.274038461538462,0.629807692307692,208
"OHT_JHU-nbxd",2026-08-22,0.812929108179372,0.661813769545231,16.9127233904682,0.285170868998964,0.737593411983945,0.709501846539845,22.5275480769231,0.389343639959768,0.274038461538462,0.625,208
"OHT_JHU-nbxd",2026-08-29,1.04234411009616,0.739732286519669,23.5307302884615,0.322043082880581,0.885549711842329,0.709689286042204,29.8823076923077,0.427458380864696,0.225961538461538,0.552884615384615,208
"OHT_JHU-nbxd",2026-09-05,1.38748462315111,1.0131969558313,26.9425161371237,0.383870902544641,1.23261885726227,1.05484939947735,33.5567788461538,0.4956786079219,0.129807692307692,0.432692307692308,208
"OHT_JHU-nbxd",2026-09-12,0.900234870752789,0.673811686298002,21.3433036580268,0.354128887748394,1.20965855556239,1.08706118169802,27.4199519230769,0.458003285702257,0.153846153846154,0.471153846153846,208
"OHT_JHU-nbxd",2026-09-19,0.900811066013135,0.776428716848213,18.680549386845,0.356539131354078,1.26968433962512,1.22653615545908,24.3046794871795,0.448258741213675,0.198717948717949,0.467948717948718,156
"OHT_JHU-nbxd",2026-09-26,0.881424350932574,0.783628714845255,15.2170606605351,0.316185181236667,1.38990722393056,1.21542405765192,20.6839423076923,0.404473818969576,0.201923076923077,0.423076923076923,104
"OHT_JHU-nbxd",2026-10-03,0.612030716610429,0.677168495575523,10.0116911371237,0.258065411524352,0.771058759178781,0.839731830106735,14.4667307692308,0.340437606181473,0.173076923076923,0.557692307692308,52
"UGA_flucast-INFLAenza",2025-03-08,1.09568392552585,0.816005150749522,23.996702173913,0.16599698889293,1.12992831940454,0.975754735545043,37.3004807692308,0.259173876421909,0.475961538461538,0.947115384615385,208
"UGA_flucast-INFLAenza",2025-03-15,0.954896417268112,0.751066689613877,21.0412793582776,0.147983214719657,0.958640773648941,0.872256345101123,31.2427884615385,0.222558510047567,0.625,0.942307692307692,208
"UGA_flucast-INFLAenza",2025-03-22,0.830396797789206,0.633850773263393,20.8664692412207,0.154716793045286,0.805684747522209,0.71987087960431,30.3100961538462,0.236273562523168,0.591346153846154,0.956730769230769,208
"UGA_flucast-INFLAenza",2025-03-29,0.874351314285021,0.682427091083546,21.638471895903,0.186546428223853,0.860832585729606,0.836149453303222,31.6057692307692,0.278205585592061,0.576923076923077,0.947115384615385,208
"UGA_flucast-INFLAenza",2025-04-05,0.743269291737174,0.585497242603533,15.1092564485786,0.149763480121734,0.777231464916651,0.766979068615857,23.7019230769231,0.235066627115603,0.567307692307692,0.980769230769231,208
"UGA_flucast-INFLAenza",2025-04-12,0.797524728206028,0.621573839994129,16.0061389318562,0.169714033015065,0.867665611599403,0.846911371322212,24.8221153846154,0.267492099221472,0.495192307692308,0.956730769230769,208
"UGA_flucast-INFLAenza",2025-04-19,0.895158513886968,0.597765164064191,14.9922443457358,0.18041000595547,1.07268794466043,0.903241092304513,24.2307692307692,0.293162755858086,0.504807692307692,0.975961538461538,208
"UGA_flucast-INFLAenza",2025-04-26,0.726898941535134,0.59214226637224,12.2531809991639,0.172403547632367,0.832605088300445,0.87563638783504,19.3413461538462,0.27826628140342,0.504807692307692,0.951923076923077,208
"UGA_flucast-INFLAenza",2025-05-03,0.726613224222612,0.609904405427119,11.8666095317726,0.188965118265922,0.881562409156998,0.885620619456493,19.1442307692308,0.304708251821535,0.461538461538462,0.947115384615385,208
"UGA_flucast-INFLAenza",2025-05-10,0.70757625232762,0.593515019990523,11.8063073369565,0.190254195700428,0.858596827222287,0.918662504024356,19.2668269230769,0.304799351760371,0.456730769230769,0.942307692307692,208
"UGA_flucast-INFLAenza",2025-05-24,0.726896028474807,0.574200345215022,12.3584185096154,0.200234790100872,0.93398990631439,0.968740001199985,19.2163461538462,0.312580836493252,0.524038461538462,0.927884615384615,208
"UGA_flucast-INFLAenza",2025-05-31,0.751775246583754,0.506534791138776,11.9216533444816,0.195851548151068,1.04819467425027,0.878781180961654,18.3461538461538,0.312422595199083,0.548076923076923,0.932692307692308,208
"UGA_flucast-INFLAenza",2025-06-07,0.687061918173836,0.474553176565481,10.2672954535953,0.175146795538087,0.941347101213972,0.821076422367316,15.7355769230769,0.269627205849641,0.572115384615385,0.966346153846154,208
"UGA_flucast-INFLAenza",2025-06-21,0.707986338401753,0.519219548942092,12.0686512855351,0.22014050514789,0.856154812757033,0.733396811773566,19.2932692307692,0.346051266130475,0.451923076923077,0.918269230769231,208
"UGA_flucast-INFLAenza",2025-06-28,0.625023482625603,0.504278171251147,10.6233027382943,0.189649937888394,0.80415769615874,0.779906936880455,16.7644230769231,0.294206240325427,0.552884615384615,0.951923076923077,208
"UGA_flucast-INFLAenza",2025-07-12,0.471889750415949,0.350683835654484,11.2117403219064,0.147283588843121,0.530733895790718,0.433194933440441,17.8293269230769,0.228364115669326,0.586538461538462,0.975961538461538,208
"UGA_flucast-INFLAenza",2025-07-19,0.668302391579565,0.451953123354954,16.5014351379599,0.185133976464955,0.752852901413605,0.581527499529707,27.6947115384615,0.29498965546782,0.475961538461538,0.966346153846154,208
"UGA_flucast-INFLAenza",2025-07-26,0.441372645013189,0.400313489746457,14.818928229515,0.163682047469491,0.494114957089918,0.524381139809211,24.4735576923077,0.2670951882471,0.495192307692308,0.985576923076923,208
"UGA_flucast-INFLAenza",2025-08-02,0.504382464263887,0.452265298531097,20.3499816994147,0.206471945146397,0.559354415847666,0.525480990148191,33.3052884615385,0.331034496722496,0.365384615384615,0.903846153846154,208
"UGA_flucast-INFLAenza",2025-08-09,0.578370314984097,0.547017235850883,25.1791883674749,0.219415592566206,0.635443641966425,0.617200707964773,41.2716346153846,0.34737699264447,0.370192307692308,0.879807692307692,208
"UGA_flucast-INFLAenza",2025-08-16,0.596739604323976,0.559489316306094,27.5479600334448,0.194542740698429,0.688981679075381,0.627709260831975,45.5625,0.305215547829271,0.418269230769231,0.879807692307692,208
"UGA_flucast-INFLAenza",2025-08-23,0.711965028989418,0.630986187188668,29.6859941785117,0.19233681004079,0.828618974230156,0.724495978074379,48.6658653846154,0.308679538964405,0.379807692307692,0.913461538461538,208
"UGA_flucast-INFLAenza",2025-08-30,0.803693449280238,0.695829776595946,26.7778502821906,0.199564447164325,0.898397852705836,0.769094635275526,43.7019230769231,0.315383773203055,0.413461538461538,0.899038461538462,208
"UGA_flucast-INFLAenza",2025-09-06,0.884937996517233,0.803815106092152,25.9822550898829,0.209633810238868,0.932268812009018,0.881434772181634,40.7451923076923,0.324461533369424,0.365384615384615,0.865384615384615,208
"UGA_flucast-INFLAenza",2025-09-27,0.679536924828525,0.772583186268952,25.0155053093646,0.209880931662414,0.713763432614387,0.811813959636035,39.9375,0.334911958882546,0.370192307692308,0.899038461538462,208
"UGA_flucast-INFLAenza",2025-11-22,0.794247707202296,0.585973664047948,12.0129518917224,0.196066784493649,0.850934906036391,0.719790591749115,18.9639423076923,0.312070180991123,0.432692307692308,0.942307692307692,208
"UGA_flucast-INFLAenza",2025-11-29,0.752887088992122,0.56758471130781,14.2651964255853,0.197753288861164,0.811430910896903,0.737269428547014,23.0576923076923,0.31667356375793,0.384615384615385,0.927884615384615,208
"UGA_flucast-INFLAenza",2025-12-06,0.75781346938888,0.575543084502381,24.4954718018395,0.25842353111321,0.66898236161529,0.625677775882655,35.9134615384615,0.394604453483622,0.326923076923077,0.817307692307692,208
"UGA_flucast-INFLAenza",2025-12-13,0.756024220972106,0.626353822446314,32.2597616743311,0.286858238736594,0.704300667503945,0.680603582474133,46.09375,0.42251540578262,0.350961538461538,0.793269230769231,208
"UGA_flucast-INFLAenza",2025-12-20,0.775140300514318,0.60213284051295,40.2295012750836,0.290726639669314,0.740340626213593,0.649113196338554,57.9903846153846,0.433466158828709,0.298076923076923,0.730769230769231,208
"UGA_flucast-INFLAenza",2025-12-27,0.770539087326521,0.619838101655959,34.7046390781773,0.249299582458855,0.781464510585032,0.697730701363287,51.4855769230769,0.378628999956135,0.326923076923077,0.778846153846154,208
"UGA_flucast-INFLAenza",2026-01-03,0.815584160142751,0.700642625049953,20.5508474916388,0.153301906693001,0.920914596714948,0.877289369427309,32.7067307692308,0.241141455167906,0.495192307692308,0.9375,208
"UGA_flucast-INFLAenza",2026-01-10,0.753905369113725,0.727666638931877,16.2684733486622,0.135224245988776,0.760139906190234,0.838926612067335,24.3076923076923,0.213511778514467,0.625,0.975961538461538,208
"UGA_flucast-INFLAenza",2026-01-17,0.674844970579606,0.708725546567616,13.8510418060201,0.126518822814957,0.689506640588776,0.817190623543166,20.2475961538462,0.189638067472146,0.668269230769231,0.975961538461538,208
"UGA_flucast-INFLAenza",2026-01-24,0.873951335243715,0.847602323706928,15.7223011496656,0.177171385618172,0.951203500702523,1.13352687609069,24.0504807692308,0.277884173080707,0.475961538461538,0.923076923076923,208
"UGA_flucast-INFLAenza",2026-01-31,1.35925731004558,1.17644858830068,24.7012362249164,0.312146895192186,1.42564204350556,1.30120013728597,38.1490384615385,0.463595913100401,0.269230769230769,0.769230769230769,208
"UGA_flucast-INFLAenza",2026-02-07,1.15458372196495,1.0283096609926,16.9850918478261,0.192743235793844,1.33587818082665,1.41855961239462,27.8653846153846,0.306130301835597,0.379807692307692,0.927884615384615,208
"UGA_flucast-INFLAenza",2026-02-14,1.16610159086094,0.984912807174873,17.7265357023411,0.204734842732998,1.34526561039862,1.26740947373447,28.875,0.321089141001382,0.341346153846154,0.875,208
"UGA_flucast-INFLAenza",2026-02-21,0.893363273782738,0.878013368954364,15.1044372073579,0.22379911699335,0.956349255396093,0.943955641101585,22.8389423076923,0.322699513833592,0.504807692307692,0.923076923076923,208
"UGA_flucast-INFLAenza",2026-02-28,0.620948232919733,0.634558007102639,9.76198221153846,0.147071065610901,0.651805994634668,0.732118644320989,14.9591346153846,0.231431219486661,0.567307692307692,0.975961538461538,208
"UGA_flucast-INFLAenza",2026-03-07,0.56586992182848,0.679511510271375,10.6229724498328,0.204870627208643,0.578389335423096,0.750388019685925,16.3149038461538,0.313799077535881,0.480769230769231,0.932692307692308,208
"UGA_flucast-INFLAenza",2026-03-14,0.641443041257349,0.712265742587851,12.3534271843645,0.274473591201741,0.64898213788683,0.763224802705466,18.7884615384615,0.405110838552682,0.442307692307692,0.855769230769231,208
"UGA_flucast-INFLAenza",2026-03-21,0.701920379391196,0.784938698936346,13.8608572115385,0.347101501745875,0.658106529158622,0.788691501715172,20.5721153846154,0.502216151974115,0.346153846153846,0.774038461538462,208
"UGA_flucast-INFLAenza",2026-03-28,0.739052387754316,0.845726860224191,15.9958033340301,0.415127011728477,0.661681324483961,0.79047782897745,23.5288461538462,0.594631708739918,0.274038461538462,0.711538461538462,208
"UGA_flucast-INFLAenza",2026-04-04,0.628254836544478,0.610716363567515,5.71893568143813,0.239495310312636,0.919724753204202,0.920144287396186,9,0.369338843303608,0.490384615384615,0.913461538461538,208
"UGA_flucast-INFLAenza",2026-04-11,0.568938755925605,0.524839717631527,4.88741513377926,0.216176055274828,0.953270941929786,0.818977355573682,7.76201923076923,0.335192780978171,0.557692307692308,0.923076923076923,208
"UGA_flucast-INFLAenza",2026-04-18,0.6577100041569,0.52073990223915,5.46537470735786,0.234678861300314,0.926881100124651,0.763479874137197,8.86057692307692,0.366050780003915,0.5,0.918269230769231,208
"UGA_flucast-INFLAenza",2026-04-25,0.593606782312465,0.529942600675027,5.01324113712375,0.234364115727393,0.82917548996287,0.781392446756889,7.94711538461539,0.363500435697334,0.504807692307692,0.923076923076923,208
"UGA_flucast-INFLAenza",2026-05-02,0.574114954192586,0.563903299511475,4.97128664297659,0.256785587537999,0.850630526186826,0.866619429462158,7.71634615384615,0.400644682092417,0.480769230769231,0.923076923076923,208
"UGA_flucast-INFLAenza",2026-05-09,0.557677678631242,0.584366971941852,4.63129493102007,0.262324341235217,0.938869846088004,1.01212559328811,7.37740384615385,0.416971833379782,0.495192307692308,0.913461538461538,208
"UGA_flucast-INFLAenza",2026-05-16,0.578871652995398,0.627373779246378,4.95370056438127,0.298845528642427,0.84439917208325,0.877374754836519,7.83413461538461,0.461152513516566,0.418269230769231,0.903846153846154,208
"UGA_flucast-INFLAenza",2026-05-23,0.545535197074142,0.635592301030884,4.21364092809365,0.312079157344264,0.912131394604223,0.953161037930296,6.65625,0.486477806731555,0.442307692307692,0.908653846153846,208
"UGA_flucast-INFLAenza",2026-05-30,0.527822755048648,0.606177122390955,3.80037350543478,0.305398081419188,1.02261119400632,0.970423929478781,6.02403846153846,0.47165397932979,0.461538461538462,0.923076923076923,208
"UGA_flucast-INFLAenza",2026-06-20,0.553855762328772,0.51191496716264,3.74950651128763,0.247852576938046,0.971243153107845,0.883054325041487,6.07451923076923,0.397785418366892,0.524038461538462,0.971153846153846,208
"UGA_flucast-INFLAenza",2026-06-27,0.543627170902798,0.457683492738923,3.83473205476589,0.22764522511438,0.806479038748564,0.724190169813309,6.32932692307692,0.366285521753368,0.533653846153846,0.975961538461538,208
"UGA_flucast-INFLAenza",2026-07-04,0.540260485570933,0.466838339610562,4.09192903428094,0.23564190544689,0.740240850630381,0.754937229705467,6.75961538461539,0.377412649086486,0.519230769230769,0.975961538461538,208
"UGA_flucast-INFLAenza",2026-07-11,0.600009736906244,0.463275500717988,5.09801534280936,0.229997519625176,0.722322213016339,0.642789985835457,8.34134615384615,0.366675372312796,0.576923076923077,0.961538461538462,208
"UGA_flucast-INFLAenza",2026-07-18,0.57347635333893,0.459694109149678,5.34576476797659,0.218218987271422,0.659049554912422,0.665203945302282,8.80288461538461,0.347147863821937,0.572115384615385,0.971153846153846,208
"UGA_flucast-INFLAenza",2026-07-25,0.494169335778376,0.4471172383973,5.19688984113712,0.220096037427664,0.550803758980266,0.577013894057588,8.62259615384615,0.348249680558162,0.600961538461538,0.971153846153846,208
"UGA_flucast-INFLAenza",2026-08-01,0.523712017711236,0.441161494336639,6.26798757316053,0.201374884380934,0.577703521258711,0.588354490842842,10.3798076923077,0.321429429668706,0.629807692307692,0.975961538461538,208
"UGA_flucast-INFLAenza",2026-08-08,0.550716462220093,0.455504433559314,7.5972552048495,0.209879873008622,0.560921616233088,0.583613510894272,11.9230769230769,0.330746580455638,0.572115384615385,0.990384615384615,208
"UGA_flucast-INFLAenza",2026-08-15,0.672928368286244,0.506087942140571,12.1236494042642,0.247500962016798,0.699579814092276,0.566297258371554,19.7596153846154,0.391804229664143,0.4375,0.903846153846154,208
"UGA_flucast-INFLAenza",2026-08-29,0.803103396797592,0.588373644153096,18.3921428093645,0.264509097384938,0.844637045624747,0.67135237910678,28.8173076923077,0.414960425863858,0.379807692307692,0.841346153846154,208
"UGA_flucast-INFLAenza",2026-09-05,0.834881065855855,0.59637281957159,16.0870098453177,0.226692006424395,0.928630593652047,0.760961644311873,25.0625,0.357750445315335,0.447115384615385,0.879807692307692,208
"UGA_flucast-INFLAenza",2026-09-19,0.550213093697775,0.478172150737567,11.6190070930881,0.229722374467927,0.934917154887293,0.935473815175161,18.1698717948718,0.358867919898826,0.391025641025641,0.865384615384615,156
"UGA_flucast-INFLAenza",2026-09-26,0.502223468902108,0.479321158615894,8.7202974916388,0.195901367374524,0.891935819027447,0.922281222143733,13.3653846153846,0.312945399246695,0.509615384615385,0.923076923076923,104
"UGA_flucast-INFLAenza",2026-10-03,0.569796736534844,0.478259741895437,8.93972834448161,0.170766419958967,0.788570383593197,0.6971514568647,14.2692307692308,0.268222109732362,0.442307692307692,0.923076923076923,52
"UM-DeepOutbreak",2024-11-30,1.4052404195598,1.49876873990907,56.6585854973283,0.465600035490661,1.41793083416956,1.235986676348,80.6541939538545,0.529072735980176,0.461538461538462,0.894230769230769,208
"UM-DeepOutbreak",2024-12-07,1.18379217999762,1.44240636477068,72.8833363564624,0.539099769866529,1.24350680132523,1.25071992078902,98.8852716361903,0.616014666382442,0.370192307692308,0.783653846153846,208
"UM-DeepOutbreak",2024-12-14,0.681356403515914,0.91473785074906,59.7728823312819,0.356556911167163,0.771642000523434,0.765594545065793,84.0702068576446,0.388444139084304,0.495192307692308,0.889423076923077,208
"UM-DeepOutbreak",2024-12-21,0.770987172153989,0.836218959078565,69.3601292809951,0.322147826167688,0.8647308299629,0.778090941316839,98.0442502684533,0.394174106412194,0.375,0.855769230769231,208
"UM-DeepOutbreak",2024-12-28,0.676135988983236,0.816270870274254,67.8367997321167,0.380988326399606,0.740751150547703,0.717141184588584,96.8231029753358,0.44477425576582,0.384615384615385,0.798076923076923,208
"UM-DeepOutbreak",2025-01-04,1.20678547720805,1.22456494924148,62.183948473904,0.290475283551934,1.24213135135853,1.16098848805334,91.9934798185714,0.403834098666016,0.451923076923077,0.846153846153846,208
"UM-DeepOutbreak",2025-01-11,1.67448204723877,1.30028182672076,95.3410414001427,0.314235157411966,1.73421224516021,1.30832464872573,151.528907831185,0.464533753764806,0.346153846153846,0.788461538461538,208
"UM-DeepOutbreak",2025-01-18,1.33190800156213,1.38840754577569,45.844888382354,0.24172379024314,1.12873538672295,1.17155303586387,58.2003276266444,0.294374538709668,0.600961538461538,0.956730769230769,208
"UM-DeepOutbreak",2025-01-25,NA,NA,47.5270773832443,0.24378249567764,NA,NA,69.0010026701941,0.31680331741672,0.567307692307692,0.971153846153846,208
"UM-DeepOutbreak",2025-02-01,1.2560611715603,1.32403866235785,41.8950881619143,0.298991331364771,1.17419136399383,1.04662590887384,58.2136552755434,0.31693878700607,0.629807692307692,0.985576923076923,208
"UM-DeepOutbreak",2025-02-08,1.41501240605719,1.42103175183849,40.5446467047317,0.297229204944929,1.24214996975088,1.0999676122745,55.4910274216762,0.355899974790726,0.677884615384615,1,208
"UM-DeepOutbreak",2025-02-15,1.51254154609803,1.61110611951676,40.6996755535382,0.310057146483836,1.30813456085281,1.27024391979921,53.7153833391002,0.319253182480262,0.778846153846154,0.995192307692308,208
"UM-DeepOutbreak",2025-02-22,1.49695524154445,1.60000137128209,36.8634535683153,0.338809621062075,1.09070364134174,1.20328840154003,38.6515531362249,0.322045161601776,0.8125,0.990384615384615,208
"UM-DeepOutbreak",2025-03-01,1.42265103732117,1.68866325264111,36.9893612278452,0.367947913428768,1.11841775778921,1.36309026983464,43.2687063033764,0.383470207083997,0.697115384615385,0.995192307692308,208
"UM-DeepOutbreak",2025-03-08,1.38827090250095,1.56440314317774,30.8944039039858,0.324990328645611,1.03197006863523,1.15213485654758,34.4993440107657,0.308812616351668,0.826923076923077,1,208
"UM-DeepOutbreak",2025-03-15,1.43190754524048,1.63316087685114,33.1015463542502,0.341476435339074,1.13208469562578,1.17004766540202,39.126932822741,0.315896942286309,0.802884615384615,1,208
"UM-DeepOutbreak",2025-03-22,1.39068634291531,1.2138274290074,36.1527489144003,0.308254136996592,1.38707731468904,1.13744494923553,54.1993486033036,0.38677554899789,0.701923076923077,1,208
"UM-DeepOutbreak",2025-03-29,1.26850957967994,1.51009811475025,31.5663545044933,0.424853682955626,1.08937778684646,1.22900516726787,40.0091560469546,0.413950984798032,0.759615384615385,0.995192307692308,208
"UM-DeepOutbreak",2025-04-05,1.26506339382976,1.36478262065981,25.8040230547503,0.350023475365057,1.01385235934516,1.11749913987899,30.3051321893357,0.342178394039723,0.870192307692308,1,208
"UM-DeepOutbreak",2025-04-12,1.46920775809826,1.7523188906474,29.5139106062784,0.479441571741093,1.4223179333659,1.40561599289893,40.9116687470904,0.450598129895664,0.822115384615385,0.995192307692308,208
"UM-DeepOutbreak",2025-04-19,1.39423247803175,1.5042959009402,23.4931949417673,0.457436454956896,1.1172254132032,1.33681205753484,25.1069258543161,0.437794022000628,0.841346153846154,0.995192307692308,208
"UM-DeepOutbreak",2025-04-26,1.48795060372666,1.21717464681578,24.6667174649321,0.353092154273279,1.77389866456274,1.55794540446904,40.3637636945798,0.488023910419648,0.581730769230769,0.942307692307692,208
"UM-DeepOutbreak",2025-05-03,1.18232107186738,1.3311914607929,19.1302568868419,0.415497815576116,1.20266412930066,1.23877415538041,26.0805160815899,0.425788772395557,0.778846153846154,0.990384615384615,208
"UM-DeepOutbreak",2025-05-17,1.51486856526505,1.3125951475694,21.6051980416461,0.47054719731373,1.58474485473035,1.44342949705682,28.9738534673189,0.543030353626201,0.764423076923077,1,208
"UM-DeepOutbreak",2025-05-24,1.55069406917022,1.12780988635734,24.9695765388862,0.382563759968115,2.01447686057541,1.8284201342325,39.1074137363869,0.568217740332028,0.413461538461538,0.865384615384615,208
"UM-DeepOutbreak",2025-05-31,1.1321874275345,0.958288607682834,17.7702944365644,0.382150186452235,1.37568885746424,1.08867116120489,23.2768685175822,0.384868171726327,0.740384615384615,0.961538461538462,208
"UM-DeepOutbreak",2025-11-22,1.26808119560076,0.95289707239088,19.3478850690711,0.324390376899553,1.22308964223152,0.877630825806977,27.8960099792668,0.383349995367713,0.740384615384615,0.975961538461538,208
"UM-DeepOutbreak",2025-11-29,1.00408453329167,0.982350411590848,18.5652296761189,0.337319015614728,0.808601988497015,0.847796589772268,22.3075213086731,0.372382291417323,0.730769230769231,0.975961538461538,208
"UM-DeepOutbreak",2025-12-06,0.847708686304606,0.792448376745794,23.953617156097,0.320548582729632,0.725938431101673,0.631196892996365,33.5954655129647,0.351628097094608,0.615384615384615,0.956730769230769,208
"UM-DeepOutbreak",2025-12-13,0.887409340521709,0.788089356736047,33.9995739324891,0.316280822046054,0.7550566545186,0.66438136056653,44.6604470548397,0.370437132763017,0.548076923076923,0.783653846153846,208
"UM-DeepOutbreak",2025-12-20,0.794549813079735,0.850727347595386,37.8086436251543,0.373230788899415,0.719006284305165,0.671504844717628,51.2631921055449,0.411108998443447,0.456730769230769,0.716346153846154,208
"UM-DeepOutbreak",2025-12-27,0.894001761160283,0.93571048276282,37.8734488286674,0.352868141608488,0.800137876730341,0.785097850105798,50.4503983785697,0.417646985011779,0.456730769230769,0.745192307692308,208
"UM-DeepOutbreak",2026-01-03,1.17146480330591,1.20630350582168,28.8816399359866,0.25790207668077,1.24445041005751,1.14376553021764,43.4522505734455,0.313335002645754,0.600961538461538,0.841346153846154,208
"UM-DeepOutbreak",2026-01-10,2.30928722085822,1.70696866606082,51.4878156009578,0.318278864509516,2.48665747401407,1.8995746505773,79.7147152647436,0.475900742010307,0.365384615384615,0.697115384615385,208
"UM-DeepOutbreak",2026-01-17,1.70506844438107,1.59504061616768,34.3639305055481,0.269719257561061,1.86881607599546,1.70453051657993,53.3206757298397,0.37277368838607,0.461538461538462,0.822115384615385,208
"UM-DeepOutbreak",2026-01-24,1.27949831633364,1.66707035308063,22.8135277022947,0.336043521463815,1.2219795785227,1.46449530090474,31.5481794688093,0.367417945788185,0.620192307692308,0.918269230769231,208
"UM-DeepOutbreak",2026-01-31,1.50890266383734,1.2511779270184,27.089455422329,0.315675675016663,1.52639698868497,1.11973674387557,41.3456500138462,0.391815330098953,0.543269230769231,0.932692307692308,208
"UM-DeepOutbreak",2026-02-07,1.66286860735539,2.14486370261074,24.5726282777006,0.402500528458046,1.66450578288869,1.96569447481491,35.8753941153878,0.452664284691844,0.514423076923077,0.956730769230769,208
"UM-DeepOutbreak",2026-02-21,1.34466718915554,1.25173793537171,22.0767393930225,0.304835542006872,1.47568159228135,1.19695963277943,33.3966227574327,0.376836982637509,0.677884615384615,0.971153846153846,208
"UM-DeepOutbreak",2026-02-28,1.3210521922261,1.24426735207847,20.7014825088133,0.283494873727023,1.44314992618869,1.2814823271274,32.9975214525737,0.3953961979859,0.6875,0.975961538461538,208
"UM-DeepOutbreak",2026-03-07,1.21144888915477,1.18280052068703,22.2436159415221,0.336872219262362,1.40637239550606,1.22236150933184,39.1592288996114,0.496874542695067,0.697115384615385,0.980769230769231,208
"UM-DeepOutbreak",2026-03-14,1.12321102648732,1.06185012521499,20.9052071627041,0.376561820047193,1.20270826907465,1.06880186682552,35.286393993978,0.557710833519874,0.701923076923077,1,208
"UM-DeepOutbreak",2026-03-21,0.938388351790617,1.01975350081221,17.9018927347422,0.422717155921381,0.918733871232301,0.930063815904081,27.721407184404,0.559655528263605,0.701923076923077,0.995192307692308,208
"UM-DeepOutbreak",2026-03-28,0.858033878664034,1.02242277743344,17.3524400816714,0.467308342099407,0.832613326492749,0.908962822581489,26.5076724459552,0.61720954365646,0.730769230769231,0.990384615384615,208
"UM-DeepOutbreak",2026-04-04,1.22420249063215,1.18574188078118,11.8204037028762,0.472018687983958,1.35409582881844,1.14083073267673,14.6003690325101,0.497626776308678,0.850961538461538,1,208
"UM-DeepOutbreak",2026-04-11,1.4395868005675,1.3261833742801,12.6632060788061,0.527272824918864,2.02256484990804,1.36085922537585,17.0307119125439,0.560309364412758,0.807692307692308,1,208
"UM-DeepOutbreak",2026-04-18,1.36490895221803,1.17520560968683,12.2240058819104,0.525241972376033,1.65276808090575,1.19839881712246,16.570840652051,0.57917805995242,0.822115384615385,0.995192307692308,208
"UM-DeepOutbreak",2026-04-25,1.26523894711056,1.0825003308166,11.272232829496,0.475223801412819,1.33373406138739,1.06365233826517,13.5590840710364,0.51324743174435,0.860576923076923,1,208
"UM-DeepOutbreak",2026-05-09,1.28441343477159,1.09972630343099,10.9396600307862,0.470355414672618,1.70166348133545,1.32041252944031,14.5756843329555,0.575535069766331,0.879807692307692,0.995192307692308,208
"UM-DeepOutbreak",2026-05-16,1.40420649183848,1.05038228303207,12.1725830998442,0.494225972132739,1.9985011625945,1.45038319501735,19.1991517621506,0.767230925792052,0.802884615384615,1,208
"UM-DeepOutbreak",2026-05-23,1.43228975852388,1.09548567635603,11.0995726835871,0.513471646418631,2.35351688537399,1.60245768772111,16.9649081170524,0.78210969321003,0.788461538461538,1,208
"UMass-ar6_pooled",2024-11-30,0.74186504294712,0.720961875099664,29.8720326885505,0.223710990413235,0.759202296296311,0.778668793902021,43.1644145096486,0.332616896224583,0.586538461538462,0.913461538461538,208
"UMass-ar6_pooled",2024-12-07,0.64717298475295,0.658160964830259,39.7686140187546,0.244719755322422,0.811458780985371,0.790305543897283,64.4405385837301,0.387513590470411,0.423076923076923,0.913461538461538,208
"UMass-ar6_pooled",2024-12-14,0.689722967908731,0.670837979457236,60.4729064430961,0.261297698876537,0.85985311645582,0.81614618746525,93.6288542699264,0.413681069377536,0.370192307692308,0.894230769230769,208
"UMass-ar6_pooled",2024-12-21,0.674790612030395,0.681683339940967,60.7734069449485,0.26297880560843,0.855056753094758,0.816117728149184,97.0490259977172,0.413818704166399,0.336538461538462,0.870192307692308,208
"UMass-ar6_pooled",2024-12-28,0.809131340767566,0.81358486519762,81.5371239715846,0.384373353210319,0.878251145218281,0.903836525694595,115.097142731579,0.566049282017303,0.254807692307692,0.706730769230769,208
"UMass-ar6_pooled",2025-01-04,0.952889758087672,1.00345254956076,49.2252597938778,0.243211013487546,0.991028279912764,1.05898153163137,73.4393392667886,0.374621605249586,0.5,0.899038461538462,208
"UMass-ar6_pooled",2025-01-11,1.3590636743503,1.14426349722602,77.6464350508709,0.276009414041355,1.34896117604633,1.22207201678255,118.218217020517,0.433351892234886,0.322115384615385,0.831730769230769,208
"UMass-ar6_pooled",2025-01-18,1.0795767553159,0.965345710117645,37.062956047948,0.167841835387312,1.01693909525608,1.02692442858527,52.4739019768459,0.257731400420025,0.591346153846154,0.956730769230769,208
"UMass-ar6_pooled",2025-02-01,1.07403248964956,0.989095078170522,34.7683738630866,0.223526700819386,1.05822936792644,1.11130316998601,50.7596553897218,0.333507785558121,0.509615384615385,0.932692307692308,208
"UMass-ar6_pooled",2025-02-08,1.04832437529397,1.00867479740237,29.8891785890606,0.215575167466548,0.969079296430626,1.04100784191269,42.6933234486414,0.337851866163039,0.620192307692308,0.951923076923077,208
"UMass-ar6_pooled",2025-02-15,1.06589205212277,0.893834568446668,28.6209085730605,0.171295568663872,1.00276554959321,1.01259978649989,41.2902091322521,0.254495315780243,0.697115384615385,0.966346153846154,208
"UMass-ar6_pooled",2025-02-22,1.02002387663976,0.847697467044198,24.9748157731473,0.177366167207629,0.975844294652674,0.984254738810062,34.2898774312719,0.262009212282913,0.658653846153846,0.971153846153846,208
"UMass-ar6_pooled",2025-03-01,0.985300075264922,0.8887714804644,25.3863634372886,0.192042503412618,0.97230737806265,1.04746606005126,37.4324786394662,0.293231349053196,0.605769230769231,0.956730769230769,208
"UMass-ar6_pooled",2025-03-08,1.0233710689651,0.914039685643496,22.7439553661434,0.187288983140697,0.957279793719191,1.07687652656573,32.196010666336,0.288429576864162,0.649038461538462,0.980769230769231,208
"UMass-ar6_pooled",2025-03-15,1.01950529394406,0.872420122249298,23.346270200325,0.178850989123021,0.973406849339008,1.04284358786112,33.504881032591,0.280126976361923,0.644230769230769,0.980769230769231,208
"UMass-ar6_pooled",2025-03-22,1.01446572997477,0.899503156367345,25.8289564964639,0.221498981149352,0.9613605998613,1.02902457317363,36.9771748004859,0.3416860889601,0.572115384615385,0.966346153846154,208
"UMass-ar6_pooled",2025-03-29,1.00364770566543,0.833080465252321,25.0235300329851,0.22908892403074,0.982206150772861,1.03446021707864,36.6948357026503,0.347385717288063,0.644230769230769,0.956730769230769,208
"UMass-ar6_pooled",2025-04-05,0.964534014513836,0.777340209989417,20.0120255607276,0.201402577707168,0.983327813729506,1.00422855006877,30.5658307033127,0.309590742400057,0.629807692307692,0.980769230769231,208
"UMass-ar6_pooled",2025-04-12,0.930481808347256,0.743944442758668,18.8694443622383,0.203220936409914,0.95063439079684,0.97003141621739,27.4735215994314,0.305837477133821,0.653846153846154,0.980769230769231,208
"UMass-ar6_pooled",2025-04-19,0.974383416870343,0.721385140273387,16.5989768207218,0.215073122403772,1.06325535529531,1.02589133237545,24.4814300299116,0.32872514620955,0.639423076923077,0.990384615384615,208
"UMass-ar6_pooled",2025-05-03,0.964439113224332,0.750741017279158,16.1953704351303,0.233604061883623,1.07101220089925,1.0475916907284,23.6066304940128,0.365755203266469,0.596153846153846,0.985576923076923,208
"UMass-ar6_pooled",2025-05-10,0.93595879512779,0.717898082237609,15.7017653896976,0.231762655712355,1.0077726164797,1.053697966333,22.4144043627749,0.348462539953138,0.596153846153846,0.990384615384615,208
"UMass-ar6_pooled",2025-05-17,0.895832172962169,0.742444906541028,13.2479463091937,0.261548763325122,0.963207507964806,1.05161949238112,18.7675684080288,0.398159195282003,0.596153846153846,0.980769230769231,208
"UMass-ar6_pooled",2025-05-24,0.833698880924291,0.682907248952009,14.2538630262106,0.240560221008118,0.991260493819843,1.08495263455354,20.6462248650184,0.355820966404282,0.658653846153846,0.971153846153846,208
"UMass-ar6_pooled",2025-05-31,0.791153387503312,0.648805233431324,12.7595715153475,0.253194142464103,0.992959909238075,0.995828380919958,17.9471254698822,0.356979800691983,0.6875,0.971153846153846,208
"UMass-ar6_pooled",2025-06-07,0.894737042334665,0.636369052777326,13.3043311976135,0.231659429377318,1.15239153538743,0.991543667144889,19.3232835156529,0.315174040913245,0.735576923076923,0.990384615384615,208
"UMass-ar6_pooled",2025-06-14,0.805110286944354,0.699856328628065,13.8311855714438,0.272515797396898,0.992713324146185,1.02610529834806,20.4389986205922,0.410942430500406,0.644230769230769,0.971153846153846,208
"UMass-ar6_pooled",2025-06-21,0.811082111795084,0.678339449384245,13.8943422558503,0.288736449859844,0.976736072242467,0.914227395221293,22.0427417368953,0.430652548389454,0.552884615384615,0.990384615384615,208
"UMass-ar6_pooled",2025-06-28,0.735929896241955,0.652742418310229,12.4796314698123,0.251074578685633,0.879202162933613,0.923008561532597,18.4848911730048,0.349720504267531,0.716346153846154,0.975961538461538,208
"UMass-ar6_pooled",2025-07-05,0.654858647233491,0.629866373735918,12.7692823366351,0.250311097661024,0.767097272291103,0.832219711936719,19.723700267815,0.358647087803583,0.701923076923077,0.985576923076923,208
"UMass-ar6_pooled",2025-07-12,0.652203216320726,0.613363098649807,15.8131636172044,0.261768574455033,0.777858855090019,0.756254033645443,26.9399350903939,0.398724127271918,0.596153846153846,0.975961538461538,208
"UMass-ar6_pooled",2025-07-19,0.646555399054863,0.599162271332732,16.8861106166143,0.252704529850761,0.741398945614022,0.732880750525977,28.9638096410115,0.377297138148782,0.543269230769231,0.975961538461538,208
"UMass-ar6_pooled",2025-07-26,0.640395555827292,0.570156033897125,21.8382529209185,0.236916885970866,0.761932515288018,0.697319345533008,38.3145942805684,0.3604708282452,0.509615384615385,0.990384615384615,208
"UMass-ar6_pooled",2025-08-02,0.674006433883381,0.647636518367921,26.7848988802192,0.292702045065815,0.76999029426903,0.738740955362965,45.144547657875,0.460005260393824,0.408653846153846,0.923076923076923,208
"UMass-ar6_pooled",2025-09-20,0.949684772497706,0.934906979394439,37.2176880946704,0.246050058973274,1.07767267940066,1.07464190810202,59.960192839849,0.389897769840914,0.447115384615385,0.932692307692308,208
"UMass-ar6_pooled",2025-09-27,0.970832387453287,1.00394372626722,36.7143662514144,0.277426193484559,1.05403876804163,1.0969967188237,60.3926877990245,0.457606102100738,0.336538461538462,0.942307692307692,208
"UMass-ar6_pooled",2025-10-04,NA,NA,43.9937388576632,0.328874913596021,NA,NA,73.1107261408495,0.54717593327283,0.243589743589744,0.935897435897436,156
"UMass-ar6_pooled",2025-11-22,0.813846544418409,0.720927110208277,12.1054745401233,0.242451561538587,0.792260302341033,0.851831127509865,17.5078660605046,0.368073458115584,0.620192307692308,0.971153846153846,208
"UMass-ar6_pooled",2025-11-29,0.773338580237257,0.684091594755951,15.1904819516989,0.248787646977721,0.768631749011954,0.806109654650079,23.9852959693904,0.375147489874636,0.543269230769231,0.971153846153846,208
"UMass-ar6_pooled",2025-12-06,0.796473696288979,0.67676650487048,24.6358217384987,0.2908710532922,0.794280732313551,0.783527644466548,38.8242814647695,0.44468624320169,0.447115384615385,0.913461538461538,208
"UMass-ar6_pooled",2025-12-13,0.760098050166476,0.678932886621953,31.6663929779205,0.304134138698005,0.763283366370454,0.768635238373613,48.8849845607223,0.465375160015686,0.451923076923077,0.879807692307692,208
"UMass-ar6_pooled",2025-12-20,0.780850123567889,0.685417870791869,40.7740399900058,0.334652661669505,0.784714045626448,0.759476783092842,62.8612313441024,0.519847920064752,0.331730769230769,0.831730769230769,208
"UMass-ar6_pooled",2025-12-27,0.786745355415481,0.710970778406611,34.8846511490485,0.286563777502433,0.817275047214671,0.798735598094435,53.0601598415028,0.432405982080093,0.408653846153846,0.841346153846154,208
"UMass-ar6_pooled",2026-01-03,0.96680134808474,0.831648267948614,24.592889316771,0.182936110810108,1.0530925935173,1.02305273251123,37.2091574712192,0.281299304023421,0.533653846153846,0.956730769230769,208
"UMass-ar6_pooled",2026-01-10,1.66413947949935,1.23621271226376,37.82622022376,0.233651929497966,1.84083972922201,1.47334401329333,61.6435885311912,0.377109692384701,0.418269230769231,0.951923076923077,208
"UMass-ar6_pooled",2026-01-17,2.24251698523329,1.59403791892532,45.5126775802869,0.271762139217129,2.55904109619255,1.98397912563979,74.7459511936505,0.440227372224359,0.358974358974359,0.942307692307692,156
"UMass-ar6_pooled",2026-01-24,1.01985820117907,0.840934812738517,18.6026080256872,0.175439055144344,1.04883818576775,1.02780378810286,26.9464387265931,0.249043440636088,0.721153846153846,0.961538461538462,208
"UMass-ar6_pooled",2026-01-31,0.969124343076325,0.895110438799315,17.8184302829367,0.244798889255249,0.89373066597149,0.942903645170574,24.6782328486133,0.356534353657395,0.644230769230769,0.971153846153846,208
"UMass-ar6_pooled",2026-02-07,0.943597849391916,0.85116898186068,14.0515460514134,0.163714362703503,0.872161396846234,0.995584506121538,18.0140538587643,0.217038271365989,0.817307692307692,0.975961538461538,208
"UMass-ar6_pooled",2026-02-14,1.0050497132172,0.89220919487544,15.4520928069969,0.189605411102422,1.01299371667087,1.08614171235403,21.6041753891898,0.280465931369821,0.697115384615385,0.971153846153846,208
"UMass-ar6_pooled",2026-02-21,1.10192544619708,1.01781405796127,18.0899503607451,0.248860681105674,1.14184316302259,1.19130801891442,26.0507592833157,0.387474152347345,0.615384615384615,0.966346153846154,208
"UMass-ar6_pooled",2026-02-28,1.07296282783547,0.944382440090821,17.7405840500967,0.225113365325124,1.15638499617547,1.15057884711572,28.0368942992464,0.372616051621131,0.533653846153846,0.995192307692308,208
"UMass-ar6_pooled",2026-03-07,1.10282157571087,0.978975965957418,21.6830452852727,0.301274822496505,1.17635144330494,1.13961003444929,34.631861749971,0.484728453512735,0.4375,0.947115384615385,208
"UMass-ar6_pooled",2026-03-14,1.05533581621201,0.954185541370185,21.2967970091239,0.37417676204434,1.06769418178539,1.0721935383697,33.163163277777,0.589684052138234,0.4375,0.918269230769231,208
"UMass-ar6_pooled",2026-03-21,1.09491369121148,0.979267366618943,21.7152418146429,0.424375999765035,1.11734120452186,1.08957240342616,34.4930005866817,0.664546431728519,0.408653846153846,0.884615384615385,208
"UMass-ar6_pooled",2026-03-28,1.1181513887259,1.02046319982996,23.1529523840565,0.472482121158561,1.11721385045,1.09481270470659,36.6600391494996,0.755658290581153,0.298076923076923,0.850961538461538,208
"UMass-ar6_pooled",2026-04-04,0.791487229619042,0.713263880083997,7.69599410008545,0.298804687959541,0.972533155089182,0.975711495166324,10.2838466009339,0.426539847818448,0.673076923076923,0.980769230769231,208
"UMass-ar6_pooled",2026-04-11,0.827659922269021,0.761260647238768,7.47511557134842,0.331835618996109,1.21678654995283,1.13233956063566,10.4417250038595,0.495540506248075,0.682692307692308,0.985576923076923,208
"UMass-ar6_pooled",2026-04-18,0.848274129560392,0.744156733659584,7.812856508457,0.365652985419657,0.977799772311465,0.952101072030153,10.4776279113021,0.511542797083327,0.644230769230769,0.966346153846154,208
"UMass-ar6_pooled",2026-04-25,0.90272677445456,0.714416186613701,8.20085277557972,0.331189793838531,1.10026458118943,0.982099139314556,11.7267543183625,0.490799327326896,0.625,0.985576923076923,208
"UMass-ar6_pooled",2026-05-02,1.06095477714373,0.796801457639151,9.86314813824339,0.373229731797893,1.5083606823009,1.22057965208393,15.1493847284423,0.5944062819999,0.586538461538462,0.966346153846154,208
"UMass-ar6_pooled",2026-05-09,1.1586815975108,0.827402134621644,9.82174002306858,0.366001909354827,1.92214757713077,1.46331461622141,15.4189372802158,0.597442816589717,0.653846153846154,0.995192307692308,208
"UMass-ar6_pooled",2026-05-16,1.08833465100729,0.880103744516094,9.61319636702524,0.421196403894124,1.50400435951787,1.28327744238889,14.6989638295325,0.685604799367538,0.504807692307692,0.971153846153846,208
"UMass-ar6_pooled",2026-05-23,1.05955761160913,0.840426683015909,8.40097015503055,0.404933973391504,1.75059755357025,1.36432810263209,13.1225680207526,0.684634929272605,0.538461538461538,1,208
"UMass-ar6_pooled",2026-05-30,1.00979554471219,0.809531884069536,7.51279094351281,0.400431875416067,1.82729313219293,1.37269223864262,11.1945580836391,0.659984365460149,0.639423076923077,0.990384615384615,208
"UMass-ar6_pooled",2026-06-06,0.888887295299426,0.757668942189497,6.8261946798679,0.404924478886979,1.2939947305075,1.15671824192818,9.5745789917881,0.62887163979914,0.677884615384615,0.985576923076923,208
"UMass-ar6_pooled",2026-06-13,0.884082553413645,0.770093937916966,6.01873678459526,0.391762149358072,1.4957513265058,1.26917324818038,7.96847751098444,0.59997086110011,0.721153846153846,0.990384615384615,208
"UMass-ar6_pooled",2026-06-20,0.805131190881436,0.682884147674083,5.70940911636219,0.348257725263927,1.1687487689401,1.09316646335126,7.72469978806963,0.531706733877795,0.807692307692308,1,208
"UMass-ar6_pooled",2026-06-27,0.771783697564711,0.675412438258843,5.52302492034668,0.344840242887519,0.913467794776524,0.954896359504746,7.3635144369255,0.501084023825237,0.807692307692308,0.995192307692308,208
"UMass-ar6_pooled",2026-07-04,0.748682183132024,0.670326194295395,5.97086274762909,0.355260631879133,0.795375618688766,0.983506377251683,7.50855566037368,0.521170938597503,0.778846153846154,1,208
"UMass-ar6_pooled",2026-07-11,0.706473418010544,0.635996721303088,6.26760238069338,0.333683187216425,0.727270785651127,0.774850607764755,8.73093197241483,0.465820748446148,0.798076923076923,0.990384615384615,208
"UMass-ar6_pooled",2026-07-18,0.676818850139161,0.612865991509426,6.74025430759648,0.314787248468757,0.653425617541856,0.804745031687461,9.21012219940255,0.446476015379948,0.788461538461538,0.995192307692308,208
"UMass-ar6_pooled",2026-07-25,0.658399350477419,0.623639447126094,7.27635655212087,0.317658731647967,0.635598909909675,0.71865708645308,10.2281050592852,0.441237795102079,0.759615384615385,0.985576923076923,208
"UMass-ar6_pooled",2026-08-01,0.664447906954462,0.573879924214369,8.21041067034188,0.270843456793917,0.6565481800602,0.648988862077183,11.9962275698451,0.356407203255667,0.836538461538462,0.995192307692308,208
"UMass-ar6_pooled",2026-08-08,0.648056912554804,0.582171398476712,9.01414562538193,0.281237390088214,0.605804344697235,0.688396091740366,13.0230426924213,0.4078361935244,0.75,0.995192307692308,208
"UMass-ar6_pooled",2026-08-29,0.718665381832723,0.625505840453712,16.5775603983105,0.288118616470063,0.764579201070893,0.68860408602841,26.0938737740232,0.432002543480018,0.625,0.966346153846154,208
"UMass-ar6_pooled",2026-09-05,0.780212998685181,0.641399448327992,15.532520811926,0.254764552884877,0.848995941063624,0.775391969758107,23.4816652668856,0.378054309419362,0.663461538461538,0.975961538461538,208
"UMass-ar6_pooled",2026-09-12,0.635494792566304,0.469640438041131,16.1500509524827,0.267920437616326,0.947927679519404,0.876002707269494,22.7834119924947,0.401356453671853,0.629807692307692,0.942307692307692,208
"UMass-ar6_pooled",2026-09-19,0.616903757912452,0.479268004455649,13.0904338810484,0.230842410854423,1.02106787969556,0.944947118621878,19.9481933538528,0.363927431512986,0.557692307692308,0.987179487179487,156
"UMass-ar6_pooled",2026-09-26,0.665595014861831,0.507777586002572,11.1738948673421,0.197875132020088,1.10338120088789,0.909139395925474,16.1161875043294,0.297622603185668,0.682692307692308,0.980769230769231,104
"UMass-ar6_pooled",2026-10-03,0.85230757851487,0.655746078251683,13.1138387656694,0.227372226199548,1.07591805366476,0.949463129837414,19.2210339475675,0.362323171548122,0.480769230769231,0.961538461538462,52
"UMass-gbqr",2024-11-30,0.801665893752359,0.7557264553144,32.3254051428509,0.235976375766343,0.854869265796464,0.822976905960998,48.5595612178823,0.352426630044788,0.413461538461538,0.836538461538462,208
"UMass-gbqr",2024-12-07,0.959694747596634,0.935464155140525,58.9904131482835,0.347838480336594,1.05177477367343,1.04062999032161,83.5679566349485,0.510543288092574,0.197115384615385,0.644230769230769,208
"UMass-gbqr",2024-12-14,1.00402170307651,1.01222377199553,88.0156031674806,0.393997673045935,1.04095462398429,1.08482618458889,113.355255077894,0.549727823739601,0.168269230769231,0.591346153846154,208
"UMass-gbqr",2024-12-21,0.986518050551615,0.983017535572075,88.8108467589842,0.3787580700185,1.06255741283592,1.06031960255187,120.567937868318,0.537276439472147,0.129807692307692,0.471153846153846,208
"UMass-gbqr",2024-12-28,1.00777871535847,0.930346474235459,100.974022328626,0.433590395294398,1.00722379858334,0.964662678190431,131.502165415453,0.597760772812174,0.0673076923076923,0.442307692307692,208
"UMass-gbqr",2025-01-04,0.974849727956319,0.87755350400427,50.1849528197003,0.206343718427804,1.02005488889135,0.927230617898145,75.4618723793333,0.318308737441619,0.365384615384615,0.850961538461538,208
"UMass-gbqr",2025-01-11,1.05397281750072,0.911220428501086,59.3995914749076,0.217750473728156,1.0596891199529,0.947485518763589,91.6557618488998,0.33232259057743,0.302884615384615,0.850961538461538,208
"UMass-gbqr",2025-01-18,0.937345043146314,0.877050293622386,32.0596880450419,0.151811814936483,0.990980152149422,0.979186194946114,51.1037021657583,0.244905026928834,0.533653846153846,0.956730769230769,208
"UMass-gbqr",2025-02-01,1.03288659015129,0.845585293759673,33.2934900706169,0.188062965797675,1.0661377008985,0.95313217700046,52.087257167488,0.286158852960741,0.408653846153846,0.927884615384615,208
"UMass-gbqr",2025-02-08,1.00032468240376,0.875684794887223,28.1415881975191,0.180107401811473,0.937075335869442,0.886489739695837,40.768734675306,0.273269906380847,0.552884615384615,0.951923076923077,208
"UMass-gbqr",2025-02-15,1.01036145462938,0.880241777150827,27.0104817850755,0.168389611672885,0.964549270860834,0.9938406891046,39.607109304248,0.249098272768769,0.620192307692308,0.961538461538462,208
"UMass-gbqr",2025-02-22,1.07957461301935,0.871015714176253,26.5265918037079,0.184204666761561,1.14963660807995,0.979028064048537,40.7006440927785,0.264623420189598,0.533653846153846,0.961538461538462,208
"UMass-gbqr",2025-03-01,1.27639942195063,1.03583094254541,32.8543521246312,0.223073857512994,1.30993617977112,1.18816521148294,50.4552623406339,0.331224281100243,0.379807692307692,0.913461538461538,208
"UMass-gbqr",2025-03-08,1.17891155113379,0.882374704270201,25.7568203815554,0.179931557668152,1.17530678554632,1.01057801772984,38.6183572153244,0.268322045553865,0.5,0.942307692307692,208
"UMass-gbqr",2025-03-15,1.09615062083455,0.891876061398469,24.1994189170099,0.177641993865021,1.11846093486595,1.02863094720369,36.6460115133807,0.267271140118523,0.504807692307692,0.956730769230769,208
"UMass-gbqr",2025-03-22,0.907758907106197,0.781860574365752,22.6225228450043,0.189315974968305,0.883897538105859,0.876308760837542,32.5251648713415,0.283603565197416,0.5,0.913461538461538,208
"UMass-gbqr",2025-03-29,0.813375649617277,0.664141392838513,19.8790362507415,0.179938359794453,0.831021681408123,0.809447441257273,30.0883610814432,0.26756869093264,0.533653846153846,0.961538461538462,208
"UMass-gbqr",2025-04-05,0.652816527393663,0.597614910919274,13.0087521619235,0.151437318701448,0.63223451914804,0.739599193363145,18.8347564036588,0.225790347020962,0.596153846153846,0.975961538461538,208
"UMass-gbqr",2025-04-12,0.70330665810945,0.605505630603157,13.8586894861258,0.164674223499662,0.739904287089433,0.797241290290203,20.5640414747727,0.24971368886209,0.586538461538462,0.971153846153846,208
"UMass-gbqr",2025-04-19,0.812496351928015,0.605676232843016,13.1513959479187,0.178103167321804,0.925527019247415,0.864530964617727,20.3869485818984,0.275155011759737,0.543269230769231,0.990384615384615,208
"UMass-gbqr",2025-05-03,0.688279931295051,0.634066806210778,11.1219323415013,0.197236078876236,0.810286915525569,0.89556507706233,17.7249302082376,0.316524089396321,0.480769230769231,0.966346153846154,208
"UMass-gbqr",2025-05-10,0.676104870482497,0.62169178247945,10.9425863641213,0.197589653896772,0.792248944129988,0.953318828089812,17.1434594489799,0.311263667685567,0.552884615384615,0.961538461538462,208
"UMass-gbqr",2025-05-17,0.744660628724477,0.647668650393165,10.9157007373901,0.227023779029479,0.90260881133525,0.94513402108476,17.3106335190449,0.357402667955387,0.432692307692308,0.956730769230769,208
"UMass-gbqr",2025-05-24,0.808032203594532,0.606098426151345,13.7822638029368,0.212840481095084,1.00268076505798,0.998763364094419,20.6190819040293,0.326638924849005,0.514423076923077,0.956730769230769,208
"UMass-gbqr",2025-05-31,0.82081601772163,0.582487522093349,13.0968337119704,0.2254432387983,1.10228603142904,0.957629204914343,19.1460255204216,0.338076208131691,0.538461538461538,0.942307692307692,208
"UMass-gbqr",2025-06-07,0.841836691892587,0.527075477107725,12.5032817873947,0.191782469202924,1.20364979562211,0.92410503639244,19.915283984108,0.295656540390842,0.533653846153846,0.980769230769231,208
"UMass-gbqr",2025-06-14,0.763855028267263,0.573696796611895,12.9896523450581,0.223684609411067,0.925477827648082,0.856246735804321,18.8901726871248,0.341228623429342,0.5,0.951923076923077,208
"UMass-gbqr",2025-06-21,0.744346917099673,0.571303686276598,12.8381427056481,0.245194164738923,0.907532642289408,0.790262725027779,20.5875509561006,0.37614109534858,0.461538461538462,0.971153846153846,208
"UMass-gbqr",2025-06-28,0.69134535489118,0.568567801005916,12.0274063567325,0.215836896410362,0.894872382769402,0.860115225981866,18.9737924836063,0.324456468067454,0.538461538461538,0.971153846153846,208
"UMass-gbqr",2025-07-05,0.770822690266822,0.549650229636483,15.711320481845,0.219887243117644,0.92621149679556,0.793825449434885,25.013471579131,0.350533039524254,0.519230769230769,0.980769230769231,208
"UMass-gbqr",2025-07-12,0.852023331492633,0.592214728493125,21.8901770476606,0.261604386487341,0.926360679197335,0.773368383001046,33.5668653876944,0.424805818823995,0.432692307692308,0.903846153846154,208
"UMass-gbqr",2025-07-19,0.86277702451036,0.629739990002078,23.9008120491236,0.277440076043892,0.935171239245012,0.810222943837447,37.8287676434853,0.436780440273009,0.322115384615385,0.899038461538462,208
"UMass-gbqr",2025-07-26,0.888033112904988,0.682653401869678,31.4141363912379,0.295279251504944,0.919856743621419,0.867124330398058,47.458841649094,0.464237372491266,0.293269230769231,0.793269230769231,208
"UMass-gbqr",2025-08-02,0.836321484815687,0.726339541615685,35.0449905327975,0.34290729565754,0.891652637311077,0.820471698313406,53.9605215377424,0.532209286783406,0.173076923076923,0.740384615384615,208
"UMass-gbqr",2025-09-20,1.03688131321054,0.979973298491785,41.9858964105811,0.26707665315357,1.08819736414799,1.0982434319459,62.2026254642399,0.410518965381323,0.336538461538462,0.793269230769231,208
"UMass-gbqr",2025-09-27,1.10370475172891,1.15855374768502,42.0895379574539,0.322386802243172,1.1470564199671,1.21985264656548,65.9672245218786,0.509945730665044,0.201923076923077,0.769230769230769,208
"UMass-gbqr",2025-10-04,NA,NA,41.2657557641338,0.339221952440267,NA,NA,66.6383181224235,0.537107440788913,0.179487179487179,0.891025641025641,156
"UMass-gbqr",2025-11-22,0.883735788609627,0.729349661996079,13.7122362207281,0.250626185785909,0.949157199632034,0.880036525972777,21.2954988102473,0.386500084123022,0.283653846153846,0.841346153846154,208
"UMass-gbqr",2025-11-29,0.776392380510827,0.611237489732829,16.2714588432999,0.22958066785698,0.764004059315244,0.741504699674001,24.0471027001737,0.344065265884004,0.365384615384615,0.802884615384615,208
"UMass-gbqr",2025-12-06,0.831522582505583,0.631472041129767,27.4886096834813,0.285491423292362,0.733215512863399,0.686837947281973,37.3506514622707,0.408841114279542,0.307692307692308,0.721153846153846,208
"UMass-gbqr",2025-12-13,0.888929986504481,0.735086806504018,37.983356092896,0.334248110119565,0.800885096852336,0.794827414155994,50.7274638058221,0.471477621719794,0.302884615384615,0.649038461538462,208
"UMass-gbqr",2025-12-20,0.872429381646384,0.719810566333951,47.6023364026193,0.362257655134571,0.788676511413087,0.755978430675417,62.9872411154172,0.512843446395403,0.216346153846154,0.567307692307692,208
"UMass-gbqr",2025-12-27,0.858606602659602,0.726126225560922,38.7009480153495,0.294231979284327,0.836102278272193,0.788823911087797,54.4522926449811,0.426650743684646,0.298076923076923,0.649038461538462,208
"UMass-gbqr",2026-01-03,0.952123504202175,0.79511726042628,23.098406405511,0.1673371567503,1.1195133080659,1.02146152361158,37.7716237736353,0.267487326925954,0.442307692307692,0.9375,208
"UMass-gbqr",2026-01-10,1.35509895028392,1.12684546910962,28.9446591687194,0.202920147348899,1.50670556458723,1.34169620413591,47.2288066280213,0.327288515075523,0.360576923076923,0.927884615384615,208
"UMass-gbqr",2026-01-17,1.84423164045252,1.45374120096806,35.5761410313768,0.237900634898744,2.15471072061672,1.80050111299394,59.6202016344376,0.383859318530571,0.320512820512821,0.91025641025641,156
"UMass-gbqr",2026-01-24,0.906883240192109,0.718824701991717,15.9568815117337,0.143640387805827,1.01865387304589,0.954475735202971,24.7329082576716,0.219401091792034,0.576923076923077,0.966346153846154,208
"UMass-gbqr",2026-01-31,0.880419208376738,0.658113305169761,16.1133551764656,0.176243601794888,0.890401045274759,0.73653638474299,24.5665275730756,0.271068955768706,0.538461538461538,0.932692307692308,208
"UMass-gbqr",2026-02-07,0.805311785817887,0.714163315327462,11.8583598160704,0.135699766286662,0.870249382255583,0.968086318823931,18.1153455548042,0.212873096733361,0.538461538461538,0.951923076923077,208
"UMass-gbqr",2026-02-14,1.02655152246007,0.830243545322132,15.6310614524358,0.176103973206929,1.11004072259918,1.03654114582985,23.937451746564,0.268661935910539,0.384615384615385,0.899038461538462,208
"UMass-gbqr",2026-02-21,0.993156736976213,0.879514412291377,15.6099048965977,0.208664630175332,1.09300408238857,1.02668943912499,23.9669890230176,0.322009989106541,0.394230769230769,0.903846153846154,208
"UMass-gbqr",2026-02-28,0.840715683528306,0.826634756514871,13.2391420600733,0.192052571815032,0.947813272065453,0.98717543057701,21.7470687854035,0.307909201244143,0.451923076923077,0.951923076923077,208
"UMass-gbqr",2026-03-07,0.893040284750442,0.900319708710845,17.2791209854539,0.277537427114987,0.942220750653065,0.994378183175321,26.8345885846404,0.415051289800369,0.350961538461538,0.836538461538462,208
"UMass-gbqr",2026-03-14,0.854010619987057,0.874196572280436,17.3783601271198,0.348084764995675,0.831462710926004,0.911875151313215,25.5398530734984,0.499736004054914,0.326923076923077,0.798076923076923,208
"UMass-gbqr",2026-03-21,0.953411325210637,0.945992622565544,19.0006701092488,0.419165198555701,0.939118151792806,1.00191349448981,28.8397999977784,0.618386095338676,0.269230769230769,0.745192307692308,208
"UMass-gbqr",2026-03-28,1.02258440497639,1.04076968377543,21.065281963289,0.485167309479606,0.981244225938315,1.04183846429814,31.9706873121251,0.719115335402741,0.173076923076923,0.730769230769231,208
"UMass-gbqr",2026-04-04,0.831466915699533,0.766109797745275,8.17877055882513,0.324815022783503,1.34236124144497,1.21835968309182,14.4786541609886,0.537292162126897,0.423076923076923,0.951923076923077,208
"UMass-gbqr",2026-04-11,0.781808072149684,0.69766424534815,7.00144372603983,0.300873725950249,1.37447505118495,1.11766446718765,11.7422131767413,0.480080042019223,0.432692307692308,0.9375,208
"UMass-gbqr",2026-04-18,0.906166126747763,0.661684701653423,8.78456856149837,0.336513273699078,1.05873284625258,0.843845458815639,13.4137943276834,0.523927000035296,0.485576923076923,0.923076923076923,208
"UMass-gbqr",2026-04-25,0.872526399060461,0.650342530048566,8.20705589552079,0.317872179670492,1.1746841713143,0.939266389252529,13.1879626218483,0.504037849922154,0.442307692307692,0.932692307692308,208
"UMass-gbqr",2026-05-02,0.94383483127796,0.740716086961168,8.98484476469537,0.361208514276056,1.40116220405331,1.12941469452249,14.4944839766273,0.571882328978687,0.379807692307692,0.889423076923077,208
"UMass-gbqr",2026-05-09,1.11374909085507,0.8483977926019,9.69497843136402,0.390539985117557,1.8748178636505,1.43205395678536,15.57523552887,0.605988464979803,0.360576923076923,0.884615384615385,208
"UMass-gbqr",2026-05-16,1.03617307624694,0.936152566268799,9.15826210507582,0.447621410501582,1.48086165780972,1.309210995542,14.3232018286059,0.691417515903441,0.307692307692308,0.826923076923077,208
"UMass-gbqr",2026-05-23,1.04623612051659,0.9168352932192,8.3722072005798,0.454432724528018,1.77363783304743,1.4099823377357,13.6004819172086,0.726697206882748,0.293269230769231,0.884615384615385,208
"UMass-gbqr",2026-05-30,0.757168637256333,0.727673359866928,5.77733848449337,0.379611112606087,1.39977785940508,1.1821968781341,9.12826381431521,0.620953875253171,0.418269230769231,0.942307692307692,208
"UMass-gbqr",2026-06-06,0.793882032964817,0.756848108579239,5.93154648843013,0.399746287337397,1.32221146076887,1.19164899498055,9.35122256266231,0.631561895974195,0.466346153846154,0.927884615384615,208
"UMass-gbqr",2026-06-13,0.602041914085364,0.664515440348405,4.0149727879679,0.334175328060004,1.14376155263757,1.09548151453105,5.96577731609507,0.508262109004763,0.576923076923077,0.951923076923077,208
"UMass-gbqr",2026-06-20,0.584948050821832,0.579511861738515,4.00555813235204,0.285992611714134,0.945940541415669,0.962287223870067,6.00441474719544,0.442382839936353,0.591346153846154,0.980769230769231,208
"UMass-gbqr",2026-06-27,0.688592090292799,0.592923787115942,4.76893051832006,0.295581617945364,0.943931631235031,0.882092120427711,7.49591448470022,0.455411818431604,0.615384615384615,0.995192307692308,208
"UMass-gbqr",2026-07-04,0.722316238599909,0.616789372922684,5.35823883704946,0.301038405357362,0.913180254943538,0.954590067287251,8.24830062198566,0.4659019901095,0.543269230769231,0.961538461538462,208
"UMass-gbqr",2026-07-11,0.636571491925812,0.558024680523002,5.48630396907777,0.282891880643843,0.739305146648387,0.758980168886892,8.72585739986802,0.44428099253112,0.629807692307692,0.966346153846154,208
"UMass-gbqr",2026-07-18,0.655553769515034,0.566193943857118,6.37202924794067,0.280223397991567,0.783985182397154,0.859346924166171,10.9924348524202,0.465245721695047,0.490384615384615,0.975961538461538,208
"UMass-gbqr",2026-07-25,0.558326832672638,0.534518145605034,6.10153315793948,0.270423579892306,0.588600717277242,0.662309501850289,9.37384479383161,0.399763209621932,0.634615384615385,0.961538461538462,208
"UMass-gbqr",2026-08-01,0.56087325674848,0.496290753374733,6.87416548873485,0.231786331979005,0.540338255980106,0.58691219411818,9.8674276160749,0.324791397879752,0.697115384615385,0.961538461538462,208
"UMass-gbqr",2026-08-08,0.589262680221176,0.521165485570799,8.23783167383974,0.249283313971554,0.591545081669221,0.656251178070714,12.7514498657831,0.38495577399669,0.658653846153846,0.980769230769231,208
"UMass-gbqr",2026-08-29,0.761464997852144,0.642113900208065,17.4344295503007,0.294535007402658,0.780365930300039,0.7474602145726,26.6874611989072,0.473372927505888,0.418269230769231,0.884615384615385,208
"UMass-gbqr",2026-09-05,0.72921625630198,0.599578374712693,14.3259764009513,0.237190690569695,0.799740307391915,0.769743273518092,22.0320509666674,0.37787716008614,0.418269230769231,0.927884615384615,208
"UMass-gbqr",2026-09-12,0.615107805040406,0.435377499340322,15.3275741547079,0.242739988950941,0.958341449884346,0.841125475115246,22.8738646114025,0.381581579489771,0.5,0.908653846153846,208
"UMass-gbqr",2026-09-19,0.551886996399966,0.466725349865174,11.6481892473156,0.225198554290226,0.921014423250242,0.936254868880425,18.0369620812013,0.363436555777878,0.416666666666667,0.923076923076923,156
"UMass-gbqr",2026-10-03,0.745191529356659,0.560677142538961,11.4788634594817,0.194002987227352,0.950708240065944,0.808875977962414,17.0889181349944,0.3086177855506,0.461538461538462,0.923076923076923,52
"ZJU_LeiLab-MPUDE_ens",2026-09-19,0.592215973578922,0.473944248552498,12.5700667502787,0.228754824904336,1.00592352533443,0.952927226480112,19.4535256410256,0.363236426156048,0.512820512820513,0.974358974358974,156
"ZJU_LeiLab-MPUDE_ens",2026-09-26,0.684259130425128,0.523282098252256,11.7184788879599,0.208121939392789,1.24828468507528,1.02633163891815,18.5203846153846,0.341243109912357,0.519230769230769,0.980769230769231,104
"ZJU_LeiLab-MPUDE_ens",2026-10-03,0.748026288750834,0.523478500953654,11.7581975752508,0.184765058023952,1.04361470095259,0.773556993797178,18.9928846153846,0.295995064617003,0.5,0.980769230769231,52
"docxology-analog",2026-10-03,0.634237116199704,0.579664494236991,9.91552182822417,0.206507351430393,0.821972291693946,0.845288551635062,14.9464479927071,0.330196894279975,0.403846153846154,0.923076923076923,52
