"model_id","wis","ae_median","interval_coverage_50","interval_coverage_95","n"
"CFA_Pyrenew-Pyrenew_E_COVID",0.000531693539814683,0.000757732338641385,0.461538461538462,0.861538461538462,68
"CFA_Pyrenew-Pyrenew_HE_COVID",0.000543507251144714,0.000780045805393393,0.46031746031746,0.857142857142857,66
"CMU-TimeSeries",0.00211901200258549,0.00274337433027436,0.363636363636364,0.890909090909091,120
"CovidHub-baseline",0.00148482829974488,0.00238305084745763,0.508474576271186,0.974576271186441,128
"CovidHub-ensemble",0.000374286284182373,0.000356836806228464,0.882352941176471,1,44
"UGA_flucast-INFLAenza",0.00066465021967763,0.000967773455639549,0.735849056603774,0.990566037735849,116
