"model_id","wis","ae_median","interval_coverage_50","interval_coverage_95","n"
"CFA_Pyrenew-Pyrenew_E_COVID",0.000527836703144994,0.000754201560896937,0.447761194029851,0.850746268656716,70
"CFA_Pyrenew-Pyrenew_HE_COVID",0.000536307218742441,0.000771943563564515,0.461538461538462,0.861538461538462,68
"CMU-TimeSeries",0.00205637875737362,0.00266537450947304,0.368421052631579,0.894736842105263,124
"CovidHub-baseline",0.00145871930443902,0.00233770491803279,0.524590163934426,0.975409836065574,132
"CovidHub-ensemble",0.000358941616476455,0.000344867599055885,0.894736842105263,1,48
"UGA_flucast-INFLAenza",0.000646865606104587,0.000934154208294722,0.745454545454545,0.990909090909091,120
