"model_id","target_end_date","wis_scaled_relative_skill","wis_scaled_relative_skill__log","wis","wis__log","ae_median_scaled_relative_skill","ae_median_scaled_relative_skill__log","ae_median","ae_median__log","interval_coverage_50","interval_coverage_95","n"
"CADPH-CovidCAT_Ensemble",2025-11-29,0.48547015225135,0.405823761979742,13.3407251840661,0.0519125147986194,Inf,Inf,24.709279585922,0.0972214985239264,0,1,1
"CADPH-CovidCAT_Ensemble",2025-12-06,0.885323084756053,0.780719080813641,32.5783906722864,0.136392240955718,0.692153804224046,0.740686551982016,36.719383780922,0.15932488544301,0.5,0.5,2
"CADPH-CovidCAT_Ensemble",2025-12-13,1.21271525859043,1.05456761217808,54.931084363733,0.222355576404961,1.10985545655257,1.20990697992258,72.187878092608,0.297889618553308,0.333333333333333,0.333333333333333,3
"CADPH-CovidCAT_Ensemble",2025-12-20,0.968972142483721,0.889397624351302,56.5828341833435,0.219476574027348,0.906429097361502,1.06373929383249,80.637572605948,0.317254963516068,0.25,0.5,4
"CADPH-CovidCAT_Ensemble",2025-12-27,1.04030394329676,1.08677781569008,67.5193482864476,0.251293254253547,1.16704758241229,1.41073454032594,97.9001736853185,0.371585856081309,0.25,0.5,4
"CADPH-CovidCAT_Ensemble",2026-01-03,0.39373525428834,0.398570039733235,30.4732216319255,0.10362595863148,0.384372571653824,0.435338470845644,43.7697420511343,0.152296024991631,0.75,1,4
"CADPH-CovidCAT_Ensemble",2026-01-10,0.47950821090278,0.387061097709849,27.0384293280925,0.0747408889391513,0.440055245314301,0.398741881490305,34.3919536994465,0.093587048881657,0.75,1,4
"CADPH-CovidCAT_Ensemble",2026-01-17,1.07974113458252,0.805813906700542,42.6036204204877,0.119536467020691,1.46403163479664,1.24524415472994,64.9662654229872,0.182454595332704,0.25,1,4
"CADPH-CovidCAT_Ensemble",2026-01-24,1.12972476501885,0.884550931297303,53.1209420125434,0.150121925122681,1.3584715147222,1.21807172337458,88.0985508076032,0.253156717653233,0.25,1,4
"CADPH-CovidCAT_Ensemble",2026-01-31,1.05417823394955,0.759879507494861,54.473740580619,0.153617129024736,1.07506366436818,0.866795804040558,85.7747687680697,0.243059708877493,0.5,0.75,4
"CADPH-CovidCAT_Ensemble",2026-02-07,1.1697421491585,1.03093119469147,42.7932712770295,0.148195588126315,1.07825346956949,1.16836292916171,58.0662197117015,0.204541188823002,0.5,0.75,4
"CADPH-CovidCAT_Ensemble",2026-02-14,1.50574977038813,1.35105569750322,69.3371320391456,0.239333753566822,1.46960456868374,1.58967799165906,103.168772808708,0.359318097676716,0,0.5,4
"CADPH-CovidCAT_Ensemble",2026-02-21,1.21131939400577,1.07141428287911,34.0432715320295,0.135355668140504,1.78454882895036,1.88690332474536,59.0636918488877,0.233753893764587,0.25,1,4
"CADPH-CovidCAT_Ensemble",2026-02-28,1.07318413066139,1.00583802284656,31.4119119087255,0.129110583346032,1.56681452815563,1.7842804129498,53.5950073035085,0.220709217678205,0.25,1,4
"CADPH-CovidCAT_Ensemble",2026-03-07,0.554148698065674,0.571592283477862,19.3752919478854,0.0800026347096687,0.690743498920031,0.773973044544281,31.6067763677397,0.130685293552672,0.5,1,4
"CADPH-CovidCAT_Ensemble",2026-03-14,0.501109632091564,0.537417577195972,22.9346259031991,0.104021903288498,0.559482976093915,0.664650811060896,36.860731775992,0.167620733137718,0.5,1,4
"CADPH-CovidCAT_Ensemble",2026-03-21,0.804894421597165,0.869436019228203,28.7679417342717,0.15084338326448,0.95180031042248,1.10526778597175,48.1514797912993,0.250954135587445,0.25,0.75,4
"CADPH-CovidCAT_Ensemble",2026-03-28,0.498307205033591,0.581242557856448,15.4118189031029,0.09349872492304,0.636946959460583,0.817294337698017,26.3268230975455,0.158042087246387,0.5,1,4
"CADPH-CovidCAT_Ensemble",2026-04-04,0.751328326751885,0.915369412999767,22.5031402866862,0.160831685297135,0.697985765312273,0.91057560112985,33.9570063607297,0.24170328600572,0.25,0.75,4
"CADPH-CovidCAT_Ensemble",2026-04-11,0.877740810253571,0.991036827890184,24.8452778473564,0.182869853412019,0.936386300234371,1.18389208997267,37.1709976455269,0.27493514236904,0.5,0.75,4
"CADPH-CovidCAT_Ensemble",2026-04-18,0.94133113747788,0.995738657260907,28.6259881365778,0.23523234234764,1.05655313824551,1.3383938038869,42.1109340726477,0.352269467850124,0.25,0.5,4
"CADPH-CovidCAT_Ensemble",2026-04-25,1.31034395971462,1.26224128762422,31.0905607713074,0.276589932722564,1.75112746702731,1.90282248414051,45.3158210753104,0.412873833753764,0.25,0.5,4
"CADPH-CovidCAT_Ensemble",2026-05-02,1.01859781663694,0.938361469764135,31.2083049547643,0.246041089305136,1.51427382278392,1.55239929965913,47.9987934811899,0.37975805399715,0,0.75,4
"CADPH-CovidCAT_Ensemble",2026-05-09,1.03177878690789,0.923089387215858,30.8574826878859,0.244274949223807,1.61323373018878,1.64380620226319,45.5128613347129,0.366301588116044,0.25,0.75,4
"CADPH-CovidCAT_Ensemble",2026-05-16,0.642562927768831,0.510486826557752,14.4457948362919,0.0933501525756964,1.36113009617652,1.28361758318779,21.6018944624093,0.138270240511142,0.666666666666667,1,3
"CADPH-CovidCAT_Ensemble",2026-05-23,0.526184485238332,0.455835959218243,13.6539219034931,0.0784623070467459,0.94932201816501,0.883147736265685,22.604820114801,0.130311232704582,0.666666666666667,1,3
"CADPH-CovidCAT_Ensemble",2026-05-30,1.17581524166018,0.995973356061554,32.2907271618301,0.209873181733753,2.2316947811903,1.85718297987976,53.0155046908177,0.345847890032412,0,0.666666666666667,3
"CADPH-CovidCAT_Ensemble",2026-06-06,0.608448255556374,0.602152472567766,17.220854136889,0.121484793861078,0.500658198101726,0.504827094643304,17.511880988875,0.130619489400564,0.666666666666667,0.666666666666667,3
"CADPH-CovidCAT_Ensemble",2026-06-13,0.544548858969698,0.536695290590847,13.8239054389351,0.0976887610824128,1.26981244304482,1.14745143079083,23.6082780358958,0.171227090527662,0.25,1,4
"CADPH-CovidCAT_Ensemble",2026-06-20,0.502477368602031,0.499964559618894,13.5617234700146,0.0942382100666238,0.924472272631052,0.851225651353272,22.39840449243,0.158982664110687,0.75,1,4
"CADPH-CovidCAT_Ensemble",2026-06-27,0.779912503142139,0.674012312135272,17.2495681518803,0.122711083988214,1.93779890119169,1.65524916307878,29.8583193224488,0.213513316561768,0.25,1,4
"CADPH-CovidCAT_Ensemble",2026-07-04,0.481262828841427,0.412133712840432,13.2128235110372,0.0814937740381101,0.649023959734741,0.608721336067124,16.6223244958502,0.105936140063059,0.75,1,4
"CADPH-CovidCAT_Ensemble",2026-07-11,0.483477807115333,0.389555309587771,13.2393546685849,0.0793097272683256,0.494743280449482,0.481774693237605,14.949239206981,0.0929318263314167,0.75,1,4
"CADPH-CovidCAT_Ensemble",2026-07-18,0.532614593255147,0.448899293576408,22.9159375913577,0.119222686355279,0.725065074609235,0.753331329632291,40.234620703497,0.206722721072268,0.5,1,4
"CADPH-CovidCAT_Ensemble",2026-07-25,0.570006514356498,0.450957268512872,22.6541755104061,0.105769430654057,0.591691575239991,0.609418538151433,37.676347289149,0.175932525870299,0.25,1,4
"CADPH-CovidCAT_Ensemble",2026-08-01,0.492415278827674,0.401699332703451,45.1072312254469,0.149958735378426,0.502516410805775,0.475499367948728,74.5462673983187,0.247699392801414,0.25,0.75,4
"CADPH-CovidCAT_Ensemble",2026-08-08,0.397164455072068,0.313121020289265,34.78893952821,0.0968361044801271,0.390418191170594,0.402025933208817,54.670837568704,0.151962054305911,0.5,1,4
"CADPH-CovidCAT_Ensemble",2026-08-15,0.526402242345279,0.364442438714386,34.7423392738536,0.0819314974008804,0.488849202798267,0.417191935064285,54.7751255440358,0.131040898280853,0.5,1,4
"CADPH-CovidCAT_Ensemble",2026-08-22,0.464863084867765,0.357244515242435,58.8874003423121,0.120800281936362,0.450980014463378,0.416764681566059,100.561438790521,0.207552435296445,0.25,1,4
"CADPH-CovidCAT_Ensemble",2026-08-29,0.562609020362675,0.454704877730226,137.094582870855,0.213125719794899,0.594160135694173,0.519894879007661,196.244340706632,0.309442946210835,0.25,0.5,4
"CADPH-CovidCAT_Ensemble",2026-09-05,0.590662899297265,0.461655062000942,141.423284113381,0.211909622820224,0.645145247085681,0.541587377938816,227.862854090052,0.343270197656711,0,0.5,4
"CADPH-CovidCAT_Ensemble",2026-09-12,0.72242108177653,0.491768871788744,242.767440813769,0.312934721851416,0.790986030680538,0.64027566261176,349.134382595318,0.461022465248995,0,0,4
"CADPH-CovidCAT_Ensemble",2026-09-19,0.57127375851334,0.420317900496064,226.299208226382,0.265679359878017,0.611816117836062,0.549340475604706,326.294452437328,0.393660186401613,0.25,0.25,4
"CADPH-CovidCAT_Ensemble",2026-09-26,0.631798220542549,0.459598229391276,147.376251995509,0.167038022317243,1.25026108900716,0.980734975674505,246.817853218453,0.281908199246594,0.25,1,4
"CADPH-CovidCAT_Ensemble",2026-10-03,0.927454631255726,0.61009519947782,240.121123732822,0.268184108432405,1.43712554262471,1.1041184601487,341.229375973945,0.372105131622065,0.25,0.25,4
"CEPH-Rtrend_covid",2024-11-30,0.767960900555233,0.746615734961507,17.5255434782609,0.146569645642724,0.737478560396902,0.751698474053402,23.75,0.210946300437109,0.519230769230769,0.865384615384615,52
"CEPH-Rtrend_covid",2024-12-07,0.63603679412734,0.626263919566703,19.6191889632107,0.16862614561733,0.651540809368465,0.702148656449582,29.75,0.26054241436243,0.509615384615385,0.875,104
"CEPH-Rtrend_covid",2024-12-14,0.713652531958568,0.6843040276012,27.5709949832776,0.18508674204008,0.768746932726605,0.760985256626691,42.0512820512821,0.28527787991153,0.467948717948718,0.878205128205128,156
"CEPH-Rtrend_covid",2024-12-21,0.738131003655248,0.741683598009673,38.7670798494983,0.225194688106304,0.864046389777645,0.842898845694998,60.5288461538462,0.345610621057157,0.451923076923077,0.836538461538462,208
"CEPH-Rtrend_covid",2024-12-28,0.68666678023136,0.694436755518916,63.9358737458194,0.32223329658593,0.840121483562675,0.825460963275717,97.7211538461538,0.500879961426292,0.264423076923077,0.721153846153846,208
"CEPH-Rtrend_covid",2025-01-04,0.654371856704505,0.668674622645864,92.0477926421405,0.365806270553401,0.829594625284926,0.803893706921779,140.490384615385,0.558612800143925,0.173076923076923,0.682692307692308,208
"CEPH-Rtrend_covid",2025-01-11,0.796065063271608,0.715839459304924,52.8332190635452,0.223436972559065,0.872211470146975,0.799431074939154,81.3173076923077,0.348702528042702,0.485576923076923,0.913461538461538,208
"CEPH-Rtrend_covid",2025-01-18,1.40784584699594,1.05013586375344,63.7096467391304,0.228369010783179,1.39024230776884,1.11394587628291,94.7403846153846,0.35014324895597,0.533653846153846,0.927884615384615,208
"CEPH-Rtrend_covid",2025-01-25,1.77112514038877,1.32683152194386,87.7328762541806,0.296736732557498,1.65308122677414,1.34572153476209,129.442307692308,0.455634511499866,0.532051282051282,0.897435897435897,156
"CEPH-Rtrend_covid",2025-02-01,1.65641348007106,1.30702678385949,75.3348355629877,0.290086754461905,1.6527126636989,1.40368480165041,113.634615384615,0.453677655538259,0.448717948717949,0.897435897435897,156
"CEPH-Rtrend_covid",2025-02-08,1.28688909558903,1.26933540966058,44.893754180602,0.260764755233868,1.3618758406368,1.39720909132419,73.3589743589744,0.415669222595084,0.5,0.942307692307692,156
"CEPH-Rtrend_covid",2025-02-15,1.41658334645449,1.26949302952319,39.9075362318841,0.252892438459661,1.44403171682552,1.42332172938346,63.1923076923077,0.413891979741865,0.58974358974359,0.967948717948718,156
"CEPH-Rtrend_covid",2025-02-22,1.37001839054305,1.21471008436888,35.439987458194,0.251630228593062,1.3969956777658,1.40703635738813,53.5288461538462,0.392876732525562,0.658653846153846,0.985576923076923,208
"CEPH-Rtrend_covid",2025-03-01,1.40673981944844,1.08709800002873,36.7526421404682,0.234588962415132,1.42405585517109,1.17259787309112,55.7980769230769,0.350536265088539,0.552884615384615,0.913461538461538,208
"CEPH-Rtrend_covid",2025-03-08,1.34934011443829,1.20009380406985,33.9557692307692,0.244790958341847,1.42935968712435,1.40015914880907,54.3942307692308,0.375988098469706,0.524038461538462,0.894230769230769,208
"CEPH-Rtrend_covid",2025-03-15,1.31847932973729,1.19277386919183,33.1500501672241,0.26490763733727,1.4750245960997,1.47448373343733,54.2884615384615,0.428037655771212,0.365384615384615,0.894230769230769,208
"CEPH-Rtrend_covid",2025-03-22,1.33397123231148,1.12429586055077,32.414366638796,0.245543158223446,1.35963155664425,1.33746745243779,48.9038461538462,0.378307696345488,0.495192307692308,0.879807692307692,208
"CEPH-Rtrend_covid",2025-03-29,1.2137514449059,1.05257325520018,31.5432880434783,0.243151927518088,1.21962506902537,1.23376400346585,46.3221153846154,0.375250292296036,0.480769230769231,0.875,208
"CEPH-Rtrend_covid",2025-04-05,1.00341866863905,0.904144069112646,22.1953783444816,0.215730177861002,1.07532401627797,1.13770704555369,34.5480769230769,0.33585877214632,0.495192307692308,0.942307692307692,208
"CEPH-Rtrend_covid",2025-04-12,0.887062321005535,0.857680083666805,22.2890217391304,0.237463733356552,0.869111531528184,1.05590565865532,33.6298076923077,0.365174064510782,0.514423076923077,0.903846153846154,208
"CEPH-Rtrend_covid",2025-04-19,1.02193756846442,0.875399996204036,20.9253511705686,0.24390986208651,1.05916259639583,1.16527030606993,32.0384615384615,0.375873233715942,0.504807692307692,0.899038461538462,208
"CEPH-Rtrend_covid",2025-04-26,1.14620182541805,0.947657906775885,19.6971676421405,0.261345794572465,1.28746123698138,1.31074741817735,31.3509615384615,0.407812670593503,0.451923076923077,0.865384615384615,208
"CEPH-Rtrend_covid",2025-05-03,0.94440507867248,0.818568766132129,15.9310994983278,0.236251948676976,1.14867312864062,1.21169550184673,25.8461538461538,0.377338930017343,0.447115384615385,0.913461538461538,208
"CEPH-Rtrend_covid",2025-05-10,0.791456699070409,0.758303111994222,13.6220108695652,0.237766317475903,0.903971621373417,1.06277413920302,21.9567307692308,0.374457496865204,0.490384615384615,0.923076923076923,208
"CEPH-Rtrend_covid",2025-05-17,0.82239727238568,0.83807766161115,13.2949289297659,0.270675233553342,0.964555734481374,1.18063347392221,21.2692307692308,0.429565607498959,0.394230769230769,0.860576923076923,208
"CEPH-Rtrend_covid",2025-05-24,0.932538850211298,0.817128690628048,15.2604494147157,0.278000398230778,1.06442484263249,1.16396367184268,23.2788461538462,0.440583601510412,0.384615384615385,0.850961538461538,208
"CEPH-Rtrend_covid",2025-05-31,1.24862879161521,0.918715436339321,20.870010451505,0.336903835101556,1.39603356830565,1.45665306434744,29.7644230769231,0.518546600121731,0.317307692307692,0.721153846153846,208
"CEPH-Rtrend_covid",2025-06-07,1.28430641562026,0.892073066267158,20.365608277592,0.345753735605225,1.60539189565166,1.44628602152836,28.6923076923077,0.525425165215377,0.336538461538462,0.769230769230769,208
"CEPH-Rtrend_covid",2025-06-14,1.13831785195834,0.803986188300489,19.065597826087,0.315691642089241,1.39374484404202,1.3074599884218,26.9326923076923,0.48039914497664,0.403846153846154,0.807692307692308,208
"CEPH-Rtrend_covid",2025-06-21,1.21184291664139,0.946046257432689,20.0279619565217,0.375050881030944,1.45867924726778,1.5105279919561,27.5240384615385,0.561625622301216,0.302884615384615,0.725961538461538,208
"CEPH-Rtrend_covid",2025-06-28,1.10891014415757,0.911143129193672,17.5943394648829,0.357937532970429,1.3052245548082,1.39805786744645,25.4471153846154,0.542503952236603,0.331730769230769,0.740384615384615,208
"CEPH-Rtrend_covid",2025-07-05,1.00641123952774,0.894685508032276,16.7520004180602,0.366457631190887,1.24169642307412,1.22295884846056,24.6153846153846,0.556804548387222,0.3125,0.769230769230769,208
"CEPH-Rtrend_covid",2025-07-12,1.05860097880766,0.787214598078051,20.64752090301,0.321657109518854,1.15614816513393,1.14130071446897,29.3221153846154,0.493912577404754,0.346153846153846,0.764423076923077,208
"CEPH-Rtrend_covid",2025-07-19,1.0355874340875,0.801999372968572,20.6089130434783,0.322174303144363,1.10398348731594,1.08498013297797,29.9230769230769,0.4939873097875,0.346153846153846,0.740384615384615,208
"CEPH-Rtrend_covid",2025-07-26,1.00100284869633,0.809229334347769,23.6102842809365,0.323777623815555,1.00518730156814,1.06440683087564,33.9519230769231,0.491211956496357,0.346153846153846,0.798076923076923,208
"CEPH-Rtrend_covid",2025-08-02,0.985729147796679,0.777122617466159,29.8183152173913,0.342591775126246,0.945542735137706,0.903863405027545,41.7980769230769,0.508819519666231,0.307692307692308,0.6875,208
"CEPH-Rtrend_covid",2025-08-09,0.875425698278837,0.744502914728627,30.5223745819398,0.339849249471398,0.831203803752899,0.806081143883537,44.0336538461538,0.506466365113324,0.245192307692308,0.682692307692308,208
"CEPH-Rtrend_covid",2025-08-16,0.715921825303269,0.713761820839956,31.658760451505,0.323753863956826,0.695957199861697,0.760162907572884,45.2259615384615,0.476266133688821,0.317307692307692,0.716346153846154,208
"CEPH-Rtrend_covid",2025-08-23,0.601997243203185,0.684406279066204,30.4653448996656,0.277106485540078,0.620874782584322,0.72580221119331,44.5240384615385,0.409367285277233,0.365384615384615,0.769230769230769,208
"CEPH-Rtrend_covid",2025-08-30,0.519008058663193,0.545097019676707,25.1247491638796,0.192116766919823,0.550692225758853,0.59256495458502,37.3942307692308,0.294179089185453,0.447115384615385,0.865384615384615,208
"CEPH-Rtrend_covid",2025-09-06,0.61283004987389,0.600280229525059,26.1675940635452,0.191442844324551,0.621112936024987,0.640898446596354,38.1105769230769,0.291765562258519,0.442307692307692,0.860576923076923,208
"CEPH-Rtrend_covid",2025-09-13,1.11909641843092,0.880890843907567,30.697510451505,0.228372739264675,1.08345954411735,0.88389697057743,45.9326923076923,0.331939937809826,0.432692307692308,0.798076923076923,208
"CEPH-Rtrend_covid",2025-09-20,1.78985579198469,1.08757858962934,45.9348578595318,0.267214534166712,1.69439722634343,1.14332753152648,68.6009615384615,0.396957708325793,0.3125,0.721153846153846,208
"CEPH-Rtrend_covid",2025-09-27,1.85571279451975,1.52024811752124,58.4298432274247,0.34263236017147,1.94106853680515,1.69265432591416,86.2259615384615,0.505580958748221,0.25,0.649038461538462,208
"CEPH-Rtrend_covid",2025-10-04,1.6544754814782,1.56120814144386,76.8327313266444,0.459497606542651,1.67647148017884,1.6030413517165,111.397435897436,0.666673434932207,0.185897435897436,0.596153846153846,156
"CEPH-Rtrend_covid",2025-10-11,1.49187027531277,1.46895553838015,80.8045819397993,0.510098871921383,1.52084247535772,1.50678279623509,119.048076923077,0.764026358043746,0.153846153846154,0.634615384615385,104
"CEPH-Rtrend_covid",2025-10-18,1.32650016931379,1.32925500794876,76.8211872909699,0.572800174436719,1.32039706817584,1.32111959261211,114.730769230769,0.847108611179127,0.192307692307692,0.615384615384615,52
"CEPH-Rtrend_covid",2025-11-29,0.793077080846814,0.702751088159102,7.62796822742475,0.182343949566237,0,0,11.6153846153846,0.262225024935772,0.461538461538462,0.826923076923077,52
"CEPH-Rtrend_covid",2025-12-06,0.930826511465837,0.717237901265645,14.4007316053512,0.229911843135534,0.92798068498132,0.832989413579462,21.8076923076923,0.348871181121623,0.317307692307692,0.740384615384615,104
"CEPH-Rtrend_covid",2025-12-13,1.00454786258793,0.745032931266121,17.0523439241917,0.240934428288175,1.02248105763798,0.90833944615869,26.3910256410256,0.367276210079225,0.423076923076923,0.852564102564103,156
"CEPH-Rtrend_covid",2025-12-20,0.934431913221161,0.722710547054024,25.8464318561873,0.276058328038078,0.924874025176957,0.867944860645586,41.4615384615385,0.435465319651322,0.379807692307692,0.850961538461538,208
"CEPH-Rtrend_covid",2025-12-27,0.908735892565537,0.753117364353104,45.1672449832776,0.392062118043276,0.890363721381665,0.828711208601667,66.4951923076923,0.594612099087661,0.221153846153846,0.6875,208
"CEPH-Rtrend_covid",2026-01-03,0.844069571909718,0.707371542302809,54.3332734113712,0.357282789908498,0.852563660671198,0.787433992233795,79.5961538461538,0.546940138925997,0.221153846153846,0.668269230769231,208
"CEPH-Rtrend_covid",2026-01-10,0.724285600970254,0.581425477249784,25.7689757525084,0.188098495277183,0.748667290775287,0.652745861545783,43.0288461538462,0.30374883564313,0.538461538461538,0.961538461538462,208
"CEPH-Rtrend_covid",2026-01-17,1.21338007495889,0.933829238050128,25.6527403846154,0.189271945590185,1.36636384080912,1.17877703010654,39.3990384615385,0.286067196957284,0.519230769230769,0.884615384615385,208
"CEPH-Rtrend_covid",2026-01-24,1.50912443954339,1.15742182602559,31.0354640468227,0.221953495048952,1.69335628461059,1.41334737515523,48.2163461538462,0.341449587367117,0.418269230769231,0.850961538461538,208
"CEPH-Rtrend_covid",2026-01-31,1.34114192084684,1.03143402263763,29.354393812709,0.224576350099885,1.46889225957651,1.23826757792903,46.6730769230769,0.35783599264883,0.399038461538462,0.860576923076923,208
"CEPH-Rtrend_covid",2026-02-07,1.03823187481065,0.894798909745331,18.8094941471572,0.184714841590623,1.13188112220501,1.1470726401892,29.2355769230769,0.291489293917852,0.504807692307692,0.918269230769231,208
"CEPH-Rtrend_covid",2026-02-14,1.15734829537226,1.03240691877663,21.0617286789298,0.237575415897337,1.2461259060928,1.26773622298087,33.9471153846154,0.377468684270286,0.403846153846154,0.879807692307692,208
"CEPH-Rtrend_covid",2026-02-21,1.25729863407764,1.01478556598407,21.6861768394649,0.238890128932466,1.42178390081218,1.31007456540416,35.1778846153846,0.385378264456848,0.394230769230769,0.879807692307692,208
"CEPH-Rtrend_covid",2026-02-28,1.06970412142634,0.902766390444439,16.0819795150502,0.18847330395981,1.29135594696965,1.24838240296501,26.4375,0.302868822828098,0.591346153846154,0.951923076923077,208
"CEPH-Rtrend_covid",2026-03-07,0.941447065353414,0.920823434669339,14.6151484113712,0.218437348510325,0.990198197759358,1.04900172410478,22.3942307692308,0.325119966095162,0.572115384615385,0.923076923076923,208
"CEPH-Rtrend_covid",2026-03-14,0.776597033467721,0.796305593221427,12.4437165551839,0.195587640131755,0.733525701796547,0.855181416224778,17.9903846153846,0.299205412847403,0.605769230769231,0.966346153846154,208
"CEPH-Rtrend_covid",2026-03-21,0.759880969866219,0.77919179001893,11.9508674749164,0.212068030885446,0.805631206032115,0.89753028809281,18.125,0.336354802686235,0.610576923076923,0.971153846153846,208
"CEPH-Rtrend_covid",2026-03-28,0.761358030908451,0.844418398285225,18.5973850334448,0.381730369709533,0.738173189114334,0.887089220654019,27.4807692307692,0.562037673808134,0.403846153846154,0.783653846153846,208
"CEPH-Rtrend_covid",2026-04-04,0.684124075281758,0.773049131936396,13.2323871237458,0.342070400105276,0.622917387377292,0.764501185616829,19.3221153846154,0.490305222323159,0.528846153846154,0.831730769230769,208
"CEPH-Rtrend_covid",2026-04-11,0.645182002316079,0.727764803407721,9.81187081939799,0.328849298864449,0.682065000141034,0.865710623982357,14.8653846153846,0.510349041368925,0.514423076923077,0.918269230769231,208
"CEPH-Rtrend_covid",2026-04-18,0.684704238600763,0.672423621302802,7.7916262541806,0.283923269069962,0.787493322161086,0.899457366170438,11.3317307692308,0.434697959691595,0.581730769230769,0.913461538461538,208
"CEPH-Rtrend_covid",2026-04-25,0.951680115963116,0.873910795150742,8.94664715719064,0.391684475917234,1.35989468496332,1.24851028778318,14.3605769230769,0.608783604379012,0.475961538461538,0.875,208
"CEPH-Rtrend_covid",2026-05-02,0.856744310018071,0.847046460015341,7.64160326086956,0.387647047891875,1.32699454729756,1.30482338997033,12.4903846153846,0.618038302141616,0.509615384615385,0.884615384615385,208
"CEPH-Rtrend_covid",2026-05-09,0.826446989629,0.783144511068963,6.98034489966555,0.350598515597116,1.21081637508977,1.20972990580205,10.5432692307692,0.546253047582493,0.514423076923077,0.884615384615385,208
"CEPH-Rtrend_covid",2026-05-16,0.785349481888093,0.694191819541735,7.0523118729097,0.31498965493519,1.08599151592732,1.14591466994872,9.75961538461539,0.483179753820363,0.5,0.889423076923077,208
"CEPH-Rtrend_covid",2026-05-23,0.79063529509358,0.790120105946291,6.79810200668896,0.363238342129712,1.14559691805146,1.112334292362,9.69230769230769,0.511508054695049,0.480769230769231,0.817307692307692,208
"CEPH-Rtrend_covid",2026-05-30,0.689425846408604,0.665234226919715,5.54196070234114,0.317209460891258,0.948163827369135,0.88219124291211,7.90384615384615,0.472490475346774,0.543269230769231,0.903846153846154,208
"CEPH-Rtrend_covid",2026-06-06,0.630185500145098,0.692012097439212,4.72310200668896,0.331999986553869,0.896016707355819,0.954323613084428,6.48076923076923,0.484602428175027,0.591346153846154,0.889423076923077,208
"CEPH-Rtrend_covid",2026-06-13,0.649860342781697,0.762545439994854,4.72703595317726,0.38968138232831,1.09424701801648,1.10184373784221,6.69230769230769,0.565742041163586,0.509615384615385,0.850961538461538,208
"CEPH-Rtrend_covid",2026-06-20,0.659252062568297,0.813553895241011,4.45377717391304,0.404623894236698,1.19104004404854,1.18503789310167,6.76923076923077,0.587628707261659,0.427884615384615,0.870192307692308,208
"CEPH-Rtrend_covid",2026-06-27,0.619596977196606,0.762973711470141,4.14501045150502,0.375424153893865,1.16349937480156,1.25767349081478,6.52884615384615,0.565810003899914,0.495192307692308,0.850961538461538,208
"CEPH-Rtrend_covid",2026-07-04,0.786469119681319,0.81263081035373,5.15332775919732,0.394143116232867,1.38466764388573,1.3377846778478,8.48557692307692,0.608918318216572,0.504807692307692,0.884615384615385,208
"CEPH-Rtrend_covid",2026-07-11,0.937031736785494,0.884894523318671,6.70465091973244,0.442283272151486,1.31809962497763,1.33498659225324,10.6201923076923,0.667105789724541,0.447115384615385,0.822115384615385,208
"CEPH-Rtrend_covid",2026-07-18,1.07924108558077,1.04189120724111,8.13609740802675,0.517249647852282,1.35076137562588,1.44643369881731,12.9711538461538,0.760455221003015,0.394230769230769,0.783653846153846,208
"CEPH-Rtrend_covid",2026-07-25,1.09803438835051,1.06266372154954,10.1165948996656,0.536991079519972,1.28176510516844,1.4739238044114,15.5961538461538,0.78008337216134,0.355769230769231,0.754807692307692,208
"CEPH-Rtrend_covid",2026-08-01,1.01509036435882,0.979643324401638,10.488143812709,0.477900429694491,1.1270156800043,1.18813912277841,16.9711538461538,0.709091979963192,0.384615384615385,0.764423076923077,208
"CEPH-Rtrend_covid",2026-08-08,0.963582845911951,0.937425133827273,10.5927738294314,0.444803776900028,1.07108963882026,1.24828178895122,17.1875,0.634773513931624,0.375,0.783653846153846,208
"CEPH-Rtrend_covid",2026-08-15,0.882095269311036,0.810625506670605,10.0373474080268,0.397208580078675,0.90611653499676,0.916801873179793,16.1682692307692,0.578729168247353,0.384615384615385,0.802884615384615,208
"CEPH-Rtrend_covid",2026-08-22,0.93441072144709,0.858596823626313,13.5581960702341,0.412323526260462,0.949518244798846,0.995731185353637,21.5528846153846,0.608018686701533,0.317307692307692,0.740384615384615,208
"CEPH-Rtrend_covid",2026-08-29,0.953639181948059,0.833765609423347,20.37997909699,0.402696489129736,0.978386794495,0.933603407421711,31.4182692307692,0.608777554080906,0.264423076923077,0.745192307692308,208
"CEPH-Rtrend_covid",2026-09-05,0.980750858331583,0.852897111372566,22.2885012541806,0.392817257289217,0.999797522676066,0.918251106610993,34.1153846153846,0.58575406908627,0.341346153846154,0.730769230769231,208
"CEPH-Rtrend_covid",2026-09-12,0.926112003676977,0.779866943868369,20.3600815217391,0.350553394278083,1.01433951688376,0.980503340518146,31.1538461538462,0.519064477682869,0.379807692307692,0.75,208
"CEPH-Rtrend_covid",2026-09-19,0.83242868441887,0.762086210965753,19.1443415551839,0.363998006220522,1.01866259286138,1.04816872494159,29.6634615384615,0.527865035722277,0.307692307692308,0.701923076923077,208
"CEPH-Rtrend_covid",2026-09-26,0.666427384136496,0.607092040513125,15.1716701505017,0.302309813266949,1.05341998348053,0.94774008692053,23.6730769230769,0.450818852935295,0.394230769230769,0.802884615384615,208
"CEPH-Rtrend_covid",2026-10-03,0.65766466222253,0.53051614370286,15.1377006688963,0.272926470110438,1.10841608089458,1.00310996829941,23.1153846153846,0.39741166629656,0.432692307692308,0.793269230769231,208
"CFA-EpiAutoGP",2025-08-30,0.744037271923333,0.707029896692209,27.4410361260609,0.182570992591022,0.683445485445032,0.629359773746845,34.5857782895833,0.230097729344336,0.791666666666667,1,48
"CFA-EpiAutoGP",2025-09-06,0.784638440128407,0.781650856310737,28.836600571097,0.218167753539806,0.656510929011444,0.768668234481486,34.85718195625,0.303246828455617,0.739583333333333,1,96
"CFA-EpiAutoGP",2025-09-13,1.21117659792065,0.871948081929847,31.4872349660927,0.21945379736788,1.00261831111238,0.852047021340559,38.8346104583333,0.298847907888279,0.659722222222222,0.972222222222222,144
"CFA-EpiAutoGP",2025-09-20,1.66596225493621,0.960805170380051,43.3452436260555,0.24175132214333,1.50800290900865,0.981603613007014,57.7796637005208,0.340141232882522,0.604166666666667,0.942708333333333,192
"CFA-EpiAutoGP",2025-09-27,1.5719507409217,1.20083001344857,48.3493144955879,0.256518266846824,1.66174950182264,1.34453398962544,70.5863356833333,0.375013889515876,0.5,0.90625,192
"CFA-EpiAutoGP",2025-10-04,1.31520394073586,1.20277320352084,61.6275443872418,0.344090162531409,1.39986498211599,1.28966745487693,94.0184625604167,0.518768649893387,0.368055555555556,0.826388888888889,144
"CFA-EpiAutoGP",2025-10-11,1.25084945920655,1.20880535194429,69.6598444615523,0.417794571979247,1.33698637774705,1.26853509385177,107.112035271875,0.634527024726664,0.239583333333333,0.791666666666667,96
"CFA-EpiAutoGP",2025-10-18,1.1165889798815,1.15312795421075,65.3896775649815,0.479529892880585,1.16989846318696,1.21199443928475,102.750729783333,0.75154692529494,0.1875,0.770833333333333,48
"CFA-EpiAutoGP",2025-11-22,0.888962469176332,0.702070305055279,7.60640090668016,0.157709138313454,1.0470216548434,0.853081792149505,12.1924324708333,0.259669324305674,0.520833333333333,0.979166666666667,48
"CFA-EpiAutoGP",2025-11-29,0.882391166620009,0.703340025625726,8.91453303941129,0.17777431631113,0.94755438119625,0.819070840410323,13.25356311875,0.2697528663401,0.572916666666667,0.9375,96
"CFA-EpiAutoGP",2025-12-06,0.692332206568472,0.596254241742692,11.4551610095972,0.198871148491996,0.7001031145038,0.719289739446873,17.3056627208333,0.313744107766586,0.527777777777778,0.951388888888889,144
"CFA-EpiAutoGP",2025-12-13,0.745833493759518,0.623924307362008,14.1139100948205,0.216785186054135,0.731920213847945,0.765979102032484,21.0279450098958,0.336566579054963,0.53125,0.984375,192
"CFA-EpiAutoGP",2025-12-20,0.62233814351928,0.559324131375991,17.3718801974152,0.211993120510499,0.602960137648948,0.653300831941475,27.4780081848958,0.328187086135712,0.536458333333333,0.958333333333333,192
"CFA-EpiAutoGP",2025-12-27,0.610700112157801,0.560545086627976,29.735310206608,0.289565302843888,0.630046321056396,0.636004871002947,46.3106239927083,0.45039202745967,0.380208333333333,0.848958333333333,192
"CFA-EpiAutoGP",2026-01-03,0.636426975569832,0.573916260622159,44.526660333212,0.324771195552583,0.680795441233015,0.665392650229613,68.4530606875,0.512458418497805,0.3125,0.847222222222222,144
"CFA-EpiAutoGP",2026-01-10,0.815143615326562,0.636141420710776,28.4733008571895,0.205086694754561,0.868507031386816,0.74454182999106,46.1960408638889,0.324442749769422,0.4375,0.979166666666667,144
"CFA-EpiAutoGP",2026-01-17,1.61150707659971,1.11057536144934,34.0425857020244,0.225492528128759,1.87440701177802,1.45537538905111,54.3670291493056,0.357374588566756,0.340277777777778,0.888888888888889,144
"CFA-EpiAutoGP",2026-01-24,1.95023596455839,1.33053473371732,38.9427452943299,0.246019155172254,2.22247977989683,1.69018211041265,62.3612008902778,0.40037464053818,0.298611111111111,0.888888888888889,144
"CFA-EpiAutoGP",2026-01-31,1.6816131239223,1.13838585533226,36.9715404616979,0.247145727642376,1.83704807149835,1.3495144392823,59.2744015,0.394486051441804,0.390625,0.927083333333333,192
"CFA-EpiAutoGP",2026-02-07,1.16405786140685,0.897480904691521,22.9251655653541,0.191743466354245,1.2771813113595,1.12428123325429,36.1935391958333,0.297491431049482,0.572916666666667,0.979166666666667,192
"CFA-EpiAutoGP",2026-02-14,0.930810859334909,0.744642119488575,18.1088304313332,0.17952202355349,0.94792401174892,0.858525106206658,27.3655977807292,0.265308716069869,0.614583333333333,0.96875,192
"CFA-EpiAutoGP",2026-02-21,0.963077810334815,0.78381110154069,16.4747812689775,0.184148792273557,0.959508294732103,0.884772458292545,24.065444315625,0.264941821862397,0.661458333333333,0.96875,192
"CFA-EpiAutoGP",2026-02-28,1.02703450367583,0.866862404353116,14.716208641339,0.172880138735569,1.13284202230498,1.12025098788032,21.3892611572917,0.254008835987966,0.640625,0.973958333333333,192
"CFA-EpiAutoGP",2026-03-07,1.1636552131785,1.00777847474304,17.2121866413381,0.199863925380605,1.2645156130989,1.21479583362251,26.1481858323958,0.315176821302722,0.546875,0.963541666666667,192
"CFA-EpiAutoGP",2026-03-14,1.24164032192111,1.01158933080225,20.091394561076,0.244581199174771,1.32843930674052,1.22576941260448,31.7748262254688,0.405691982536742,0.333333333333333,0.942708333333333,192
"CFA-EpiAutoGP",2026-03-21,1.10051712534101,0.908961149859691,18.9503539147005,0.260915393666462,1.21892500553335,1.08570254199977,30.1688371575521,0.425886468152066,0.354166666666667,0.927083333333333,192
"CFA-EpiAutoGP",2026-03-28,1.10956995332229,1.0345914735926,29.195397419585,0.490400621040299,1.08144058957474,1.0781858416107,43.6803356570313,0.715440257097746,0.208333333333333,0.666666666666667,192
"CFA-EpiAutoGP",2026-04-04,1.04114762589734,1.00884236740699,21.1102781979289,0.459792202293692,0.991976482039295,1.02841790470939,32.1626958054688,0.673195327062929,0.286458333333333,0.75,192
"CFA-EpiAutoGP",2026-04-11,0.953496679957489,0.926394423199075,15.599177756669,0.432993296130362,1.01748173730272,1.05831853845462,23.8086146167407,0.637704298702914,0.296875,0.776041666666667,192
"CFA-EpiAutoGP",2026-04-18,0.897566600076545,0.780685186479038,10.9097248965568,0.340118483357332,1.08344586852526,1.05127417027121,16.6560319460029,0.519935010392349,0.397905759162304,0.879581151832461,191
"CFA-EpiAutoGP",2026-04-25,0.798245272653053,0.757657483586586,7.84958518468665,0.356768255627994,1.07762997000913,1.07150572392227,11.870543391672,0.547466890511746,0.392670157068063,0.869109947643979,191
"CFA-EpiAutoGP",2026-05-02,0.703952529325311,0.658669483570725,6.29804649284382,0.307072114778902,0.925605792057124,0.940676158283592,8.90566279967089,0.46145993897056,0.50261780104712,0.916230366492147,191
"CFA-EpiAutoGP",2026-05-09,0.811514677043167,0.647023703236373,6.99255925174733,0.289731265673498,1.15841579852883,0.988754164412629,10.3926332232461,0.451156462533968,0.492146596858639,0.910994764397906,191
"CFA-EpiAutoGP",2026-05-16,0.886808979625951,0.670922505586196,7.65604055169301,0.300072804451696,1.36271279864284,1.17889215900386,11.7836701529167,0.479555063958777,0.427083333333333,0.911458333333333,192
"CFA-EpiAutoGP",2026-05-23,0.896643619295528,0.749925389475799,7.61452952893289,0.332156892934683,1.36347059347081,1.14184832946697,11.6740160111458,0.514348502467416,0.442708333333333,0.890625,192
"CFA-EpiAutoGP",2026-05-30,1.00066571968302,0.828993013969247,7.64636963959311,0.362052742394163,1.54903494716262,1.20849762276351,11.8463324580937,0.572128615743617,0.395833333333333,0.864583333333333,192
"CFA-EpiAutoGP",2026-06-06,0.733508708261921,0.722171200030803,5.73668732370111,0.35170059735694,1.15813350486451,1.07520983880996,8.75668831696354,0.552239030577398,0.375,0.895833333333333,192
"CFA-EpiAutoGP",2026-06-13,0.737775056367614,0.735859799821406,5.91895827039539,0.376222114308733,1.35967251600213,1.18209019733247,8.89327728294236,0.589506370430448,0.395833333333333,0.868055555555556,144
"CFA-EpiAutoGP",2026-06-20,0.746276553650897,0.704796665754116,6.69879125819706,0.406930510491662,1.38130740592107,1.11225202376539,10.1908509963437,0.623611437995983,0.4375,0.864583333333333,96
"CFA-EpiAutoGP",2026-06-27,0.624817760562771,0.549837484225899,6.03438631240559,0.307781456400293,1.05148055955821,0.946038401374799,8.38946542916667,0.479888092281778,0.583333333333333,0.958333333333333,48
"CFA-PyRenew_H",2026-09-19,0.722001579625026,0.627022949455291,9.27121841432225,0.241304180685394,0.837424703887886,0.979964740840519,14.156862745098,0.407563017288415,0.431372549019608,0.96078431372549,51
"CFA-PyRenew_H",2026-09-26,0.77133970945293,0.621256924901705,11.5341311381074,0.270127322804059,1.26115741845639,1.071883264273,18.0245098039216,0.433280722276552,0.5,0.980392156862745,102
"CFA-PyRenew_H",2026-10-03,0.873264799845902,0.570117482606396,19.1197803353225,0.266018463085059,1.44759150881781,1.1389263596315,28.7745098039216,0.408964351815694,0.581699346405229,0.96078431372549,153
"CFA-PyRenew_HE",2026-09-19,1.16169109117126,0.600947645916653,13.8769330712303,0.192822169313545,1.60957616806601,1.02477182096201,23.0425531914894,0.320298428722935,0.319148936170213,0.914893617021277,47
"CFA-PyRenew_HE",2026-09-26,1.18500920372657,0.579477138970602,17.2880161231884,0.231602996276466,1.93108472988384,0.964475741587191,27.140625,0.362307703646184,0.354166666666667,0.885416666666667,96
"CFA-PyRenew_HE",2026-10-03,0.982806356082872,0.424563564117517,22.0882336281859,0.187486445159771,1.56483844802899,0.846957105777062,31.9724137931034,0.29223384450263,0.551724137931034,0.937931034482759,145
"CFA_Pyrenew-PyrenewHEW_COVID",2025-05-03,0.802372367130445,0.548964989702478,4.00494855072464,0.126195665685749,1.01249082785493,0.774514845589402,6.46666666666667,0.189980947571573,0.666666666666667,0.933333333333333,15
"CFA_Pyrenew-PyrenewHEW_COVID",2025-05-10,0.799356534501802,0.612298007430037,6.15870786749482,0.179942304960453,0.995960893964087,0.864631403245922,10.0238095238095,0.282799514716817,0.380952380952381,0.928571428571429,42
"CFA_Pyrenew-PyrenewHEW_COVID",2025-05-17,0.686523363150562,0.567898656717136,6.10324610194903,0.185095955589234,0.795217555914236,0.783963465154052,9.68103448275862,0.29496642135381,0.5,0.931034482758621,58
"CFA_Pyrenew-PyrenewHEW_COVID",2025-05-24,0.709677024749729,0.615483052263912,7.15312709946397,0.20276778984531,0.85886333340201,0.865779420645429,11.5684931506849,0.316789651862813,0.520547945205479,0.958904109589041,73
"CFA_Pyrenew-PyrenewHEW_COVID",2025-05-31,0.600763905747026,0.510486880738726,7.38144322548028,0.157159547492053,0.726310421527204,0.861570268916756,11.3546511627907,0.253946100755699,0.523255813953488,0.965116279069767,86
"CFA_Pyrenew-PyrenewHEW_COVID",2025-06-07,0.651221732651292,0.518358188259011,7.29847865612648,0.161192834460378,0.869271667806454,0.871089002573279,11.1590909090909,0.252106554302204,0.511363636363636,0.954545454545455,88
"CFA_Pyrenew-PyrenewHEW_COVID",2025-06-14,0.633234841971939,0.514673343804445,7.89265874505929,0.163456297578522,0.885318060562524,0.873054778018888,12.9488636363636,0.262800446402731,0.488636363636364,0.965909090909091,88
"CFA_Pyrenew-PyrenewHEW_COVID",2025-06-21,0.55700303688355,0.472218466068436,7.92433502686859,0.172303210593849,0.727266259560323,0.747700506968556,12.0393258426966,0.265779788266721,0.528089887640449,0.932584269662921,89
"CFA_Pyrenew-PyrenewHEW_COVID",2025-06-28,0.614969006891571,0.511968515855203,7.51403867149758,0.180641514640927,0.72519636760352,0.772710304028811,11.3277777777778,0.272550667541014,0.566666666666667,0.944444444444444,90
"CFA_Pyrenew-PyrenewHEW_COVID",2025-07-05,0.494232575415481,0.577244919791868,5.80302628019324,0.210292335815195,0.592860378426561,0.787320638383515,8.48888888888889,0.311832962935846,0.6,0.955555555555556,90
"CFA_Pyrenew-PyrenewHEW_COVID",2025-07-12,0.482324248674953,0.477029153104931,6.92427103864734,0.164101853392303,0.574951295504122,0.701537222956415,10.8333333333333,0.258106461373398,0.522222222222222,0.944444444444444,90
"CFA_Pyrenew-PyrenewHEW_COVID",2025-07-19,0.449047939447706,0.403265989201806,6.7599922705314,0.149584630241228,0.481309548485218,0.531935957209257,10.0944444444444,0.224529715521905,0.488888888888889,0.933333333333333,90
"CFA_Pyrenew-PyrenewHEW_COVID",2025-07-26,0.473008536850469,0.596226871457723,8.04593425120773,0.181304935820829,0.500046556053741,0.804360630851308,12.2333333333333,0.28096984480976,0.5,0.911111111111111,90
"CFA_Pyrenew-PyrenewHEW_COVID",2025-08-02,0.372233118072991,0.386231267482733,8.4849530339226,0.134053183536091,0.413754849741103,0.511873594877062,13.8241758241758,0.225635033032564,0.461538461538462,0.978021978021978,91
"CFA_Pyrenew-PyrenewHEW_COVID",2025-08-09,0.403110347738319,0.326587462627635,10.9174797802712,0.129268383442061,0.39107606053512,0.361146105545235,16.2096774193548,0.197435886300428,0.56989247311828,0.935483870967742,93
"CFA_Pyrenew-PyrenewHEW_COVID",2025-08-16,0.345760623665066,0.346971380136734,10.4925896680692,0.127123862966057,0.373582700213783,0.393952315904147,16.7258064516129,0.194964692347993,0.516129032258065,0.946236559139785,93
"CFA_Pyrenew-PyrenewHEW_COVID",2025-08-23,0.407537598216104,0.407330525653534,15.0985489481066,0.128397259979466,0.449628611371951,0.459619734017794,23.6021505376344,0.200246699316482,0.462365591397849,0.903225806451613,93
"CFA_Pyrenew-PyrenewHEW_COVID",2025-08-30,0.484134468544666,0.407614252843052,19.4545894542091,0.108347492637842,0.537183266290611,0.435075769388796,30.1382978723404,0.16315206172459,0.478723404255319,0.893617021276596,94
"CFA_Pyrenew-PyrenewHEW_COVID",2025-09-06,0.770115986339135,0.485803791159885,27.8322192876966,0.13261176952359,0.80153306235324,0.522580121603626,42.2606382978723,0.201728119021383,0.414893617021277,0.851063829787234,94
"CFA_Pyrenew-PyrenewHEW_COVID",2025-09-13,1.41752012009726,0.704126157816473,32.3049043246994,0.169023806334659,1.30588448994204,0.697103601713496,46.9468085106383,0.241070339985335,0.425531914893617,0.776595744680851,94
"CFA_Pyrenew-PyrenewHEW_COVID",2025-09-20,1.34773799508649,0.816731671283846,31.9173013182239,0.17854821218097,1.22895922525468,0.827299062142218,45.6223404255319,0.251922645434105,0.372340425531915,0.765957446808511,94
"CFA_Pyrenew-PyrenewHEW_COVID",2025-09-27,0.955992556709937,1.07822978091657,23.9641901576684,0.190624410203128,1.02080898818754,1.17197330849777,36.5274725274725,0.277807387995031,0.406593406593407,0.78021978021978,91
"CFA_Pyrenew-PyrenewHEW_COVID",2025-10-04,0.582544921474979,0.831090357755225,20.0840649703557,0.178883763544211,0.593617776072243,0.865450710630517,30.4886363636364,0.27649340971271,0.409090909090909,0.840909090909091,44
"CFA_Pyrenew-PyrenewHEW_COVID",2025-11-22,1.11333582963148,0.810260349674445,10.6577429841897,0.188547256568774,1.18784164528025,0.904712837866755,15.3181818181818,0.282144991877617,0.340909090909091,0.818181818181818,44
"CFA_Pyrenew-PyrenewHEW_COVID",2025-11-29,0.987141011155246,0.744633392237629,10.510998493083,0.169001996765795,1.07298418772612,0.880575341120409,16.0397727272727,0.25971192687248,0.375,0.840909090909091,88
"CFA_Pyrenew-PyrenewHEW_COVID",2025-12-06,1.14916397271659,0.832768416359442,16.7856646426787,0.236743576739904,1.10828124980821,0.974520592718863,25.0057471264368,0.368872024216452,0.172413793103448,0.804597701149425,87
"CFA_Pyrenew-PyrenewHEW_COVID",2025-12-13,0.852751393978429,0.639716315614257,13.2915978510745,0.185307865789441,0.831114172048105,0.779726916544465,20.0114942528736,0.288080147797375,0.425287356321839,0.908045977011494,87
"CFA_Pyrenew-PyrenewHEW_COVID",2025-12-20,0.778995355202591,0.632733539225179,20.3072681324111,0.208039023531496,0.761832593354673,0.781174034972488,32.3977272727273,0.336429962661567,0.295454545454545,0.863636363636364,44
"CFA_Pyrenew-Pyrenew_HE_COVID",2025-03-08,0.848832900270125,0.85835948565382,14.3403319148936,0.123668299291877,0.899951623078417,1.02570418563404,22.5851063829787,0.199482544047952,0.382978723404255,0.893617021276596,47
"CFA_Pyrenew-Pyrenew_HE_COVID",2025-03-15,0.866387433911702,0.756150140716182,16.5153177574371,0.122540648917562,0.909384832427829,0.880674746307737,25.3842105263158,0.189927006561124,0.526315789473684,0.947368421052632,95
"CFA_Pyrenew-Pyrenew_HE_COVID",2025-03-22,0.953227201848637,0.802029484929515,18.3069414388167,0.134594869304092,0.920534645647833,0.963409443795861,24.7525773195876,0.205738552140733,0.525773195876289,0.958762886597938,97
"CFA_Pyrenew-Pyrenew_HE_COVID",2025-03-29,0.863609903934216,0.631576323242719,21.500606433008,0.140539891744958,0.833479774493533,0.734985288007822,29.8928571428571,0.213994506166114,0.5,0.948979591836735,98
"CFA_Pyrenew-Pyrenew_HE_COVID",2025-04-05,0.881635841337592,0.587741128205343,16.5220147243389,0.122866654922043,0.819757085782948,0.694817960054594,22.3041237113402,0.179287107505209,0.525773195876289,0.907216494845361,97
"CFA_Pyrenew-Pyrenew_HE_COVID",2025-04-12,0.791786920799397,0.690519107662164,15.9954412147019,0.15415846606176,0.733923002058339,0.876308573729271,22.5154639175258,0.245487317252427,0.412371134020619,0.938144329896907,97
"CFA_Pyrenew-Pyrenew_HE_COVID",2025-04-19,0.819846209852293,0.561547722993546,15.5532799689441,0.135139016528709,0.792926155381324,0.737754075661737,21.6581632653061,0.202440941820439,0.561224489795918,0.928571428571429,98
"CFA_Pyrenew-Pyrenew_HE_COVID",2025-04-26,0.953428181385109,0.651918171442042,15.024559228039,0.167624415051303,1.02673620063815,0.908967070921637,22.484693877551,0.264672163002722,0.428571428571429,0.897959183673469,98
"CFA_Pyrenew-Pyrenew_HE_COVID",2025-05-03,0.908688394312933,0.613517556162911,12.3105806566105,0.149176066045037,1.11353810478557,0.875726665849252,19.8316326530612,0.23179402785068,0.5,0.908163265306122,98
"CFA_Pyrenew-Pyrenew_HE_COVID",2025-05-10,0.68397106987044,0.672036146297328,9.26122892635315,0.170274377043952,0.780636568821695,0.940982726530578,14.2091836734694,0.26528748190377,0.469387755102041,0.928571428571429,98
"CFA_Pyrenew-Pyrenew_HE_COVID",2025-05-17,0.807699684919195,0.644315592947669,11.2623836956522,0.182999213800168,0.918076970692625,0.8803443171712,17.4285714285714,0.285668411439347,0.459183673469388,0.928571428571429,98
"CFA_Pyrenew-Pyrenew_HE_COVID",2025-05-24,0.58549688750322,0.587968294795808,8.38899720496894,0.181669690598936,0.684668566622779,0.825596646802204,12.6224489795918,0.280631927831769,0.591836734693878,0.948979591836735,98
"CFA_Pyrenew-Pyrenew_HE_COVID",2025-05-31,0.540269418745836,0.50693248563088,7.76388256433008,0.156654563431887,0.663509289768217,0.857444086001971,12.0816326530612,0.254000878717086,0.510204081632653,0.969387755102041,98
"CFA_Pyrenew-Pyrenew_HE_COVID",2025-06-07,0.57942569137754,0.490763669741291,6.762592945874,0.153611744179133,0.771798641840526,0.841042086388883,10.2755102040816,0.244449830053006,0.551020408163265,0.948979591836735,98
"CFA_Pyrenew-Pyrenew_HE_COVID",2025-06-14,0.63037715908278,0.522085512480549,7.89562061923584,0.16838831561121,0.872612657978027,0.881960528085634,12.8080808080808,0.270993249773682,0.464646464646465,0.96969696969697,99
"CFA_Pyrenew-Pyrenew_HE_COVID",2025-06-21,0.585810563237766,0.48333435494501,8.0146747826087,0.171702694374827,0.764061648222651,0.774708199720211,12.12,0.267808369633728,0.55,0.94,100
"CFA_Pyrenew-Pyrenew_HE_COVID",2025-06-28,0.646895466475018,0.525512075441232,8.0364822826087,0.181169413110627,0.79138948157466,0.809549774046222,12.585,0.279646612631228,0.48,0.95,100
"CFA_Pyrenew-Pyrenew_HE_COVID",2025-07-05,0.498615109741204,0.577564108568353,6.11692006521739,0.20117916546747,0.582563604589643,0.777550955428241,8.815,0.295819359502259,0.6,0.94,100
"CFA_Pyrenew-Pyrenew_HE_COVID",2025-07-12,0.493009335396113,0.479726138731307,8.06791704347826,0.163299093703501,0.589939590378789,0.699687587040965,12.79,0.25428484976996,0.49,0.95,100
"CFA_Pyrenew-Pyrenew_HE_COVID",2025-07-19,0.418727949672101,0.40261938504736,6.8468053579271,0.145827804719757,0.444395732652336,0.554993800164307,10.1515151515152,0.22893269597489,0.484848484848485,0.94949494949495,99
"CFA_Pyrenew-Pyrenew_HE_COVID",2025-07-26,0.465217195134881,0.574799362842461,8.17739185331577,0.171293373440552,0.509587408711778,0.793921347385711,12.8787878787879,0.271406390332108,0.515151515151515,0.929292929292929,99
"CFA_Pyrenew-Pyrenew_HE_COVID",2025-08-02,0.354981588179788,0.373204703216816,8.30152545652174,0.12589789671266,0.396033604976454,0.475527378417815,13.455,0.202468679832551,0.53,0.99,100
"CFA_Pyrenew-Pyrenew_HE_COVID",2025-08-09,0.402493073797213,0.336248946995443,10.8395901521739,0.129104660505418,0.402676649145523,0.373003592565388,16.56,0.197460124802844,0.5,0.93,100
"CFA_Pyrenew-Pyrenew_HE_COVID",2025-08-16,0.350516027873478,0.360876901449669,10.5590417391304,0.127978979339104,0.378728018708244,0.412426342680439,16.85,0.197952175445467,0.52,0.93,100
"CFA_Pyrenew-Pyrenew_HE_COVID",2025-08-23,0.427192572419022,0.417527537292451,15.8422597604259,0.125163416647508,0.461864415202317,0.459971157855249,24.280612244898,0.190810248568552,0.469387755102041,0.877551020408163,98
"CFA_Pyrenew-Pyrenew_HE_COVID",2025-08-30,0.488953509234546,0.409505803204166,20.3014685125858,0.11095388052998,0.545210289916008,0.450891476047141,31.4842105263158,0.172404994872041,0.452631578947368,0.894736842105263,95
"CFA_Pyrenew-Pyrenew_HE_COVID",2025-09-06,0.73982618724553,0.452320998988865,27.1188533168982,0.122559230589277,0.75665859506572,0.488904365730481,40.319587628866,0.187993207851453,0.422680412371134,0.896907216494845,97
"CFA_Pyrenew-Pyrenew_HE_COVID",2025-09-13,1.34326469523344,0.669666162779946,30.3920312608696,0.162748195979061,1.25635484162559,0.663045452367717,44.665,0.231571580890288,0.44,0.79,100
"CFA_Pyrenew-Pyrenew_HE_COVID",2025-09-20,1.22108646776171,0.791297199615885,28.5783748478261,0.170262883402044,1.1264077816773,0.803968128463206,41.245,0.240876839542627,0.43,0.79,100
"CFA_Pyrenew-Pyrenew_HE_COVID",2025-09-27,0.92466614432475,1.05590499483013,22.4032869565217,0.183387460459805,1.01056244686771,1.18287595523447,35.020618556701,0.275584319861302,0.350515463917526,0.793814432989691,97
"CFA_Pyrenew-Pyrenew_HE_COVID",2025-10-04,0.620199191716631,0.848501243866171,20.9020809898242,0.181251805945729,0.638676765635155,0.888521964072319,32.1382978723404,0.282802470773061,0.361702127659574,0.829787234042553,47
"CFA_Pyrenew-Pyrenew_HE_COVID",2025-11-22,1.10686821362487,0.819694590637616,10.277738760407,0.187410256605582,1.17863313402219,0.915396301932098,14.7659574468085,0.2817046454219,0.361702127659574,0.829787234042553,47
"CFA_Pyrenew-Pyrenew_HE_COVID",2025-11-29,0.990783797077113,0.741905289625329,10.3277799028677,0.173069455023031,1.07026203507897,0.893725488169165,15.7234042553191,0.27301393097024,0.361702127659574,0.851063829787234,94
"CFA_Pyrenew-Pyrenew_HE_COVID",2025-12-06,1.12600867577659,0.817379769980852,16.5481148741419,0.229656520983779,1.07423220209435,0.953986839942068,24.5842105263158,0.358846515255604,0.178947368421053,0.821052631578947,95
"CFA_Pyrenew-Pyrenew_HE_COVID",2025-12-13,0.815082215058813,0.626993816429265,12.9331414874142,0.177568875877415,0.787772255679485,0.767392697581244,19.4421052631579,0.279049110086246,0.442105263157895,0.905263157894737,95
"CFA_Pyrenew-Pyrenew_HE_COVID",2025-12-20,0.687559712172951,0.558891154447816,15.9337298296728,0.168309551515259,0.673099203672264,0.672909704498651,25.639175257732,0.270186707042851,0.412371134020619,0.896907216494845,97
"CFA_Pyrenew-Pyrenew_HE_COVID",2025-12-27,0.521896667445623,0.472658129242153,22.1101466590389,0.194166616558211,0.497045276852702,0.509214385714443,33.8421052631579,0.306157591309362,0.336842105263158,0.894736842105263,95
"CFA_Pyrenew-Pyrenew_HE_COVID",2026-01-03,0.417541036332214,0.403937344468912,20.3994082466919,0.136542933869994,0.455874316565112,0.45852689089449,32.4347826086956,0.2134592483281,0.358695652173913,0.858695652173913,92
"CFA_Pyrenew-Pyrenew_HE_COVID",2026-01-10,0.768774851358549,0.592784351331746,18.6004424697445,0.121458043535782,0.780607920137124,0.658918984526647,29.680412371134,0.191152521870963,0.515463917525773,0.958762886597938,97
"CFA_Pyrenew-Pyrenew_HE_COVID",2026-01-17,0.773053169130507,0.675637492712154,17.1684610652174,0.135947848433402,0.869017879672954,0.861718141151946,27.545,0.221471614096263,0.43,0.96,100
"CFA_Pyrenew-Pyrenew_HE_COVID",2026-01-24,0.922428079386205,0.967288589574183,14.0399488142292,0.154577175665793,1.0590225032449,1.20075062042628,22.4292929292929,0.243091535848193,0.464646464646465,0.919191919191919,99
"CFA_Pyrenew-Pyrenew_HE_COVID",2026-01-31,1.04553512257425,0.825306619579232,11.7246447957839,0.129784999832423,1.17145992829427,1.02957789953908,18,0.207453555496924,0.585858585858586,0.97979797979798,99
"CFA_Pyrenew-Pyrenew_HE_COVID",2026-02-07,0.876532058405884,0.719034046516057,12.3497421086957,0.138262007488725,0.973773900029768,0.931364791250272,19.04,0.218815585702595,0.5,0.96,100
"CFA_Pyrenew-Pyrenew_HE_COVID",2026-02-14,0.78397565718023,0.69564516060137,12.2596644347826,0.134027750354999,0.882816652534934,0.900305212001751,20.58,0.222737000976172,0.46,0.98,100
"CFA_Pyrenew-Pyrenew_HE_COVID",2026-02-21,0.935073075836205,0.678783382286092,13.5684493345164,0.129293422836338,0.964222486458672,0.858289253659552,20.2295918367347,0.206515810038312,0.5,0.948979591836735,98
"CFA_Pyrenew-Pyrenew_HE_COVID",2026-02-28,0.949504651681488,0.797982536781396,11.2516218944099,0.125645529080975,1.08819860498553,1.04274663748173,17.1989795918367,0.19115484944561,0.591836734693878,0.969387755102041,98
"CFA_Pyrenew-Pyrenew_HE_COVID",2026-03-07,0.858675925380225,0.875848034911133,10.363575173913,0.139006200805285,0.923226267676213,1.00792376196679,15.9,0.212544160490047,0.52,0.93,100
"CFA_Pyrenew-Pyrenew_HE_COVID",2026-03-14,0.846863264814448,0.83007638635359,9.85397280434783,0.158434813373738,0.982987461696672,1.03831294173979,16.545,0.263624355667988,0.48,0.99,100
"CFA_Pyrenew-Pyrenew_HE_COVID",2026-03-21,0.838315921574138,0.722198632526797,9.96253480434783,0.163930108387189,0.930008518163125,0.876836062478875,15.585,0.266613079893966,0.49,0.93,100
"CFA_Pyrenew-Pyrenew_HE_COVID",2026-03-28,0.719720458985576,0.814883543996599,14.663638801054,0.318327814317793,0.675359707506589,0.833615951774862,20.2979797979798,0.436583875938619,0.424242424242424,0.727272727272727,99
"CFA_Pyrenew-Pyrenew_HE_COVID",2026-04-04,0.934872125543071,0.973001637296661,14.9757554018445,0.394853238254385,0.861254269237444,0.968223967589487,21.2878787878788,0.545598686927149,0.282828282828283,0.707070707070707,99
"CFA_Pyrenew-Pyrenew_HE_COVID",2026-04-11,1.3341692935072,1.09492918725336,10.8618006379962,0.347488959621766,1.44564233937309,1.2744097585923,16.3586956521739,0.523352349404508,0.369565217391304,0.760869565217391,92
"CFA_Pyrenew-Pyrenew_HE_COVID",2026-04-18,0.815063120328425,0.697645264384549,6.35294720849802,0.240391284128643,1.03525197686358,0.99984737150138,10.1306818181818,0.386480118873032,0.477272727272727,0.943181818181818,88
"CFA_Pyrenew-Pyrenew_HE_COVID",2026-04-25,0.673713970942528,0.581349052788712,5.42119274519717,0.247351558254717,0.857577670066949,0.821488655706359,7.80232558139535,0.374267045261676,0.558139534883721,0.918604651162791,86
"CFA_Pyrenew-Pyrenew_HE_COVID",2026-05-02,0.748058162405885,0.641721066845747,5.07665143280632,0.221699784010045,1.11181123973299,0.989620276026824,7.98295454545455,0.352557630596494,0.590909090909091,0.920454545454545,88
"CFA_Pyrenew-Pyrenew_HE_COVID",2026-05-09,0.83050469804671,0.74233049673083,5.55794581068841,0.253999719765207,1.21872324471649,1.1478970830509,8.67708333333333,0.396986340922357,0.479166666666667,0.916666666666667,96
"CFA_Pyrenew-Pyrenew_HE_COVID",2026-05-16,0.587747007485331,0.59094263948528,3.63679540229885,0.228768894715069,0.914090726320957,1.02910925939606,5.6551724137931,0.3701644566795,0.609195402298851,0.942528735632184,87
"CFA_Pyrenew-Pyrenew_HE_COVID",2026-05-23,0.700363454705795,0.618250174741327,3.71704628508531,0.248198908614449,1.08693449145211,0.980427777556128,5.89873417721519,0.403504439837498,0.493670886075949,0.949367088607595,79
"CFA_Pyrenew-Pyrenew_HE_COVID",2026-05-30,0.725565082672362,0.594316975939369,4.05123390203632,0.26853459609634,1.07129709872748,0.8476684172576,6.09493670886076,0.420663252104513,0.582278481012658,0.873417721518987,79
"CFA_Pyrenew-Pyrenew_HE_COVID",2026-06-06,0.607023966818401,0.589245779851171,2.84248448738594,0.234445409058803,0.986000855150651,0.878812265445312,4.44444444444444,0.36254961314509,0.604938271604938,0.975308641975309,81
"CFA_Pyrenew-Pyrenew_HE_COVID",2026-06-13,0.572211307868165,0.612546550311081,2.82025549725137,0.288129180332127,1.08880609123245,1.01770470550299,4.38505747126437,0.460995860284612,0.540229885057471,0.942528735632184,87
"CFA_Pyrenew-Pyrenew_HE_COVID",2026-06-20,0.523074735050974,0.609455559184043,2.42609829545455,0.273531873935753,1.02949286217078,1.014783907774,4.01704545454545,0.45475487086044,0.579545454545455,0.965909090909091,88
"CFA_Pyrenew-Pyrenew_HE_COVID",2026-06-27,0.46622408351587,0.500450187070059,2.55178731485905,0.242731464508241,0.823122176097626,0.865162045626737,3.81318681318681,0.382908222611839,0.571428571428571,0.956043956043956,91
"CFA_Pyrenew-Pyrenew_HE_COVID",2026-07-04,0.483601448152433,0.480924238344758,2.82540061784897,0.223623102971816,0.837953492887956,0.81479617771203,4.7,0.358213311016184,0.6,0.989473684210526,95
"CFA_Pyrenew-Pyrenew_HE_COVID",2026-07-11,0.439619709392999,0.423731468752418,2.68545747282609,0.207273639225381,0.546125446050629,0.659392272531903,3.96875,0.33802794814754,0.677083333333333,0.989583333333333,96
"CFA_Pyrenew-Pyrenew_HE_COVID",2026-07-18,0.462954035721608,0.48635749732595,2.99803039041704,0.232698051324386,0.452736189167913,0.656844553959952,4.21428571428571,0.37097050327615,0.63265306122449,0.938775510204082,98
"CFA_Pyrenew-Pyrenew_HE_COVID",2026-07-25,0.520355480746891,0.515394728567925,4.23428621694308,0.244043758535739,0.626467494861298,0.781087903488369,6.54123711340206,0.380427018568939,0.628865979381443,0.938144329896907,97
"CFA_Pyrenew-Pyrenew_HE_COVID",2026-08-01,0.431551449993429,0.481577216983441,3.92285750572082,0.217662504953413,0.471845606430422,0.642967640607945,6.11052631578947,0.348915028616327,0.652631578947368,0.957894736842105,95
"CFA_Pyrenew-Pyrenew_HE_COVID",2026-08-08,0.444747103103177,0.410353524544803,4.1768513134058,0.179834172222143,0.443871146364788,0.566097502141455,6.03125,0.26888615778619,0.71875,0.989583333333333,96
"CFA_Pyrenew-Pyrenew_HE_COVID",2026-08-15,0.820905227828402,0.500406125749492,7.1631043256433,0.210868357112077,0.797301329501683,0.614511270561115,10.8112244897959,0.348202658496448,0.5,0.969387755102041,98
"CFA_Pyrenew-Pyrenew_HE_COVID",2026-08-22,0.717215356468036,0.524998046606825,8.79888325862842,0.228941209200001,0.682292973473665,0.61780524338552,13.4845360824742,0.35314056240746,0.505154639175258,0.927835051546392,97
"CFA_Pyrenew-Pyrenew_HE_COVID",2026-08-29,0.352893413715123,0.431954259760256,8.72920412371134,0.235599385691136,0.357135849156031,0.456808433778879,13.4329896907216,0.351140761596813,0.515463917525773,0.896907216494845,97
"CFA_Pyrenew-Pyrenew_HE_COVID",2026-09-05,0.64555598281963,0.488343695533667,13.5310608995502,0.208777559064856,0.696509864849862,0.564565826717855,21.2103448275862,0.324278774997111,0.537931034482759,0.944827586206897,145
"CFA_Pyrenew-Pyrenew_HE_COVID",2026-09-12,0.979558960983555,0.517037959036555,20.7253108995502,0.217559387515691,1.08424081915559,0.692404424945526,31.2034482758621,0.336533074726094,0.489655172413793,0.896551724137931,145
"CFA_Pyrenew-Pyrenew_HE_COVID",2026-09-19,1.04045323715221,0.5730099410796,26.3599781023551,0.263462618019935,1.30192539989339,0.86561653763407,39.9479166666667,0.40611081411394,0.34375,0.833333333333333,96
"CFA_Pyrenew-Pyrenew_HE_COVID",2026-09-26,0.891117994085939,0.498191539139104,26.3199188405797,0.284650119724147,1.47733773429366,0.86729099598125,40.7291666666667,0.446576767927207,0.375,0.833333333333333,48
"CFA_Pyrenew-Pyrenew_HW_COVID",2025-03-15,1.28855084457986,1.02623726756535,21.106126744186,0.150905699317981,1.27445741001925,1.1469964217282,31.8720930232558,0.22804127036941,0.651162790697674,0.976744186046512,43
"CFA_Pyrenew-Pyrenew_HW_COVID",2025-03-22,1.46170197398582,1.13997002088253,20.7154712988442,0.186249790337939,1.25664790814327,1.20750744351026,26.2784810126582,0.253919879689494,0.683544303797468,0.987341772151899,79
"CFA_Pyrenew-Pyrenew_HW_COVID",2025-03-29,1.30647341081498,1.11522512800662,17.3330209165687,0.247382409114868,1.12090771542497,1.2740009988535,22.2027027027027,0.373233338740096,0.608108108108108,0.959459459459459,74
"CFA_Pyrenew-Pyrenew_HW_COVID",2025-04-05,1.11968797264128,0.996538475169235,14.7657299710145,0.213334978002155,0.990847553972106,1.13517163735578,19.06,0.300960090853244,0.626666666666667,0.973333333333333,75
"CFA_Pyrenew-Pyrenew_HW_COVID",2025-04-12,0.991232460365969,0.907651625258721,11.7920931594203,0.191320157120654,0.954621838481926,1.12178314363619,17.3666666666667,0.297400733893652,0.6,1,75
"CFA_Pyrenew-Pyrenew_HW_COVID",2025-04-19,1.14226875874274,0.963118452249613,13.3852309859155,0.219052854493681,1.1823425372829,1.30994174487751,20.3028169014085,0.340465227870516,0.591549295774648,0.957746478873239,71
"CFA_Pyrenew-Pyrenew_HW_COVID",2025-04-26,1.25537331459436,1.02378418746755,15.4495395580898,0.299078366029828,1.4342294708927,1.44485405059267,24.4754098360656,0.479204404493182,0.426229508196721,0.918032786885246,61
"CFA_Pyrenew-Pyrenew_HW_COVID",2025-05-03,0.889304319352471,0.811200121175524,6.47409503780718,0.219415199038055,0.976852350162778,1.15123940836876,9.48913043478261,0.336609931883051,0.608695652173913,0.978260869565217,46
"CFA_Pyrenew-Pyrenew_HW_COVID",2025-05-10,0.710290846102584,0.66329257346021,5.76721364477336,0.198221903078101,0.81169606475237,0.942987748919436,8.80851063829787,0.31631532833916,0.574468085106383,0.978723404255319,47
"CFA_Pyrenew-Pyrenew_HW_COVID",2025-05-17,0.854768587828347,0.744050236370669,7.74106268115942,0.245012051090361,1.01722341652018,1.05586902461621,12.5083333333333,0.398849287838506,0.416666666666667,0.983333333333333,60
"CFA_Pyrenew-Pyrenew_HW_COVID",2025-05-24,0.722240739003902,0.744232286892344,9.03727565789474,0.241353959741889,0.810729788509338,1.05574153658524,13.1842105263158,0.37647298103114,0.552631578947368,0.960526315789474,76
"CFA_Pyrenew-Pyrenew_HW_COVID",2025-05-31,0.856657388838478,0.711968620151981,12.2237516908213,0.217769724560259,0.91526775966799,1.10074847548312,16.1944444444444,0.319958214839923,0.611111111111111,0.933333333333333,90
"CFA_Pyrenew-Pyrenew_HW_COVID",2025-06-07,0.966139150912886,0.743307442242143,10.7919010628019,0.230890805868774,1.23785919492014,1.24167525616652,15.7833333333333,0.359829245102646,0.611111111111111,0.933333333333333,90
"CFA_Pyrenew-Pyrenew_HW_COVID",2025-06-14,1.06177755648607,0.72371563506883,13.0930525647289,0.227580917467236,1.40131202849128,1.21692582159064,20.2022471910112,0.362247905894795,0.573033707865168,0.955056179775281,89
"CFA_Pyrenew-Pyrenew_HW_COVID",2025-06-21,0.90677470826406,0.674017758676313,12.8973881400966,0.246001673051293,1.14038800443258,1.06914895820059,18.8166666666667,0.380975048629681,0.522222222222222,0.933333333333333,90
"CFA_Pyrenew-Pyrenew_HW_COVID",2025-06-28,0.898867085025674,0.780752025857664,11.0409129001433,0.274904931064897,1.10939996771994,1.23117350139031,17.3956043956044,0.433673303646237,0.483516483516484,0.945054945054945,91
"CFA_Pyrenew-Pyrenew_HW_COVID",2025-07-05,0.803985653210969,0.777052452040278,9.49603715192965,0.282922431472771,1.07583594622422,1.13004177056981,15.4494382022472,0.448129114320327,0.49438202247191,0.966292134831461,89
"CFA_Pyrenew-Pyrenew_HW_COVID",2025-07-12,0.876197273017982,0.736212888557538,12.3079806077075,0.250168549179274,1.03380171319274,1.07329325987804,19.0511363636364,0.388962094638707,0.568181818181818,0.897727272727273,88
"CFA_Pyrenew-Pyrenew_HW_COVID",2025-07-19,0.820665381929887,0.690192116039224,12.3354344202899,0.253063859284448,0.90593709375935,0.922069594495992,18.9777777777778,0.385608824653276,0.477777777777778,0.944444444444444,90
"CFA_Pyrenew-Pyrenew_HW_COVID",2025-07-26,0.820663324106208,0.650109726633134,14.0104870043,0.198602833538095,0.831736673104057,0.857131240187226,20.3791208791209,0.300464350733225,0.637362637362637,0.956043956043956,91
"CFA_Pyrenew-Pyrenew_HW_COVID",2025-08-02,0.750493586737605,0.693350948163745,17.1503632584806,0.240926657724779,0.847038526636605,0.885918357643468,28.3736263736264,0.390308600641494,0.406593406593407,0.923076923076923,91
"CFA_Pyrenew-Pyrenew_HW_COVID",2025-08-09,0.685012663912788,0.640637638146102,18.484428307123,0.25213708822951,0.718354143933769,0.736620182868636,29.5904255319149,0.401102229091907,0.393617021276596,0.904255319148936,94
"CFA_Pyrenew-Pyrenew_HW_COVID",2025-08-16,0.669241474983679,0.615180789694502,20.0488136548913,0.220218611560778,0.693881274265176,0.715895609952967,30.7447916666667,0.347478297910413,0.46875,0.916666666666667,96
"CFA_Pyrenew-Pyrenew_HW_COVID",2025-08-23,0.728391054778788,0.633723865860411,26.1887114130435,0.196865931356044,0.788348055103781,0.734742260226344,40.28125,0.314642344604965,0.489583333333333,0.947916666666667,96
"CFA_Pyrenew-Pyrenew_HW_COVID",2025-08-30,0.61786201597752,0.584449138812943,24.1976598731884,0.155266291171616,0.677004856182643,0.643553050390864,37.3020833333333,0.240767062259742,0.541666666666667,0.958333333333333,96
"CFA_Pyrenew-Pyrenew_HW_COVID",2025-09-06,0.730588180925901,0.685635731925174,26.0746717617754,0.191290424989153,0.745708081994259,0.749839122610618,38.84375,0.296380982759138,0.541666666666667,0.927083333333333,96
"CFA_Pyrenew-Pyrenew_HW_COVID",2025-09-13,1.52898071801657,0.837276380449731,33.9423782608696,0.201050997472211,1.48765937148137,0.916112380284088,52.1458333333333,0.316909197584957,0.458333333333333,0.958333333333333,96
"CFA_Pyrenew-Pyrenew_HW_COVID",2025-09-20,1.08026409325332,0.819872206459741,25.7783970251716,0.18242103890725,1.03519234645308,0.91000835335984,39.1263157894737,0.282560920633584,0.547368421052632,0.91578947368421,95
"CFA_Pyrenew-Pyrenew_HW_COVID",2025-09-27,1.02837540328155,0.951028341841539,23.9097038672769,0.166873671152158,1.04588722772883,1.07990573096556,35.0157894736842,0.255731464917514,0.621052631578947,0.936842105263158,95
"CFA_Pyrenew-Pyrenew_HW_COVID",2025-10-04,0.991760761664892,0.986583738144361,31.971462182971,0.223771835971786,0.98604712459999,1.00296659646009,47.3854166666667,0.336852897431902,0.416666666666667,0.916666666666667,48
"CFA_Pyrenew-Pyrenew_HW_COVID",2025-11-22,1.125920697125,0.951791934985144,10.6426499516908,0.226757154140281,1.30402863412691,1.10752088903929,16.6222222222222,0.354796459222206,0.488888888888889,0.933333333333333,45
"CFA_Pyrenew-Pyrenew_HW_COVID",2025-11-29,0.983140533914647,0.908654616533446,11.071309486166,0.238726485469644,0.97036196458357,1.03293423582822,17.0738636363636,0.39623313682967,0.488636363636364,0.954545454545455,88
"CFA_Pyrenew-Pyrenew_HW_COVID",2025-12-06,1.07748467009696,1.01266086088885,15.5072945904954,0.310570409233065,1.14707427418991,1.22796742944764,25.1686046511628,0.495770189560219,0.337209302325581,0.883720930232558,86
"CFA_Pyrenew-Pyrenew_HW_COVID",2025-12-13,1.01196611230661,0.980120051309018,16.2599882097187,0.306322846710186,1.02752176019042,1.21978854383352,25.1235294117647,0.478315406323071,0.423529411764706,0.882352941176471,85
"CFA_Pyrenew-Pyrenew_HW_COVID",2025-12-20,0.836574202529447,0.810714656632599,21.4575923913043,0.285340252474716,0.797243675635108,0.991148437489327,32.9166666666667,0.450724295729564,0.5,0.976190476190476,42
"CFA_Pyrenew-Pyrenew_H_COVID",2025-01-11,1.63922434517088,1.19486401905542,104.089764409938,0.293334425695821,1.54509562465858,1.19143489828304,145.185714285714,0.433334530322206,0.285714285714286,0.714285714285714,35
"CFA_Pyrenew-Pyrenew_H_COVID",2025-01-18,2.03696231202872,1.38351994806455,88.9407448402305,0.235995503852952,1.92989560115351,1.45168491248422,132.180722891566,0.367049165764097,0.542168674698795,0.891566265060241,83
"CFA_Pyrenew-Pyrenew_H_COVID",2025-01-25,1.45048575792195,1.29374072784463,43.3577541213768,0.190032313270604,1.30985183563825,1.26296914336189,60.40625,0.277030585491911,0.729166666666667,1,48
"CFA_Pyrenew-Pyrenew_H_COVID",2025-02-01,1.70468531589695,1.59928100977442,43.3291018189885,0.238412447253153,1.67398381683621,1.70309003591344,65.3673469387755,0.367250582211563,0.285714285714286,0.816326530612245,49
"CFA_Pyrenew-Pyrenew_H_COVID",2025-02-08,1.3542404832549,1.50187529582299,40.6712459849157,0.256576806593785,1.32342072853338,1.59666922401284,64.515306122449,0.412135844707783,0.438775510204082,0.918367346938776,98
"CFA_Pyrenew-Pyrenew_H_COVID",2025-02-15,1.39841900571522,1.23764945246751,33.2599926714478,0.187160039243485,1.36512297089905,1.3212109992961,50.2938144329897,0.289018702324061,0.577319587628866,0.989690721649485,97
"CFA_Pyrenew-Pyrenew_H_COVID",2025-02-22,1.37817418315348,1.18994170793197,26.1328844016136,0.167998321395346,1.32090253449785,1.37209064786723,36.5927835051546,0.254821536032919,0.742268041237113,0.979381443298969,97
"CFA_Pyrenew-Pyrenew_H_COVID",2025-03-01,1.40104023020702,1.16611582986518,31.8144354259095,0.211625576249589,1.38926292788954,1.28404705738167,48.5765306122449,0.331403076544705,0.530612244897959,0.948979591836735,98
"CFA_Pyrenew-Pyrenew_H_COVID",2025-03-08,1.33895901014973,1.23903704143594,28.1650346481398,0.213383477919312,1.33162831900406,1.41361082382248,43,0.328978598125386,0.525773195876289,0.979381443298969,97
"CFA_Pyrenew-Pyrenew_H_COVID",2025-03-15,1.27614706693106,1.1551973854149,24.8432876736889,0.191022375787237,1.34461999736942,1.36099059434253,38.3969072164948,0.299428147686532,0.587628865979381,0.979381443298969,97
"CFA_Pyrenew-Pyrenew_H_COVID",2025-03-22,1.31426897592446,1.17511400915989,26.3519433895297,0.197682260562961,1.25962958089899,1.34867103185187,36.0255102040816,0.289662985445417,0.591836734693878,0.969387755102041,98
"CFA_Pyrenew-Pyrenew_H_COVID",2025-03-29,1.19720552691299,1.16343416366372,29.7784556122449,0.258727505915579,1.19509840862613,1.34818479734488,42.9744897959184,0.39229666135987,0.571428571428571,0.918367346938776,98
"CFA_Pyrenew-Pyrenew_H_COVID",2025-04-05,1.03957767053861,1.0176548991563,19.1480725459435,0.209568573074831,1.01773456545618,1.24948178611383,27.4536082474227,0.318258846232643,0.597938144329897,0.969072164948454,97
"CFA_Pyrenew-Pyrenew_H_COVID",2025-04-12,1.01291961335591,0.894336374968785,20.1281073285522,0.199609058886149,0.984999140265036,1.09288106498096,29.9123711340206,0.30494055399006,0.525773195876289,0.969072164948454,97
"CFA_Pyrenew-Pyrenew_H_COVID",2025-04-19,1.19388976947547,0.977203560634279,22.3291261313221,0.23285143904608,1.28182577973226,1.34621818525481,34.6938775510204,0.365638483638946,0.459183673469388,0.938775510204082,98
"CFA_Pyrenew-Pyrenew_H_COVID",2025-04-26,1.24731113014767,1.07573146976182,19.2186351153505,0.274447479230567,1.46688542032023,1.56179304867749,31.4132653061224,0.45090901642529,0.336734693877551,0.918367346938776,98
"CFA_Pyrenew-Pyrenew_H_COVID",2025-05-03,0.905465943514122,0.861816917464675,12.2169668811003,0.207852686348064,1.01981837620333,1.22389782617587,18.0255102040816,0.32113471650141,0.551020408163265,0.959183673469388,98
"CFA_Pyrenew-Pyrenew_H_COVID",2025-05-10,0.77191994245183,0.768127925570729,10.7053764196983,0.19386930873558,0.87838744162575,1.07005115985461,16.5051020408163,0.298265030289984,0.581632653061224,0.959183673469388,98
"CFA_Pyrenew-Pyrenew_H_COVID",2025-05-17,0.841994965266298,0.857265198358623,11.4215396628216,0.241205074916793,0.992017804632744,1.20055277059463,18.3928571428571,0.384821157208334,0.448979591836735,0.938775510204082,98
"CFA_Pyrenew-Pyrenew_H_COVID",2025-05-24,0.862991706752162,0.774075725644573,12.3807339396628,0.240153173835389,0.983107992301662,1.13249901021064,18.3928571428571,0.386806230507271,0.489795918367347,0.938775510204082,98
"CFA_Pyrenew-Pyrenew_H_COVID",2025-05-31,1.07080382972544,0.80058990685873,15.5283126220053,0.245282043729045,1.28768433268049,1.33695491698748,23.530612244898,0.391920959450145,0.448979591836735,0.918367346938776,98
"CFA_Pyrenew-Pyrenew_H_COVID",2025-06-07,1.04403780429803,0.784827250465426,12.2907905279503,0.246390004989347,1.4391017027801,1.31606511214508,19.2142857142857,0.383356784728479,0.479591836734694,0.908163265306122,98
"CFA_Pyrenew-Pyrenew_H_COVID",2025-06-14,0.988528674673839,0.734663994188155,12.2306211682038,0.240250419082382,1.24288555427791,1.18749898642618,18.0050505050505,0.368863229445678,0.484848484848485,0.939393939393939,99
"CFA_Pyrenew-Pyrenew_H_COVID",2025-06-21,1.00625819630844,0.884166460869051,13.6896448043478,0.315389985575466,1.30805662628024,1.39233381700058,20.6,0.483664913384169,0.4,0.86,100
"CFA_Pyrenew-Pyrenew_H_COVID",2025-06-28,0.96626302218996,0.880712765917455,11.8445949347826,0.303625106648577,1.2209262260611,1.40224111666482,19.175,0.484916155712724,0.39,0.9,100
"CFA_Pyrenew-Pyrenew_H_COVID",2025-07-05,0.791253060818377,0.815960350617611,9.77759163043478,0.282979655459873,1.00422862849074,1.16724081027574,15.305,0.442452311100127,0.48,0.89,100
"CFA_Pyrenew-Pyrenew_H_COVID",2025-07-12,0.900890818672231,0.824076167660267,14.9462955652174,0.280723606384732,1.02336826249624,1.22054702705703,22.44,0.443546253788471,0.41,0.84,100
"CFA_Pyrenew-Pyrenew_H_COVID",2025-07-19,0.870853211234897,0.868585707577035,14.3474897173913,0.313421328473265,1.0055328733656,1.20483331991598,23.09,0.49383716510096,0.31,0.9,100
"CFA_Pyrenew-Pyrenew_H_COVID",2025-07-26,0.869777263911488,0.855158702364324,15.3646376521739,0.256528069241297,0.91935688985054,1.15013706862918,23.295,0.394721225986254,0.5,0.89,100
"CFA_Pyrenew-Pyrenew_H_COVID",2025-08-02,0.824889445678848,0.806092374744286,19.5138477173913,0.273903387911292,0.8905597368187,0.997500468268546,30.64,0.428496369740298,0.38,0.86,100
"CFA_Pyrenew-Pyrenew_H_COVID",2025-08-09,0.706831016047723,0.726968056108327,18.9128892595781,0.278536164819802,0.738697684199312,0.846203213046621,30.2524752475248,0.447435589123649,0.316831683168317,0.900990099009901,101
"CFA_Pyrenew-Pyrenew_H_COVID",2025-08-16,0.633129384021129,0.682348045334515,18.7831663043478,0.23803296530904,0.679849418815467,0.775942589285993,29.8774509803922,0.367226378051293,0.450980392156863,0.892156862745098,102
"CFA_Pyrenew-Pyrenew_H_COVID",2025-08-23,0.593149760523837,0.680745367366644,21.130042625746,0.207708833688565,0.663472081484944,0.768211087928075,33.4362745098039,0.323455554057895,0.470588235294118,0.931372549019608,102
"CFA_Pyrenew-Pyrenew_H_COVID",2025-08-30,0.575753987407409,0.652670445942566,21.9202587387,0.176322516908249,0.620955826055436,0.706055128595095,33,0.269512080389324,0.534653465346535,0.940594059405941,101
"CFA_Pyrenew-Pyrenew_H_COVID",2025-09-06,0.67984172203487,0.74819726485127,24.4951374730951,0.208163985891377,0.718459804575899,0.810495705899708,37.5990099009901,0.32016445129905,0.485148514851485,0.900990099009901,101
"CFA_Pyrenew-Pyrenew_H_COVID",2025-09-13,0.985434917213695,0.863636904223461,22.2556193734015,0.210233271884931,0.958177118228685,0.932165493389689,34.0196078431373,0.326172491650059,0.470588235294118,0.901960784313726,102
"CFA_Pyrenew-Pyrenew_H_COVID",2025-09-20,1.00885943089868,0.866420332954658,23.3819337382779,0.190860329115069,0.987964983900159,0.973566670410386,36.1960784313725,0.299783626360091,0.53921568627451,0.931372549019608,102
"CFA_Pyrenew-Pyrenew_H_COVID",2025-09-27,0.867700518136465,0.916433045459848,20.1205291346974,0.161412599827025,0.946193676440566,1.07318614379537,31.5833333333333,0.255654733253414,0.549019607843137,0.980392156862745,102
"CFA_Pyrenew-Pyrenew_H_COVID",2025-10-04,0.855820003509524,0.979481167428554,27.0722960358056,0.219429636487623,0.882093854702259,1.00942722483108,41.656862745098,0.337091637606549,0.470588235294118,0.92156862745098,51
"CFA_Pyrenew-Pyrenew_H_COVID",2025-11-22,1.0994859221117,0.963068389925497,10.1075601449275,0.224691784879656,1.26793347234599,1.11275913106345,15.7395833333333,0.349259058859946,0.4375,0.854166666666667,48
"CFA_Pyrenew-Pyrenew_H_COVID",2025-11-29,0.932108859823092,0.898505672114448,10.747454076087,0.244810222844548,1.01906993002307,1.10835010231784,16.671875,0.399696523835395,0.447916666666667,0.958333333333333,96
"CFA_Pyrenew-Pyrenew_H_COVID",2025-12-06,1.06161649755688,0.968300919589191,16.2276678619453,0.296189458274929,1.12357033446967,1.16672252317944,26.3865979381443,0.470690569533766,0.288659793814433,0.896907216494845,97
"CFA_Pyrenew-Pyrenew_H_COVID",2025-12-13,0.994442564252684,0.914928413609889,16.2865430524429,0.274710235910519,0.969327481680713,1.09665625425631,24.6082474226804,0.419106365519768,0.463917525773196,0.88659793814433,97
"CFA_Pyrenew-Pyrenew_H_COVID",2025-12-20,0.883820542948877,0.833496100169404,20.8931860562143,0.259387459514813,0.804367231817922,0.976926944335678,31.0353535353535,0.402598111497384,0.393939393939394,0.878787878787879,99
"CFA_Pyrenew-Pyrenew_H_COVID",2025-12-27,0.832059316290399,0.789250070837814,34.5143519273868,0.320974113123149,0.846615358836355,0.893360463293936,53.4536082474227,0.505005021523472,0.288659793814433,0.804123711340206,97
"CFA_Pyrenew-Pyrenew_H_COVID",2026-01-03,0.61688651629992,0.627676988769375,30.8340213228492,0.221237765362053,0.696269825624537,0.740504460651794,49.5531914893617,0.352903403038254,0.393617021276596,0.946808510638298,94
"CFA_Pyrenew-Pyrenew_H_COVID",2026-01-10,1.11878345719026,0.800430283832524,28.5685826086957,0.178595191360559,1.09893387287507,0.892656681622229,44.2777777777778,0.285402273131745,0.434343434343434,0.95959595959596,99
"CFA_Pyrenew-Pyrenew_H_COVID",2026-01-17,1.74066298064528,1.1070965276084,41.1719540707587,0.234299902723183,1.66501145224972,1.21985389800931,63.6813725490196,0.373854956449224,0.411764705882353,0.901960784313726,102
"CFA_Pyrenew-Pyrenew_H_COVID",2026-01-24,1.3512228571439,1.2810122754186,21.2128008951407,0.213803104016767,1.37413886141307,1.47878315247681,31.0294117647059,0.322345780033837,0.519607843137255,0.92156862745098,102
"CFA_Pyrenew-Pyrenew_H_COVID",2026-01-31,2.27089786930438,1.72762209597946,26.3812927109974,0.284647509217404,2.56346767989701,2.15337616061807,40.3725490196078,0.449868817822074,0.294117647058824,0.862745098039216,102
"CFA_Pyrenew-Pyrenew_H_COVID",2026-02-07,1.68490693035996,1.40290926873919,23.2539575873828,0.268323535361912,1.82456533399847,1.77067079073781,35.4705882352941,0.419013617588855,0.392156862745098,0.892156862745098,102
"CFA_Pyrenew-Pyrenew_H_COVID",2026-02-14,1.29349237869558,1.165401649934,19.7248773870418,0.224575121940215,1.33864515834725,1.38988603570736,30.8186274509804,0.346789377980717,0.382352941176471,0.911764705882353,102
"CFA_Pyrenew-Pyrenew_H_COVID",2026-02-21,1.41186106392271,1.20790703503317,20.451100673913,0.233093754583211,1.51632951196118,1.48101095968947,31.95,0.361884566514914,0.51,0.93,100
"CFA_Pyrenew-Pyrenew_H_COVID",2026-02-28,1.32499852345654,1.15648746918991,15.7091598043478,0.19404058754575,1.51706061765055,1.52472674808992,24.13,0.298236145415045,0.51,0.96,100
"CFA_Pyrenew-Pyrenew_H_COVID",2026-03-07,1.2868726268115,1.13749669545161,15.2253911764706,0.178289814187309,1.42483529381194,1.37510305498561,24.2696078431373,0.289167098410157,0.509803921568627,0.980392156862745,102
"CFA_Pyrenew-Pyrenew_H_COVID",2026-03-14,1.04616255925465,0.966297415574585,11.5546738913043,0.168599809149995,1.08043239525632,1.10598596464062,17.305,0.256777615351351,0.7,0.97,100
"CFA_Pyrenew-Pyrenew_H_COVID",2026-03-21,1.10232590178126,0.958548470901069,13.1263755869565,0.21551276504144,1.15642337213129,1.07099415780388,19.33,0.32000093202524,0.62,0.92,100
"CFA_Pyrenew-Pyrenew_H_COVID",2026-03-28,0.713243741500148,0.781137814813017,14.5605828005115,0.31106279883745,0.684374740067124,0.870465062027216,20.5588235294118,0.466545021539623,0.42156862745098,0.852941176470588,102
"CFA_Pyrenew-Pyrenew_H_COVID",2026-04-04,0.835713111772833,0.794080986699455,12.5925618712702,0.30047480248719,0.775912372651227,0.842393282890628,18.4166666666667,0.453061752283682,0.470588235294118,0.872549019607843,102
"CFA_Pyrenew-Pyrenew_H_COVID",2026-04-11,1.13861095926545,0.977619490850845,8.68505603154305,0.31585782572173,1.26214334642674,1.16882530424827,13.4460784313725,0.484655143805659,0.46078431372549,0.882352941176471,102
"CFA_Pyrenew-Pyrenew_H_COVID",2026-04-18,1.25172806993974,1.09609374687561,9.29712632139812,0.37931250375973,1.49067022845318,1.53135613691393,13.9117647058824,0.59792496344887,0.382352941176471,0.852941176470588,102
"CFA_Pyrenew-Pyrenew_H_COVID",2026-04-25,1.18250018515065,1.14845386170343,10.1403299445865,0.502302957504057,1.57220704606567,1.59069501656102,15.4803921568627,0.757218584132296,0.303921568627451,0.764705882352941,102
"CFA_Pyrenew-Pyrenew_H_COVID",2026-05-02,1.10948762535456,0.963941097915539,7.71006736999148,0.351323707185449,1.66445865213936,1.45564272913533,12.1617647058824,0.54330831273455,0.480392156862745,0.911764705882353,102
"CFA_Pyrenew-Pyrenew_H_COVID",2026-05-09,1.30778560664271,0.922287083720322,9.40738105285592,0.325760510215098,1.85642645069491,1.39826576727813,13.8725490196078,0.488988597049856,0.549019607843137,0.941176470588235,102
"CFA_Pyrenew-Pyrenew_H_COVID",2026-05-16,0.763483083261343,0.661673642324977,5.84933113810742,0.269848325889246,1.06072571227864,1.06828333419411,8.62745098039216,0.415495922170506,0.637254901960784,0.941176470588235,102
"CFA_Pyrenew-Pyrenew_H_COVID",2026-05-23,0.871316835761542,0.742263238189192,5.43799863597613,0.307559677104036,1.33800450105182,1.16433174123817,8.52450980392157,0.481906662361043,0.53921568627451,0.970588235294118,102
"CFA_Pyrenew-Pyrenew_H_COVID",2026-05-30,0.693387999580097,0.681576393364043,4.20916280903666,0.29558688260902,1.02065410047168,0.964878802689123,6.4656862745098,0.472786239618663,0.627450980392157,0.950980392156863,102
"CFA_Pyrenew-Pyrenew_H_COVID",2026-06-06,0.714609225535791,0.672231828146722,3.6639,0.25683828094416,1.12118709154929,1.01889742077143,5.48529411764706,0.403959078005967,0.715686274509804,0.950980392156863,102
"CFA_Pyrenew-Pyrenew_H_COVID",2026-06-13,0.848944229225246,0.807007602130483,4.20447610826939,0.348135811104121,1.66461564550721,1.34140563421388,6.71078431372549,0.554639182162519,0.5,0.950980392156863,102
"CFA_Pyrenew-Pyrenew_H_COVID",2026-06-20,0.737330977438598,0.793286008335676,3.67945803495311,0.345010036974045,1.39795400986485,1.28050257165072,5.78921568627451,0.550066505708558,0.509803921568627,0.950980392156863,102
"CFA_Pyrenew-Pyrenew_H_COVID",2026-06-27,0.632365702907029,0.68359963291175,3.4839776001705,0.32423267432705,1.18588800378232,1.27739902849362,5.43627450980392,0.548781466456132,0.5,0.970588235294118,102
"CFA_Pyrenew-Pyrenew_H_COVID",2026-07-04,0.769186095926837,0.698346380785228,4.23410460358056,0.314870805401933,1.18553648307959,1.19120493569165,6.28921568627451,0.516209614431903,0.568627450980392,0.941176470588235,102
"CFA_Pyrenew-Pyrenew_H_COVID",2026-07-11,0.830930901363401,0.754199720035129,4.53447512787724,0.335160088644764,1.04975620014638,1.15987364203712,6.80392156862745,0.5360705573126,0.490196078431373,0.92156862745098,102
"CFA_Pyrenew-Pyrenew_H_COVID",2026-07-18,0.845605417584115,0.753246402715858,4.89693324808184,0.323122762529045,1.04313343962129,1.18509318411841,7.94607843137255,0.54970178470603,0.57843137254902,0.950980392156863,102
"CFA_Pyrenew-Pyrenew_H_COVID",2026-07-25,0.800504014535316,0.713185171865564,6.15252348678602,0.320787881463195,0.933028034647738,1.11616952350936,9.14705882352941,0.515381240097991,0.5,0.941176470588235,102
"CFA_Pyrenew-Pyrenew_H_COVID",2026-08-01,0.836697240932671,0.816367949650696,6.90025080988917,0.353745620574008,0.911149469844399,1.07531815232603,10.8529411764706,0.566859892767266,0.470588235294118,0.911764705882353,102
"CFA_Pyrenew-Pyrenew_H_COVID",2026-08-08,0.709162153757937,0.612505955955644,5.98687521312873,0.24597686619998,0.725809304825867,0.843381838752807,8.82352941176471,0.364746323704749,0.647058823529412,0.980392156862745,102
"CFA_Pyrenew-Pyrenew_H_COVID",2026-08-15,0.80306004486007,0.674006604715284,7.18306037936914,0.311993997711339,0.766419354945249,0.800739424898393,10.5735294117647,0.493785877315406,0.558823529411765,0.941176470588235,102
"CFA_Pyrenew-Pyrenew_H_COVID",2026-08-22,0.772426925085169,0.690801807252437,8.64488118073316,0.289883504812499,0.712419014423109,0.785147894049646,12.8921568627451,0.43254430312066,0.568627450980392,0.950980392156863,102
"CFA_Pyrenew-Pyrenew_H_COVID",2026-08-29,0.819748466291632,0.67939902245198,16.9751697570332,0.307591854279551,0.882067297443962,0.825160959868339,26.2058823529412,0.500120412952476,0.480392156862745,0.92156862745098,102
"CFA_Pyrenew-Pyrenew_H_COVID",2026-09-05,0.912381755375055,0.78570555360537,19.4128746660983,0.342514203440061,0.950492927025293,0.924528363172134,29.3692810457516,0.545055001536182,0.490196078431373,0.947712418300654,153
"CFA_Pyrenew-Pyrenew_H_COVID",2026-09-12,1.09013673705734,0.702558468813073,22.4073582551861,0.296826798730957,1.22733178991202,0.963529569126329,34.4248366013072,0.474652307974003,0.549019607843137,0.980392156862745,153
"CFA_Pyrenew-Pyrenew_H_COVID",2026-09-19,0.980056767805525,0.702405944432037,24.2527174978687,0.349778088143124,1.25528043984622,1.09634274469094,37.1960784313725,0.553574839881653,0.490196078431373,0.970588235294118,102
"CFA_Pyrenew-Pyrenew_H_COVID",2026-09-26,0.843811102135405,0.646968689219735,25.667086743393,0.394401053819034,1.32708820469188,1.12064722416518,36.9509803921569,0.608715347493953,0.588235294117647,0.96078431372549,51
"CMU-TimeSeries",2024-11-30,2.27717189432442,1.3725076153185,51.4576322775894,0.264889335252328,1.88594606432412,1.27486938644298,60.3392041320755,0.354328989639427,0.192307692307692,0.961538461538462,52
"CMU-TimeSeries",2024-12-07,1.76072773544412,0.917547678824941,52.4951532506252,0.240412216227504,1.32430347017478,0.902673972220777,57.4794079913796,0.324713764093961,0.394230769230769,0.990384615384615,104
"CMU-TimeSeries",2024-12-14,1.47487401000404,0.859006351308693,58.2379313404787,0.230971395586272,1.4003937645941,0.948610935598034,75.8654900162868,0.347137881282137,0.480769230769231,0.993589743589744,156
"CMU-TimeSeries",2024-12-21,1.26275420398342,0.81726713071126,68.0206128711854,0.249789943847866,1.39959540893588,0.977818123167604,99.2187500236653,0.401381011778644,0.725961538461538,0.975961538461538,208
"CMU-TimeSeries",2024-12-28,0.681619345651286,0.524990515380699,64.2682752222387,0.241220537370428,0.83721517495267,0.670010952769184,96.983981678764,0.397056927703506,0.658653846153846,0.947115384615385,208
"CMU-TimeSeries",2025-01-04,0.563597263146763,0.507530964238961,78.8958525470402,0.276231286880169,0.813274063232443,0.725520699544089,137.232935593889,0.502435069077138,0.423076923076923,0.908653846153846,208
"CMU-TimeSeries",2025-01-11,0.92936315510472,0.689275850587157,61.508988745842,0.210895890259547,0.906584365496727,0.770895729054715,84.1635470796935,0.331117745220789,0.649038461538462,0.899038461538462,208
"CMU-TimeSeries",2025-01-18,1.47543777649623,1.04817385486471,67.2704014914218,0.225150246882205,1.35630495741203,1.08605350700959,92.7243381924921,0.338358821775554,0.514423076923077,0.894230769230769,208
"CMU-TimeSeries",2025-01-25,1.98180297708696,1.45567847049862,97.2056478419507,0.322935711374519,1.88115212706663,1.45790927806936,144.46875946813,0.485642584709275,0.192307692307692,0.794871794871795,156
"CMU-TimeSeries",2025-02-01,1.93156591439465,1.40772429621256,104.639557182875,0.354330891855647,1.99287467027245,1.5119119820526,159.564294469389,0.541513448966389,0.259615384615385,0.798076923076923,104
"CMU-TimeSeries",2025-02-08,1.27156329029917,1.05621751640375,44.2229259527302,0.214469810653322,1.31873298797797,1.18499730204927,66.828407198525,0.335154722258,0.538461538461538,0.932692307692308,104
"CMU-TimeSeries",2025-02-15,1.27619950221547,1.10060074858808,31.4904611053474,0.191449778702537,1.23121135126912,1.19243968898739,47.0595136914013,0.303309378827493,0.5,0.942307692307692,104
"CMU-TimeSeries",2025-02-22,1.16412526028274,0.912932074925102,25.5825159690906,0.156397857929627,1.16054990623487,1.09780822442491,37.3690535751922,0.250424309162621,0.641025641025641,0.980769230769231,156
"CMU-TimeSeries",2025-03-01,1.08328561691778,0.882829931034546,28.465705695107,0.190905298358666,1.04432050664831,0.966056363269329,40.9748240725834,0.29139179110352,0.543269230769231,0.932692307692308,208
"CMU-TimeSeries",2025-03-08,0.996083063583726,0.866214628292021,24.4626431660048,0.172269448345523,0.967424231215131,1.02048180203443,36.0292888571721,0.268963690561323,0.5625,0.947115384615385,208
"CMU-TimeSeries",2025-03-15,0.956503800885155,0.900567585916537,22.4153203624314,0.185538393466935,1.02145099225765,1.09181302923809,34.677499908673,0.293226088189758,0.461538461538462,0.942307692307692,208
"CMU-TimeSeries",2025-03-22,0.938500134943037,0.775506461253519,21.5673008394726,0.160769023687554,0.927240682602284,0.924198329767818,31.3649446826848,0.247000072096671,0.576923076923077,0.961538461538462,208
"CMU-TimeSeries",2025-03-29,0.853797037700133,0.688552226471202,22.1933668259842,0.161276295341474,0.796178870850566,0.758755207406804,30.4377178811271,0.232752320697142,0.634615384615385,0.947115384615385,208
"CMU-TimeSeries",2025-04-05,0.776256022498008,0.647950099732879,17.0507025987618,0.154029545779064,0.772982580260955,0.783644504971652,24.8809890939299,0.231123543149311,0.567307692307692,0.961538461538462,208
"CMU-TimeSeries",2025-04-12,0.688166702226114,0.647050996951319,16.8901001971317,0.171054066741405,0.652261804332098,0.788273014793718,24.6927412838862,0.260601104816285,0.576923076923077,0.961538461538462,208
"CMU-TimeSeries",2025-04-19,0.790810710532758,0.706327750664438,16.1403422657283,0.192019844940694,0.786781804825073,0.918950697705986,23.7193070511056,0.289881483980912,0.524038461538462,0.947115384615385,208
"CMU-TimeSeries",2025-04-26,0.864513136358975,0.802103711755,14.9568691614797,0.220938955784722,0.95225206014944,1.09769711474854,23.1845959667495,0.341301641199166,0.461538461538462,0.908653846153846,208
"CMU-TimeSeries",2025-05-03,0.684150846055516,0.649000784851683,11.3570255610713,0.184838219572327,0.759461552370128,0.924506611014926,16.6264416248494,0.282728681165516,0.509615384615385,0.975961538461538,208
"CMU-TimeSeries",2025-05-10,0.627868045230272,0.66013799460656,10.4956101443804,0.198192079118308,0.679149877504565,0.874113064336751,15.7767008796451,0.291508222475354,0.576923076923077,0.942307692307692,208
"CMU-TimeSeries",2025-05-17,0.734744506819128,0.738975636176828,11.7365642066944,0.236289254358405,0.835898990163869,1.00891495419112,18.1354998653145,0.360941640025621,0.413461538461538,0.951923076923077,208
"CMU-TimeSeries",2025-05-24,0.747328470394323,0.70310943519099,12.1115875422458,0.233866204026781,0.902845812539645,0.964269309234016,19.4421428538719,0.353149880339731,0.490384615384615,0.927884615384615,208
"CMU-TimeSeries",2025-05-31,0.846764430134436,0.718942799136536,13.4670301018405,0.248607991351033,1.07378012247333,1.15422304151079,21.6462482412,0.384319500692236,0.384615384615385,0.918269230769231,208
"CMU-TimeSeries",2025-06-07,0.91470080361945,0.73548247346868,13.2978257113707,0.26517082847801,1.27707443664109,1.21342905684434,21.2506537943129,0.410666734901477,0.384615384615385,0.899038461538462,208
"CMU-TimeSeries",2025-06-14,0.798003602095205,0.588590407145463,12.8614598673061,0.228017242980369,1.02177995005267,0.965433166186089,19.4400990995708,0.35181968160817,0.495192307692308,0.923076923076923,208
"CMU-TimeSeries",2025-06-21,0.882030900567613,0.649794537587636,14.5628202568765,0.257526502677176,1.12487211957074,1.08375201676782,21.1086737887648,0.400047176678918,0.447115384615385,0.894230769230769,208
"CMU-TimeSeries",2025-06-28,0.899066798429149,0.654565950503312,14.2148695651612,0.254625069224869,1.05755949675973,1.02027565267994,20.5016447329576,0.390912637524018,0.403846153846154,0.894230769230769,208
"CMU-TimeSeries",2025-07-05,0.82570997284635,0.726245742883469,14.0206261293583,0.290603474297483,1.07418143494409,1.00231266385988,21.2866731575082,0.439597368946673,0.360576923076923,0.850961538461538,208
"CMU-TimeSeries",2025-07-12,0.81976344771928,0.649199812829072,16.6226611454067,0.26059507995584,1.03328171098631,0.999437220753955,26.4154979749744,0.422961344012187,0.341346153846154,0.923076923076923,208
"CMU-TimeSeries",2025-07-19,0.812168160045891,0.708742719017257,16.4094306568736,0.286280059016268,0.989063876337513,1.02952870848265,26.8430833864007,0.468032087512906,0.3125,0.927884615384615,208
"CMU-TimeSeries",2025-07-26,0.769551209796732,0.665964082634969,17.6491377527471,0.26636075649375,0.9121926523981,0.937329757555693,29.8945788390254,0.426680667510186,0.403846153846154,0.923076923076923,208
"CMU-TimeSeries",2025-08-02,0.704500849209716,0.637980696018491,20.9724810353323,0.278132179455914,0.863079467454942,0.8501354478692,37.4533177353897,0.46947883379983,0.322115384615385,0.975961538461538,208
"CMU-TimeSeries",2025-08-09,0.776834556025743,0.710035110014666,25.5296751574857,0.306673773376791,0.881358715557246,0.853460926036875,45.0334779613618,0.515948328277117,0.211538461538462,0.899038461538462,208
"CMU-TimeSeries",2025-08-16,0.793710789390558,0.751015529428131,31.2759364627865,0.322084583506758,0.918754701473155,0.89961198651473,54.1326668741922,0.532068607063187,0.182692307692308,0.855769230769231,208
"CMU-TimeSeries",2025-08-23,0.776746790313756,0.784189569517466,39.2653652223402,0.334093033034093,0.85143676661237,0.872171679071465,59.4661647639534,0.503449974516744,0.240384615384615,0.783653846153846,208
"CMU-TimeSeries",2025-08-30,0.734374377847467,0.766201343997192,37.6668999121108,0.280360013647937,0.856846565193999,0.857080215576295,60.4668739843781,0.440819172845582,0.346153846153846,0.865384615384615,208
"CMU-TimeSeries",2025-09-06,0.669911968805075,0.676562913821969,29.2853163516659,0.214178332846011,0.770192532808362,0.76729329522559,48.8274529631648,0.349490005690424,0.471153846153846,0.975961538461538,208
"CMU-TimeSeries",2025-09-13,0.867003204691419,0.731392404077549,24.2861433861451,0.197575739665802,0.809037858242447,0.799880437569465,35.5082021453616,0.310778015075852,0.533653846153846,0.961538461538462,208
"CMU-TimeSeries",2025-09-20,1.0883730366402,0.78394827544472,29.1307097048203,0.193264621826357,1.02434360778558,0.85933519904786,43.3959287722278,0.295779239624531,0.5625,0.932692307692308,208
"CMU-TimeSeries",2025-09-27,1.0666724807712,0.939308290390617,39.5213953871626,0.228698683924703,1.17853271243656,1.10183188955384,61.1872735479361,0.353016659745792,0.461538461538462,0.918269230769231,208
"CMU-TimeSeries",2025-10-04,0.962302294011004,0.979224290710153,46.3607341174189,0.285948344458788,1.04724314722056,1.08985357900264,71.4582286710786,0.447453587830098,0.254807692307692,0.889423076923077,208
"CMU-TimeSeries",2025-10-11,1.02620906387719,1.06700429763771,50.6007237179286,0.363665436693834,1.14335562360893,1.18330206264828,80.8248619428559,0.576829200163889,0.168269230769231,0.836538461538462,208
"CMU-TimeSeries",2025-10-18,1.19702479894435,1.24796708268446,63.2390410230233,0.52528465978964,1.23110955791475,1.28419820929344,94.8653600309633,0.76460175957093,0.144230769230769,0.788461538461538,208
"CMU-TimeSeries",2025-10-25,NA,NA,69.9595875097778,0.609373659411108,NA,NA,104.147555150409,0.88895475601778,0.179487179487179,0.730769230769231,156
"CMU-TimeSeries",2025-11-01,NA,NA,73.0231863365777,0.625724379106596,NA,NA,108.248713594233,0.917951364020039,0.211538461538462,0.721153846153846,104
"CMU-TimeSeries",2025-11-08,NA,NA,78.0827526661697,0.688298838244177,NA,NA,112.72708897216,0.997981230129805,0.211538461538462,0.692307692307692,52
"CMU-TimeSeries",2025-11-22,0.913309912543925,0.84924335968202,8.09021540431918,0.199939943976092,0.981706323538288,0.957630152569583,11.7545149103406,0.303326320471394,0.461538461538462,0.923076923076923,52
"CMU-TimeSeries",2025-11-29,0.899655678720698,0.715468705226089,9.04271142502153,0.182509601817772,0.939138281186453,0.837376055142043,13.1567871456827,0.277287953319522,0.557692307692308,0.942307692307692,104
"CMU-TimeSeries",2025-12-06,0.751523024329566,0.606517497518305,12.1510001051975,0.199185808969912,0.682272928972752,0.712794718460254,16.7377422900165,0.308680682187567,0.506410256410256,0.980769230769231,156
"CMU-TimeSeries",2025-12-13,0.752559149518276,0.573614715400694,14.7463471679949,0.205381164103514,0.661255158922777,0.671077783582779,20.704823090401,0.314911056347449,0.610576923076923,0.961538461538462,208
"CMU-TimeSeries",2025-12-20,0.613759939385135,0.485450960535904,16.5617102869418,0.184064963151308,0.567487010258997,0.562955900332221,24.6820313173648,0.280996477146912,0.596153846153846,0.980769230769231,208
"CMU-TimeSeries",2025-12-27,0.584522536253918,0.511782987538787,27.2103902036438,0.2551044629901,0.614340191993805,0.571940128071339,43.9560208740799,0.394891611850401,0.389423076923077,0.932692307692308,208
"CMU-TimeSeries",2026-01-03,0.569639751571292,0.499068627711093,34.1333309228499,0.241066347075412,0.650840477720321,0.582681130583467,56.2701058946241,0.380168490654164,0.389423076923077,0.932692307692308,208
"CMU-TimeSeries",2026-01-10,0.684431489946638,0.540961621338498,22.1717586901008,0.162565620787788,0.6842947734267,0.617743589174385,33.9854657595064,0.251170971089915,0.567307692307692,0.980769230769231,208
"CMU-TimeSeries",2026-01-17,1.57390122871115,1.10965019258304,32.252417487101,0.21849294003917,1.88887238847634,1.53883464081652,53.0272963655562,0.367348476744779,0.360576923076923,0.966346153846154,208
"CMU-TimeSeries",2026-01-24,1.94372423190205,1.40262745632883,37.9031583666451,0.260686705882551,2.26831746491113,1.79722651672157,61.9564928616426,0.425328371390231,0.298076923076923,0.932692307692308,208
"CMU-TimeSeries",2026-01-31,1.51023138062311,1.05739568674946,32.9876392609942,0.229258106297435,1.61381587338398,1.27218475842201,51.5689289847163,0.365974626395728,0.360576923076923,0.947115384615385,208
"CMU-TimeSeries",2026-02-07,1.26727468116409,0.847798702891692,26.0077901936896,0.187210907702843,1.3257813050472,1.07937792825482,39.8259071871178,0.29588079487442,0.519230769230769,0.961538461538462,208
"CMU-TimeSeries",2026-02-14,0.874900856292453,0.677423262102191,15.8370805716139,0.151995912455645,0.852076246641835,0.796431699223283,23.1786104815981,0.232704934233532,0.644230769230769,0.980769230769231,208
"CMU-TimeSeries",2026-02-21,0.927201549131345,0.68156945555717,14.8317017657942,0.14874027636707,0.908460099305723,0.814332278291576,20.9669381932676,0.223706852482283,0.620192307692308,0.985576923076923,208
"CMU-TimeSeries",2026-02-28,0.850009628917907,0.746484804224739,12.1717044474787,0.150258247654199,0.782917385720891,0.913539516539055,14.773662277386,0.211616712532647,0.658653846153846,0.966346153846154,208
"CMU-TimeSeries",2026-03-07,0.833614452133824,0.822677575372467,12.4125032899207,0.189758260738443,0.838644866840688,0.957131206660245,17.1369343589447,0.276518501734314,0.528846153846154,0.966346153846154,208
"CMU-TimeSeries",2026-03-14,0.700901227434158,0.736156882390013,11.0106875770754,0.17846697769816,0.674180543192363,0.809383498768617,15.6809435086932,0.265482691565053,0.552884615384615,0.927884615384615,208
"CMU-TimeSeries",2026-03-21,0.690854125400578,0.764176342371202,10.7858252238758,0.213454862025897,0.696510481481091,0.832883189953817,15.6192319371727,0.319087503585367,0.432692307692308,0.942307692307692,208
"CMU-TimeSeries",2026-03-28,0.770152343710702,0.848094084091599,19.4159697911526,0.403263191591361,0.752373344531352,0.874370909102009,29.1551530544892,0.581892251972845,0.216346153846154,0.745192307692308,208
"CMU-TimeSeries",2026-04-04,0.746583395113316,0.824126671526882,14.9248100362404,0.380662386651458,0.720088489782784,0.850860964252769,22.9713376017989,0.563343841447296,0.298076923076923,0.846153846153846,208
"CMU-TimeSeries",2026-04-11,0.690931077090029,0.744230753503775,10.9998385738653,0.353274588966407,0.712728703547598,0.841465803129726,16.6351049794746,0.526266051381878,0.326923076923077,0.884615384615385,208
"CMU-TimeSeries",2026-04-18,0.659205233707299,0.63856122393563,7.7098828567283,0.275701569708494,0.783340411577116,0.854249421109118,11.5551625508168,0.418253833601573,0.461538461538462,0.951923076923077,208
"CMU-TimeSeries",2026-04-25,0.795482209261991,0.758259374940924,7.33806918528136,0.336748674086708,1.10594605474639,1.07136758792695,11.4570749135933,0.520125320649884,0.389423076923077,0.913461538461538,208
"CMU-TimeSeries",2026-05-02,0.712802517270702,0.716275962680459,6.12059518416233,0.318134221792071,1.06386275104434,1.07324594324343,9.51327578324899,0.489014793927058,0.480769230769231,0.932692307692308,208
"CMU-TimeSeries",2026-05-09,0.665997386861457,0.71601993274097,5.55634696970614,0.31981604240889,1.00585172504324,1.11197849717072,8.70364326136339,0.499239547317204,0.427884615384615,0.951923076923077,208
"CMU-TimeSeries",2026-05-16,0.62446622532702,0.630318374498789,5.42853836654176,0.286125778970846,0.911791471043176,1.05670990681266,8.15609468681841,0.448698444739459,0.456730769230769,0.966346153846154,208
"CMU-TimeSeries",2026-05-23,0.596442578540817,0.636338887285852,4.74652932930236,0.287874095745121,0.931092466958492,0.992628557572585,7.3921442319143,0.451723036670777,0.466346153846154,0.927884615384615,208
"CMU-TimeSeries",2026-05-30,0.580287931033745,0.6730836622741,4.60395793907824,0.31723287264261,0.78127269605447,0.886412302108491,6.6003992513639,0.478675956292102,0.509615384615385,0.899038461538462,208
"CMU-TimeSeries",2026-06-06,0.534696260039341,0.614104031971631,4.06977215732349,0.299560497237889,0.809705512270661,0.884513947236795,6.01390608354154,0.460455725997354,0.528846153846154,0.923076923076923,208
"CMU-TimeSeries",2026-06-13,0.55970023318151,0.650423998284754,4.07251635314419,0.335187197525366,0.901044734817746,0.940506490577627,5.75103579110884,0.507793158636333,0.456730769230769,0.865384615384615,208
"CMU-TimeSeries",2026-06-20,0.536477973172631,0.637840044112884,3.63632947983626,0.32171791933169,0.909491286246438,0.953894008885955,5.25626850501719,0.486813214064194,0.475961538461538,0.870192307692308,208
"CMU-TimeSeries",2026-06-27,0.587037735530525,0.60620509708205,3.92481275232777,0.298190770185595,0.955606204581534,0.944552059252056,5.69706040462174,0.45492253707147,0.514423076923077,0.932692307692308,208
"CMU-TimeSeries",2026-07-04,0.646479322785644,0.604047484894335,4.0924948843884,0.282907552718626,1.09585245752463,0.979289386423877,6.38610233275489,0.426490529104144,0.5,0.932692307692308,208
"CMU-TimeSeries",2026-07-11,0.781084201591449,0.659844472082882,5.44804623570779,0.319195102944491,1.11249264622352,1.01826110542675,8.75468139479699,0.49244425737204,0.466346153846154,0.932692307692308,208
"CMU-TimeSeries",2026-07-18,0.919946007134981,0.714371183699377,6.72207578288493,0.342150694539303,1.18710161078708,1.0752781223046,11.2518872134088,0.551396521250503,0.322115384615385,0.913461538461538,208
"CMU-TimeSeries",2026-07-25,1.00215658892096,0.720768738004802,9.02451111809487,0.349321305042676,1.13501373826263,1.04863819718146,13.6037413438162,0.539087414515807,0.370192307692308,0.855769230769231,208
"CMU-TimeSeries",2026-08-01,1.02635519272459,0.789167412288127,10.3090265948268,0.372825994959202,1.07116505484394,1.01722565085509,15.7191390573326,0.594076624876265,0.317307692307692,0.894230769230769,208
"CMU-TimeSeries",2026-08-08,0.965363192343093,0.661920795793857,10.3569114802088,0.299884703361333,0.963538287629912,0.924067689714956,15.3784616539439,0.461958181871423,0.370192307692308,0.918269230769231,208
"CMU-TimeSeries",2026-08-15,0.907621905466639,0.712230843827851,10.2019290137773,0.336667417627343,0.89362721472209,0.869048664590797,16.0837761911047,0.54384536523565,0.288461538461538,0.894230769230769,208
"CMU-TimeSeries",2026-08-22,0.848761780615129,0.650428580699644,12.0252249543199,0.299434848089255,0.809706841280168,0.784280064811736,18.3724903503476,0.470892614224229,0.331730769230769,0.908653846153846,208
"CMU-TimeSeries",2026-08-29,0.795242138663768,0.697667081696838,16.4810561310233,0.327091649320388,0.807633799369857,0.783700249870597,25.1536501935997,0.497946658673691,0.331730769230769,0.860576923076923,208
"CMU-TimeSeries",2026-09-05,0.700249665462989,0.649168267966464,15.3140044382445,0.296830578435163,0.701632798067938,0.719113927251651,23.2614656932762,0.456702940371832,0.336538461538462,0.860576923076923,208
"CMU-TimeSeries",2026-09-12,0.643734371910151,0.495018040530843,13.2079252904234,0.211953293035312,0.658038373077005,0.629113482293996,18.910508926043,0.317481312750131,0.471153846153846,0.913461538461538,208
"CMU-TimeSeries",2026-09-19,0.658210077398121,0.502646502434017,14.8728321058738,0.232411880451227,0.751401289366816,0.70713992091342,21.3231842310225,0.346723641388853,0.408653846153846,0.894230769230769,208
"CMU-TimeSeries",2026-09-26,0.637321357151451,0.470332807799844,14.6853684547147,0.239519244051407,0.947261077753867,0.768034371841825,21.5255623142741,0.370756390291688,0.389423076923077,0.918269230769231,208
"CMU-TimeSeries",2026-10-03,0.744937377695162,0.440837753520724,18.4630816091349,0.223736906432741,1.31000947803177,0.892706121939401,28.873494564517,0.345668022393521,0.389423076923077,0.932692307692308,208
"CMU-TimeSeries_Cal",2026-09-26,0.636150861695491,0.464231006781707,8.29979139928055,0.191777960030062,0.857900073975673,0.656549536552389,13.135996282506,0.311889747573464,0.442307692307692,0.923076923076923,52
"CMU-TimeSeries_Cal",2026-10-03,0.775197204563425,0.453752239277284,15.3275409223168,0.195716308574897,1.42967862563658,0.918881607748053,25.8222572690661,0.305811624527887,0.461538461538462,0.932692307692308,104
"CMU-climate_baseline",2024-11-30,7.2840449107281,3.36388332790096,164.033063096487,0.645987855900646,9.45216446154332,4.27298921256136,300.245884379054,1.17562242537811,0.134615384615385,1,52
"CMU-climate_baseline",2024-12-07,5.5713606184542,2.15050439943698,170.294750297027,0.572521384479886,7.19854831512374,2.94892576865899,323.741588813766,1.08072469875641,0.134615384615385,1,104
"CMU-climate_baseline",2024-12-14,4.32535288768677,1.95532084166748,165.264110141748,0.52145659425467,6.05202271513362,2.74145720537218,325.479547861718,1.00999623161868,0.25,1,156
"CMU-climate_baseline",2024-12-21,3.05413293907988,1.62902813711679,156.811236042088,0.48330218519625,4.60597234115154,2.39505430753946,314.76091331826,0.956880155591163,0.653846153846154,1,208
"CMU-climate_baseline",2024-12-28,1.45196344106206,0.83281993339128,132.008714375947,0.377065242809105,2.23591994431465,1.15317955558445,253.241555231554,0.679331947016864,0.942307692307692,1,208
"CMU-climate_baseline",2025-01-04,0.826112477372476,0.594841836131113,114.599848036873,0.320462108479584,1.08849294411933,0.625551332205512,181.540766762268,0.427986622691973,0.947115384615385,1,208
"CMU-climate_baseline",2025-01-11,1.74972915171419,1.08602116315265,116.315818397815,0.332209948127244,1.73956401497202,0.971588062751267,158.66144917788,0.405254252960903,0.942307692307692,1,208
"CMU-climate_baseline",2025-01-18,2.66091022918162,1.71611364515129,119.089488964244,0.362306332738441,2.98661752791703,1.97245491863597,199.958254475122,0.600468291344273,0.740384615384615,1,208
"CMU-climate_baseline",2025-01-25,2.87367578194308,1.8980305362908,131.893364924381,0.400746095386037,3.34159903488266,2.22417332667045,240.741026361833,0.70956911586903,0.269230769230769,1,156
"CMU-climate_baseline",2025-02-01,2.11631269191506,1.51114372726746,111.229380276965,0.36878053646449,2.59929864303777,1.82554991556233,206.079846710031,0.643839025218828,0.365384615384615,1,104
"CMU-climate_baseline",2025-02-08,2.81187651570291,1.61014848956653,99.0875949106715,0.320956147015658,3.4676280892709,1.9454605456018,184.127556419277,0.559534547381713,0.336538461538462,0.980769230769231,104
"CMU-climate_baseline",2025-02-15,3.9495400300758,2.15496575806079,96.7046361272146,0.365123431753156,4.66047634805374,2.51617284081696,176.828444144352,0.623522486395539,0.173076923076923,0.894230769230769,104
"CMU-climate_baseline",2025-02-22,4.33142983784206,2.13537201170238,91.0485221069374,0.35193977092049,5.36350946812709,2.83400335290498,164.884403442226,0.618417112136133,0.16025641025641,0.942307692307692,156
"CMU-climate_baseline",2025-03-01,3.16372495036641,1.73285306066635,80.8126745276056,0.362622727041167,3.73750539162423,2.11898759230234,144.14898100723,0.620186855741445,0.216346153846154,0.908653846153846,208
"CMU-climate_baseline",2025-03-08,3.00075016755561,1.59944718491926,69.7127325703689,0.306508657097296,3.38237991544647,2.0779969410606,118.299728329522,0.521623705562163,0.360576923076923,0.903846153846154,208
"CMU-climate_baseline",2025-03-15,2.66093485950208,1.66685303504614,59.7117882240441,0.326826255003736,3.021789200988,2.09071082054841,99.0005344044898,0.533746536503737,0.399038461538462,0.879807692307692,208
"CMU-climate_baseline",2025-03-22,2.43324905602898,1.61995313472664,53.6699995201417,0.319469304490619,2.72800066390894,2.09044313286949,87.0071146932183,0.526158238117382,0.341346153846154,0.894230769230769,208
"CMU-climate_baseline",2025-03-29,1.96107416555062,1.44753079811515,48.8994119206474,0.330602321895984,2.32133335557832,1.85347552364289,84.6026599212772,0.553179190757288,0.336538461538462,0.903846153846154,208
"CMU-climate_baseline",2025-04-05,2.05095127077073,1.42432904811288,42.9082737343505,0.32588335296322,2.21271478537029,1.85817891333813,67.8170820189955,0.530391770459705,0.317307692307692,0.889423076923077,208
"CMU-climate_baseline",2025-04-12,1.66850092316993,1.20839107408948,38.6554734677776,0.311352546679121,1.76742444369657,1.62669623765016,63.0587033379069,0.523701753250858,0.288461538461538,0.971153846153846,208
"CMU-climate_baseline",2025-04-19,1.89786264445814,1.29769986566778,37.2448364236893,0.337032123067574,1.93456403408079,1.91068235641008,56.7904935330541,0.572388904208961,0.350961538461538,0.995192307692308,208
"CMU-climate_baseline",2025-04-26,2.0187011636718,1.26950059853676,34.1417465928176,0.336366330987085,1.92146737274388,1.88117207528146,47.0367886542089,0.561653076897748,0.495192307692308,1,208
"CMU-climate_baseline",2025-05-03,2.19617750009574,1.44364486862244,32.8910367645895,0.390241899695606,2.11365682925315,2.30837224550169,42.1288206061523,0.660065564180464,0.528846153846154,1,208
"CMU-climate_baseline",2025-05-10,1.87564630818308,1.35480968727215,29.2863100613155,0.402523043516623,1.5331885430841,2.00162065589525,33.1778846153846,0.655439851567536,0.677884615384615,1,208
"CMU-climate_baseline",2025-05-17,1.75441843791376,1.2982180464102,26.510865328874,0.405887102428928,1.29031658018601,1.66565831352173,27.2139423076923,0.586683498161229,0.730769230769231,0.980769230769231,208
"CMU-climate_baseline",2025-05-24,1.6143923882807,1.25625230013445,25.1667272714604,0.418029103919725,1.31826462044555,1.62880347628317,27.671875,0.603148005208555,0.706730769230769,0.980769230769231,208
"CMU-climate_baseline",2025-05-31,1.56251493264884,1.19750598246276,24.1983352006689,0.409395347182133,1.40909630785741,1.71020798981375,27.8557692307692,0.567557147045408,0.716346153846154,0.990384615384615,208
"CMU-climate_baseline",2025-06-07,1.66347625292116,1.12810377449284,23.1530365802676,0.40343843372271,1.69252514714243,1.67565789066662,27.1778846153846,0.569208672286843,0.692307692307692,1,208
"CMU-climate_baseline",2025-06-14,1.52950804028428,1.13063035447256,23.7648025362319,0.42096285160271,1.45114635145417,1.75941003635555,26.828125,0.617706975209902,0.605769230769231,0.995192307692308,208
"CMU-climate_baseline",2025-06-21,1.42508398420428,0.97496768005559,23.9808711747491,0.396674907553179,1.34280783159446,1.49373043406468,26.4350961538461,0.572050917270862,0.730769230769231,1,208
"CMU-climate_baseline",2025-06-28,1.57702237150356,1.09101666164128,24.2750357789855,0.425000226324577,1.32160550006867,1.59206948052598,25.5985576923077,0.61561839387944,0.629807692307692,0.980769230769231,208
"CMU-climate_baseline",2025-07-05,1.75455925485821,1.24086577337761,26.9545051909141,0.49122474775323,1.52812969284091,1.6252440571308,28.7620192307692,0.707259136739156,0.658653846153846,0.927884615384615,208
"CMU-climate_baseline",2025-07-12,1.66177394787868,1.13711046446563,30.3866245819398,0.442449101058772,1.41956894501254,1.64732210788177,34.3040865384615,0.67354165568732,0.639423076923077,0.985576923076923,208
"CMU-climate_baseline",2025-07-19,1.95374092161539,1.09421256241545,36.4217562221293,0.432465215018042,1.47268440076944,1.49464420642614,37.8040865384615,0.662880210830531,0.653846153846154,0.980769230769231,208
"CMU-climate_baseline",2025-07-26,2.14576259510138,1.32423423029036,46.3407249651617,0.494202735309727,1.5939830715309,1.81463346947497,49.5552884615385,0.776177615148741,0.615384615384615,1,208
"CMU-climate_baseline",2025-08-02,1.8748350231655,1.10319362807564,54.1496175445931,0.463418424514727,1.32027042918883,1.37201633504756,55.9230769230769,0.729049395362752,0.653846153846154,1,208
"CMU-climate_baseline",2025-08-09,1.91819020295263,1.03531818655875,60.6491859044036,0.442661704632586,1.19995450190008,1.10375795400735,58.0552884615384,0.651668003917921,0.798076923076923,1,208
"CMU-climate_baseline",2025-08-16,1.80267138478975,1.11514397363439,68.3417511496657,0.468794564229211,1.07578301894875,1.13781117064839,60.7572115384615,0.657253325919361,0.745192307692308,0.980769230769231,208
"CMU-climate_baseline",2025-08-23,1.6421429339246,1.21663212831661,76.6800944119288,0.480752078199207,1.1082082370958,1.2607796581703,73.4735576923077,0.688205679476869,0.721153846153846,0.985576923076923,208
"CMU-climate_baseline",2025-08-30,1.88457907927284,1.44936305664503,83.1042539437015,0.451107602178741,1.30986754527518,1.50797036114403,80.1490384615385,0.659515793735481,0.735576923076923,1,208
"CMU-climate_baseline",2025-09-06,2.16102261862074,1.44106285774345,85.7374754250281,0.426423042441414,1.52934559102466,1.53082993845925,87.4735576923077,0.642474782815247,0.697115384615385,1,208
"CMU-climate_baseline",2025-09-13,3.27959316046025,1.77585914103604,84.3822140468229,0.457241683208281,2.19147508851304,1.88775435006645,87.1634615384615,0.692588066858943,0.730769230769231,0.985576923076923,208
"CMU-climate_baseline",2025-09-20,3.27849841549422,1.90902089096977,78.2176293896321,0.446181814628098,2.15231551436707,2.11810264617466,79.4975961538462,0.684493008004478,0.774038461538462,1,208
"CMU-climate_baseline",2025-09-27,2.72880856840185,2.45805499585744,75.0039155866778,0.493525034348172,2.09036903229516,3.13658029125105,80.6538461538462,0.83340126503842,0.730769230769231,1,208
"CMU-climate_baseline",2025-10-04,1.89895553603808,2.06678363085527,75.9668945745076,0.541424742261877,1.59236708405104,2.5683144655582,91.6794871794872,0.959219165808914,0.67948717948718,1,156
"CMU-climate_baseline",2025-10-11,1.50873804458681,1.77917231298493,79.5099186594203,0.605551864796643,1.4192805103182,2.25532597860686,108.360576923077,1.12324869392224,0.480769230769231,1,104
"CMU-climate_baseline",2025-10-18,1.47843106560899,1.64348161401035,86.1560748885173,0.708571138612614,1.50658361627672,2.08556026038093,131.605769230769,1.33757020616209,0.269230769230769,1,52
"CovidHub-baseline",2024-11-30,1,1,22.7685119565217,0.196143068983821,1,1,32.0769230769231,0.279714603108238,0.480769230769231,0.692307692307692,52
"CovidHub-baseline",2024-12-07,1,1,30.8489371219208,0.267531506329309,1,1,45.1826923076923,0.366926561516239,0.192307692307692,0.528846153846154,104
"CovidHub-baseline",2024-12-14,1,1,38.7327045960783,0.272156637028384,1,1,54.4038461538462,0.375279928771231,0.243589743589744,0.538461538461538,156
"CovidHub-baseline",2024-12-21,1,1,52.6463710787933,0.30588197395633,1,1,69.9182692307692,0.411094688422616,0.283653846153846,0.567307692307692,208
"CovidHub-baseline",2024-12-28,1,1,92.5364447496203,0.461224413793993,1,1,115.269230769231,0.600318217287745,0.115384615384615,0.322115384615385,208
"CovidHub-baseline",2025-01-04,1,1,140.251990889611,0.546091124463216,1,1,169.153846153846,0.69590473252247,0.0769230769230769,0.274038461538462,208
"CovidHub-baseline",2025-01-11,1,1,68.5219393871209,0.318493906478975,1,1,95.7163461538462,0.44570274400606,0.221153846153846,0.610576923076923,208
"CovidHub-baseline",2025-01-18,1,1,46.5423358287757,0.22274121248905,1,1,70.1009615384615,0.322261357654278,0.403846153846154,0.836538461538462,208
"CovidHub-baseline",2025-01-25,1,1,47.5402517289515,0.219541745623108,1,1,74.3397435897436,0.332882097662814,0.442307692307692,0.897435897435897,156
"CovidHub-baseline",2025-02-01,1,1,44.1936391453449,0.221678318191047,1,1,67.5,0.326960762656574,0.461538461538462,0.903846153846154,156
"CovidHub-baseline",2025-02-08,1,1,34.7446590517816,0.204184752880059,1,1,53.8205128205128,0.299552695229492,0.544871794871795,0.92948717948718,156
"CovidHub-baseline",2025-02-15,1,1,27.4844715141084,0.190481069464064,1,1,42.5576923076923,0.276265823246495,0.576923076923077,0.974358974358974,156
"CovidHub-baseline",2025-02-22,1,1,25.0157296957064,0.192218173515167,1,1,37.0336538461538,0.254930985391223,0.668269230769231,0.971153846153846,208
"CovidHub-baseline",2025-03-01,1,1,25.9915881105288,0.216425453351503,1,1,39.4278846153846,0.303103122963882,0.615384615384615,0.971153846153846,208
"CovidHub-baseline",2025-03-08,1,1,24.923938966467,0.204327202811609,1,1,37.6394230769231,0.263350612904326,0.649038461538462,0.985576923076923,208
"CovidHub-baseline",2025-03-15,1,1,23.9370729638663,0.213288123245914,1,1,34.8076923076923,0.272874406812305,0.629807692307692,0.990384615384615,208
"CovidHub-baseline",2025-03-22,1,1,23.1112186095906,0.206780170841061,1,1,33.9471153846154,0.260120833362513,0.740384615384615,0.980769230769231,208
"CovidHub-baseline",2025-03-29,1,1,25.4902718670992,0.230043590732776,1,1,37.7115384615385,0.29660094698357,0.740384615384615,0.975961538461538,208
"CovidHub-baseline",2025-04-05,1,1,21.8321029992322,0.235489813167228,1,1,32.4326923076923,0.296942514162253,0.774038461538462,0.985576923076923,208
"CovidHub-baseline",2025-04-12,1,1,24.653774144395,0.270725213853334,1,1,38.4951923076923,0.339053687792207,0.697115384615385,0.971153846153846,208
"CovidHub-baseline",2025-04-19,1,1,20.9731922747835,0.273692073877913,1,1,31.2451923076923,0.318361635781987,0.774038461538462,0.980769230769231,208
"CovidHub-baseline",2025-04-26,1,1,18.1164472615408,0.277729241491141,1,1,25.6971153846154,0.31282649802178,0.764423076923077,0.995192307692308,208
"CovidHub-baseline",2025-05-03,1,1,16.6257949303198,0.286450692589361,1,1,22.0913461538462,0.305502676411926,0.822115384615385,1,208
"CovidHub-baseline",2025-05-10,1,1,17.1566814584028,0.307079671748225,1,1,23.6586538461538,0.332710135134643,0.793269230769231,0.995192307692308,208
"CovidHub-baseline",2025-05-17,1,1,16.5749817661493,0.324410372701783,1,1,22.6730769230769,0.358245615891985,0.817307692307692,0.995192307692308,208
"CovidHub-baseline",2025-05-24,1,1,16.8432230776623,0.343972031318384,1,1,22.7884615384615,0.377467614405496,0.822115384615385,0.995192307692308,208
"CovidHub-baseline",2025-05-31,1,1,16.4501592912702,0.356187254308667,1,1,21.1298076923077,0.33924083901049,0.841346153846154,0.975961538461538,208
"CovidHub-baseline",2025-06-07,1,1,14.9636220252961,0.365913602228392,1,1,17.6538461538462,0.341696017542661,0.817307692307692,0.975961538461538,208
"CovidHub-baseline",2025-06-14,1,1,16.0555604394697,0.378882675727529,1,1,18.9230769230769,0.358322294329373,0.860576923076923,0.956730769230769,208
"CovidHub-baseline",2025-06-21,1,1,16.5732143667895,0.398074718099839,1,1,18.9471153846154,0.37134003325327,0.802884615384615,0.947115384615385,208
"CovidHub-baseline",2025-06-28,1,1,15.8079521741731,0.391210797632424,1,1,19.2115384615385,0.381682815308647,0.841346153846154,0.971153846153846,208
"CovidHub-baseline",2025-07-05,1,1,16.2304969798374,0.406901581453137,1,1,19.4134615384615,0.437396510339105,0.802884615384615,0.975961538461538,208
"CovidHub-baseline",2025-07-12,1,1,19.0141964255327,0.404767330953671,1,1,24.5721153846154,0.414063512536761,0.798076923076923,0.961538461538462,208
"CovidHub-baseline",2025-07-19,1,1,19.616875546019,0.40866682902008,1,1,26.4999996634582,0.443539088479614,0.754807692307692,0.932692307692308,208
"CovidHub-baseline",2025-07-26,1,1,22.883553896326,0.395458190760553,1,1,32.6778822115144,0.449865192940087,0.725961538461538,0.947115384615385,208
"CovidHub-baseline",2025-08-02,1,1,29.829885890521,0.434705251784949,1,1,43.4038443028661,0.545887498735005,0.514423076923077,0.889423076923077,208
"CovidHub-baseline",2025-08-09,1,1,33.0929734288024,0.44591038001161,1,1,50.7740384615385,0.607065002964749,0.360576923076923,0.908653846153846,208
"CovidHub-baseline",2025-08-16,1,1,39.8274165856792,0.443772628230227,1,1,59.4903846153846,0.600285005404749,0.293269230769231,0.826923076923077,208
"CovidHub-baseline",2025-08-23,1,1,48.2918606392637,0.415248348187301,1,1,68.6298076923077,0.567910487110032,0.322115384615385,0.783653846153846,208
"CovidHub-baseline",2025-08-30,1,1,48.8338185840315,0.357122339404995,1,1,68.8365384615385,0.493290986113062,0.259615384615385,0.831730769230769,208
"CovidHub-baseline",2025-09-06,1,1,43.6408781071215,0.327453184354387,1,1,63.625,0.458943429874841,0.298076923076923,0.836538461538462,208
"CovidHub-baseline",2025-09-13,1,1,28.7307877515973,0.280129745716038,1,1,44.6826923076923,0.393994591639236,0.413461538461538,0.908653846153846,208
"CovidHub-baseline",2025-09-20,1,1,25.4569328683745,0.25796285741534,1,1,40.3653846153846,0.356289590925846,0.432692307692308,0.908653846153846,208
"CovidHub-baseline",2025-09-27,1,1,31.4868867558753,0.232644630454623,1,1,43.9519230769231,0.302614438428268,0.552884615384615,0.899038461538462,208
"CovidHub-baseline",2025-10-04,1,1,45.367608368032,0.29081485089651,1,1,63.0448717948718,0.394691990086934,0.493589743589744,0.878205128205128,156
"CovidHub-baseline",2025-10-11,1,1,53.5097161823027,0.34381636592378,1,1,76.8653846153846,0.497467536165256,0.384615384615385,0.894230769230769,104
"CovidHub-baseline",2025-10-18,1,1,57.8220036955198,0.431747945501777,1,1,86.8076923076923,0.642826764312476,0.346153846153846,0.903846153846154,52
"CovidHub-baseline",2025-11-22,1,1,8.91633704750091,0.238518745111684,1,1,12.0769230769231,0.318796925897508,0.596153846153846,1,52
"CovidHub-baseline",2025-11-29,1,1,10.3993249693055,0.264411941341863,1,1,14.6249983413296,0.344209458129377,0.634615384615385,1,104
"CovidHub-baseline",2025-12-06,1,1,16.2034603512193,0.337306678741174,1,1,25.4230769230769,0.447239489927541,0.5,1,156
"CovidHub-baseline",2025-12-13,1,1,18.9800406383859,0.36296919397585,1,1,29.6394230769231,0.457066967569396,0.533653846153846,0.980769230769231,208
"CovidHub-baseline",2025-12-20,1,1,27.7595142194873,0.390852164736345,1,1,45.3894230769231,0.508625753491833,0.413461538461538,0.947115384615385,208
"CovidHub-baseline",2025-12-27,1,1,48.3726592904937,0.511791529326706,1,1,73.0961538461538,0.704021406848939,0.206730769230769,0.75,208
"CovidHub-baseline",2026-01-03,1,1,63.4925023436991,0.50135202915144,1,1,90.8605769230769,0.684063308231846,0.221153846153846,0.6875,208
"CovidHub-baseline",2026-01-10,1,1,36.4785553851033,0.330503242498467,1,1,56.6394230769231,0.456328487511927,0.379807692307692,0.884615384615385,208
"CovidHub-baseline",2026-01-17,1,1,22.0650935533308,0.217168077561446,1,1,33.0048076923077,0.281641100547344,0.576923076923077,0.966346153846154,208
"CovidHub-baseline",2026-01-24,1,1,19.8777764392017,0.193747141587061,1,1,29.375,0.257317727320951,0.615384615384615,0.971153846153846,208
"CovidHub-baseline",2026-01-31,1,1,21.1466540366499,0.214872468606135,1,1,31.9038461538462,0.293124052841647,0.600961538461538,0.980769230769231,208
"CovidHub-baseline",2026-02-07,1,1,18.3409602240388,0.204022725807615,1,1,26.5865384615385,0.251051323466067,0.677884615384615,0.971153846153846,208
"CovidHub-baseline",2026-02-14,1,1,18.0993630085849,0.226902395761248,1,1,26.875,0.290923539290781,0.605769230769231,0.975961538461538,208
"CovidHub-baseline",2026-02-21,1,1,16.3498607569595,0.223926279323545,1,1,24.1057692307692,0.28586208390878,0.6875,0.971153846153846,208
"CovidHub-baseline",2026-02-28,1,1,14.2953999695443,0.198935186743933,1,1,19.5144230769231,0.231296847538347,0.697115384615385,0.995192307692308,208
"CovidHub-baseline",2026-03-07,1,1,15.1293971759067,0.224946603619409,1,1,22.3221153846154,0.307838647318375,0.610576923076923,0.995192307692308,208
"CovidHub-baseline",2026-03-14,1,1,15.9516139443973,0.242521844607736,1,1,24.1586538461538,0.339635958160487,0.644230769230769,1,208
"CovidHub-baseline",2026-03-21,1,1,16.0057565810617,0.272513586147981,1,1,24.0240384615385,0.393399501735523,0.644230769230769,0.995192307692308,208
"CovidHub-baseline",2026-03-28,1,1,25.0111236131895,0.453721178612317,1,1,40.8990384615385,0.688259847426311,0.447115384615385,0.956730769230769,208
"CovidHub-baseline",2026-04-04,1,1,19.8523043023034,0.441294770151343,1,1,32.625,0.660399197840773,0.610576923076923,0.995192307692308,208
"CovidHub-baseline",2026-04-11,1,1,15.7751147187356,0.448043068896288,1,1,24.3125001201935,0.625506203647881,0.716346153846154,1,208
"CovidHub-baseline",2026-04-18,1,1,11.9249817212907,0.42477998575266,1,1,15.8317307692308,0.507447479174433,0.846153846153846,1,208
"CovidHub-baseline",2026-04-25,1,1,9.45990587535808,0.444987538850331,1,1,10.6971151802864,0.503358402470042,0.879807692307692,1,208
"CovidHub-baseline",2026-05-02,1,1,8.83844656336917,0.444391393447959,1,1,9.15865384615385,0.467780243728312,0.932692307692308,1,208
"CovidHub-baseline",2026-05-09,1,1,8.58578091807256,0.440942640404118,1,1,8.76442307692308,0.454517540407236,0.961538461538462,1,208
"CovidHub-baseline",2026-05-16,1,1,8.73835556342071,0.440692018681626,1,1,9.41346153846154,0.443993150552597,0.942307692307692,1,208
"CovidHub-baseline",2026-05-23,1,1,8.30648772281044,0.454850974013788,1,1,8.32692129805914,0.473527139632698,0.961538461538462,1,208
"CovidHub-baseline",2026-05-30,1,1,8.09874041316615,0.46786288710359,1,1,8.22115384615385,0.518906079535986,0.956730769230769,1,208
"CovidHub-baseline",2026-06-06,1,1,7.68294658510841,0.47613334380499,1,1,7.37019448319483,0.511286815366915,0.980769230769231,1,208
"CovidHub-baseline",2026-06-13,1,1,7.28700002033371,0.493777471534873,1,1,6.39422914661839,0.536833100360867,0.966346153846154,1,208
"CovidHub-baseline",2026-06-20,1,1,6.99432647550545,0.494229703557601,1,1,5.95192449520649,0.520315118918214,0.985576923076923,1,208
"CovidHub-baseline",2026-06-27,1,1,6.81815323176768,0.482709633153903,1,1,5.66826923076923,0.460170523904007,0.980769230769231,1,208
"CovidHub-baseline",2026-07-04,1,1,6.73420311510807,0.484182614823881,1,1,5.97114908649086,0.449821843291393,0.985576923076923,1,208
"CovidHub-baseline",2026-07-11,1,1,7.22287589029998,0.492299539593287,1,1,7.96153728364207,0.48869168086679,0.951923076923077,1,208
"CovidHub-baseline",2026-07-18,1,1,7.55689728236528,0.494444383015644,1,1,9.37500097356743,0.512118134016827,0.932692307692308,1,208
"CovidHub-baseline",2026-07-25,1,1,9.19539701916626,0.501199252099297,1,1,11.9326871874488,0.514489412686381,0.865384615384615,0.980769230769231,208
"CovidHub-baseline",2026-08-01,1,1,10.0810701671987,0.482598191366979,1,1,14.5240352042943,0.578152393203157,0.908653846153846,1,208
"CovidHub-baseline",2026-08-08,1,1,10.6787858130069,0.468240691924548,1,1,15.6298016826322,0.493909388425039,0.826923076923077,1,208
"CovidHub-baseline",2026-08-15,1,1,11.1379793242328,0.482586062802071,1,1,17.5624996634582,0.619866118647833,0.798076923076923,1,208
"CovidHub-baseline",2026-08-22,1,1,14.1028543576849,0.469580035017052,1,1,22.4423053365149,0.599357863068389,0.759615384615385,0.985576923076923,208
"CovidHub-baseline",2026-08-29,1,1,21.3247866400954,0.487013721301397,1,1,32.1923004566584,0.655926971579989,0.649038461538462,0.966346153846154,208
"CovidHub-baseline",2026-09-05,1,1,22.378074905679,0.46871748966479,1,1,33.9182677403697,0.65616075834521,0.586538461538462,0.932692307692308,208
"CovidHub-baseline",2026-09-12,1,1,21.3143380286931,0.440448837512277,1,1,30.0769217788332,0.519550525195333,0.740384615384615,0.985576923076923,208
"CovidHub-baseline",2026-09-19,1,1,22.110439391275,0.469503291625033,1,1,28.3028884375382,0.505902716523098,0.793269230769231,0.980769230769231,208
"CovidHub-baseline",2026-09-26,1,1,21.7098127889385,0.492124701028566,1,1,22.0336524759478,0.475724179204262,0.884615384615385,0.990384615384615,208
"CovidHub-baseline",2026-10-03,1,1,24.8240312969467,0.534411264502099,1,1,20.7499958172659,0.392583206948685,0.927884615384615,1,208
"CovidHub-ensemble",2024-11-30,0.840822168443324,0.756340374565551,19.1746719821098,0.148748226762989,0.877394184387328,0.782854695265488,28.1928062190801,0.21977556783423,0.557692307692308,0.923076923076923,52
"CovidHub-ensemble",2024-12-07,0.729530866118654,0.648885490502103,22.6405418030839,0.17562832142108,0.778248867925988,0.732992587275195,35.7125604016515,0.273258220867564,0.509615384615385,0.932692307692308,104
"CovidHub-ensemble",2024-12-14,0.715712302169529,0.643746991452641,27.6107030850572,0.175572986831019,0.797170854954286,0.730481232890527,43.4058976508522,0.275843697606238,0.512820512820513,0.967948717948718,156
"CovidHub-ensemble",2024-12-21,0.676839994363542,0.613901786900208,35.4809107730653,0.187008293052336,0.774240034471415,0.68559445775597,53.8975085045941,0.280419656538066,0.572115384615385,0.932692307692308,208
"CovidHub-ensemble",2024-12-28,0.677573156290536,0.649931098060652,62.5741515575328,0.298457980488178,0.831342197260355,0.780498237396997,95.5578190964708,0.465644828517718,0.302884615384615,0.759615384615385,208
"CovidHub-ensemble",2025-01-04,0.703449775485388,0.674387819741454,98.7515862726484,0.368173731439727,0.867928528206562,0.807526579336967,146.658274105685,0.559505720308624,0.129807692307692,0.644230769230769,208
"CovidHub-ensemble",2025-01-11,0.762313820423438,0.704481980953781,51.3392186736798,0.221304431315503,0.834662159645523,0.768530578342732,78.6942076304281,0.336817103034899,0.485576923076923,0.889423076923077,208
"CovidHub-ensemble",2025-01-18,1.02752129760807,0.878016088903682,46.9288201877493,0.191669891526403,1.04295720996524,0.938265313409344,71.7601573389752,0.295595863006918,0.543269230769231,0.932692307692308,208
"CovidHub-ensemble",2025-01-25,1.32526270384933,1.11046233939833,63.5649104735763,0.24506058379928,1.33998043320311,1.1931820876413,101.076082279281,0.395853120953933,0.378205128205128,0.91025641025641,156
"CovidHub-ensemble",2025-02-01,1.2087205442523,1.02679540966167,54.3648073838582,0.23145504424748,1.21396747332381,1.10597150145172,83.5825417668761,0.36587936270232,0.429487179487179,0.884615384615385,156
"CovidHub-ensemble",2025-02-08,1.02911732846426,0.891237162539796,35.7800920846307,0.185169366606062,0.948712832891785,0.943120452082559,51.2818178703606,0.283870128707221,0.557692307692308,0.935897435897436,156
"CovidHub-ensemble",2025-02-15,1.07014393952694,0.903169541362808,29.3803688556811,0.172199654504949,0.994345299764384,0.968496804108394,41.9645439321018,0.26768905409508,0.596153846153846,0.967948717948718,156
"CovidHub-ensemble",2025-02-22,1.01507158230608,0.813683555597149,25.2537852938284,0.155464246591407,0.94468188562213,0.901293283244666,34.5588036684028,0.229401267587944,0.711538461538462,0.995192307692308,208
"CovidHub-ensemble",2025-03-01,1.07256349173024,0.870921761905689,27.6382807595369,0.186252984125006,1.02834986644424,0.939010780544148,39.7891729324892,0.280273040951926,0.644230769230769,0.951923076923077,208
"CovidHub-ensemble",2025-03-08,1.03560353414332,0.857660639697506,25.4522695038883,0.17386460123314,1.02119762601589,0.992720774415454,37.6442247916536,0.261511121292918,0.567307692307692,0.951923076923077,208
"CovidHub-ensemble",2025-03-15,1.04197443239857,0.890853052974814,24.7429822338875,0.188336690204252,1.10819543612056,1.06139914857155,37.9635279165057,0.290451442423234,0.5,0.951923076923077,208
"CovidHub-ensemble",2025-03-22,0.993919389782628,0.764273085037858,23.1746726331313,0.159348117422953,0.979740363219135,0.891496698609133,33.4792827263509,0.238240277646042,0.591346153846154,0.975961538461538,208
"CovidHub-ensemble",2025-03-29,0.908395271687196,0.714493328532631,23.3702078199933,0.163356396274394,0.864977762066078,0.799655591561528,32.5016676576754,0.238154591121704,0.625,0.961538461538462,208
"CovidHub-ensemble",2025-04-05,0.756690935196136,0.619844455732014,16.4786821340925,0.146050684463426,0.753163271886861,0.744739599355217,23.8970707728253,0.217997884971129,0.644230769230769,0.985576923076923,208
"CovidHub-ensemble",2025-04-12,0.723878797336435,0.626650640201314,17.7876745660492,0.167578824430907,0.723674360911785,0.769907619787354,27.2355219824226,0.255330148172233,0.620192307692308,0.971153846153846,208
"CovidHub-ensemble",2025-04-19,0.774113690141045,0.61801705626641,15.7928570789388,0.168427185360826,0.791451336188835,0.803076713853058,23.7349334076177,0.252525003906649,0.610576923076923,0.971153846153846,208
"CovidHub-ensemble",2025-04-26,0.765308290809978,0.626570169267983,13.280633986161,0.171300129489605,0.834460809263032,0.851352178443259,20.4756904253031,0.26183957061015,0.591346153846154,0.956730769230769,208
"CovidHub-ensemble",2025-05-03,0.618540429879756,0.535082495784426,10.2267964761959,0.152716288030309,0.698686463280136,0.759588398685568,15.3399079476752,0.232825178055952,0.673076923076923,0.990384615384615,208
"CovidHub-ensemble",2025-05-10,0.576871489088725,0.561176573304641,9.63573138674064,0.168180810314855,0.61099266619626,0.768987241947898,14.1509805613441,0.25478033479342,0.668269230769231,0.975961538461538,208
"CovidHub-ensemble",2025-05-17,0.642647141513399,0.639823736371306,10.3738891124992,0.204152704615015,0.743364051625191,0.892216507752968,16.2420839715848,0.31621863211737,0.509615384615385,0.985576923076923,208
"CovidHub-ensemble",2025-05-24,0.689988675611068,0.602969319516842,11.3035461750466,0.203039760609135,0.844496643866035,0.858357759182622,18.4382941204439,0.319278861286306,0.5625,0.980769230769231,208
"CovidHub-ensemble",2025-05-31,0.775145838701968,0.589737316066077,12.6541858029152,0.209613584126183,0.973515036287776,0.950382673138301,20.3167863080134,0.327568627680626,0.533653846153846,0.956730769230769,208
"CovidHub-ensemble",2025-06-07,0.813548753736237,0.584468688585876,12.3474193699894,0.216329600171332,1.07875211294628,0.944571672488627,18.8803408337191,0.330623998937807,0.543269230769231,0.961538461538462,208
"CovidHub-ensemble",2025-06-14,0.759950097477625,0.537817022552553,12.4516716280102,0.208427917021371,0.947248680967252,0.864163311684678,18.0904672381194,0.313436701830391,0.543269230769231,0.947115384615385,208
"CovidHub-ensemble",2025-06-21,0.804939389070371,0.558395978030132,13.5160459259459,0.224162505702874,1.03107827125379,0.933156631731229,19.7221994790513,0.349887765166486,0.509615384615385,0.947115384615385,208
"CovidHub-ensemble",2025-06-28,0.761719590265145,0.588994181557946,12.2588742407,0.230574732905104,0.962970591912589,0.935485159996692,18.7633280424873,0.361183185992313,0.451923076923077,0.961538461538462,208
"CovidHub-ensemble",2025-07-05,0.683877400561397,0.644454423573731,11.6178731455728,0.259600878111911,0.891549732955349,0.880925046946934,17.8960933874215,0.392621038722138,0.519230769230769,0.923076923076923,208
"CovidHub-ensemble",2025-07-12,0.696877121544605,0.535199638661049,13.3531554295755,0.215155777741913,0.899119843769289,0.82413169160482,22.2836358212679,0.346774174809432,0.524038461538462,0.975961538461538,208
"CovidHub-ensemble",2025-07-19,0.678090255894072,0.525937279078927,13.4017525374155,0.212642476622177,0.857651381332191,0.763383595271065,23.0898554538779,0.345142474445971,0.524038461538462,0.971153846153846,208
"CovidHub-ensemble",2025-07-26,0.685808673473998,0.535084846111273,16.0722585890558,0.212773392212914,0.807200252194304,0.755070943478962,27.2328567405655,0.346167732626567,0.552884615384615,0.985576923076923,208
"CovidHub-ensemble",2025-08-02,0.614099108510942,0.526065129647677,18.4585816061803,0.225802119876418,0.755975089192081,0.690340275557181,33.0951074441167,0.37441637229556,0.403846153846154,0.966346153846154,208
"CovidHub-ensemble",2025-08-09,0.624000338371103,0.55595778923914,20.8114202263966,0.242214699525995,0.719601511513902,0.670066521459048,37.0531066123571,0.403300775422848,0.350961538461538,0.956730769230769,208
"CovidHub-ensemble",2025-08-16,0.594141954474274,0.541197791493668,24.270221178352,0.240918371993567,0.688242766975688,0.631634556981449,42.1078191682929,0.386625631637151,0.360576923076923,0.908653846153846,208
"CovidHub-ensemble",2025-08-23,0.603020787449056,0.567778639746294,29.6404549008557,0.233903394982695,0.69216943738302,0.654342821994965,47.7432443635284,0.370039565849139,0.346153846153846,0.899038461538462,208
"CovidHub-ensemble",2025-08-30,0.548866809953162,0.476630503186274,26.8667017055465,0.164610539443103,0.659237180611672,0.54325736286044,44.9528723303427,0.266280051190079,0.543269230769231,0.971153846153846,208
"CovidHub-ensemble",2025-09-06,0.582591627807873,0.528059876369023,25.5647188250945,0.165198195653361,0.666739950151663,0.582092371830592,42.649665122844,0.262427303478216,0.524038461538462,0.975961538461538,208
"CovidHub-ensemble",2025-09-13,0.774466953701428,0.665708153345424,21.9150470333506,0.177034928526168,0.727665131936859,0.706030175291778,32.9236969233268,0.271115508704744,0.543269230769231,0.942307692307692,208
"CovidHub-ensemble",2025-09-20,0.901888683599033,0.710896850597305,22.6641812847745,0.173726474654342,0.840552375476733,0.777828246766313,32.7685039572436,0.264808963782492,0.596153846153846,0.942307692307692,208
"CovidHub-ensemble",2025-09-27,0.935596922452206,0.862349685337375,30.1248511935469,0.193160934018752,1.04285813313227,1.00611236692515,46.7640066181885,0.29479704363603,0.509615384615385,0.913461538461538,208
"CovidHub-ensemble",2025-10-04,0.95291021894545,0.948292853649505,46.3862945468806,0.281278699289704,1.06484922930314,1.07162885634098,72.8912074625886,0.444275274373123,0.282051282051282,0.865384615384615,156
"CovidHub-ensemble",2025-10-11,0.98643387818179,1.02395171890039,54.1958355461605,0.357282366263737,1.09556542678675,1.14343199588171,86.4898610138532,0.580301025713771,0.192307692307692,0.875,104
"CovidHub-ensemble",2025-10-18,0.946744870045086,1.0417875562359,54.866214872037,0.450627089572879,1.02967054003902,1.13033481018105,89.4976935181934,0.727276906666165,0.115384615384615,0.884615384615385,52
"CovidHub-ensemble",2025-11-22,0.792687067431067,0.710909853247952,7.07573913876946,0.16903306691031,0.896845913109322,0.80941477003497,10.8347064288461,0.260281872293793,0.461538461538462,0.961538461538462,52
"CovidHub-ensemble",2025-11-29,0.746662833708832,0.635403459957099,7.67345755436961,0.165136322263965,0.811667137598316,0.753800673146579,11.559775344546,0.2540534573176,0.576923076923077,0.951923076923077,104
"CovidHub-ensemble",2025-12-06,0.684973228887083,0.572193037625748,11.3532304406673,0.192271387575577,0.708663423393092,0.691999197334462,17.7723879167381,0.305149324430808,0.442307692307692,0.955128205128205,156
"CovidHub-ensemble",2025-12-13,0.696997202605824,0.555471041827629,13.1913800104393,0.193258976057201,0.71051691579187,0.68432217450955,20.7024415426825,0.304081519828777,0.552884615384615,0.966346153846154,208
"CovidHub-ensemble",2025-12-20,0.64865195695475,0.51069121923665,17.9384891846821,0.195912354065052,0.638120740617904,0.610125243690057,28.8306064959292,0.309260788530523,0.480769230769231,0.942307692307692,208
"CovidHub-ensemble",2025-12-27,0.669935680590998,0.556325446859237,33.432272829669,0.293051617898639,0.62739693191337,0.588415583551801,49.7089939620232,0.449452638942666,0.331730769230769,0.783653846153846,208
"CovidHub-ensemble",2026-01-03,0.663581869901493,0.535989383567649,42.2897126184462,0.271521850173869,0.682816974810771,0.600334173445864,63.4929597810689,0.420136436905051,0.293269230769231,0.807692307692308,208
"CovidHub-ensemble",2026-01-10,0.663759637072793,0.527099683391511,22.8042952069407,0.165592694732314,0.702037840177825,0.62279098743307,36.7365357144039,0.265037756061759,0.519230769230769,0.980769230769231,208
"CovidHub-ensemble",2026-01-17,1.14641243993428,0.871776184016962,23.6269938801953,0.174230785162162,1.40695151767321,1.18358486419926,39.2076987904511,0.280826997509844,0.427884615384615,0.966346153846154,208
"CovidHub-ensemble",2026-01-24,1.36985253310223,1.05159105582059,26.9463847592413,0.197041955771546,1.63420817682504,1.40225191202602,44.7786825421953,0.33157319445703,0.418269230769231,0.947115384615385,208
"CovidHub-ensemble",2026-01-31,1.21427736897204,0.909956657069848,26.1464086318147,0.195696046531134,1.36155596548088,1.11613582500871,43.0538982061271,0.318003662000418,0.451923076923077,0.966346153846154,208
"CovidHub-ensemble",2026-02-07,0.910338687639829,0.742732213946859,16.845909677346,0.15345766198374,1.00287173600948,0.947260709396906,26.8750540637717,0.243487625882338,0.572115384615385,0.966346153846154,208
"CovidHub-ensemble",2026-02-14,0.913711640108683,0.777088691681763,16.3663202655633,0.173675887184434,0.954863511177169,0.938328000634109,25.7532407260015,0.273582959201208,0.495192307692308,0.9375,208
"CovidHub-ensemble",2026-02-21,0.95689621819979,0.750014024148684,15.89293313982,0.170120398946097,1.00779274004376,0.907205946629361,25.3753960388774,0.270582632147705,0.485576923076923,0.975961538461538,208
"CovidHub-ensemble",2026-02-28,0.80089066580948,0.696945826558843,11.6018586821303,0.141106180880195,0.873008928638036,0.892386337908677,17.6351218409748,0.216751279261377,0.673076923076923,0.995192307692308,208
"CovidHub-ensemble",2026-03-07,0.715853035832755,0.750073907716554,10.8177204664728,0.177024623910675,0.753956663834806,0.891743139459469,16.2002704025725,0.268864263699595,0.572115384615385,0.975961538461538,208
"CovidHub-ensemble",2026-03-14,0.643660592388598,0.678525559462363,9.9880721511068,0.161914385903307,0.650403509458903,0.792231797238245,14.8376454787208,0.256634027520777,0.591346153846154,0.975961538461538,208
"CovidHub-ensemble",2026-03-21,0.675736424482948,0.685889904979649,10.6108537582803,0.189681733420361,0.722899048017893,0.797638451314888,16.369371371765,0.303045508720462,0.495192307692308,0.971153846153846,208
"CovidHub-ensemble",2026-03-28,0.78291647197197,0.837735202674567,19.6857197447838,0.395975575656406,0.782359755536491,0.887979383723538,30.2069826210542,0.586233044047931,0.269230769230769,0.75,208
"CovidHub-ensemble",2026-04-04,0.76715291361494,0.823881441232974,15.1525713039936,0.374865255001731,0.752008652337928,0.858162003440297,23.3746529759747,0.549797444067432,0.389423076923077,0.831730769230769,208
"CovidHub-ensemble",2026-04-11,0.708771856712275,0.747026225747183,11.449372830532,0.356558701771232,0.758512192142451,0.89152738145071,17.5634908155901,0.550111014808241,0.355769230769231,0.846153846153846,208
"CovidHub-ensemble",2026-04-18,0.656185430687523,0.620220177236663,7.81260321917535,0.273683961898581,0.783268757516432,0.844596986343721,11.7871463675967,0.42221365481035,0.490384615384615,0.942307692307692,208
"CovidHub-ensemble",2026-04-25,0.67135890393332,0.592257813150672,6.28713889381323,0.267662000068589,0.918422949959915,0.843187880338588,9.65461478232957,0.415794991201563,0.528846153846154,0.942307692307692,208
"CovidHub-ensemble",2026-05-02,0.581452473288097,0.542876440849621,5.06276457171946,0.2453769295796,0.827271352989391,0.793167053544505,7.51523911490707,0.364675778160678,0.658653846153846,0.961538461538462,208
"CovidHub-ensemble",2026-05-09,0.612641117779408,0.544908298245646,5.16597832519928,0.245008594871369,0.912622023940999,0.825555349811654,7.91709474596637,0.370289717587859,0.600961538461538,0.975961538461538,208
"CovidHub-ensemble",2026-05-16,0.587312107918854,0.526391671588899,5.19786377821999,0.242760213321393,0.78802788569408,0.838558280077152,7.61315062744152,0.386734365137923,0.5625,0.975961538461538,208
"CovidHub-ensemble",2026-05-23,0.603269490125559,0.642501696537892,5.1293478881453,0.310995561549912,0.848941745715323,0.973458878084658,7.43186496055575,0.488308173685161,0.533653846153846,0.927884615384615,208
"CovidHub-ensemble",2026-05-30,0.671474579576978,0.650524891883425,5.37206652506495,0.307079100413202,1.01200197533685,0.979260787412173,8.14167106623205,0.500668403461796,0.495192307692308,0.956730769230769,208
"CovidHub-ensemble",2026-06-06,0.598930131118951,0.644686620938236,4.66412968736265,0.321747364987563,0.932284735145198,0.996440314089079,7.05999437312582,0.529818662557567,0.490384615384615,0.961538461538462,208
"CovidHub-ensemble",2026-06-13,0.595655540418705,0.659152689783372,4.37851675512219,0.342483193703513,1.08775035743364,1.05450481173748,6.63163478262486,0.54064244149909,0.485576923076923,0.918269230769231,208
"CovidHub-ensemble",2026-06-20,0.58795389352454,0.653537765683943,4.20601016267865,0.344689911003461,1.03995893478219,1.01054781409923,6.37568478601671,0.538719297127748,0.533653846153846,0.913461538461538,208
"CovidHub-ensemble",2026-06-27,0.577547937172374,0.529993507680021,3.97402588297642,0.267834829554836,1.02528399774387,0.905573392379676,5.95813443815662,0.423513380228213,0.581730769230769,0.975961538461538,208
"CovidHub-ensemble",2026-07-04,0.532216561205518,0.522238047440643,3.58716972514408,0.265253586473322,0.819995992060942,0.847639730332879,5.25252170336624,0.415110168258218,0.620192307692308,0.975961538461538,208
"CovidHub-ensemble",2026-07-11,0.583401071205331,0.486995048364873,4.27525034391173,0.2478895304855,0.79019985182729,0.719425345438895,6.61385296015438,0.369063153409011,0.663461538461538,0.971153846153846,208
"CovidHub-ensemble",2026-07-18,0.602624012281079,0.530939463425829,4.50054307665478,0.266012695810594,0.768775198072875,0.800223658155766,7.36564548428719,0.42301224081451,0.528846153846154,0.990384615384615,208
"CovidHub-ensemble",2026-07-25,0.630626977581313,0.541347399849494,5.84601056418851,0.278969859396958,0.713641621647015,0.779877111850335,8.83303645456763,0.423438741199518,0.625,0.9375,208
"CovidHub-ensemble",2026-08-01,0.619603655786699,0.51241509350536,6.19699170713182,0.243703865166264,0.690284133490491,0.638740484269687,9.99912992783498,0.364939741571667,0.668269230769231,0.975961538461538,208
"CovidHub-ensemble",2026-08-08,0.569804863086387,0.480439664552151,6.0799232855079,0.224091880449443,0.632677180403815,0.684561492550642,9.89436414297218,0.339961928040872,0.605769230769231,0.990384615384615,208
"CovidHub-ensemble",2026-08-15,0.558538573526619,0.461787469762642,6.36105655567584,0.22728921915958,0.545555711436157,0.534981672773704,9.82802086291672,0.338487727387879,0.600961538461538,0.971153846153846,208
"CovidHub-ensemble",2026-08-22,0.628659159335915,0.501514038656731,9.07384844373938,0.239345972164083,0.606377884888724,0.577703335201888,13.7081627335345,0.352260525998934,0.572115384615385,0.932692307692308,208
"CovidHub-ensemble",2026-08-29,0.724776065494852,0.554061976480767,15.2621210828226,0.259424483371015,0.761788470549425,0.638222156696778,24.0492978387992,0.401920234533076,0.456730769230769,0.913461538461538,208
"CovidHub-ensemble",2026-09-05,0.749597626436523,0.571545071537781,16.5532689226641,0.251073941503082,0.789433365127758,0.650164774465354,26.1266053069929,0.394070391908239,0.427884615384615,0.903846153846154,208
"CovidHub-ensemble",2026-09-12,0.715422305612086,0.489331393702893,15.3091893112415,0.208842929883613,0.780439214467342,0.647210816614404,23.4056667541566,0.326497142407892,0.480769230769231,0.932692307692308,208
"CovidHub-ensemble",2026-09-19,0.669480758980255,0.518425738814146,15.1311145575186,0.239505529011175,0.841392832120467,0.780924799713567,23.6268288653116,0.378210485558195,0.456730769230769,0.918269230769231,208
"CovidHub-ensemble",2026-09-26,0.564293939095059,0.466363160137623,12.5811546593008,0.227715882738347,0.905617523230846,0.802377346239588,19.9353336321056,0.371003537115372,0.418269230769231,0.956730769230769,208
"CovidHub-ensemble",2026-10-03,0.530383699255628,0.386918822825489,12.3493167799399,0.195742055359545,0.94909521218773,0.802740242363655,19.7843734175413,0.311245868569498,0.548076923076923,0.956730769230769,208
"Google_SAI-Ensemble",2025-03-22,1.1134554490667,0.871956148447234,21.2561722926371,0.146868890753176,1.09710729186606,1.01060641969833,29.5886481753008,0.221611759202861,0.480769230769231,0.961538461538462,52
"Google_SAI-Ensemble",2025-03-29,0.959175920018953,0.820292725855475,23.2596218394901,0.180925364716933,0.914958595992724,0.922174655096793,32.0730332259022,0.265383321511807,0.451923076923077,0.923076923076923,104
"Google_SAI-Ensemble",2025-04-05,0.793880320508371,0.688628653470423,16.2579372947619,0.156695896297647,0.792839331350158,0.83630074826694,23.7874216809262,0.239544337553634,0.442307692307692,0.942307692307692,156
"Google_SAI-Ensemble",2025-04-12,0.85914523725697,0.692218481723211,21.4794378902779,0.187966181144984,0.818014506503789,0.837309339653071,31.2539440099173,0.281989452386022,0.355769230769231,0.875,208
"Google_SAI-Ensemble",2025-04-19,0.875556373455332,0.670796537532465,17.9439610071134,0.182470804038957,0.870872789070318,0.872323892249482,26.2086763753813,0.272171223311983,0.447115384615385,0.908653846153846,208
"Google_SAI-Ensemble",2025-04-26,0.802685873467045,0.663965430005222,14.1551273371713,0.182900270107969,0.849090624124711,0.904112718472933,21.0420463701271,0.278575511628598,0.413461538461538,0.947115384615385,208
"Google_SAI-Ensemble",2025-05-03,0.741850252052857,0.623489326538253,12.1589828721263,0.176026843884857,0.819574610996634,0.880087081528432,17.6905348109984,0.26315131284209,0.552884615384615,0.961538461538462,208
"Google_SAI-Ensemble",2025-05-10,0.710408739351299,0.639609659909643,11.8856011106971,0.192763240423009,0.769278391658034,0.893389104516868,18.1461609383039,0.303267372801987,0.581730769230769,0.995192307692308,208
"Google_SAI-Ensemble",2025-05-17,0.742677998359705,0.730542049556169,11.9092821595249,0.233581775607305,0.84229788775274,1.02826003108623,18.7261134591442,0.373464786465461,0.509615384615385,0.980769230769231,208
"Google_SAI-Ensemble",2025-05-24,0.774975212626096,0.661365912506989,12.5362241406939,0.223607968314288,0.89733674705921,0.914112704625291,19.6586972575702,0.342924586667443,0.5625,0.971153846153846,208
"Google_SAI-Ensemble",2025-05-31,0.879568619895529,0.627157254484447,14.1881299541739,0.225287433368377,1.03934271674878,0.971453297782151,21.8887456959907,0.342020517241491,0.475961538461538,0.942307692307692,208
"Google_SAI-Ensemble",2025-06-07,1.75075771307931,1.276441640554,23.8032066491072,0.439108648739871,2.0933440560425,1.98666473696605,33.0061473864758,0.644156641957231,0.307692307692308,0.923076923076923,208
"Google_SAI-Ensemble",2025-06-14,1.59164286233306,1.12692542323744,24.94792827945,0.408007558691006,1.79380062404241,1.69802646961815,33.0790598290598,0.574603758496635,0.275641025641026,0.935897435897436,156
"Google_SAI-Ensemble",2025-06-21,1.39308744292469,1.06564945005927,32.646900780379,0.56967291760415,1.64402087802442,1.65590887719694,42.1217948717949,0.783822953214184,0.211538461538462,0.884615384615385,104
"Google_SAI-Ensemble",2025-06-28,1.98527690903267,1.61295821363926,42.6385869565217,0.751578401613587,2.26091213924027,2.43463284598694,56.6282051282051,1.04389250907003,0.115384615384615,0.903846153846154,52
"Google_SAI-Ensemble",2025-12-13,0.665538824528737,0.572912554119926,8.91608528428094,0.154872460171594,0.671907740472538,0.709597457434423,13.7461538461538,0.239592136533855,0.5,0.884615384615385,52
"Google_SAI-Ensemble",2025-12-20,0.604503566835869,0.517689940844774,14.4469816053512,0.171031034313467,0.528425689570358,0.575556703031156,22.3673076923077,0.271819795413026,0.471153846153846,0.942307692307692,104
"Google_SAI-Ensemble",2025-12-27,0.568100261336871,0.505582966906908,24.8878383500557,0.242072295503176,0.557012641132883,0.554567098201572,37.9923076923077,0.374253274569514,0.358974358974359,0.903846153846154,156
"Google_SAI-Ensemble",2026-01-03,0.542370846992973,0.454566932623258,32.2194611204013,0.215306347173161,0.588331042233344,0.531167315257578,50.3576923076923,0.341121614673896,0.379807692307692,0.9375,208
"Google_SAI-Ensemble",2026-01-10,0.689142681841731,0.534147843087916,22.7668000815217,0.160850997370877,0.718054883515534,0.641928882426058,36.4838942307692,0.265484981570889,0.475961538461538,0.966346153846154,208
"Google_SAI-Ensemble",2026-01-17,0.969109464467796,0.80079270194468,20.1591803949508,0.160408269932804,1.10691397027139,1.05118683062452,31.7987446581197,0.255905414150912,0.447115384615385,0.932692307692308,208
"Google_SAI-Ensemble",2026-01-24,0.923443792219908,0.921061254324422,17.5263837936641,0.169580399554776,1.01010754090397,1.15491937244402,26.9362713675214,0.271598511768336,0.418269230769231,0.9375,208
"Google_SAI-Ensemble",2026-01-31,0.834823884686349,0.775799259826037,16.2002426212375,0.157759670458242,0.888560796377361,0.919326490707935,25.0817841880342,0.247487179219575,0.471153846153846,0.971153846153846,208
"Google_SAI-Ensemble",2026-02-07,0.83493766313137,0.783827462007326,14.2302925827701,0.155735186347558,0.923009221726862,1.01383337798827,22.2268629807692,0.245038002845113,0.475961538461538,0.975961538461538,208
"Google_SAI-Ensemble",2026-02-14,1.00095775453909,0.895354267439939,17.9233744305381,0.201252703879029,1.07528518641963,1.11707378968619,28.7758413461538,0.324557971379537,0.326923076923077,0.9375,208
"Google_SAI-Ensemble",2026-02-21,1.12452338027962,0.857293553867264,18.9461879890433,0.196704450144785,1.24354964669555,1.09492465839638,30.6545806623932,0.318708313166745,0.302884615384615,0.942307692307692,208
"Google_SAI-Ensemble",2026-02-28,0.858909020521204,0.731270553205434,12.6317258282818,0.150589978035263,0.98687776774397,0.972426573133771,20.0628004807692,0.238440641066543,0.471153846153846,0.971153846153846,208
"Google_SAI-Ensemble",2026-03-07,0.678279913656734,0.728999048127658,10.2484717574206,0.172007652563084,0.746972559194375,0.869457920239603,16.1355168269231,0.261247815780966,0.451923076923077,0.966346153846154,208
"Google_SAI-Ensemble",2026-03-14,0.56929393870547,0.6423115538207,8.59419409359323,0.150630256328452,0.592645528905885,0.74215185786531,13.1730769230769,0.235050445364902,0.519230769230769,0.961538461538462,208
"Google_SAI-Ensemble",2026-03-21,0.650950565049059,0.680464079237199,10.0012335526698,0.186617177618873,0.714525575113689,0.786585550180842,15.7498330662393,0.293004701963429,0.399038461538462,0.927884615384615,208
"Google_SAI-Ensemble",2026-03-28,0.702184936661913,0.824173513344984,17.491644200576,0.389353846114615,0.66622699157629,0.83101087065129,25.3553685897436,0.547135434212317,0.25,0.682692307692308,208
"Google_SAI-Ensemble",2026-04-04,0.688319970466266,0.821829866390206,13.4149487429162,0.37348476662745,0.650874675342275,0.829537854062015,19.9117254273504,0.530218960385938,0.274038461538462,0.774038461538462,208
"Google_SAI-Ensemble",2026-04-11,0.655692058328859,0.750185421950308,10.4898068921869,0.360726471695327,0.679615002447755,0.852129288827158,15.5293803418803,0.52641148917525,0.322115384615385,0.793269230769231,208
"Google_SAI-Ensemble",2026-04-18,0.643609253436408,0.655466701787075,7.54664390212746,0.290472917656509,0.771597944037726,0.882491604279855,11.5221688034188,0.443928322315271,0.360576923076923,0.879807692307692,208
"Google_SAI-Ensemble",2026-04-25,0.639533431273338,0.541101570440497,6.04449650919732,0.249630702735922,0.820139324679895,0.720769876663967,9.03472222222222,0.375069570711337,0.490384615384615,0.956730769230769,208
"Google_SAI-Ensemble",2026-05-02,0.527031912608752,0.494009048955328,4.64910697115385,0.227840294840462,0.736912526132426,0.717152612474636,6.96260683760684,0.345277015814769,0.615384615384615,0.951923076923077,208
"Google_SAI-Ensemble",2026-05-09,0.57438555981234,0.494032317378066,4.91337120726496,0.226510700057523,0.832747171738688,0.73434781882376,7.46340811965812,0.34127487195696,0.572115384615385,0.961538461538462,208
"Google_SAI-Ensemble",2026-05-16,0.514514945963489,0.4921374005301,4.51314855885359,0.227242487072618,0.726188230666511,0.817014286978443,6.56036324786325,0.353012581614371,0.528846153846154,0.966346153846154,208
"Google_SAI-Ensemble",2026-05-23,0.550781661176653,0.633800724073869,4.53154904426793,0.303965448822025,0.794030324328899,0.956645344590471,6.63274572649573,0.471706551924414,0.447115384615385,0.913461538461538,208
"Google_SAI-Ensemble",2026-05-30,0.569319271472755,0.610499313519099,4.4743213280379,0.287027382671521,0.875062923906122,0.912491690338659,6.87099358974359,0.461531182633206,0.447115384615385,0.961538461538462,208
"Google_SAI-Ensemble",2026-06-06,0.536248297222888,0.634245299684581,4.11861150013935,0.315527134385692,0.805916263937402,0.930350771954013,6.04727564102564,0.491871200620424,0.471153846153846,0.913461538461538,208
"Google_SAI-Ensemble",2026-06-13,0.547535906984676,0.639804994832655,4.02538967275177,0.333879360495395,0.982243566708314,0.980062601968383,6.02857905982906,0.507541257483886,0.466346153846154,0.889423076923077,208
"Google_SAI-Ensemble",2026-06-20,0.534537462148915,0.62730207061444,3.78505234462096,0.332662569434203,0.873720890546315,0.913293615324361,5.32852564102564,0.49235543812725,0.557692307692308,0.889423076923077,208
"Google_SAI-Ensemble",2026-06-27,0.552675344739896,0.502245098374825,3.67439218808064,0.24637133495167,0.960942965091141,0.835592369551989,5.30181623931624,0.371797648814942,0.634615384615385,0.975961538461538,208
"Google_SAI-Ensemble",2026-07-04,0.531236601577685,0.522131196239974,3.50022110274991,0.262689901094491,0.794416069811319,0.832034141248738,4.95860042735043,0.400476101089942,0.620192307692308,0.966346153846154,208
"Google_SAI-Ensemble",2026-07-11,0.570185888015521,0.484578109233952,4.15075938545151,0.246816625639085,0.726600801237528,0.69006464887565,6.1428952991453,0.359923238409041,0.668269230769231,0.966346153846154,208
"Google_SAI-Ensemble",2026-07-18,0.598040794716493,0.530919990477636,4.47380699670197,0.26806527558033,0.744752049582055,0.795246825775031,7.16746794871795,0.427341390976177,0.514423076923077,0.961538461538462,208
"Google_SAI-Ensemble",2026-07-25,0.639512013043697,0.552289329077388,5.89640696883129,0.286314720060402,0.718762685006534,0.779673872692845,8.84027777777778,0.424530611876908,0.625,0.932692307692308,208
"Google_SAI-Ensemble",2026-08-01,0.636331109434271,0.512568691100847,6.32906382501858,0.24449651310132,0.697296979855184,0.627705554853089,10.0718482905983,0.360095795294679,0.682692307692308,0.980769230769231,208
"Google_SAI-Ensemble",2026-08-08,0.607949120815004,0.499556567842122,6.46260040064103,0.232248882323496,0.656239867254471,0.722629438190393,10.2767094017094,0.362775570435669,0.591346153846154,0.990384615384615,208
"Google_SAI-Ensemble",2026-08-15,0.597362930850813,0.480674863572209,6.78044345851914,0.235491522993178,0.584713566806123,0.559024563221941,10.528311965812,0.354284449396634,0.639423076923077,0.985576923076923,208
"Google_SAI-Ensemble",2026-08-22,0.680297211199832,0.521277326616244,9.76085561594203,0.247383873880159,0.672401353248745,0.614776702025134,15.2369123931624,0.375454698353254,0.552884615384615,0.961538461538462,208
"Google_SAI-Ensemble",2026-08-29,0.782269018429101,0.57331925783058,16.4508568201877,0.266916380066358,0.804117103172763,0.654156782879517,25.4150641025641,0.411295592379238,0.451923076923077,0.942307692307692,208
"Google_SAI-Ensemble",2026-09-05,0.822670874938013,0.597228470124055,18.0493460098476,0.259602977936829,0.860639978320537,0.674620015915347,28.2780448717949,0.405839994024779,0.427884615384615,0.961538461538462,208
"Google_SAI-Ensemble",2026-09-12,0.83191635756336,0.533242179059606,17.505882017605,0.222899325460122,0.911000433123976,0.707618537927111,26.7986111111111,0.349679051814872,0.509615384615385,0.966346153846154,208
"Google_SAI-Ensemble",2026-09-19,0.80810036093441,0.570646663608338,18.0720604456986,0.260151438433187,0.966089921699204,0.855698041395492,27.0192307692308,0.413568523103595,0.403846153846154,0.942307692307692,208
"Google_SAI-Ensemble",2026-09-26,0.690666320669828,0.495763091270243,15.1462191914019,0.236051697483357,1.10487745172625,0.851242495807115,23.5661324786325,0.384365425070962,0.399038461538462,0.961538461538462,208
"Google_SAI-Ensemble",2026-10-03,0.466050959497564,0.408656563650956,11.2232413627601,0.211921813109856,0.820508971287108,0.825442877666312,17.5903846153846,0.326225635688602,0.5625,0.961538461538462,208
"JHU_CSSE-CSSE_Ensemble",2024-11-30,2.00659154786388,1.62100437023872,44.7552404376243,0.293638712712598,2.20530858484055,1.7173399477431,69.8169934640523,0.450118155234942,0.411764705882353,0.862745098039216,51
"JHU_CSSE-CSSE_Ensemble",2024-12-07,1.93220092265248,1.76229477604084,60.9885487157411,0.483870502401978,1.92211694685261,1.83460241108123,88.476897689769,0.691356605348572,0.346534653465347,0.762376237623762,101
"JHU_CSSE-CSSE_Ensemble",2024-12-14,1.77019507118863,1.78821046935413,68.762625715103,0.484495976271158,1.79547828403827,1.81480889201149,98.2894736842105,0.678874449104087,0.309210526315789,0.717105263157895,152
"JHU_CSSE-CSSE_Ensemble",2024-12-21,1.32102080723734,1.30013829899971,69.1626590633255,0.394053192325629,1.4356808671023,1.36228946918369,100.320197044335,0.556807305177478,0.369458128078818,0.807881773399015,203
"JHU_CSSE-CSSE_Ensemble",2024-12-28,0.989835427636273,1.04858043743235,97.2478977259725,0.513066416197588,1.11646810063116,1.1066693596054,136.944078947368,0.705686471303783,0.302631578947368,0.703947368421053,152
"JHU_CSSE-CSSE_Ensemble",2025-01-04,1.20842377187086,0.993442271572557,164.928594231316,0.515963986638421,1.34553559258235,1.04920292860218,223.028322440087,0.698934445452714,0.274509803921569,0.673202614379085,153
"JHU_CSSE-CSSE_Ensemble",2025-01-11,2.5286142324336,1.52180065770237,164.130010940608,0.439525142666965,2.48782229254421,1.44579091094354,227.158496732026,0.580077647268513,0.372549019607843,0.754901960784314,102
"JHU_CSSE-CSSE_Ensemble",2025-01-18,4.9451307394909,2.63895345461994,210.42651703456,0.487189124758285,4.31975872044774,2.1310880513535,278.21282051282,0.579304081492869,0.6,0.738461538461539,65
"JHU_CSSE-CSSE_Ensemble",2025-01-25,4.61783328461639,2.74042686518538,221.407140156076,0.563278205966996,3.8669037273724,2.0706824654589,293.653846153846,0.657935750520254,0.553846153846154,0.692307692307692,65
"JHU_CSSE-CSSE_Ensemble",2025-02-01,2.00363370003837,1.96418680629205,62.8194633152174,0.337461475600864,1.42233990025097,1.37025745932385,68.453125,0.35296799190446,0.5,0.75,32
"JHU_CSSE-CSSE_Ensemble",2025-02-08,2.05544969079063,1.85407320935511,71.1742577445652,0.348482849472912,1.15097204045654,1.18810657099878,66.296875,0.334542782871753,0.46875,0.75,32
"JHU_CSSE-CSSE_Ensemble",2025-02-15,1.75044702385873,0.982855230666082,48.3595768115942,0.23923660293301,1.44336305365322,0.96357598474145,65.75,0.328287605182624,0.222222222222222,0.611111111111111,18
"JHU_CSSE-CSSE_Ensemble",2025-02-22,1.63220516780229,1.20022730166333,30.2871329657635,0.199642362277341,1.35181045781919,1.05609431022536,37.4867149758454,0.238224147026503,0.681159420289855,0.927536231884058,69
"JHU_CSSE-CSSE_Ensemble",2025-03-01,1.34484397946429,1.0885494621775,29.3691582795236,0.195367535252233,1.2655834750253,1.04450407368062,42.4059405940594,0.26505232736778,0.683168316831683,0.97029702970297,101
"JHU_CSSE-CSSE_Ensemble",2025-03-08,1.25893393120877,1.1168052309252,28.4220890603705,0.211476438857177,1.25164433421722,1.18156505644905,42.7439293598234,0.291134095893133,0.556291390728477,0.940397350993378,151
"JHU_CSSE-CSSE_Ensemble",2025-03-15,1.18249781598532,1.10404277330858,29.155132947757,0.235316757521039,1.26214240438798,1.20138961092423,45.1971430456502,0.325941908504934,0.525,0.9,200
"JHU_CSSE-CSSE_Ensemble",2025-03-22,1.07649564129906,0.843857845197512,25.6743629628997,0.177018969926237,1.11704708528689,0.960025698504847,39.2231027241,0.255514174388961,0.532663316582915,0.899497487437186,199
"JHU_CSSE-CSSE_Ensemble",2025-03-29,1.04801925627504,0.73120192676582,26.7824400584111,0.163945589917838,1.01660238092231,0.847760555484584,37.9412397279467,0.248606382362485,0.50251256281407,0.894472361809045,199
"JHU_CSSE-CSSE_Ensemble",2025-04-05,0.94729425646271,0.739675902704484,20.8693011762089,0.171804219349272,0.963801067485018,0.880867142447863,31.2443650076411,0.254063344750526,0.427083333333333,0.875,192
"JHU_CSSE-CSSE_Ensemble",2025-04-12,0.947671658436671,0.820633887557761,23.4809037431296,0.216619738942541,0.893011419509147,0.934275347868296,34.1152949949815,0.304460348128619,0.455958549222798,0.870466321243523,193
"JHU_CSSE-CSSE_Ensemble",2025-04-19,1.01302302829827,0.772013702933886,21.9154074112323,0.210924821723805,0.997379571658031,0.98577181101804,31.6070439761999,0.307865533320705,0.424870466321244,0.823834196891192,193
"JHU_CSSE-CSSE_Ensemble",2025-04-26,1.04898846548401,0.756103856942174,18.8154704121114,0.202519438491191,1.13281378451281,1.01206954705604,28.6295753671403,0.303555775822795,0.419689119170984,0.844559585492228,193
"JHU_CSSE-CSSE_Ensemble",2025-05-03,0.679308995063591,0.578862362950592,12.5649873067086,0.183153581420646,0.832209096712148,0.830388254222562,20.177238745299,0.280055743217414,0.56,0.966666666666667,150
"JHU_CSSE-CSSE_Ensemble",2025-05-10,0.646776177204748,0.640393674890505,11.2893119997902,0.200264099970705,0.70802218761436,0.861629113133716,17.633586153359,0.300391536530182,0.533333333333333,0.92,150
"JHU_CSSE-CSSE_Ensemble",2025-05-17,0.646736913940418,0.618521401899801,11.7198735987447,0.21067352534969,0.753744144784523,0.841108962737695,18.5681790952065,0.318646668526951,0.53,0.93,100
"JHU_CSSE-CSSE_Ensemble",2025-05-24,0.688987910392754,0.631305013766153,11.8627609869565,0.210367077810966,0.806070819464786,0.888441687100448,18.82,0.327147546553669,0.58,0.94,50
"JHU_CSSE-CSSE_Ensemble",2025-05-31,0.732791952001359,0.644881693790113,10.8569797811594,0.215549951715258,0.905451757181349,0.995146974091465,17.83,0.330981899305936,0.49,0.96,100
"JHU_CSSE-CSSE_Ensemble",2025-06-07,0.763435436440039,0.673017600563559,9.73249808405797,0.235078079015123,1.04707201142555,1.06374505099235,15.1333333333333,0.34738524600735,0.58,0.86,50
"JHU_CSSE-CSSE_Ensemble",2025-06-14,0.792464699498981,0.630791667913612,12.3394791130435,0.24800669377996,1.17645564618879,1.12857403637583,20.6466666666667,0.398340094092914,0.46,0.98,50
"JHU_CSSE-CSSE_Ensemble",2025-06-21,0.651157393181186,0.531899687455693,12.8986681942029,0.237336892364638,0.984066238105604,0.940491227494291,21.6533333333333,0.381165012773305,0.56,0.98,50
"MOBS-GLEAM_COVID",2024-11-30,1.63475705715984,1.34751192921783,35.5376391217391,0.243557474875564,1.58979498915975,1.25092456770239,48.90948,0.327275305997801,0.16,0.5,50
"MOBS-GLEAM_COVID",2024-12-07,1.51975641743976,1.05297561382781,45.118669026087,0.262176948712143,1.48201163395747,1.03791723346184,65.95606,0.36181182962411,0.16,0.52,50
"MOBS-GLEAM_COVID",2024-12-14,1.83496569051191,1.11812877718229,77.1702911391304,0.311303262225701,1.86380456311572,1.12918972098744,111.87824,0.439756190279704,0.12,0.52,50
"MOBS-GLEAM_COVID",2024-12-21,1.38188928426789,0.981087284816106,70.0155813301765,0.283331750288868,1.53980165266424,1.04264356060729,105.136772277228,0.410671259688257,0.247524752475248,0.702970297029703,101
"MOBS-GLEAM_COVID",2024-12-28,0.940873677674171,0.894995401045578,75.1585976129582,0.343413682427342,1.03689607197517,0.961279877122304,104.078431372549,0.485234890803413,0.127450980392157,0.450980392156863,102
"MOBS-GLEAM_COVID",2025-01-04,1.0661121181618,1.06099392566545,142.687487922705,0.52502750952024,1.10025431453303,1.08052997795576,178.156862745098,0.682984044380076,0.0261437908496732,0.274509803921569,153
"MOBS-GLEAM_COVID",2025-01-11,1.26497997539289,1.2517980314304,88.7484015345268,0.386508102016825,1.16887277546089,1.18812764798333,113.357843137255,0.511839833786164,0.28921568627451,0.53921568627451,204
"MOBS-GLEAM_COVID",2025-01-18,1.39667566541176,1.22661413955567,65.0094991474851,0.262175725423496,1.33738092937375,1.22537236330181,92.6421568627451,0.37404822502446,0.387254901960784,0.794117647058823,204
"MOBS-GLEAM_COVID",2025-01-25,1.7517300917542,1.4437969511358,82.3986445012788,0.301947071820285,1.74907582315975,1.49189829416435,128.718954248366,0.469168026687622,0.202614379084967,0.758169934640523,153
"MOBS-GLEAM_COVID",2025-02-01,2.35592606504535,1.8050092863663,118.970400682012,0.425876416451678,2.46173174010141,1.87601897766599,184.509803921569,0.630986249395217,0.166666666666667,0.637254901960784,102
"MOBS-GLEAM_COVID",2025-02-08,2.35706517551399,1.50364891851154,80.4247209335038,0.282994549100447,2.51568523826448,1.64980225551271,127.585411764706,0.437008283965982,0.323529411764706,0.794117647058823,102
"MOBS-GLEAM_COVID",2025-02-15,1.32444241967307,0.991027933100309,32.6766125277067,0.160143369012548,1.20664249657851,1.01109180920987,46.103431372549,0.236470736223095,0.53921568627451,0.911764705882353,102
"MOBS-GLEAM_COVID",2025-02-22,1.42127015008411,0.972646853804291,30.8670629184427,0.158795958037836,1.48642198352251,1.13125005887102,46.8833529411765,0.242965869906971,0.490196078431373,0.915032679738562,153
"MOBS-GLEAM_COVID",2025-03-01,1.39577806549702,1.02113693252067,36.0968677216539,0.210270212563276,1.37083586128341,1.06650519904785,53.2721666666667,0.30514419132792,0.426470588235294,0.779411764705882,204
"MOBS-GLEAM_COVID",2025-03-08,1.36416566636082,0.959655708775952,33.6434745620047,0.185057240755598,1.38977054143315,1.12607490497555,50.9982216748768,0.28196278813243,0.344827586206897,0.793103448275862,203
"MOBS-GLEAM_COVID",2025-03-15,1.27346293094132,0.997163802106505,30.1726635896338,0.20023900907527,1.35898913480922,1.1459998292417,46.3925221674877,0.299585887086602,0.374384236453202,0.758620689655172,203
"MOBS-GLEAM_COVID",2025-03-22,1.17396210243362,0.868934906248684,27.0012828442921,0.173056750571013,1.24473412783567,1.07623968954229,41.1805270935961,0.273064361465652,0.428571428571429,0.87192118226601,203
"MOBS-GLEAM_COVID",2025-03-29,1.10074561285466,0.889574214776066,28.3255815977725,0.196194014649552,1.08933114490575,1.00682627490274,40.7930985221675,0.290530135514037,0.443349753694581,0.862068965517241,203
"MOBS-GLEAM_COVID",2025-04-05,1.06026272041855,0.857162436375077,23.0534518316832,0.194498066990325,1.11770209847856,1.01806010790714,35.3922376237624,0.288820739700315,0.425742574257426,0.816831683168317,202
"MOBS-GLEAM_COVID",2025-04-12,1.03576137749825,0.89305381421907,25.3890217910448,0.230901482585163,1.00470933204692,1.08784260724123,37.6278756218905,0.349827468167869,0.348258706467662,0.786069651741294,201
"MOBS-GLEAM_COVID",2025-04-19,1.41106936266786,1.03647317594841,29.3285851431068,0.263320114873988,1.39918202039818,1.35579390995996,42.7424472361809,0.398455126858635,0.266331658291457,0.748743718592965,199
"MOBS-GLEAM_COVID",2025-04-26,1.63523814435815,1.27723714139434,29.0276876152833,0.330423536474213,1.72351490312209,1.70396777720321,43.3385606060606,0.498213267394974,0.161616161616162,0.666666666666667,198
"MOBS-GLEAM_COVID",2025-05-03,1.21581617054281,0.995811714765903,21.6567518885173,0.287651141219364,1.43200114897481,1.44922390109409,33.6090153846154,0.446814288781097,0.230769230769231,0.723076923076923,195
"MOBS-GLEAM_COVID",2025-05-10,0.907881158804495,0.940681600132922,15.9625176499443,0.286639937745672,1.05899878070173,1.30005041445457,25.9242153846154,0.442104085004189,0.261538461538462,0.769230769230769,195
"MOBS-GLEAM_COVID",2025-05-17,1.22899412405666,1.26623364629198,20.6908159649512,0.427300981858192,1.335281120338,1.60955038755624,30.5429336734694,0.60949693464608,0.183673469387755,0.571428571428571,196
"MOBS-GLEAM_COVID",2025-05-24,0.957387131886683,0.921378442198338,15.4289820304569,0.308446756840086,1.12534470889735,1.24919046048897,24.4441979695431,0.464039351353512,0.32994923857868,0.756345177664975,197
"MOBS-GLEAM_COVID",2025-05-31,1.20221139677649,1.01476325021879,18.416705281963,0.35074073728972,1.38087250166044,1.55057717463641,27.5239306930693,0.524046501984885,0.247524752475248,0.737623762376238,202
"MOBS-GLEAM_COVID",2025-06-07,1.32220475390288,1.11652307507741,18.626521383002,0.393050492933723,1.64505860110176,1.69742656930052,26.7496231155779,0.566928057926692,0.195979899497487,0.648241206030151,199
"MOBS-GLEAM_COVID",2025-06-14,1.29719510318911,1.09774717914915,19.5276715956742,0.400902936950054,1.46033500535653,1.62758189052611,25.5888324873096,0.556873348647649,0.269035532994924,0.583756345177665,197
"MOBS-GLEAM_COVID",2025-06-21,1.53646965938507,1.42715307030049,23.8579843924192,0.55231045559824,1.71168502746777,2.02704033068138,30.0820512820513,0.730166720836825,0.174358974358974,0.405128205128205,195
"MOBS-GLEAM_COVID",2025-06-28,1.52411999134273,1.43335782532686,23.1899707141248,0.55751609449204,1.61039080526058,1.94266583364943,29.3160621761658,0.738975377352231,0.129533678756477,0.424870466321244,193
"MOBS-GLEAM_COVID",2025-07-05,1.63690113906247,1.34064676675704,25.4493499711624,0.575972969442974,1.80076898970115,1.66891515346269,31.8216836734694,0.762204061592772,0.163265306122449,0.443877551020408,196
"MOBS-GLEAM_COVID",2025-07-12,1.66230955247298,1.35851466401292,28.1208954579563,0.588288733247602,1.68010450637374,1.78198005903617,35.5939492385787,0.788527657521641,0.16243654822335,0.461928934010152,197
"MOBS-GLEAM_COVID",2025-07-19,1.6535585910874,1.36614624217602,34.1336851439483,0.636842153678208,1.63263524351049,1.67993296401692,44.0663310810811,0.855208054740703,0.0945945945945946,0.364864864864865,148
"MOBS-GLEAM_COVID",2025-07-26,1.6342145230576,1.51367514473527,44.6175974132631,0.732624231814744,1.51694345947146,1.80708222974312,58.2646060606061,0.990813872748124,0.0606060606060606,0.373737373737374,99
"MOBS-GLEAM_COVID",2025-08-02,1.41386592969597,1.43691848810069,51.2578978881988,0.831339861984147,1.30416186800103,1.52378315356418,66.91,1.1033279626429,0.0408163265306122,0.285714285714286,49
"NEU_ISI-AdaptiveEnsemble",2024-12-14,1.53938471561731,1.03981944114577,45.7596675191816,0.223395366331409,1.72374252147363,1.11089967095542,73.0392156862745,0.335575961017668,0.411764705882353,0.823529411764706,51
"NEU_ISI-AdaptiveEnsemble",2024-12-21,0.87184450286122,0.812599570024979,38.1268739130435,0.194567847396426,1.04145524853403,0.896257651703814,61.31,0.294509101603139,0.4,0.87,100
"NEU_ISI-AdaptiveEnsemble",2024-12-28,0.643051813692954,0.655007393296564,55.9572972972973,0.272865528776379,0.789288122024173,0.74988810570392,86.1351351351351,0.409101039515789,0.297297297297297,0.689189189189189,148
"NEU_ISI-AdaptiveEnsemble",2025-01-04,0.665782947881133,0.696209762769872,94.883078612209,0.378194724073209,0.804037661152881,0.778617935373802,137.909090909091,0.536938858156056,0.186868686868687,0.515151515151515,198
"NEU_ISI-AdaptiveEnsemble",2025-01-11,0.690328048601576,0.752501100950083,47.4377839396628,0.227625488938286,0.746822273131839,0.772437505872068,71.5510204081633,0.32602272464933,0.474489795918367,0.790816326530612,196
"NEU_ISI-AdaptiveEnsemble",2025-01-18,1.05620256502774,0.980549887294845,48.5293290664313,0.202642861473816,1.10631211486937,1.02109335922054,76.1116751269035,0.304499625774164,0.421319796954315,0.822335025380711,197
"NEU_ISI-AdaptiveEnsemble",2025-01-25,1.77397084664664,1.48997588143096,82.8879282170995,0.311506827769067,1.75380600816941,1.44665447302464,129,0.457974076085214,0.248322147651007,0.651006711409396,149
"NEU_ISI-AdaptiveEnsemble",2025-02-01,1.87971070392576,1.41743197974983,83.6681587394222,0.297582117469205,1.86102618540511,1.39254751784188,125.496644295302,0.426702262996467,0.348993288590604,0.691275167785235,149
"NEU_ISI-AdaptiveEnsemble",2025-02-08,2.40265816171769,1.57528581301244,84.6011286480048,0.294057731663863,2.28740770940315,1.5547852513236,125.047945205479,0.421359551144489,0.342465753424658,0.684931506849315,146
"NEU_ISI-AdaptiveEnsemble",2025-02-15,2.09825061165225,1.51723287800409,69.241760715387,0.275899690921096,1.97184538749713,1.50620203798531,102.744680851064,0.395843416116153,0.326241134751773,0.617021276595745,141
"NEU_ISI-AdaptiveEnsemble",2025-02-22,2.42426281961329,1.43378995075763,78.9782381193124,0.290283596840189,2.4337292170479,1.57898346240251,115.116279069767,0.415572796710024,0.261627906976744,0.668604651162791,172
"NEU_ISI-AdaptiveEnsemble",2025-03-01,1.61228018902173,1.16923057214919,44.9364424391578,0.242694972501725,1.61295196297711,1.24025632439619,66.4905660377358,0.355649012566334,0.339622641509434,0.716981132075472,159
"NEU_ISI-AdaptiveEnsemble",2025-03-08,1.32084579048557,0.980548747668267,34.4681234221599,0.195289444745227,1.2609249334737,1.10919550915899,49.8129032258065,0.290682684223346,0.387096774193548,0.819354838709677,155
"NEU_ISI-AdaptiveEnsemble",2025-03-15,1.17896151288579,1.13866777338034,26.248347250216,0.225580327477696,1.27168857265372,1.32473052769722,40.6953642384106,0.342938934138132,0.490066225165563,0.847682119205298,151
"NEU_ISI-AdaptiveEnsemble",2025-03-22,1.18337082139622,0.964181072901464,25.2574908328968,0.197233719880769,1.29979058444771,1.18658247765723,38.9939759036145,0.309648435184103,0.409638554216867,0.897590361445783,166
"NEU_ISI-AdaptiveEnsemble",2025-03-29,1.31009767589403,1.1406501800598,31.1697026486757,0.268216483132054,1.29988527256364,1.29358190621276,44.9252873563218,0.401436175007839,0.333333333333333,0.747126436781609,174
"NEU_ISI-AdaptiveEnsemble",2025-04-05,1.16309957138643,1.01750227733009,24.0333308769344,0.234148968111211,1.26956267983091,1.31331097532205,37.9717514124294,0.375890953693097,0.344632768361582,0.864406779661017,177
"NEU_ISI-AdaptiveEnsemble",2025-04-12,1.04206974431626,1.05199282758111,25.0315397549844,0.278726824975452,1.10921151821333,1.31716938657044,40.5635359116022,0.437937084891193,0.397790055248619,0.850828729281768,181
"NEU_ISI-AdaptiveEnsemble",2025-04-19,1.06604090136663,0.976937654787793,20.6572300928188,0.248128084489029,1.15836980312776,1.32391879640476,33.123595505618,0.388256173820234,0.365168539325843,0.831460674157303,178
"NEU_ISI-AdaptiveEnsemble",2025-04-26,1.1896556749748,1.01241245162916,19.2023009281876,0.266057753352707,1.35618132929315,1.44235228054519,31,0.42810833533468,0.325842696629214,0.769662921348315,178
"NEU_ISI-AdaptiveEnsemble",2025-05-03,1.20084057599831,1.09769356838399,21.4548721227621,0.292052247462771,1.2560701106803,1.27781035046462,29.2058823529412,0.350012514887282,0.147058823529412,0.411764705882353,34
"NEU_ISI-AdaptiveEnsemble",2025-05-10,1.01396681636072,1.02961612540149,17.6514822134387,0.380329141709257,1.06803638772066,1.02094017148419,25.8636363636364,0.422767926486459,0.227272727272727,0.409090909090909,22
"NEU_ISI-AdaptiveEnsemble",2025-05-17,0.803582323176629,0.71609422122272,11.0777470355731,0.299186836299538,0.804135141916903,0.804611042358888,14.3636363636364,0.367474697009271,0.0909090909090909,0.272727272727273,11
"NEU_ISI-AdaptiveEnsemble",2025-05-31,0.855824905889136,0.755498886320997,10.7388846880907,0.223614648247943,0.906197791235678,1.02190868763823,14.6521739130435,0.29343241654853,0.304347826086957,0.608695652173913,46
"NEU_ISI-AdaptiveEnsemble",2025-06-07,0.929706578381927,0.704181498463756,11.0411067193676,0.232836622498368,1.16643825717472,1.08276330198646,15.8181818181818,0.331603534109012,0.375,0.647727272727273,88
"NEU_ISI-AdaptiveEnsemble",2025-06-14,1.08595281593141,0.72714640682894,14.8101593096581,0.25404139683426,1.3514938434905,1.13392608414529,21.4198473282443,0.362045285359222,0.366412213740458,0.709923664122137,131
"NEU_ISI-AdaptiveEnsemble",2025-06-21,1.12348045882565,0.864681786105962,18.3132954545455,0.32263099348674,1.42617917776582,1.33676409280644,26.5284090909091,0.46149809584085,0.284090909090909,0.698863636363636,176
"NEU_ISI-AdaptiveEnsemble",2025-06-28,1.16633647256813,1.06064067457693,19.2893653173413,0.393431813660352,1.42608795589299,1.55613372854799,28.7816091954023,0.564675211248396,0.275862068965517,0.689655172413793,174
"NEU_ISI-AdaptiveEnsemble",2025-07-05,0.979634531949554,0.988288751968198,17.5348734954557,0.408847201483232,1.32714335565939,1.36943887297998,27.9830508474576,0.607279608207841,0.367231638418079,0.774011299435028,177
"NEU_ISI-AdaptiveEnsemble",2025-07-12,0.937759402639937,1.02306980380396,18.9641231069858,0.419755277377172,1.24143920762963,1.54304517337711,32.7078651685393,0.657125255294068,0.342696629213483,0.803370786516854,178
"NEU_ISI-AdaptiveEnsemble",2025-07-19,0.888520793928953,0.973914952225217,18.8090111801242,0.37973369449316,1.07229760830751,1.39104711099107,31.8971428571429,0.606336780263377,0.394285714285714,0.874285714285714,175
"NEU_ISI-AdaptiveEnsemble",2025-07-26,0.821744815106301,0.853468454990078,21.1079811848462,0.333648463690234,0.850624614291051,1.1393446442312,32.1695906432749,0.511430696191631,0.532163742690059,0.91812865497076,171
"NEU_ISI-AdaptiveEnsemble",2025-08-02,0.687648222110744,0.849102859291489,23.0001697967584,0.35123284614856,0.718086076531903,1.03323265651528,35.1479289940828,0.543983431694282,0.414201183431953,0.816568047337278,169
"NEU_ISI-AdaptiveEnsemble",2025-08-09,0.710807093723274,0.885775796662775,25.9226882290562,0.373353971680371,0.722436353873828,0.961365891721553,40.4512195121951,0.56733666111232,0.365853658536585,0.804878048780488,164
"NEU_ISI-AdaptiveEnsemble",2025-08-16,0.786482994572912,0.886301595014472,33.7173352894105,0.348391072323436,0.848016306304095,0.95986418668587,54.2944785276074,0.521753058659937,0.208588957055215,0.779141104294479,163
"NEU_ISI-AdaptiveEnsemble",2025-08-23,0.722064857998968,0.813366958291711,35.8138787878788,0.300485162901312,0.822444075081018,0.905204556216864,57.6909090909091,0.455195022821821,0.315151515151515,0.83030303030303,165
"NEU_ISI-AdaptiveEnsemble",2025-08-30,0.754078386246236,0.742445532229215,36.2824863316845,0.22261606744035,0.871198165760344,0.786660034665931,58.8802395209581,0.335882964843192,0.365269461077844,0.910179640718563,167
"NEU_ISI-AdaptiveEnsemble",2025-09-06,0.871603123996334,0.82374454950561,37.3547072128676,0.231049668992681,0.952644061098053,0.831218857744792,59.8728323699422,0.339605330557985,0.404624277456647,0.878612716763006,173
"NEU_ISI-AdaptiveEnsemble",2025-09-13,1.25578262731681,0.907131369994888,34.463161385409,0.22523827934971,1.31234519517876,0.954832310643062,56.2316384180791,0.337750055462106,0.361581920903955,0.887005649717514,177
"NEU_ISI-AdaptiveEnsemble",2025-09-20,0.850643787004525,0.823228416477244,22.7320688812897,0.192846359344059,0.817965704314501,0.883618479330009,34.2022471910112,0.283266423087998,0.47752808988764,0.915730337078652,178
"NEU_ISI-AdaptiveEnsemble",2025-09-27,0.656930824160624,0.800023887779906,20.129018075232,0.160650875982938,0.634338579994242,0.899333821998038,26.752808988764,0.237311420880624,0.561797752808989,0.926966292134832,178
"NEU_ISI-AdaptiveEnsemble",2025-10-04,0.539107932647781,0.733982397758358,24.4287414187643,0.196317385828703,0.561185176810175,0.780981721958504,35.6240601503759,0.292176307991304,0.43609022556391,0.87218045112782,133
"NEU_ISI-AdaptiveEnsemble",2025-10-11,0.44435561264411,0.627227100909292,26.2967786561265,0.214027435901683,0.45225186863905,0.671989135853096,38.6136363636364,0.335371743000831,0.363636363636364,0.875,88
"NEU_ISI-AdaptiveEnsemble",2025-10-18,0.480331485304967,0.683039441840467,30.1168985507246,0.272971518033048,0.444016357912911,0.681885394276776,41.7555555555556,0.411044537107956,0.355555555555556,0.822222222222222,45
"NEU_ISI-AdaptiveEnsemble",2025-11-22,1.09159630104149,0.736676407354009,10.1467391304348,0.172286960325702,1.35526500930975,0.84140798608743,16.9565217391304,0.266157458094752,0.41304347826087,0.804347826086957,46
"NEU_ISI-AdaptiveEnsemble",2025-11-29,0.975647848044262,0.718215641807232,10.4211014492754,0.165619616416205,1.13255882599219,0.832540400637601,17.0444444444444,0.249687982793708,0.466666666666667,0.855555555555556,90
"NEU_ISI-AdaptiveEnsemble",2025-12-06,0.669895346114085,0.622640265990231,11.4326511932004,0.19489685373775,0.681765756594926,0.70324312330811,17.8571428571429,0.29137727784545,0.390977443609023,0.879699248120301,133
"NEU_ISI-AdaptiveEnsemble",2025-12-13,0.687165556312637,0.581176550931011,12.7715204825333,0.187263739276226,0.657850118987771,0.642195568223632,18.8092485549133,0.266891179146755,0.566473988439306,0.884393063583815,173
"NEU_ISI-AdaptiveEnsemble",2025-12-20,0.602571509324601,0.433066296652975,16.2127892194254,0.151948781374808,0.598565183039077,0.523089673046826,25.7543859649123,0.24137284235604,0.543859649122807,0.947368421052632,171
"NEU_ISI-AdaptiveEnsemble",2025-12-27,0.612055789937805,0.536151054808303,28.5658534161491,0.2470724750626,0.60240719164,0.567341619266457,43.4628571428571,0.366335431662512,0.377142857142857,0.754285714285714,175
"NEU_ISI-AdaptiveEnsemble",2026-01-03,0.646350757468334,0.579603139782455,37.0384390591589,0.240940314860839,0.731596685730212,0.676182232735751,57.6830601092896,0.362832810751559,0.26775956284153,0.754098360655738,183
"NEU_ISI-AdaptiveEnsemble",2026-01-10,0.65941861890946,0.565856454945095,22.7787726449275,0.165208375240451,0.669473152970204,0.637144224220604,35.6041666666667,0.255290620065168,0.390625,0.854166666666667,192
"NEU_ISI-AdaptiveEnsemble",2026-01-17,1.39664388562253,1.01356142988616,31.2981931396111,0.212939555573175,1.56603921409374,1.26553010463764,47.8693467336683,0.323205683375034,0.276381909547739,0.718592964824121,199
"NEU_ISI-AdaptiveEnsemble",2026-01-24,1.76978859193389,1.21577615047732,37.7608071348941,0.235360544951742,2.07053750393863,1.52368858256617,61.374358974359,0.371872158575288,0.292307692307692,0.805128205128205,195
"NEU_ISI-AdaptiveEnsemble",2026-01-31,1.53453009089232,1.11178867830502,36.019638831378,0.244747079222321,1.72482840501189,1.30372848618162,60.6507936507937,0.387937221405128,0.317460317460317,0.777777777777778,189
"NEU_ISI-AdaptiveEnsemble",2026-02-07,1.30183383282186,1.02001508610183,25.5480929376582,0.209189415049282,1.42218243309295,1.25170984081506,40.6031746031746,0.320754925764396,0.407407407407407,0.814814814814815,189
"NEU_ISI-AdaptiveEnsemble",2026-02-14,1.0460766209922,0.944236112677406,18.0910846438483,0.205854294347304,1.04809751488845,1.07496895330701,27.0691489361702,0.302669790979537,0.367021276595745,0.771276595744681,188
"NEU_ISI-AdaptiveEnsemble",2026-02-21,0.884834781643604,0.788386462330871,13.7057948369565,0.164485563548493,0.931156598632903,0.924954488258998,20.5833333333333,0.241435712612394,0.46875,0.854166666666667,192
"NEU_ISI-AdaptiveEnsemble",2026-02-28,0.936758828075675,0.810526738342288,13.2887549407115,0.15033225807877,1.09769456784358,1.06908277284007,20.8787878787879,0.231369612291792,0.525252525252525,0.898989898989899,198
"NEU_ISI-AdaptiveEnsemble",2026-03-07,0.844289543559827,0.857457173668132,12.59955,0.161089657888118,0.85786021917892,0.962131566207877,18.58,0.244378009792154,0.48,0.905,200
"NEU_ISI-AdaptiveEnsemble",2026-03-14,0.678775114322221,0.762347602667154,10.586537032991,0.172702209551597,0.708971633189158,0.852541624612014,16.1658291457286,0.259251016740348,0.437185929648241,0.85929648241206,199
"NEU_ISI-AdaptiveEnsemble",2026-03-21,0.811123778447539,0.811911823946942,12.8167434782609,0.220257779180888,0.807840755273281,0.890799845874251,18.365,0.329564805653246,0.445,0.84,200
"NEU_ISI-AdaptiveEnsemble",2026-03-28,1.00460763241633,1.00426397243044,24.4011476495255,0.444804224216882,0.943492592863146,1.00612928350428,34.3096446700508,0.606872010020331,0.233502538071066,0.568527918781726,197
"NEU_ISI-AdaptiveEnsemble",2026-04-04,1.01575954474278,0.967406002964191,20.0873435010244,0.427072283949777,0.89976673827709,0.920670989478869,27.9895287958115,0.57616373666549,0.324607329842932,0.680628272251309,191
"NEU_ISI-AdaptiveEnsemble",2026-04-11,0.873915050372478,0.872883386158546,14.6359681634593,0.402588466262954,0.890220561484206,0.94834120011426,21.1366120218579,0.559247249205682,0.300546448087432,0.672131147540984,183
"NEU_ISI-AdaptiveEnsemble",2026-04-18,0.704958086745126,0.671806923371045,8.62114340619745,0.286638467746894,0.79996647781332,0.835852016287674,12.6022099447514,0.40737478548651,0.386740331491713,0.790055248618785,181
"NEU_ISI-AdaptiveEnsemble",2026-04-25,0.759687533039505,0.73558281547022,7.14097885483488,0.331280250944041,0.947547719155594,0.96857870635714,9.95628415300546,0.474314902772365,0.377049180327869,0.781420765027322,183
"NEU_ISI-AdaptiveEnsemble",2026-09-05,1.35283097117568,0.841557742434871,18.2473291925466,0.272064080282823,1.14280543516027,0.800790011403032,22.5952380952381,0.348723501983084,0.333333333333333,0.571428571428571,42
"NEU_ISI-AdaptiveEnsemble",2026-09-12,1.35710261515633,0.710132615123326,23.1098272017837,0.232859038734865,1.22941620294518,0.798052790216815,28.1282051282051,0.300560311155869,0.384615384615385,0.628205128205128,78
"NEU_ISI-AdaptiveEnsemble",2026-09-19,1.110558621207,0.74535519692305,23.4837783762986,0.316072544685302,1.06531721045214,0.905608330635485,28.0884955752212,0.402593361578057,0.238938053097345,0.539823008849557,113
"NEU_ISI-AdaptiveEnsemble",2026-09-26,0.96930785848311,0.676005863754392,21.7468948296122,0.319330487959782,1.25003499016532,0.930479918255853,27.0135135135135,0.415864665882238,0.209459459459459,0.574324324324324,148
"NEU_ISI-AdaptiveEnsemble",2026-10-03,0.738384958803152,0.592251052264281,13.9767526236882,0.251979415278258,1.1320029552305,1.0656474809016,19.0965517241379,0.346190767023363,0.331034482758621,0.668965517241379,145
"OHT_JHU-nbxd",2024-11-30,1.51883715489248,1.19129573323966,34.5705973244147,0.232958691659292,1.54125857174875,1.13446980603874,49.3419230769231,0.316697737643179,0.25,0.653846153846154,52
"OHT_JHU-nbxd",2024-12-07,1.15172486745761,0.915195581235281,35.2295419732441,0.247698779766249,1.14676253379493,0.936263082180913,51.3755769230769,0.346961126132364,0.240384615384615,0.663461538461538,104
"OHT_JHU-nbxd",2024-12-14,1.13887113127811,0.943671194904116,44.4552974916388,0.257304807361029,1.1650672859469,0.973092527791188,63.8767948717949,0.365053317280391,0.25,0.67948717948718,156
"OHT_JHU-nbxd",2024-12-21,0.970559849642896,0.855298637963667,50.9342273620401,0.260602054572175,1.08657706046449,0.917859442050226,75.6932692307692,0.375621898461351,0.225961538461538,0.673076923076923,208
"OHT_JHU-nbxd",2024-12-28,0.803262442454329,0.781825696508291,73.7582320652174,0.357297066521035,0.888402067041232,0.81720881290591,101.680625,0.486223688117893,0.197115384615385,0.528846153846154,208
"OHT_JHU-nbxd",2025-01-04,0.947144408547781,0.950147579429872,131.519647700669,0.51068350696013,1.00944755526452,0.975756006276737,169.089855769231,0.667545985287765,0.100961538461538,0.379807692307692,208
"OHT_JHU-nbxd",2025-01-11,1.03233800806887,1.05266734959801,71.3258816471572,0.340474225869871,1.02846026945423,1.02831000983567,99.5059615384615,0.46329635963728,0.254807692307692,0.639423076923077,208
"OHT_JHU-nbxd",2025-01-18,1.24431689990858,1.2480773225964,56.1861349498328,0.271241392842707,1.18813999608793,1.22610844429964,80.7016826923077,0.383798661225924,0.360576923076923,0.735576923076923,208
"OHT_JHU-nbxd",2025-01-25,1.18539561949235,1.27325960569231,48.3535383570234,0.243589027568426,1.08865563703164,1.21834414476051,69.9000961538461,0.351766382271385,0.365384615384615,0.788461538461538,208
"OHT_JHU-nbxd",2025-02-01,1.08769158935712,1.11680591409384,47.9771427675585,0.250061239786675,1.06716814394502,1.13528050697762,71.9034134615385,0.36969460726628,0.264423076923077,0.711538461538462,208
"OHT_JHU-nbxd",2025-02-08,1.71129771220876,1.4930961714979,61.9943019230769,0.306816091806674,1.54164270023453,1.45133584956076,88.3922596153846,0.440017335367467,0.225961538461538,0.605769230769231,208
"OHT_JHU-nbxd",2025-02-15,2.0221292117655,1.8632889566792,58.3629603051839,0.349902924389067,1.81012225253704,1.79972052918532,84.0686538461539,0.501996213364243,0.216346153846154,0.5625,208
"OHT_JHU-nbxd",2025-02-22,1.73624213103803,1.5638454264924,44.5677964464883,0.312997022078626,1.75470431944909,1.75867741196152,66.0915384615385,0.465728080645253,0.211538461538462,0.668269230769231,208
"OHT_JHU-nbxd",2025-03-01,1.72165057474942,1.43379270136418,45.6754006061873,0.318239481785985,1.68286266103114,1.49926701250166,67.1678365384615,0.465745763694974,0.235576923076923,0.596153846153846,208
"OHT_JHU-nbxd",2025-03-08,1.64127058221859,1.40416832727992,40.0526876672241,0.290763255017349,1.62538251653116,1.56550142227175,59.7040865384615,0.427080959235302,0.221153846153846,0.663461538461538,208
"OHT_JHU-nbxd",2025-03-15,1.54638036514028,1.32758836297162,36.6902052884615,0.275394630564034,1.62794090537781,1.51064623275368,56.0993269230769,0.410111220121079,0.240384615384615,0.692307692307692,208
"OHT_JHU-nbxd",2025-03-22,1.39560771210248,1.09423456640459,35.0166516722408,0.244073841538604,1.45017124562362,1.31288069600644,52.7633333333333,0.37176193909451,0.333333333333333,0.756410256410256,156
"OHT_JHU-nbxd",2025-03-29,1.08693720140371,0.908670400395734,29.0470305183946,0.208235360554776,1.09481149389434,1.03881969045913,43.1517948717949,0.314108458286171,0.371794871794872,0.833333333333333,156
"OHT_JHU-nbxd",2025-04-05,0.875752892522717,0.723210364346987,20.6730431856187,0.181049504798841,0.956885172607375,0.913293222718106,32.7821153846154,0.281167389004089,0.403846153846154,0.913461538461538,104
"OHT_JHU-nbxd",2025-04-12,0.759463991356327,0.71676041962439,17.9748982023411,0.185024704132565,0.757832690339718,0.827311067513246,27.8154807692308,0.268632862944678,0.461538461538462,0.855769230769231,104
"OHT_JHU-nbxd",2025-04-19,0.812165328109592,0.731410910034025,17.1777905239688,0.201055458807602,0.862045327746046,0.9250727653864,26.7476282051282,0.291742297515929,0.455128205128205,0.871794871794872,156
"OHT_JHU-nbxd",2025-04-26,0.865031814683383,0.705516968675891,14.4470411092531,0.19245621521531,0.969833763032027,0.943476825049063,22.7487820512821,0.28742643512197,0.467948717948718,0.852564102564103,156
"OHT_JHU-nbxd",2025-05-03,0.691384947239252,0.617420573600774,12.4806950947603,0.191472901459305,0.860909931710058,0.908040408944853,20.2522435897436,0.29657677718003,0.519230769230769,0.916666666666667,156
"OHT_JHU-nbxd",2025-05-10,0.684010540339673,0.635649955751276,11.3481944537347,0.197688756707826,0.764300231221866,0.873721615606797,17.5370512820513,0.300686275137229,0.5,0.878205128205128,156
"OHT_JHU-nbxd",2025-05-17,0.75023712477156,0.789686105282904,11.7000895763657,0.247474486977878,0.872541069930016,1.04226818597432,18.7398717948718,0.370433435556651,0.41025641025641,0.814102564102564,156
"OHT_JHU-nbxd",2025-05-24,0.806876967502502,0.754574045777573,12.3510450111483,0.237436204558392,0.979915725182041,1.04246113263883,19.9016666666667,0.363625418049079,0.41025641025641,0.865384615384615,156
"OHT_JHU-nbxd",2025-05-31,0.998762049105876,0.76038684727123,15.7306123327759,0.26707019958811,1.2092065293719,1.18615041928206,24.2402403846154,0.402633028636971,0.423076923076923,0.875,208
"OHT_JHU-nbxd",2025-06-07,1.11333220681105,0.733503591861183,16.2442915551839,0.275095558754604,1.49913820451421,1.17644497270712,25.1226923076923,0.419085305882107,0.447115384615385,0.860576923076923,208
"OHT_JHU-nbxd",2025-06-14,0.946203223187391,0.671175592827246,15.6824644439799,0.259816700277773,1.19164075836755,1.07822747961189,22.939375,0.390417255819917,0.490384615384615,0.875,208
"OHT_JHU-nbxd",2025-06-21,0.972889800692076,0.599599064887732,16.6679434782609,0.245581487896024,1.23865780040209,0.977994018330715,24.045,0.370936546884049,0.519230769230769,0.899038461538462,208
"OHT_JHU-nbxd",2025-06-28,0.92339435344904,0.63125692831439,14.4289435409699,0.243537663942331,1.08414233877516,0.951941907737592,20.6601442307692,0.360955177597279,0.5625,0.903846153846154,208
"OHT_JHU-nbxd",2025-07-05,0.972696811557519,0.759285628828457,15.4965589255853,0.296381821595508,1.21535196485205,1.00118553087062,22.7858173076923,0.42901566841868,0.509615384615385,0.850961538461538,208
"OHT_JHU-nbxd",2025-07-12,0.919541797800769,0.617102488847053,17.7224190008361,0.250021073882703,1.11264623190403,0.923033814334124,27.6563461538462,0.392423848122556,0.456730769230769,0.899038461538462,208
"OHT_JHU-nbxd",2025-07-19,0.87796989241531,0.565375966950948,17.3822524247492,0.223883074307066,0.985907436720842,0.761331826538761,26.7955288461538,0.342486359713612,0.596153846153846,0.927884615384615,208
"OHT_JHU-nbxd",2025-07-26,0.816642902667898,0.63494779811309,18.9909719063545,0.241928984504357,0.858722253227304,0.844993238783071,28.9663461538462,0.37324984178965,0.5,0.908653846153846,208
"OHT_JHU-nbxd",2025-08-02,0.662329978136631,0.490046095831259,22.6010323857302,0.224200074608646,0.695415297709356,0.595595582507048,35.3235256410256,0.352586924270764,0.474358974358974,0.948717948717949,156
"OHT_JHU-nbxd",2025-08-09,0.616174301108781,0.47251937134387,20.6878615105909,0.198938844246665,0.64795881296509,0.531063538611862,33.1200641025641,0.306492320493467,0.538461538461538,0.948717948717949,156
"OHT_JHU-nbxd",2025-08-16,0.583793915665121,0.491966200383841,22.1663527591973,0.203846142001143,0.654937908371785,0.552935880454853,36.8024358974359,0.312192646744158,0.519230769230769,0.923076923076923,156
"OHT_JHU-nbxd",2025-08-23,0.637248292313143,0.516310673899179,28.689172867893,0.197728495643964,0.757579797225257,0.576042116628298,48.18625,0.303957677119241,0.471153846153846,0.932692307692308,104
"OHT_JHU-nbxd",2025-08-30,0.659348510136744,0.481304667953023,31.8814921962096,0.161924312088051,0.782643685583235,0.525962330151065,52.8680128205128,0.25127827162553,0.544871794871795,0.948717948717949,156
"OHT_JHU-nbxd",2025-09-06,0.707371266554258,0.571439754620034,29.0372646599777,0.166531485377154,0.804050269842659,0.621224466381236,48.2542948717949,0.259481759076782,0.467948717948718,0.916666666666667,156
"OHT_JHU-nbxd",2025-09-13,0.95356350071457,0.754864951158049,24.3203059921962,0.191050638172924,0.977472283295647,0.797212006132707,38.7069230769231,0.288706275923141,0.378205128205128,0.852564102564103,156
"OHT_JHU-nbxd",2025-09-20,0.735283328526541,0.708389300522033,22.309782580825,0.192300229157074,0.691196371361029,0.773175612909612,32.4675641025641,0.289922453494408,0.493589743589744,0.891025641025641,156
"OHT_JHU-nbxd",2025-09-27,0.858490581782014,0.951811331151876,22.6578074136009,0.191191621457852,0.940737349726635,1.0869942666102,33.7196153846154,0.2872516920644,0.487179487179487,0.891025641025641,156
"OHT_JHU-nbxd",2025-10-04,0.702521366974116,0.817021385690051,26.0299642140468,0.207483777771533,0.761645643920581,0.895269998862952,40.9555769230769,0.328188585164572,0.397435897435897,0.916666666666667,156
"OHT_JHU-nbxd",2025-10-11,0.711732490371309,0.778129388850473,31.5292461956522,0.242926790689033,0.77940120694227,0.83550527684608,52.2188461538462,0.399598681046312,0.298076923076923,0.923076923076923,104
"OHT_JHU-nbxd",2025-10-18,0.656314960119255,0.750407912899119,38.9398787625418,0.336281069023213,0.721487635355816,0.810760037968339,64.1568269230769,0.532956070162763,0.269230769230769,0.855769230769231,104
"OHT_JHU-nbxd",2025-10-25,NA,NA,47.5714341973244,0.426767022909672,NA,NA,77.7707692307692,0.678595304708466,0.115384615384615,0.807692307692308,52
"OHT_JHU-nbxd",2025-11-22,1.38263810093888,1.00719131777421,12.3908134615385,0.242930133195676,1.57180681276818,1.05252906698188,18.9748076923077,0.342505460124041,0.5,0.865384615384615,52
"OHT_JHU-nbxd",2025-11-29,1.68473886075225,1.08681060170468,16.8660721989967,0.273561127123011,1.86088999008972,1.21805399291043,25.9285576923077,0.394956572501889,0.384615384615385,0.788461538461538,104
"OHT_JHU-nbxd",2025-12-06,1.35919388922261,0.865727624423879,21.3578099219621,0.274540128538074,1.39059208758351,0.988873250228436,33.1019230769231,0.408191451498826,0.333333333333333,0.756410256410256,156
"OHT_JHU-nbxd",2025-12-13,1.47726352714984,0.87776141067639,27.2868807692308,0.296458976769283,1.50179953841937,1.04259879201545,42.0523076923077,0.439298618472524,0.307692307692308,0.735576923076923,208
"OHT_JHU-nbxd",2025-12-20,1.13797865740081,0.804807830220308,29.565637520903,0.293281528369667,1.09554008571947,0.907627007925677,46.0858173076923,0.431552951611384,0.302884615384615,0.716346153846154,208
"OHT_JHU-nbxd",2025-12-27,0.996022069882142,0.749399349916864,44.3195634406354,0.358564781196077,0.959940331314655,0.766849332036199,64.6117307692308,0.504086769073453,0.230769230769231,0.605769230769231,208
"OHT_JHU-nbxd",2026-01-03,1.00404666330035,0.746175051562419,56.1363561454849,0.33385031655904,0.985312991325225,0.764778056365901,79.0784134615385,0.464745927860442,0.245192307692308,0.586538461538462,208
"OHT_JHU-nbxd",2026-01-10,1.45723725632768,0.94748076484923,44.1226254389632,0.266014094444703,1.4514192090853,1.03185611560075,67.6747596153846,0.396966494194062,0.221153846153846,0.735576923076923,208
"OHT_JHU-nbxd",2026-01-17,3.01988823668454,1.96283750885891,58.4591669314381,0.370413388977823,3.19889215244199,2.25518213575148,85.5340384615385,0.520433165518394,0.134615384615385,0.466346153846154,208
"OHT_JHU-nbxd",2026-01-24,2.99891380686333,2.00018117430096,55.0580274874582,0.356507554648429,3.16747941868755,2.21195190480532,81.5257211538461,0.501863409511079,0.182692307692308,0.519230769230769,208
"OHT_JHU-nbxd",2026-01-31,1.93256628288393,1.3017244781826,39.5543364757525,0.274359058015859,2.00937884303713,1.45477523568735,59.7909134615385,0.404990980980828,0.259615384615385,0.682692307692308,208
"OHT_JHU-nbxd",2026-02-07,1.35946331993275,1.1006924378779,25.1590574414716,0.225916896830218,1.44195748422008,1.35096821391496,38.5340865384615,0.342591219961278,0.365384615384615,0.817307692307692,208
"OHT_JHU-nbxd",2026-02-14,1.11228283108303,1.04918598413353,19.688283423913,0.232931651454031,1.11495693380368,1.21149913667925,29.5613461538462,0.349273883139711,0.375,0.807692307692308,208
"OHT_JHU-nbxd",2026-02-21,1.40652798506456,1.17326398661963,23.7326821906355,0.273751194317329,1.46740476137714,1.38706351070523,37.2107692307692,0.421556633059773,0.259615384615385,0.802884615384615,208
"OHT_JHU-nbxd",2026-02-28,1.36880543823974,1.22354006424755,20.4818176839465,0.26202750127615,1.60585286348707,1.61415911783341,33.0525,0.408863148188227,0.240384615384615,0.831730769230769,208
"OHT_JHU-nbxd",2026-03-07,0.986853335284969,0.998143101176013,15.2515245610368,0.238812677234089,1.11168388162235,1.17708125424611,24.489375,0.359272067887409,0.346153846153846,0.841346153846154,208
"OHT_JHU-nbxd",2026-03-14,0.720926215193429,0.778311868251146,11.2543647575251,0.185520606410134,0.746846371151592,0.864168010734488,17.3157211538462,0.278212634600991,0.461538461538462,0.884615384615385,208
"OHT_JHU-nbxd",2026-03-21,0.720977758508384,0.771977630966358,11.3089881270903,0.217224561407098,0.772328615720469,0.836586647674222,17.6709134615385,0.324213693193889,0.375,0.822115384615385,208
"OHT_JHU-nbxd",2026-03-28,0.672645625204179,0.869357704611162,15.9775639632107,0.400491863074657,0.647016630347797,0.861677568445939,23.19375,0.543342510507103,0.216346153846154,0.596153846153846,208
"OHT_JHU-nbxd",2026-04-04,0.870464900346797,0.994964427561804,16.5436016095318,0.447043136782279,0.781054239159786,0.925734923795881,23.5057211538462,0.589315891530473,0.230769230769231,0.576923076923077,208
"OHT_JHU-nbxd",2026-04-11,0.915526402475665,0.964090447989124,14.1601862876254,0.462939324899198,0.860360346889219,0.945775704738971,19.9549038461538,0.614033969818618,0.182692307692308,0.533653846153846,208
"OHT_JHU-nbxd",2026-04-18,0.785106625643937,0.779291358280756,10.0341204431438,0.366112032121185,0.875668506535293,0.931046593662958,14.3747596153846,0.500077444589554,0.317307692307692,0.620192307692308,208
"OHT_JHU-nbxd",2026-04-25,0.954338363319452,0.836178794053001,9.27022447742475,0.386552121863513,1.2372550482843,1.06761007026489,13.6970192307692,0.543019490207816,0.230769230769231,0.658653846153846,208
"OHT_JHU-nbxd",2026-05-02,0.805128771167701,0.792743717527456,6.99514594481605,0.360315929937856,1.21604592526873,1.12485684444072,11.0408653846154,0.519498713087076,0.274038461538462,0.745192307692308,208
"OHT_JHU-nbxd",2026-05-09,0.798676430676546,0.808471601363934,6.66659903846154,0.361473548547425,1.19245398723504,1.18401531177682,10.2395192307692,0.524220257661487,0.245192307692308,0.677884615384615,208
"OHT_JHU-nbxd",2026-05-16,0.734551494970972,0.730262884143712,6.54988127090301,0.339566565877191,1.05073050220307,1.12086513435749,9.57091346153846,0.481939600953287,0.336538461538462,0.701923076923077,208
"OHT_JHU-nbxd",2026-05-23,0.796151496385748,0.858422859637265,6.92807884615385,0.425267238310333,1.14980340063586,1.14078895126217,10.2301442307692,0.577232303519589,0.274038461538462,0.639423076923077,208
"OHT_JHU-nbxd",2026-05-30,1.01607437091995,0.97050697511691,7.98388010033445,0.457728997790788,1.50632595518331,1.24629032901112,11.8015384615385,0.628502366769673,0.221153846153846,0.567307692307692,208
"OHT_JHU-nbxd",2026-06-06,1.02275768563956,1.01034746882561,8.11351258361204,0.520950393123102,1.59198836893304,1.30585950162643,12.0697596153846,0.69285249434693,0.230769230769231,0.538461538461538,208
"OHT_JHU-nbxd",2026-06-13,1.13234127658612,1.11092817590848,8.31970980351171,0.577463200052029,2.06044790538722,1.50911801437265,12.3664423076923,0.75692371725388,0.1875,0.495192307692308,208
"OHT_JHU-nbxd",2026-06-20,1.27541655472446,1.21423034572303,9.37289571488294,0.658242669254327,2.19575798200536,1.59562315946747,13.6174519230769,0.851092533172655,0.110576923076923,0.451923076923077,208
"OHT_JHU-nbxd",2026-06-27,1.32324351409954,1.03821916335998,9.12766306438127,0.524506896944233,2.42218997050937,1.60174651501464,13.7027884615385,0.718932149470442,0.125,0.485576923076923,208
"OHT_JHU-nbxd",2026-07-04,1.07563228291136,1.02229427763694,8.00880869565217,0.573102728678596,1.68639321555357,1.46086320524537,11.7480769230769,0.761447112685657,0.177884615384615,0.504807692307692,208
"OHT_JHU-nbxd",2026-07-11,1.05299590896204,0.864634224381444,8.40862834448161,0.484793200938357,1.36066118796822,1.18504582961592,12.3388942307692,0.663097096470159,0.211538461538462,0.581730769230769,208
"OHT_JHU-nbxd",2026-07-18,0.984423614967808,0.911548692969308,8.07225733695652,0.495579191632566,1.16491607153607,1.17654893285527,12.1705288461538,0.671896241217286,0.206730769230769,0.538461538461538,208
"OHT_JHU-nbxd",2026-07-25,0.908543078484876,0.875085327208655,9.10782244983278,0.491662283403814,1.02757701518308,1.14495364728329,13.5354807692308,0.664260448603297,0.192307692307692,0.557692307692308,208
"OHT_JHU-nbxd",2026-08-01,0.859028013921613,0.79193678230368,8.98062259615385,0.392426310803844,0.911907633620775,0.896091295356529,13.7799038461538,0.534634392799382,0.3125,0.663461538461538,208
"OHT_JHU-nbxd",2026-08-08,0.895435882972062,0.846765734320253,9.65127723662207,0.402425949960204,0.94336112856696,1.09762577537589,14.8703365384615,0.557763516414558,0.201923076923077,0.605769230769231,208
"OHT_JHU-nbxd",2026-08-15,0.753746775456025,0.628406368705882,8.46109991638796,0.311520300150983,0.738145425559784,0.686188804884195,13.058125,0.437957548325087,0.307692307692308,0.706730769230769,208
"OHT_JHU-nbxd",2026-08-22,0.786511189919909,0.708492161661826,11.4542165551839,0.341377167651732,0.745063734302307,0.764928526179339,17.0609134615385,0.470882544008398,0.240384615384615,0.634615384615385,208
"OHT_JHU-nbxd",2026-08-29,0.90542661672254,0.744446084200704,18.7246549540134,0.344035344174594,0.812103780914043,0.734322099072794,25.3365865384615,0.461309098582945,0.235576923076923,0.567307692307692,208
"OHT_JHU-nbxd",2026-09-05,1.04555238901961,0.795583506722751,21.1924883779264,0.318153026513407,0.894528294975632,0.749972242744955,27.28375,0.418196840763244,0.25,0.552884615384615,208
"OHT_JHU-nbxd",2026-09-12,1.12248052093222,0.746127636687592,22.6759789506689,0.297272225371727,1.02525318705677,0.845121634260642,28.9142788461538,0.400366043409396,0.182692307692308,0.538461538461538,208
"OHT_JHU-nbxd",2026-09-19,1.15094267690974,0.805322304575903,24.5630889632107,0.350098763558843,1.14628305298512,0.968348629525448,30.8675,0.449405700380147,0.1875,0.528846153846154,208
"OHT_JHU-nbxd",2026-09-26,1.10456321490367,0.821018067738097,23.5021835075251,0.383593104572038,1.44185002712607,1.10804286599424,29.9940865384615,0.492774005398389,0.158653846153846,0.413461538461538,208
"OHT_JHU-nbxd",2026-10-03,0.632467342403086,0.634758723380652,15.5274468436455,0.331269091727336,0.982832249115276,1.09108487631365,21.316875,0.43301394496349,0.211538461538462,0.514423076923077,208
"UGA_flucast-INFLAenza",2025-03-08,1.27050970336711,0.96091695389089,21.9477328177258,0.157582553571415,1.3436007108067,1.13572192879736,34.4519230769231,0.248606816972416,0.326923076923077,0.923076923076923,52
"UGA_flucast-INFLAenza",2025-03-15,1.1856131274609,0.949672205996552,22.8154406772575,0.164862624284724,1.31170517109245,1.13542045225485,37.0913461538462,0.261807657864,0.394230769230769,0.894230769230769,104
"UGA_flucast-INFLAenza",2025-03-22,1.04892765801244,0.777076932681466,22.2824521599777,0.145897852707138,1.06348043163047,0.923369014402173,32.6955128205128,0.222409204689626,0.576923076923077,0.948717948717949,156
"UGA_flucast-INFLAenza",2025-03-29,0.928928718589273,0.727509686717271,23.6665313963211,0.164983561061112,0.883623568371471,0.81697285784694,33.2259615384615,0.243004708540409,0.644230769230769,0.956730769230769,208
"UGA_flucast-INFLAenza",2025-04-05,0.775305421036007,0.607657508461258,16.5654882525084,0.140262383004645,0.769975729345601,0.734262783887778,24.2019230769231,0.211717753429585,0.644230769230769,0.971153846153846,208
"UGA_flucast-INFLAenza",2025-04-12,0.771065588534168,0.61200865961171,18.9121773933946,0.164528139739744,0.774994862854622,0.747687552571913,29.3509615384615,0.251555040161278,0.572115384615385,0.966346153846154,208
"UGA_flucast-INFLAenza",2025-04-19,0.827113319025203,0.610094890211203,17.1186053407191,0.167189889438096,0.875196958610838,0.828067981528341,26.6057692307692,0.261490373877638,0.548076923076923,0.971153846153846,208
"UGA_flucast-INFLAenza",2025-04-26,0.798436910460725,0.587600387150233,14.0977618624582,0.162993415674396,0.928028072799969,0.850043149934811,23.0528846153846,0.265361163734182,0.475961538461538,0.961538461538462,208
"UGA_flucast-INFLAenza",2025-05-03,0.733415874867508,0.569105023076307,12.2835447324415,0.16402668155003,0.849673118052447,0.853465888662021,18.8317307692308,0.262766038280249,0.552884615384615,0.961538461538462,208
"UGA_flucast-INFLAenza",2025-05-10,0.725300142765093,0.611265618549909,12.3608799331104,0.184573737065024,0.847748388134459,0.896613862750649,20,0.300219365742307,0.461538461538462,0.966346153846154,208
"UGA_flucast-INFLAenza",2025-05-17,0.73419275696815,0.61475407349006,12.9841741360089,0.202017621437288,0.873610681343009,0.875484357274574,20.8205128205128,0.321844205196208,0.461538461538462,0.935897435897436,156
"UGA_flucast-INFLAenza",2025-05-24,0.769988600779442,0.633100784858959,13.2501925585284,0.217083783322933,0.925081114405428,0.92144106552202,21.2948717948718,0.347275142288154,0.435897435897436,0.92948717948718,156
"UGA_flucast-INFLAenza",2025-05-31,0.758898531620352,0.565324479114476,12.2610096571906,0.191817045105699,0.954590531838674,0.938883765457682,19.8108974358974,0.30799035055398,0.474358974358974,0.935897435897436,156
"UGA_flucast-INFLAenza",2025-06-07,0.728306974848039,0.538887090400149,10.1768246376812,0.186164364141117,0.979482331773482,0.873383072537307,15.7211538461538,0.285653102640702,0.576923076923077,0.92948717948718,156
"UGA_flucast-INFLAenza",2025-06-14,0.674942925185952,0.494581226236697,12.3676216415831,0.205863670990817,0.887340652544861,0.819554951309397,19.0192307692308,0.319930040149586,0.564102564102564,0.935897435897436,156
"UGA_flucast-INFLAenza",2025-06-21,0.71174577842936,0.486064194131128,11.9472449136009,0.193850501242498,0.951249198266557,0.83756064483228,18.3141025641026,0.311099150515131,0.474358974358974,0.942307692307692,156
"UGA_flucast-INFLAenza",2025-06-28,0.68961959900419,0.507809148145216,10.4947421683389,0.195907228012738,0.881344452736565,0.807897916189916,16.5737179487179,0.305709882020641,0.538461538461538,0.942307692307692,156
"UGA_flucast-INFLAenza",2025-07-05,0.6475298827459,0.576826445640888,10.5825324623746,0.239945511013748,0.863077267433249,0.787321574760052,16.8798076923077,0.358440874174621,0.5,0.903846153846154,104
"UGA_flucast-INFLAenza",2025-07-12,0.633036080621809,0.442368916889561,12.3738271460424,0.18402986744735,0.800317189957977,0.679096594440649,19.9294871794872,0.295704067127535,0.5,0.967948717948718,156
"UGA_flucast-INFLAenza",2025-07-19,0.645717194149032,0.420893013223168,12.17379712932,0.165175420820911,0.754704985438914,0.567638310298855,19.400641025641,0.251143312620812,0.564102564102564,0.942307692307692,156
"UGA_flucast-INFLAenza",2025-07-26,0.570707913084719,0.433458448758094,11.5753854793757,0.15145469640203,0.632785438445518,0.601655074282321,18.3237179487179,0.240245038863797,0.544871794871795,1,156
"UGA_flucast-INFLAenza",2025-08-02,0.456580470791808,0.363864798074823,13.830046916806,0.153758095403834,0.523730153431892,0.468489650992458,23.1177884615385,0.249281653429176,0.509615384615385,0.980769230769231,208
"UGA_flucast-INFLAenza",2025-08-09,0.51250965307021,0.456021969033056,16.6230432169732,0.194823315823483,0.544886205560153,0.535044197423387,27.1682692307692,0.315329628511427,0.413461538461538,0.942307692307692,208
"UGA_flucast-INFLAenza",2025-08-16,0.499560223104487,0.467066463805156,19.3851964360368,0.197799288056903,0.553392176804489,0.53358791727617,32.0721153846154,0.310935572241286,0.4375,0.899038461538462,208
"UGA_flucast-INFLAenza",2025-08-23,0.580176468311966,0.534541844171736,27.8539186245819,0.215688443894611,0.662903543735602,0.60738672725456,44.8533653846154,0.337075085700418,0.346153846153846,0.860576923076923,208
"UGA_flucast-INFLAenza",2025-08-30,0.636856911433778,0.556904725661883,30.0096185514214,0.185212144228595,0.775416236519884,0.643455980067072,50.6274038461538,0.300265649213038,0.394230769230769,0.923076923076923,208
"UGA_flucast-INFLAenza",2025-09-06,0.754143820506388,0.666253576046647,31.5946906981605,0.201203312870416,0.863502459986724,0.74056749071709,52.375,0.321901430947819,0.355769230769231,0.879807692307692,208
"UGA_flucast-INFLAenza",2025-09-13,0.963448921657249,0.814120668005606,29.4270837374582,0.223063198875403,1.00285174740747,0.875287853041565,47.8717948717949,0.34783960757066,0.41025641025641,0.871794871794872,156
"UGA_flucast-INFLAenza",2025-09-20,0.91316102966698,0.808018727141912,27.0053638377926,0.236465413129857,0.914608943868097,0.913157313001934,40.7596153846154,0.368075551470492,0.394230769230769,0.894230769230769,104
"UGA_flucast-INFLAenza",2025-09-27,0.691654573190908,0.772609088578307,18.9615161789298,0.158091145840423,0.756266568665914,0.901561614990782,29.0625,0.247133102667401,0.509615384615385,0.961538461538462,104
"UGA_flucast-INFLAenza",2025-10-04,0.68331550226696,0.762526764398801,21.7874748745819,0.172671556172395,0.729379927236268,0.821601736787289,34.7115384615385,0.275108181179425,0.423076923076923,0.923076923076923,52
"UGA_flucast-INFLAenza",2025-10-11,0.660858834096353,0.737788185235911,29.7196642558528,0.229755816484903,0.714204314210452,0.802998998840919,47.875,0.376677124235921,0.288461538461538,0.884615384615385,52
"UGA_flucast-INFLAenza",2025-10-18,0.625860309373418,0.758368680891643,36.2136232023411,0.329008393248553,0.670373216512833,0.812042013817031,58.1538461538462,0.522981724365402,0.173076923076923,0.807692307692308,52
"UGA_flucast-INFLAenza",2025-11-22,0.771723215963793,0.721074333390973,6.9142033444816,0.17268485934114,0.865708218736432,0.83653726039592,10.5192307692308,0.271184666440394,0.480769230769231,0.923076923076923,52
"UGA_flucast-INFLAenza",2025-11-29,0.822892957352633,0.650306405347106,8.25228451086956,0.163515563086761,0.925947578582337,0.779219376558471,12.9615384615385,0.255136384344471,0.490384615384615,0.951923076923077,104
"UGA_flucast-INFLAenza",2025-12-06,0.772932219971735,0.604651289785805,12.3747218645485,0.196023863470861,0.798595852282084,0.718204979565531,19.4038461538462,0.305601796762331,0.378205128205128,0.92948717948718,156
"UGA_flucast-INFLAenza",2025-12-13,0.790974479686849,0.599133344375066,14.8530154368729,0.205571861501288,0.820559177564081,0.739416493087447,23.8870192307692,0.325166937933072,0.394230769230769,0.903846153846154,208
"UGA_flucast-INFLAenza",2025-12-20,0.744856399201231,0.572566748124051,20.6368629180602,0.21703168462965,0.700083418448302,0.663537169422165,31.875,0.338146735835418,0.375,0.875,208
"UGA_flucast-INFLAenza",2025-12-27,0.769991509724185,0.62512050070188,38.9555714151338,0.335913555404053,0.667857429510646,0.620647649443933,54.9807692307692,0.495416072709383,0.235576923076923,0.697115384615385,208
"UGA_flucast-INFLAenza",2026-01-03,0.748098322682946,0.598717314597431,48.3332613294314,0.307236682006674,0.730332289989577,0.644841288973977,68.7211538461538,0.455358904028947,0.269230769230769,0.701923076923077,208
"UGA_flucast-INFLAenza",2026-01-10,0.764943765028004,0.588841952901388,27.3089434469064,0.189629708507222,0.756257661752862,0.669031768379848,41.6442307692308,0.295129452087486,0.461538461538462,0.879807692307692,208
"UGA_flucast-INFLAenza",2026-01-17,0.904925044843183,0.728003400479643,19.7354087897157,0.152167693962197,1.02722108459631,0.944034725376142,30.8990384615385,0.237836300796796,0.538461538461538,0.942307692307692,208
"UGA_flucast-INFLAenza",2026-01-24,0.792412398859639,0.766125329033547,15.7433166910535,0.148387510394081,0.857895969172976,0.962851823196518,24.0336538461538,0.238038186604936,0.576923076923077,0.961538461538462,208
"UGA_flucast-INFLAenza",2026-01-31,0.76511441334714,0.762978818443965,15.486243708194,0.161466841869422,0.772833582058595,0.851400922169373,22.8629807692308,0.240369275272433,0.567307692307692,0.932692307692308,208
"UGA_flucast-INFLAenza",2026-02-07,0.924077446240985,0.923561598915728,15.4343221049331,0.179279477783146,0.985004283561688,1.12661364524495,23.0576923076923,0.265918510601655,0.552884615384615,0.903846153846154,208
"UGA_flucast-INFLAenza",2026-02-14,1.1919063758662,1.11653765688515,21.2642754494147,0.251381118284684,1.25086293087317,1.33383249680408,33.2740384615385,0.38606970837573,0.298076923076923,0.836538461538462,208
"UGA_flucast-INFLAenza",2026-02-21,1.34084841311093,1.1375301442549,22.2862756479933,0.258642100435548,1.5051690010106,1.40218998324049,35.6923076923077,0.395034700103945,0.288461538461538,0.846153846153846,208
"UGA_flucast-INFLAenza",2026-02-28,1.07504666478985,0.921170732193784,15.4874783758361,0.182676874751082,1.33921139412169,1.27015983747503,25.5552884615385,0.288124102954407,0.418269230769231,0.951923076923077,208
"UGA_flucast-INFLAenza",2026-03-07,0.781727594879975,0.816229522400835,12.1591224707358,0.193935382222583,0.854357661136661,0.951419204563333,18.7980769230769,0.287262172530433,0.485576923076923,0.942307692307692,208
"UGA_flucast-INFLAenza",2026-03-14,0.558645738728909,0.637302043854852,8.92180612458194,0.157252957098669,0.533461622049243,0.700750624211333,12.8629807692308,0.239823281514773,0.634615384615385,0.961538461538462,208
"UGA_flucast-INFLAenza",2026-03-21,0.653549984010074,0.650545381581502,9.9153072951505,0.173670163687947,0.737485743685891,0.776317078056941,15.9807692307692,0.281436121620994,0.471153846153846,0.966346153846154,208
"UGA_flucast-INFLAenza",2026-03-28,0.626305218718837,0.753408208725724,15.619695882107,0.35448075267467,0.592883043823335,0.770278767792552,23.125,0.518097084702462,0.317307692307692,0.754807692307692,208
"UGA_flucast-INFLAenza",2026-04-04,0.676649518484531,0.789518203302045,13.4096943770903,0.360936536525809,0.626294823462775,0.776148139776304,20.0264423076923,0.512348022886277,0.355769230769231,0.793269230769231,208
"UGA_flucast-INFLAenza",2026-04-11,0.69879243598307,0.755349254178611,11.1005603365385,0.355180456622716,0.717135735982461,0.856783592161155,16.4639423076923,0.525428880400488,0.365384615384615,0.774038461538462,208
"UGA_flucast-INFLAenza",2026-04-18,0.638531658676077,0.626836166191947,7.61853851379599,0.278876903336807,0.783261902922021,0.853780479865268,11.8076923076923,0.427338531058829,0.4375,0.870192307692308,208
"UGA_flucast-INFLAenza",2026-04-25,0.625308551835575,0.528443447952858,5.73922248118729,0.23382635654042,0.88017632229035,0.73587970871996,9.04326923076923,0.352136220474928,0.543269230769231,0.908653846153846,208
"UGA_flucast-INFLAenza",2026-05-02,0.552060282940968,0.499945032835088,4.70338298494983,0.219345548507472,0.84360387601312,0.756886949831015,7.50240384615385,0.337325012251326,0.567307692307692,0.932692307692308,208
"UGA_flucast-INFLAenza",2026-05-09,0.576944121851507,0.533952496129939,4.67196242683946,0.229719561324763,0.901657343863822,0.84900639914222,7.56971153846154,0.365040062958829,0.490384615384615,0.942307692307692,208
"UGA_flucast-INFLAenza",2026-05-16,0.538279515901799,0.495341708547937,4.74450049122074,0.224778881849772,0.829610336908803,0.843522624490406,7.32451923076923,0.348731262938674,0.533653846153846,0.942307692307692,208
"UGA_flucast-INFLAenza",2026-05-23,0.565756514523243,0.647594247419964,4.58759123118729,0.303110695972107,0.923411893640786,1.00936786704335,7.43509615384615,0.471604794337848,0.451923076923077,0.923076923076923,208
"UGA_flucast-INFLAenza",2026-05-30,0.537930306464893,0.573792469248774,4.49097676630435,0.283982197771534,0.811380902355328,0.819835188458141,7.03365384615385,0.4521008114959,0.418269230769231,0.908653846153846,208
"UGA_flucast-INFLAenza",2026-06-06,0.572961338481877,0.663515047584186,4.58298906075808,0.328420121977588,1.04907641990644,1.09067083325626,7.21794871794872,0.505912295981799,0.461538461538462,0.897435897435897,156
"UGA_flucast-INFLAenza",2026-06-13,0.468601023100317,0.625021680046835,4.38362347408027,0.363349620847532,0.904175718521436,0.96544601026513,7.0625,0.569132882670708,0.355769230769231,0.884615384615385,104
"UGA_flucast-INFLAenza",2026-06-20,0.550260216054816,0.685500804299045,3.72686344063545,0.325798218845452,1.04632063775155,1.08908328100262,5.90384615384615,0.506085983482962,0.5,0.923076923076923,104
"UGA_flucast-INFLAenza",2026-06-27,0.539330095610082,0.45522992307692,2.9595114548495,0.210303965575134,0.953664431722624,0.743308136395579,4.56730769230769,0.322147438319882,0.596153846153846,0.932692307692308,104
"UGA_flucast-INFLAenza",2026-07-04,0.540285550664764,0.509592125239036,3.19808779264214,0.234773180140922,0.956897682745475,0.91756785259427,5.27884615384615,0.393121378458715,0.480769230769231,0.993589743589744,156
"UGA_flucast-INFLAenza",2026-07-11,0.578897078842985,0.445912185654346,4.18041239548495,0.221684823906688,0.843511193324945,0.695973177733507,6.87980769230769,0.344889284923584,0.557692307692308,0.980769230769231,208
"UGA_flucast-INFLAenza",2026-07-18,0.58164758313685,0.490790985863018,4.24587363085284,0.240508139176879,0.764635270363244,0.760926019453963,7.18990384615385,0.396353095721178,0.466346153846154,0.985576923076923,208
"UGA_flucast-INFLAenza",2026-07-25,0.588347354681825,0.473377671893228,5.37903448996655,0.240401419323927,0.687945435244783,0.684801697263214,8.38221153846154,0.365258123920889,0.634615384615385,0.942307692307692,208
"UGA_flucast-INFLAenza",2026-08-01,0.572333371381238,0.452300764517327,5.64791315844482,0.211059019376777,0.657032030532914,0.595256112258882,9.39423076923077,0.337183630913021,0.610576923076923,0.961538461538462,208
"UGA_flucast-INFLAenza",2026-08-08,0.499741249882136,0.448658104834569,5.21250175585284,0.205518195834508,0.582382154927028,0.690857134066142,8.94471153846154,0.341516039709821,0.567307692307692,0.995192307692308,208
"UGA_flucast-INFLAenza",2026-08-15,0.49651942585384,0.431320643149857,5.51993581730769,0.209741691392448,0.498024865994448,0.51923669753016,8.78846153846154,0.328461734413979,0.538461538461538,0.980769230769231,208
"UGA_flucast-INFLAenza",2026-08-22,0.582850985058435,0.43438478199681,8.80364402173913,0.214159855463362,0.582262569074888,0.526465983382108,13.6698717948718,0.332715032321278,0.653846153846154,0.942307692307692,156
"UGA_flucast-INFLAenza",2026-08-29,0.696602613749962,0.532114002839434,14.573595122631,0.245810683985953,0.736400539670162,0.615743770057336,23.2403846153846,0.383933290274795,0.474358974358974,0.891025641025641,156
"UGA_flucast-INFLAenza",2026-09-05,0.745767714222299,0.577756390439537,16.0626330128205,0.250541949893179,0.809674620473463,0.657916697098527,26.1121794871795,0.395483298661338,0.346153846153846,0.884615384615385,156
"UGA_flucast-INFLAenza",2026-09-12,0.770525105591194,0.519297602373822,16.6221856187291,0.226121620561487,0.874164780995833,0.690884619603289,26.6009615384615,0.359143154854004,0.413461538461538,0.913461538461538,104
"UGA_flucast-INFLAenza",2026-09-19,0.75230533854294,0.545135943496894,16.9544545429208,0.252075788074427,0.929210740930837,0.813103145920454,26.4967948717949,0.398979757779429,0.423076923076923,0.846153846153846,156
"UGA_flucast-INFLAenza",2026-09-26,0.700931789012906,0.525262303064145,13.5104418617614,0.236554974423447,1.12302703647511,0.895636689705169,21.2692307692308,0.383099333228403,0.384615384615385,0.878205128205128,156
"UGA_flucast-INFLAenza",2026-10-03,0.455715068366231,0.407209336713777,10.1103901337793,0.202695577301157,0.758394154631242,0.811015535739705,15.2083333333333,0.312069013134655,0.493589743589744,0.903846153846154,156
"UM-DeepOutbreak",2024-11-30,1.7977778216945,1.77239086781951,40.995582611793,0.347778146494467,1.76592903035888,1.50689575320838,56.7386835496242,0.423119557872712,0.442307692307692,0.884615384615385,52
"UM-DeepOutbreak",2024-12-07,1.92190422939044,1.69726227294038,59.3553687834686,0.458885916708701,1.76067312393274,1.52777069429901,79.7631532419759,0.568065908721416,0.326923076923077,0.788461538461538,104
"UM-DeepOutbreak",2024-12-14,1.31414458694834,1.5714517208024,52.0565444950495,0.432409596365925,1.30022459035749,1.3102358728793,72.4981396155327,0.49984352568145,0.435897435897436,0.858974358974359,156
"UM-DeepOutbreak",2024-12-21,1.07000131762229,1.33550384798967,56.5095026497007,0.412198244800625,1.1242526338612,1.07415804228979,78.9574229337948,0.443503087242747,0.504807692307692,0.894230769230769,208
"UM-DeepOutbreak",2024-12-28,0.780559200221635,0.933354254096701,72.4172886438266,0.435379879369769,0.869604036804477,0.847867020847335,100.356789391471,0.510489183964627,0.326923076923077,0.798076923076923,208
"UM-DeepOutbreak",2025-01-04,0.616479768422097,0.710587535574634,86.3327027582581,0.388043268943505,0.748173205119931,0.698974703656418,126.410473861732,0.484595822633957,0.259615384615385,0.759615384615385,208
"UM-DeepOutbreak",2025-01-11,0.883005095877074,0.879992804463282,58.6324492436879,0.275682777199394,0.909309081718668,0.755217383552387,84.4204945772385,0.328744501164323,0.533653846153846,0.894230769230769,208
"UM-DeepOutbreak",2025-01-18,1.35725418967943,1.24241975369348,61.349950830214,0.270029881824463,1.35709705078722,1.09312635709948,92.3702257648827,0.340570473991418,0.552884615384615,0.884615384615385,208
"UM-DeepOutbreak",2025-01-25,1.73894885777822,1.52769983925385,72.9325719142319,0.29732515086819,1.72148617870064,1.45959052850687,112.764703569002,0.426323837271216,0.432692307692308,0.889423076923077,208
"UM-DeepOutbreak",2025-02-01,1.40108978082784,1.33833602027112,58.5473299758454,0.281966422904505,1.30738698256035,1.20067136694982,82.9883821964837,0.373277073118486,0.519230769230769,0.903846153846154,208
"UM-DeepOutbreak",2025-02-08,1.23595027501256,1.31065618521751,44.1948630129275,0.260464998864411,0.980313935354934,0.961719254255025,57.1186079420149,0.292570180518959,0.581730769230769,0.985576923076923,208
"UM-DeepOutbreak",2025-02-15,1.33377047510455,1.41646629764523,42.3936400489494,0.27744817719228,1.17855989112837,1.10309271970919,60.3185975927358,0.327817979040505,0.682692307692308,0.995192307692308,208
"UM-DeepOutbreak",2025-02-22,1.55891212542496,1.50835795531224,39.1419066442176,0.288486969375341,1.39014026154647,1.18554672020805,52.4865880310535,0.30254481974114,0.764423076923077,1,208
"UM-DeepOutbreak",2025-03-01,1.46762468415408,1.50489112606503,38.5529440089026,0.325140030512758,1.21716846406793,1.19819512710466,49.079158155964,0.364806022499033,0.735576923076923,0.990384615384615,208
"UM-DeepOutbreak",2025-03-08,1.45264301565245,1.54761161034249,36.8701448972201,0.321639080758179,1.14291606628064,1.19988919886442,43.6907832164031,0.317868823703388,0.783653846153846,1,208
"UM-DeepOutbreak",2025-03-15,1.40720362451082,1.56874303196303,34.377157060006,0.343913770895857,1.15382244050501,1.18956550559784,40.4256159193241,0.334182515092423,0.774038461538462,0.995192307692308,208
"UM-DeepOutbreak",2025-03-22,1.36844112797427,1.54199006810582,32.2045284054485,0.334859186869403,1.06901213370164,1.21596681408033,35.5409523919225,0.331430972292391,0.759615384615385,1,208
"UM-DeepOutbreak",2025-03-29,1.33314816865983,1.41306025208858,34.5978979372297,0.341638818752343,1.13645369923626,1.13044419399458,42.3221613317728,0.343595216262311,0.783653846153846,0.995192307692308,208
"UM-DeepOutbreak",2025-04-05,1.42440965838923,1.50958747717206,31.6675388542714,0.355836544617584,1.23863894795891,1.23249714082567,40.4119607611344,0.363828481077696,0.798076923076923,1,208
"UM-DeepOutbreak",2025-04-12,1.3491796217845,1.44257307548009,33.4253518526095,0.386394270233346,1.24645383409696,1.19927778759324,47.8958786278963,0.405678608186406,0.725961538461538,1,208
"UM-DeepOutbreak",2025-04-19,1.3684242840686,1.54819506173194,28.1799697421342,0.419235001880627,1.14088142802875,1.21382036245852,34.6404013775038,0.386601113648992,0.841346153846154,0.995192307692308,208
"UM-DeepOutbreak",2025-04-26,1.52101448570274,1.50381551368985,27.3191876438722,0.419458762648612,1.34132136261454,1.3014795312352,33.854977647559,0.402684054870478,0.754807692307692,0.975961538461538,208
"UM-DeepOutbreak",2025-05-03,1.45226864642415,1.47084623660133,24.0383951195662,0.430383712164905,1.58440927913804,1.5688113407981,34.6911985106193,0.486390250053387,0.759615384615385,0.980769230769231,208
"UM-DeepOutbreak",2025-05-10,1.2603693764281,1.42952664263305,23.6218516748414,0.457313078572744,1.20983283969328,1.47886217478702,32.3336411072658,0.534979740231775,0.730769230769231,0.967948717948718,156
"UM-DeepOutbreak",2025-05-17,1.35915326442287,1.21711327645856,22.0579478870178,0.411289904616773,1.44782488320825,1.255467525564,32.2737653457966,0.460287391502908,0.769230769230769,0.993589743589744,156
"UM-DeepOutbreak",2025-05-24,1.60013589550315,1.37566634916617,24.8319948802781,0.474687849266708,1.76634869832289,1.61491468455512,35.4795998699772,0.587757193193345,0.576923076923077,0.923076923076923,156
"UM-DeepOutbreak",2025-05-31,1.29584097352168,1.06298441088854,20.1529399543167,0.383115871455172,1.56472314566988,1.48050672217644,30.2018679823631,0.503020220803703,0.615384615384615,0.935897435897436,156
"UM-DeepOutbreak",2025-06-07,1.26304698652142,1.0376214659699,20.9767269673028,0.424062092920626,1.52497445635132,1.23493759536882,28.4299942919841,0.480429415683597,0.724358974358974,0.961538461538462,156
"UM-DeepOutbreak",2025-06-14,1.16371886045818,1.02338213423057,22.7166775747504,0.436340886828243,1.42223213785456,1.30144922433735,31.9052936956286,0.519194392180153,0.634615384615385,0.951923076923077,104
"UM-DeepOutbreak",2025-06-21,0.994736956681035,1.05746632806768,21.3015809347539,0.482921315509934,1.070564693388,0.954862052496108,25.2998742782153,0.395669361596899,0.788461538461538,0.942307692307692,52
"UM-DeepOutbreak",2025-11-22,1.2156633432899,1.06940243011089,10.8514071430874,0.256138645962915,1.20797552260342,0.932038405422005,14.6156485508654,0.301887314045345,0.807692307692308,0.980769230769231,52
"UM-DeepOutbreak",2025-11-29,1.22173771868404,1.06181720909688,12.579004886663,0.2745156363636,1.11126018484866,0.955046143271969,16.0330214250481,0.321722175532575,0.759615384615385,0.990384615384615,104
"UM-DeepOutbreak",2025-12-06,1.05401703944333,0.954856851149793,17.0918904034133,0.308694190798589,0.919228028671989,0.785462431609011,23.426529930047,0.345758075886556,0.653846153846154,0.955128205128205,156
"UM-DeepOutbreak",2025-12-13,1.10781658991165,0.970282606300021,21.1216393850963,0.333959167591765,0.975202477676758,0.811687263162119,29.7514930515184,0.37173258181133,0.682692307692308,0.961538461538462,208
"UM-DeepOutbreak",2025-12-20,0.898491364432069,0.892308121774348,23.1829231409526,0.319261809266603,0.724347207140342,0.747853378493271,30.4070932580168,0.36319528942856,0.610576923076923,0.913461538461538,208
"UM-DeepOutbreak",2025-12-27,0.806860799296058,0.747439716921286,37.1484987288774,0.359382565488252,0.699142316195824,0.630368600581138,50.2837578913181,0.437599739997667,0.418269230769231,0.730769230769231,208
"UM-DeepOutbreak",2026-01-03,0.811045005598337,0.726916090867508,48.721872175952,0.342845996633885,0.700152786279731,0.607040664213671,61.7392249722236,0.401188470957849,0.413461538461538,0.634615384615385,208
"UM-DeepOutbreak",2026-01-10,0.878534411607104,0.897843751432485,28.5350264457735,0.269173371592526,0.821718086108437,0.725713238219114,41.0799666860577,0.300073036297921,0.509615384615385,0.836538461538462,208
"UM-DeepOutbreak",2026-01-17,1.68907378207041,1.47367371852023,33.5756914004352,0.289937909555447,1.85550819204556,1.59240806140015,50.3000039379728,0.37496873103789,0.519230769230769,0.822115384615385,208
"UM-DeepOutbreak",2026-01-24,1.91680651227102,1.58411920574952,37.9890323865217,0.298394046653147,2.15692832103597,1.77033149723453,59.1140931696154,0.419227376179592,0.5,0.802884615384615,208
"UM-DeepOutbreak",2026-01-31,1.6747991076246,1.42768020714114,36.2364504236647,0.298723861626599,1.79626349980649,1.46073651902098,55.7926293386779,0.408024008654238,0.528846153846154,0.846153846153846,208
"UM-DeepOutbreak",2026-02-07,1.5386273975927,1.63666752036761,27.2511076530694,0.316708842667235,1.61609314861934,1.46609273754361,41.2180276489583,0.364370273515598,0.586538461538462,0.9375,208
"UM-DeepOutbreak",2026-02-14,1.53955705735393,1.84649531797494,29.3865217159989,0.418335065150493,1.42282097296362,1.50067323121219,42.2196664349509,0.47145215199142,0.506410256410256,0.92948717948718,156
"UM-DeepOutbreak",2026-02-21,1.5701836747981,1.56907997856688,26.6883780748015,0.36251857389173,1.56967457185176,1.41038879259606,40.1435106962714,0.43526198351518,0.551282051282051,0.903846153846154,156
"UM-DeepOutbreak",2026-02-28,1.36134832405657,1.59335684405155,18.7621475595467,0.312428002604365,1.45747899534875,1.44543164695262,26.5454553168205,0.334285733925583,0.737179487179487,0.980769230769231,156
"UM-DeepOutbreak",2026-03-07,1.27427887272032,1.19861782507255,17.8296924536896,0.261658226345699,1.34119051009319,1.20189059727902,26.141613496734,0.33029754320532,0.698717948717949,0.974358974358974,156
"UM-DeepOutbreak",2026-03-14,1.3352346808819,1.22194610846247,20.5857684435553,0.288990664585254,1.44795634842633,1.21552436996458,32.7896551984505,0.385114652280756,0.706730769230769,0.985576923076923,208
"UM-DeepOutbreak",2026-03-21,1.28849441017813,1.17351311870217,19.8140216721986,0.311157964246121,1.37485247988637,1.09759229065945,30.9756211504753,0.404369368540347,0.740384615384615,0.995192307692308,208
"UM-DeepOutbreak",2026-03-28,1.00146803959345,1.06757847616843,24.1396275173556,0.464165656171322,1.16896941102717,1.11445706514546,43.2553723149678,0.697498032342363,0.581730769230769,0.975961538461538,208
"UM-DeepOutbreak",2026-04-04,1.00944260881388,1.07913752906469,19.4640187928053,0.46659627143926,1.05385571890796,1.01093594567983,32.8181913012577,0.637993541184034,0.706730769230769,1,208
"UM-DeepOutbreak",2026-04-11,1.0145899856444,1.13635479499574,14.9497257881343,0.485556147571266,1.02405311618115,1.04147355108571,22.2751072613615,0.603236573204404,0.778846153846154,0.995192307692308,208
"UM-DeepOutbreak",2026-04-18,1.17038593782496,1.2395226721792,13.1437964518778,0.503204155311082,1.32458083968009,1.24239479875804,18.5390468735355,0.578526897574246,0.831730769230769,1,208
"UM-DeepOutbreak",2026-04-25,1.29539346163971,1.15916943301292,12.2011958007414,0.499918226120059,1.51295862749848,1.08265946324396,16.2610914645103,0.526672279426762,0.817307692307692,1,208
"UM-DeepOutbreak",2026-05-02,1.31482603446252,1.13903016927759,12.7038208471286,0.533757102210945,1.45417615427117,1.09420194511712,15.1802131111511,0.55067837585264,0.858974358974359,1,156
"UM-DeepOutbreak",2026-05-09,1.39453855942581,1.09673613871537,11.9678915025084,0.480461247028434,1.71694858739404,1.12735016683838,15.380990368699,0.518666336867119,0.871794871794872,0.987179487179487,156
"UM-DeepOutbreak",2026-05-16,1.22865546037671,1.04611710328546,10.3655744541261,0.441303336027921,1.39993407377374,1.1558920956578,13.2841304860357,0.524640450106269,0.833333333333333,1,156
"UM-DeepOutbreak",2026-05-23,1.26342370249633,1.02127559444012,9.4517007270765,0.452357101120582,1.72067093582888,1.37844298515264,13.2634077945996,0.641642870680441,0.814102564102564,1,156
"UM-DeepOutbreak",2026-05-30,1.44155092959052,1.11461966039163,12.9273121437701,0.530713894437143,2.12642769564086,1.41028201588967,19.2790703557423,0.754430249390481,0.82051282051282,1,156
"UM-DeepOutbreak",2026-06-06,1.58685470866132,1.10044364690926,15.3054755842211,0.60475329903577,3.31124220440596,2.1437672579673,24.5045532249302,1.0042198144102,0.846153846153846,1,104
"UM-DeepOutbreak",2026-06-13,1.62828555031116,1.1944554887912,16.1350088897074,0.664168336181925,3.18288252454979,1.9015004164092,25.3119205810981,1.06724975672799,0.865384615384615,1,52
"UMass-ar6_pooled",2024-11-30,0.950626582253838,0.921516792000925,21.5921926452582,0.179948335551589,0.96019447983182,0.944140913996529,30.6946948603787,0.263548742216013,0.615384615384615,0.865384615384615,52
"UMass-ar6_pooled",2024-12-07,0.763768646605695,0.766489869981128,23.484355218956,0.204466416808169,0.804157426745766,0.841687618345466,36.6274072950274,0.309956918653809,0.480769230769231,0.875,104
"UMass-ar6_pooled",2024-12-14,0.710341019692133,0.705862183792215,27.2282657832635,0.190511563615709,0.785161940821179,0.793315012007136,42.3386149639578,0.295950146711797,0.512820512820513,0.948717948717949,156
"UMass-ar6_pooled",2024-12-21,0.694680524134679,0.690411760580959,36.305799118682,0.2085714289678,0.811741655437612,0.787311721437824,56.4420228342729,0.319942874976235,0.490384615384615,0.961538461538462,208
"UMass-ar6_pooled",2024-12-28,0.711467786030468,0.707673629528962,65.5967936479874,0.324822484229677,0.880152316633023,0.849657266537443,101.122171243586,0.507863474851836,0.245192307692308,0.783653846153846,208
"UMass-ar6_pooled",2025-01-04,0.732741916842258,0.731736704134953,103.060943446061,0.402162087064013,0.897302444705088,0.871326686015359,151.770017887082,0.607319099520744,0.153846153846154,0.682692307692308,208
"UMass-ar6_pooled",2025-01-11,0.795200681175907,0.793701715682512,53.8083564445075,0.252745363804263,0.877203638500466,0.866560205688269,83.051950551034,0.386040031455631,0.451923076923077,0.884615384615385,208
"UMass-ar6_pooled",2025-01-18,1.05412415047754,0.973655182056997,48.5815210077468,0.216325762319331,1.02943401306973,1.02759305150366,71.2788925294659,0.329891185365253,0.538461538461538,0.913461538461538,208
"UMass-ar6_pooled",2025-01-25,1.28085614227391,1.12745231532177,61.9014858140742,0.251107354341331,1.24069207057862,1.20225108235461,93.949114427463,0.404132807680794,0.448717948717949,0.916666666666667,156
"UMass-ar6_pooled",2025-02-01,1.24993062414364,1.08987223981892,56.035152705275,0.245318951374157,1.21542935311372,1.16693837988575,83.1514300635637,0.383103926893982,0.41025641025641,0.916666666666667,156
"UMass-ar6_pooled",2025-02-08,1.07961729455166,1.01579906954878,37.4977171576187,0.211439646118284,1.0282392079156,1.05794981899558,55.1033005253842,0.31801388279375,0.519230769230769,0.916666666666667,156
"UMass-ar6_pooled",2025-02-15,1.11728091665415,1.02870273074975,30.6009661068294,0.198274909196761,1.06121294335332,1.09490987772034,44.7578757953876,0.305898902710481,0.551282051282051,0.942307692307692,156
"UMass-ar6_pooled",2025-02-22,1.05318165064771,0.913786622085162,26.2536999112055,0.176197325305439,0.993514602492761,1.02602765141497,36.1861461889023,0.26310650807236,0.721153846153846,0.961538461538462,208
"UMass-ar6_pooled",2025-03-01,1.04143015180379,0.896154214546489,27.0441377674198,0.193781761718103,0.997450785098493,0.994327839201773,38.8972724914233,0.301234997998518,0.610576923076923,0.961538461538462,208
"UMass-ar6_pooled",2025-03-08,1.01978788976505,0.896150106073218,25.2868433670374,0.17879877949798,0.960619395097329,1.0221025801671,35.8969528014954,0.265916063494579,0.644230769230769,0.971153846153846,208
"UMass-ar6_pooled",2025-03-15,0.994236303724774,0.882795168851684,23.7365570734706,0.185647493556907,0.979489028532924,1.04576618781493,33.7212051286331,0.283727428624615,0.615384615384615,0.985576923076923,208
"UMass-ar6_pooled",2025-03-22,1.01100893501968,0.896931522751566,23.2883963642474,0.182861340112073,0.928017022221794,1.03869045347694,31.5409444206319,0.27196180874633,0.673076923076923,0.971153846153846,208
"UMass-ar6_pooled",2025-03-29,1.02066470810484,0.900670320228804,25.9910437141668,0.204964003215247,0.961181041917968,1.03860258026289,36.0903974334406,0.3100438141073,0.634615384615385,0.956730769230769,208
"UMass-ar6_pooled",2025-04-05,0.996418283279691,0.836779688368852,21.8280220881491,0.198191045905643,0.984502935897873,1.03963685898386,32.0145625925542,0.309648931086738,0.644230769230769,0.985576923076923,208
"UMass-ar6_pooled",2025-04-12,0.943719893370782,0.800716189947814,23.4909712194383,0.218490499633218,0.946315426878875,1.00251256247074,36.5420997185137,0.34317475300215,0.605769230769231,0.975961538461538,208
"UMass-ar6_pooled",2025-04-19,0.968690909678406,0.768156044884828,20.4347188182171,0.212192235149093,0.971150325341035,1.00641982583709,30.4458632482683,0.322421465669445,0.653846153846154,0.975961538461538,208
"UMass-ar6_pooled",2025-04-26,0.967687469840712,0.739077303406682,19.585359902365,0.218215056605663,1.02206107901702,0.987627928751344,29.1844361188034,0.325919486198465,0.666666666666667,0.993589743589744,156
"UMass-ar6_pooled",2025-05-03,0.974019480402499,0.746540970759388,17.0187867804797,0.218414508424522,1.05945393738156,1.05909649511551,24.4206658737458,0.33059639205688,0.628205128205128,0.987179487179487,156
"UMass-ar6_pooled",2025-05-10,0.920944560735242,0.712738346247896,15.3271825163668,0.214090900973263,1.03341276709721,1.02192247075764,23.2264725200027,0.337048121220294,0.608974358974359,0.993589743589744,156
"UMass-ar6_pooled",2025-05-17,0.902160155764649,0.767278008924704,13.5776112816614,0.228914445021206,0.961275829634527,1.04788382297422,19.8274277646563,0.354801631636622,0.544871794871795,0.967948717948718,156
"UMass-ar6_pooled",2025-05-24,0.927294108693314,0.739558457551768,16.0813121982475,0.25458847793942,0.989126670027468,1.03155221061412,23.0617630545475,0.394164404433488,0.586538461538462,0.985576923076923,208
"UMass-ar6_pooled",2025-05-31,0.855871605138879,0.688294431829974,14.4947962895947,0.247005509249747,0.971560482328418,1.04699873318589,20.7690592827004,0.362694218410727,0.653846153846154,0.966346153846154,208
"UMass-ar6_pooled",2025-06-07,0.826482277727447,0.669300027452691,12.7363575412902,0.246517434158176,0.960959856493061,1.01334158726849,17.5415650903934,0.358441618022638,0.682692307692308,0.980769230769231,208
"UMass-ar6_pooled",2025-06-14,0.851471790944968,0.680485905733628,13.7142196049591,0.260768341157346,1.05197152663041,1.06015968113305,19.8713375574719,0.38345266385853,0.658653846153846,0.975961538461538,208
"UMass-ar6_pooled",2025-06-21,0.81414286907939,0.645519417813089,13.57360785069,0.25602006776265,1.05098519760082,0.988935263881902,19.9796306251915,0.365337391306481,0.653846153846154,0.985576923076923,208
"UMass-ar6_pooled",2025-06-28,0.861678660797962,0.668451350649232,13.7895329732343,0.261524764194963,1.08594582008582,0.989083093416427,21.2527892913144,0.381826847708234,0.644230769230769,0.985576923076923,208
"UMass-ar6_pooled",2025-07-05,0.775790952498977,0.72424060375979,12.9112262868109,0.291549200436081,0.978626530996102,0.993122917355955,19.4581850069427,0.436980045720492,0.625,0.971153846153846,208
"UMass-ar6_pooled",2025-07-12,0.714760133318525,0.629910366230746,13.6437818982747,0.251113405677841,0.877059044422889,0.891877443935595,21.544337206126,0.367576807056864,0.668269230769231,0.980769230769231,208
"UMass-ar6_pooled",2025-07-19,0.681251681847275,0.613484558609008,13.2161254310088,0.245192034898404,0.786070003204609,0.79430440306116,20.4072505231491,0.347343411285208,0.682692307692308,0.980769230769231,208
"UMass-ar6_pooled",2025-07-26,0.648619819306996,0.593918586259708,14.7199267919271,0.231939655168809,0.744857832816522,0.75754555218452,24.1388482923991,0.33621953527192,0.658653846153846,0.995192307692308,208
"UMass-ar6_pooled",2025-08-02,0.646701348340507,0.603841956498214,19.0765210755993,0.257797688442292,0.762661227800962,0.721129753131886,32.7601202896279,0.387494987398394,0.514423076923077,0.961538461538462,208
"UMass-ar6_pooled",2025-08-09,0.666984349944012,0.619095410634898,23.742811038017,0.28589940581553,0.759993966631868,0.70575444191776,41.4262096299169,0.440698652038783,0.461538461538462,0.974358974358974,156
"UMass-ar6_pooled",2025-08-16,0.549396226743522,0.536157034937957,30.3367028961511,0.302340056596023,0.656170733307991,0.600880458216372,53.2726765644189,0.464601981575666,0.432692307692308,0.980769230769231,104
"UMass-ar6_pooled",2025-08-23,0.560453613262132,0.534156710759838,41.2838244538653,0.338536617316232,0.683003817050008,0.604365233639909,68.7234272808226,0.519837600711602,0.461538461538462,0.903846153846154,52
"UMass-ar6_pooled",2025-09-20,0.929656221259886,0.776118558018628,16.3186983385833,0.149886894982307,0.914194368008421,0.867906412832575,25.3471096928032,0.236744525580738,0.519230769230769,0.923076923076923,52
"UMass-ar6_pooled",2025-09-27,0.896226049741545,0.861462269877645,21.3890694741785,0.15473820760473,0.980901365486978,1.00532662307112,33.8050738036508,0.24319405359439,0.567307692307692,0.961538461538462,104
"UMass-ar6_pooled",2025-10-04,0.940000149395841,0.95815885818985,34.6022899024197,0.234711468522577,1.07724939124303,1.10726025135242,58.0139510294131,0.392426907756628,0.346153846153846,0.967948717948718,156
"UMass-ar6_pooled",2025-10-11,0.98537765338873,1.01422565754852,49.8338999576389,0.337574553987378,1.11001479803511,1.1330119625108,81.9560637495829,0.556151363151856,0.262820512820513,0.942307692307692,156
"UMass-ar6_pooled",2025-10-18,1.00211608046713,1.04700980922601,57.6520135451063,0.452154186448881,1.08756584500088,1.14097943641586,93.9381996704749,0.731337921045064,0.192307692307692,0.865384615384615,104
"UMass-ar6_pooled",2025-11-22,0.904702004877431,0.85938477009745,8.04841928399157,0.202846027137114,0.942447077016658,0.95371490080766,11.3734319098428,0.303871163816834,0.557692307692308,0.903846153846154,52
"UMass-ar6_pooled",2025-11-29,0.825314146575863,0.766339097286476,8.66729752897976,0.203935090029059,0.833857829094139,0.896170219233988,12.237038851785,0.312261035628833,0.576923076923077,0.951923076923077,104
"UMass-ar6_pooled",2025-12-06,0.815394916608522,0.741571227121467,13.1759907806531,0.246536241773934,0.836401473590045,0.879711931943739,20.6244367968966,0.38520247470796,0.487179487179487,0.955128205128205,156
"UMass-ar6_pooled",2025-12-13,0.801910516099243,0.693587534157128,14.9798430167273,0.242867042394198,0.799831124987661,0.820396046258311,22.9757247232788,0.364318489304052,0.576923076923077,0.961538461538462,208
"UMass-ar6_pooled",2025-12-20,0.764364978838242,0.664101422388676,21.279389320692,0.255491532493269,0.754945407378987,0.760995460692827,34.4839576926206,0.384969450017482,0.495192307692308,0.932692307692308,208
"UMass-ar6_pooled",2025-12-27,0.791140460395305,0.699315960697299,38.9756451687734,0.364754223423837,0.791252133169753,0.774835256717352,59.3464455229637,0.559918846765876,0.336538461538462,0.807692307692308,208
"UMass-ar6_pooled",2026-01-03,0.762600632607842,0.671875290696064,49.4815992067675,0.347346733977645,0.754638925154424,0.718573973563415,74.4522326024602,0.533611685589503,0.274038461538462,0.788461538461538,208
"UMass-ar6_pooled",2026-01-10,0.758137092729884,0.656987542726957,27.0506161042379,0.215379109884376,0.760485930651854,0.73062255024653,42.9794362895598,0.334551867934409,0.533653846153846,0.956730769230769,208
"UMass-ar6_pooled",2026-01-17,1.33511377623258,1.0267607751967,27.4927727765478,0.2074968936531,1.55188231849014,1.33450724715864,43.1707184924798,0.318642429648816,0.524038461538462,0.975961538461538,208
"UMass-ar6_pooled",2026-01-24,1.8059299287818,1.2493414236814,35.1664055373511,0.233914872324853,2.08149124029922,1.60650550202837,56.4610087476783,0.379827818026616,0.471153846153846,0.9375,208
"UMass-ar6_pooled",2026-01-31,1.64345707803289,1.18406097537344,36.555017752541,0.25752511213918,1.78444741484627,1.38784458950333,58.3705412956151,0.399567865485104,0.456730769230769,0.951923076923077,208
"UMass-ar6_pooled",2026-02-07,1.03999530800131,0.908922023281091,15.7562575822879,0.179292908149052,1.03151912381419,1.04103921731835,21.8997873861841,0.248408053597758,0.705128205128205,0.967948717948718,156
"UMass-ar6_pooled",2026-02-14,0.967015768725159,0.862640671351336,17.9229349843311,0.201161884291634,0.938900285580036,0.973971463022595,26.0219404495981,0.294071821407366,0.716346153846154,0.956730769230769,208
"UMass-ar6_pooled",2026-02-21,0.985936902463976,0.882308401844719,16.2522709304776,0.202504689813801,0.941355929321764,0.985164916269161,22.6017071330439,0.286835502385197,0.711538461538462,0.971153846153846,208
"UMass-ar6_pooled",2026-02-28,0.960964310446185,0.874082900287117,13.6789853309566,0.175482875445215,0.925372912796662,1.06823405520526,17.117529242052,0.242281447134877,0.802884615384615,0.995192307692308,208
"UMass-ar6_pooled",2026-03-07,1.02912948438687,0.95008779424862,15.3137915424948,0.217216641779594,1.07044044321141,1.14942216183066,21.9878667953827,0.334018887058876,0.605769230769231,0.985576923076923,208
"UMass-ar6_pooled",2026-03-14,1.07337050018231,0.945223583085855,16.8299120362802,0.228598306598687,1.12473493379355,1.13531722716666,26.0795450711096,0.374907285375232,0.5625,0.985576923076923,208
"UMass-ar6_pooled",2026-03-21,1.05237961191948,0.912846402142973,17.1738733343226,0.256598341954078,1.13901849957531,1.08277724120807,26.9161391100951,0.418938744353167,0.480769230769231,0.975961538461538,208
"UMass-ar6_pooled",2026-03-28,1.1069218525959,0.99835441062608,27.9213455584389,0.465515637711157,1.15473533144043,1.13004206951466,43.9848832298753,0.725884403536872,0.302884615384615,0.817307692307692,208
"UMass-ar6_pooled",2026-04-04,1.10011332158664,0.981041223541173,21.9575951918255,0.443442156620943,1.1086927156033,1.07769372082397,35.0403006308767,0.691356257327507,0.384615384615385,0.894230769230769,208
"UMass-ar6_pooled",2026-04-11,1.02235105854114,0.892772423525315,16.84354708442,0.421032428725946,1.1029802661447,1.06998215021183,26.5078903163298,0.662158483841036,0.471153846153846,0.918269230769231,208
"UMass-ar6_pooled",2026-04-18,0.973046998321238,0.820387094463691,11.7909463144788,0.358392522813382,1.14354280134765,1.09635479960392,17.6932980007925,0.547595260276378,0.591346153846154,0.956730769230769,208
"UMass-ar6_pooled",2026-04-25,0.865867687447163,0.76674654507202,8.31461425208185,0.357796644417843,1.08803890031672,1.03520799899196,12.0536107240143,0.53790990837517,0.600961538461538,0.975961538461538,208
"UMass-ar6_pooled",2026-05-02,0.81236764274814,0.706849008572914,7.33834693795538,0.332608183094942,0.982598582610698,0.951512305466909,9.52114365485816,0.472326123876384,0.711538461538462,0.975961538461538,208
"UMass-ar6_pooled",2026-05-09,0.894674200942319,0.69306438717015,7.91925317701793,0.325826821030811,1.09796078885365,0.910316273556737,10.9688452833648,0.468621962587897,0.692307692307692,0.985576923076923,208
"UMass-ar6_pooled",2026-05-16,1.02549786759399,0.73874425496537,9.05099204794737,0.33558250600276,1.56457050678213,1.26723286772238,13.7067865131917,0.518557681222075,0.596153846153846,0.980769230769231,208
"UMass-ar6_pooled",2026-05-23,1.06456756953139,0.83973650755924,9.33391014852863,0.403209998209384,1.60479372447368,1.33111263754276,14.3458578911289,0.647233248360608,0.572115384615385,0.990384615384615,208
"UMass-ar6_pooled",2026-05-30,1.18217454633406,0.872621308074026,9.63438909435429,0.40638702348264,1.82059975564769,1.33729462175437,14.9706343982233,0.673637494167486,0.552884615384615,0.985576923076923,208
"UMass-ar6_pooled",2026-06-06,1.03023225813785,0.831936858603644,8.33493979376165,0.417475758822084,1.63448947644394,1.31789212893258,12.8196827430004,0.695864295397793,0.572115384615385,0.995192307692308,208
"UMass-ar6_pooled",2026-06-13,1.01353414003706,0.816298535909559,7.41764875378914,0.412600257594036,1.77811429138602,1.3180163511108,10.8970686116797,0.659879763416255,0.649038461538462,0.990384615384615,208
"UMass-ar6_pooled",2026-06-20,0.959821450287929,0.792114671186712,6.95055799722706,0.415525131279214,1.58844511396809,1.2310185061046,10.0127331031587,0.663401884879975,0.6875,0.990384615384615,208
"UMass-ar6_pooled",2026-06-27,0.923749022663017,0.752108695055971,6.40077372873973,0.373088336506839,1.64777352289666,1.30468523759561,9.33902430859015,0.57954072285967,0.725961538461538,0.995192307692308,208
"UMass-ar6_pooled",2026-07-04,0.825385022670309,0.717496856860115,5.72913742383203,0.365490780171273,1.16990526732051,1.18423243615057,7.49869497101593,0.57107401326886,0.769230769230769,1,208
"UMass-ar6_pooled",2026-07-11,0.785609570125273,0.667688485523723,5.88031624232481,0.347609066955714,0.919014019812561,0.944968011229277,7.954291183979,0.502855553016054,0.8125,0.995192307692308,208
"UMass-ar6_pooled",2026-07-18,0.736878521551565,0.649237731868414,5.79030782406865,0.340204845256829,0.73757930125294,0.876923192688778,7.38773320475141,0.495276726503713,0.75,1,208
"UMass-ar6_pooled",2026-07-25,0.725476658287052,0.655244693465607,6.94283816401595,0.350206209570047,0.709317447294996,0.895096826486406,9.14775639470699,0.517065961776053,0.774038461538462,0.975961538461538,208
"UMass-ar6_pooled",2026-08-01,0.68454741377216,0.616693926947225,7.04557370988619,0.305538151071525,0.70677453044938,0.702946798859723,10.2918611660024,0.410646897085335,0.807692307692308,0.995192307692308,208
"UMass-ar6_pooled",2026-08-08,0.662226495212442,0.597091639441165,7.2281947462293,0.289250710397751,0.660414007384192,0.789418922124573,10.3949447850936,0.405249891748727,0.798076923076923,1,208
"UMass-ar6_pooled",2026-08-15,0.638707620213569,0.552378379007273,8.03544488901215,0.289838901677853,0.533053584945797,0.57001642112026,10.597629100415,0.378093566293801,0.833333333333333,1,156
"UMass-ar6_pooled",2026-08-22,0.668861723149297,0.583517070447915,11.2472454052241,0.314210710742106,0.603268035533659,0.626229053876804,15.8051193230544,0.420082719450393,0.826923076923077,0.990384615384615,104
"UMass-ar6_pooled",2026-08-29,0.684684462193502,0.626629385850495,14.2848588979803,0.294105162044407,0.735374159848066,0.716404566535184,22.5553643937508,0.443378627207797,0.605769230769231,0.971153846153846,104
"UMass-ar6_pooled",2026-09-05,0.685148757571506,0.627544200160419,13.9478528843901,0.262026214445371,0.761683090099619,0.727315638036203,22.6303560719239,0.410926139428497,0.567307692307692,0.951923076923077,104
"UMass-ar6_pooled",2026-09-12,0.721227938042564,0.576021992206363,14.0830533431593,0.236243649811254,0.781691350923807,0.720265751377805,21.0799776866743,0.346583009209915,0.685897435897436,0.961538461538462,156
"UMass-ar6_pooled",2026-09-19,0.700285000090142,0.567015924579872,15.727744832931,0.267417453666505,0.840453215252058,0.819699013177996,23.359041298191,0.398540903714923,0.600961538461538,0.961538461538462,208
"UMass-ar6_pooled",2026-09-26,0.614484563921233,0.513931346709525,14.018720375828,0.260347058864458,0.899783159777629,0.834641306100945,20.2396737511972,0.398238013423426,0.629807692307692,0.980769230769231,208
"UMass-ar6_pooled",2026-10-03,0.6966442543922,0.477474075715836,16.2122126420923,0.241290400817939,1.15781970365639,0.941215910264993,24.1314978973873,0.365349035829947,0.644230769230769,0.980769230769231,208
"UMass-gbqr",2024-11-30,0.859659497829001,0.818988883709937,19.5835919112885,0.161013302317056,0.910718790832492,0.837933691831269,29.1732940061924,0.234861423582111,0.576923076923077,0.961538461538462,52
"UMass-gbqr",2024-12-07,0.845743287546032,0.797624781222374,26.3177841077109,0.215122238630745,0.94456078088282,0.894983423103711,43.1654456590427,0.331764364830553,0.355769230769231,0.826923076923077,104
"UMass-gbqr",2024-12-14,0.851810728485951,0.826238333776877,33.1872587108919,0.226352963281465,0.932151184710232,0.928953105363305,51.0596188665756,0.350280254099123,0.307692307692308,0.801282051282051,156
"UMass-gbqr",2024-12-21,0.906427612383581,0.863671103519054,47.8842663421283,0.265058644712145,0.98677977944253,0.964232815871946,69.0483539688671,0.397306362004808,0.259615384615385,0.745192307692308,208
"UMass-gbqr",2024-12-28,0.982424420688104,0.974989923829248,91.0466914058193,0.449619969181359,1.04871674836801,1.05167118971025,120.796172983255,0.630687818678282,0.0769230769230769,0.413461538461538,208
"UMass-gbqr",2025-01-04,0.985922006933923,0.975586709227913,138.448588289742,0.531441159543709,1.03320308659432,1.02952340950752,174.499859010233,0.712661069690002,0.0480769230769231,0.3125,208
"UMass-gbqr",2025-01-11,1.04384514461324,0.95861090485461,71.3361680220042,0.303834260603399,1.06653137900276,0.999749927056533,101.405118765344,0.441816260690481,0.225961538461538,0.668269230769231,208
"UMass-gbqr",2025-01-18,1.06998942734259,0.922479874041151,50.0215077051377,0.204142836050398,1.0588908775959,0.967051846850089,74.1010760623317,0.30813565213237,0.370192307692308,0.875,208
"UMass-gbqr",2025-01-25,1.0282135028857,0.911908649039806,48.841016880941,0.197687687601682,1.02603214934886,0.957427795380205,76.2557697800361,0.312321929820417,0.391025641025641,0.923076923076923,156
"UMass-gbqr",2025-02-01,0.966530135754066,0.896953315123981,42.713396233944,0.19926499980392,0.998467576169695,0.945566969380322,67.3759016321825,0.307851697452399,0.371794871794872,0.884615384615385,156
"UMass-gbqr",2025-02-08,1.00227594950326,0.873486194144148,35.1693413133848,0.179588891817019,1.01267782856388,0.943868854958335,55.0109260857613,0.280227997539443,0.461538461538462,0.91025641025641,156
"UMass-gbqr",2025-02-15,1.11590267722722,0.917760359829641,30.3552330331938,0.171469591116895,1.08426064435133,0.985990153384777,46.4895538257853,0.268008409494027,0.467948717948718,0.955128205128205,156
"UMass-gbqr",2025-02-22,0.983275096634692,0.817049536791288,23.8007468390201,0.152492260166178,0.985874419024416,0.908933975750428,35.1903925912951,0.227200283317825,0.634615384615385,0.975961538461538,208
"UMass-gbqr",2025-03-01,1.16064898972126,0.942555439966538,29.4339331451539,0.200316773752074,1.16077836537969,1.00305776489673,44.1019516155498,0.296927505910454,0.514423076923077,0.927884615384615,208
"UMass-gbqr",2025-03-08,1.19479862886904,0.959320830624785,28.5200398830379,0.193015360962525,1.22384732809765,1.09564589620406,43.5773809158044,0.284193645693777,0.461538461538462,0.947115384615385,208
"UMass-gbqr",2025-03-15,1.21019410528923,0.980638813490119,28.2006727211498,0.204722255398206,1.29218258257378,1.1248811954385,43.4663700829445,0.302871661895038,0.432692307692308,0.9375,208
"UMass-gbqr",2025-03-22,1.1462355214266,0.89135878291163,26.3467729601815,0.181799223957244,1.17017615736703,1.02851947638938,38.9916507333623,0.267562626758298,0.490384615384615,0.9375,208
"UMass-gbqr",2025-03-29,0.998633534079071,0.837222806466688,25.6356975830569,0.191788863743657,0.975153242958563,0.940008343963677,36.5615878481219,0.282245864424833,0.5,0.942307692307692,208
"UMass-gbqr",2025-04-05,0.807038109396931,0.689233105820577,17.5512082930909,0.163053536581643,0.79866480984874,0.805744782147655,25.5117380279011,0.239506175076339,0.576923076923077,0.961538461538462,208
"UMass-gbqr",2025-04-12,0.721088417171106,0.631906309430354,17.5878640979413,0.169111902534068,0.714528929870703,0.762186170414055,26.7786507421765,0.254991767826068,0.5625,0.966346153846154,208
"UMass-gbqr",2025-04-19,0.750897531554498,0.620543672482552,15.2236793735443,0.169155045223238,0.761769921639175,0.805977172765301,22.8005649199677,0.254458100212396,0.557692307692308,0.966346153846154,208
"UMass-gbqr",2025-04-26,0.700445627740814,0.588301627960608,13.1866727327556,0.169978641113257,0.7379678274295,0.779369664595626,19.4012704928627,0.252264749664273,0.608974358974359,0.987179487179487,156
"UMass-gbqr",2025-05-03,0.678288345145106,0.595688534832161,11.3572007476407,0.17383289913828,0.758522369492779,0.846485978053114,17.1336173084925,0.2680845829317,0.583333333333333,0.980769230769231,156
"UMass-gbqr",2025-05-10,0.623108139783264,0.58315037552778,9.98640071563393,0.17158552530279,0.716462819009435,0.84983322637075,15.551716062279,0.274187409245195,0.544871794871795,0.987179487179487,156
"UMass-gbqr",2025-05-17,0.692226131848944,0.684783993471784,10.1119694686718,0.202928855245701,0.81391150311389,0.966341394330244,16.3756982695719,0.325998256977633,0.429487179487179,0.967948717948718,156
"UMass-gbqr",2025-05-24,0.70700342667084,0.639510857737769,11.678744310753,0.218869174993414,0.845905611110298,0.910297068745304,18.7605402511092,0.347835428077315,0.456730769230769,0.9375,208
"UMass-gbqr",2025-05-31,0.776109715504819,0.606635888767873,12.3430611650887,0.212631695624312,0.948129117013128,0.97706926244793,19.1032194643958,0.328142250398944,0.538461538461538,0.947115384615385,208
"UMass-gbqr",2025-06-07,0.822076150877101,0.59940045673222,12.2045233824322,0.220627490737357,1.12112690937931,0.991201638849822,19.0008856612624,0.347021278812498,0.504807692307692,0.966346153846154,208
"UMass-gbqr",2025-06-14,0.792434685523711,0.570789377236257,12.8993513174606,0.219828484233034,0.987174828324019,0.918035749615146,18.7773591923239,0.332581982685504,0.538461538461538,0.956730769230769,208
"UMass-gbqr",2025-06-21,0.783418597979216,0.527991629341399,13.2451027480514,0.20944868846343,1.04467071013603,0.868291007778942,20.2488251547977,0.321493495536115,0.504807692307692,0.961538461538462,208
"UMass-gbqr",2025-06-28,0.737525987559257,0.551405931321459,11.7424922150945,0.214120103127751,0.956931960906229,0.871792436102009,18.4782661111565,0.331993346418465,0.485576923076923,0.980769230769231,208
"UMass-gbqr",2025-07-05,0.69797444989895,0.635583701585398,11.5681446340482,0.254759364870158,0.91952181357335,0.874536206363483,17.9149724974468,0.382321465585119,0.519230769230769,0.951923076923077,208
"UMass-gbqr",2025-07-12,0.759565215250504,0.545765026214307,14.4359629726938,0.21820273084058,0.923017186672307,0.821126801096065,22.7526214835692,0.341488100146908,0.528846153846154,0.971153846153846,208
"UMass-gbqr",2025-07-19,0.770980203525201,0.533214080958142,15.0842434174842,0.211369246676097,0.899516981103995,0.742778390721593,23.799906150018,0.326149494360811,0.533653846153846,0.956730769230769,208
"UMass-gbqr",2025-07-26,0.850207908888713,0.579959687698572,19.6912261103471,0.224792804035045,0.933829630427154,0.823834104045707,30.9256355740725,0.367434291589127,0.447115384615385,0.951923076923077,208
"UMass-gbqr",2025-08-02,0.854002199662057,0.648164858928657,25.9251488117514,0.278602679298794,0.920415522451527,0.817973338953754,40.3003025794853,0.441898836015668,0.307692307692308,0.865384615384615,208
"UMass-gbqr",2025-08-09,0.91187269210831,0.746569982296549,34.0014473227818,0.353572046026587,0.945693603439347,0.858615356614603,53.2123943146279,0.558448652027583,0.166666666666667,0.756410256410256,156
"UMass-gbqr",2025-08-16,0.824537930856195,0.728432885408354,45.0803551313183,0.40532380864226,0.843013923403038,0.820170691928681,68.1146010793468,0.624568388055839,0.134615384615385,0.711538461538462,104
"UMass-gbqr",2025-08-23,0.820464391794073,0.739992929782874,60.4385651987732,0.466880981355492,0.873808780606381,0.826682462653079,87.8786424135795,0.707851297558819,0.0576923076923077,0.596153846153846,52
"UMass-gbqr",2025-09-20,0.842834216010417,0.669139605184174,14.7766644813563,0.128596981236999,0.754602451610741,0.742062986063467,20.9136341287324,0.2015317517635,0.5,0.923076923076923,52
"UMass-gbqr",2025-09-27,0.9652411329551,0.917321888172131,23.0752317973863,0.163411166887959,1.0476371537218,1.08346801042311,35.8640428555883,0.258884596087267,0.394230769230769,0.913461538461538,104
"UMass-gbqr",2025-10-04,1.07598907718317,1.09424121417061,38.9591846112744,0.263897157989201,1.14623830078795,1.20897788447162,60.6610760237259,0.422444802555527,0.217948717948718,0.814102564102564,156
"UMass-gbqr",2025-10-11,1.1157203853081,1.15975216893596,54.5810291648585,0.377358635442529,1.17904653779917,1.24225821571629,84.6586184215983,0.596206476462557,0.173076923076923,0.769230769230769,156
"UMass-gbqr",2025-10-18,1.10852446221147,1.20120545828301,59.2756176800068,0.498166491799832,1.13291991813009,1.22737052850313,91.9967755679316,0.758963162779961,0.115384615384615,0.711538461538462,104
"UMass-gbqr",2025-11-22,0.878581810805514,0.829886722331531,7.85200018469068,0.196689256549681,1.03240845458716,0.954585189668981,12.4758640328717,0.306287812407478,0.307692307692308,0.884615384615385,52
"UMass-gbqr",2025-11-29,0.781011254611751,0.705716307621924,8.16013837996994,0.186581494168501,0.882761714247211,0.854363491021289,12.9104477795752,0.294425040595017,0.394230769230769,0.903846153846154,104
"UMass-gbqr",2025-12-06,0.77734312259417,0.646215918095212,13.4611455656511,0.22889679478106,0.75900843350908,0.732419491513296,20.3243416212291,0.346563277898407,0.288461538461538,0.826923076923077,156
"UMass-gbqr",2025-12-13,0.792194172877674,0.63485223820946,15.6695602318374,0.231255753837881,0.768918128658948,0.749120543835912,23.4455993591032,0.345291512472459,0.399038461538462,0.8125,208
"UMass-gbqr",2025-12-20,0.823222623561448,0.652280725305592,23.4788613133154,0.25123486481979,0.750497496621681,0.746901414970096,34.1726377933593,0.373971589093728,0.293269230769231,0.754807692307692,208
"UMass-gbqr",2025-12-27,0.891282288319726,0.749127123188238,44.526553579799,0.391596007957142,0.793997479448285,0.767958137652395,58.9770552377054,0.545803226709751,0.192307692307692,0.528846153846154,208
"UMass-gbqr",2026-01-03,0.879426120365348,0.746853498544722,58.0712027576833,0.389287268211422,0.820828901738729,0.777728241409227,76.1884915405744,0.540668565815565,0.182692307692308,0.528846153846154,208
"UMass-gbqr",2026-01-10,0.882606256242724,0.715053570599544,32.080812328972,0.234908977579957,0.852606026233867,0.797930043600614,46.4059904352641,0.351186174227872,0.389423076923077,0.793269230769231,208
"UMass-gbqr",2026-01-17,1.30203110409933,1.0043355227976,26.2404291457785,0.195841409489528,1.56059091247164,1.32320994117212,42.8092944361685,0.30824680474768,0.423076923076923,0.903846153846154,208
"UMass-gbqr",2026-01-24,1.47255083616973,1.12406804324045,27.3312298301803,0.202516258365942,1.75980193393754,1.47531630728763,45.3413944157009,0.335644599669395,0.375,0.942307692307692,208
"UMass-gbqr",2026-01-31,1.30811248971853,0.965725759488258,27.3028054095647,0.203544974713442,1.46457060238211,1.13812774033142,44.5008213337436,0.316764628802395,0.432692307692308,0.927884615384615,208
"UMass-gbqr",2026-02-07,0.936257565768935,0.722714988644751,14.0730723678464,0.14080661998651,1.01488232634733,0.900956105190373,21.2397667375863,0.212025738021836,0.615384615384615,0.935897435897436,156
"UMass-gbqr",2026-02-14,0.921666546567782,0.749912492459321,16.6850234811377,0.169262270339504,0.932995489599812,0.873794294339464,25.3370449536341,0.255475176224303,0.447115384615385,0.903846153846154,208
"UMass-gbqr",2026-02-21,1.02801839031107,0.76768879963818,16.7806400680685,0.172131176812131,1.08056037767564,0.945630184387976,25.5991859522555,0.267281274609607,0.466346153846154,0.923076923076923,208
"UMass-gbqr",2026-02-28,0.859473829187479,0.744137018234752,12.2734968362978,0.149660950039378,0.985993625731281,0.993114639846546,18.7898377248447,0.230916238294414,0.528846153846154,0.956730769230769,208
"UMass-gbqr",2026-03-07,0.832756856335963,0.838890875828281,12.0828370184046,0.191105335104831,0.951349199577786,1.02295666143712,19.2691971092955,0.292580105023718,0.461538461538462,0.947115384615385,208
"UMass-gbqr",2026-03-14,0.773992167828196,0.764990463815885,11.6858256249043,0.178344252710892,0.843347101004711,0.908583377216555,18.8463296877619,0.28857682430377,0.456730769230769,0.956730769230769,208
"UMass-gbqr",2026-03-21,0.810638663823029,0.761265035331095,12.7688614743035,0.210933263411257,0.878699569867736,0.861628174431743,20.1363197453988,0.32726461191038,0.423076923076923,0.9375,208
"UMass-gbqr",2026-03-28,0.977856438048886,0.985445910336214,24.225349636792,0.458107567138306,0.976007347287402,1.05475485830354,35.8744133040723,0.663360274571022,0.168269230769231,0.639423076923077,208
"UMass-gbqr",2026-04-04,0.980155553245991,0.987121476527504,19.3225813595762,0.446536753252935,0.939736702850339,1.01613507139897,29.1378890286028,0.649221974802994,0.274038461538462,0.774038461538462,208
"UMass-gbqr",2026-04-11,0.945249079902609,0.918961257664383,15.422775258277,0.441716053156458,1.04865271891608,1.09349671165238,24.303952137401,0.678395833671615,0.278846153846154,0.788461538461538,208
"UMass-gbqr",2026-04-18,0.906943628980606,0.819132105558569,10.9773153741417,0.365105833942805,1.15928175150544,1.15720126468584,17.8733472100017,0.584655682282642,0.370192307692308,0.903846153846154,208
"UMass-gbqr",2026-04-25,0.807734812104707,0.635663812233889,7.72015633220641,0.296942932206913,1.16504943910384,0.908703972521249,12.7440775872402,0.467004062480967,0.432692307692308,0.942307692307692,208
"UMass-gbqr",2026-05-02,0.822123270906165,0.654086782546537,7.56772537386708,0.311406712759373,1.20759582676093,0.978193997906465,11.9625679874403,0.487958467218013,0.451923076923077,0.923076923076923,208
"UMass-gbqr",2026-05-09,0.918133104624776,0.66357762918139,8.47451155382196,0.321136089093393,1.29006531332929,0.953951036944393,13.3211263990373,0.499655494046335,0.475961538461538,0.923076923076923,208
"UMass-gbqr",2026-05-16,0.983441293559032,0.7392442328039,8.96290640125842,0.347361976340468,1.57550563732905,1.28204444984243,14.5216059579612,0.548682851474954,0.379807692307692,0.903846153846154,208
"UMass-gbqr",2026-05-23,0.996704187497447,0.884757515141953,8.95758637049797,0.440483985092598,1.52708087911855,1.33622835423949,14.3579391063187,0.68619378498,0.3125,0.855769230769231,208
"UMass-gbqr",2026-05-30,1.10958754689871,0.872714296511886,9.24502886766805,0.418126461472665,1.74546193482047,1.27163376269892,14.8034736474331,0.661680362570346,0.302884615384615,0.875,208
"UMass-gbqr",2026-06-06,0.954974768486836,0.863733774227574,7.74605746058744,0.438218939498531,1.58344790999947,1.31881348992037,12.4004877440325,0.70007958795637,0.350961538461538,0.889423076923077,208
"UMass-gbqr",2026-06-13,0.86217537242973,0.834358902508183,6.41382089045686,0.433357080269716,1.67233405269236,1.34350200324168,10.3515059829791,0.688240414327603,0.447115384615385,0.903846153846154,208
"UMass-gbqr",2026-06-20,0.750204965960016,0.775926076652114,5.50034715964251,0.413703010067775,1.33701713353099,1.19951366115009,8.53910003347,0.652302161369676,0.461538461538462,0.927884615384615,208
"UMass-gbqr",2026-06-27,0.696093674047251,0.610158644701723,4.72975267354477,0.30400109675788,1.23505382478425,1.03916894690336,7.16444067189844,0.484637390222862,0.538461538461538,0.980769230769231,208
"UMass-gbqr",2026-07-04,0.633823242337563,0.616017656377368,4.10170510935003,0.300479492390439,1.01858169101635,1.00995835820211,6.13371110738392,0.457083061840537,0.581730769230769,0.980769230769231,208
"UMass-gbqr",2026-07-11,0.675207131532107,0.584390007911476,4.79448763164002,0.289017676606155,0.917266668991753,0.891168807921818,7.48652574270073,0.441690858642856,0.625,0.956730769230769,208
"UMass-gbqr",2026-07-18,0.658666127548243,0.579223979498116,4.91022160203561,0.28685443856364,0.788529496444338,0.863987463378029,7.62938838449753,0.459843840382116,0.552884615384615,0.980769230769231,208
"UMass-gbqr",2026-07-25,0.670034825481363,0.588205671160777,6.08925350982081,0.295362169022143,0.781963011274952,0.874396851719729,9.45284940297309,0.459605976774117,0.5625,0.961538461538462,208
"UMass-gbqr",2026-08-01,0.617857708778185,0.561421232115522,6.28419119763106,0.271777958939837,0.696720110561669,0.732369441428952,10.3498180443986,0.430807061835114,0.596153846153846,0.966346153846154,208
"UMass-gbqr",2026-08-08,0.571653667355469,0.511179496289608,6.20370726139217,0.242653312855952,0.625931631280632,0.723707120862561,10.0796790977105,0.368107300638418,0.629807692307692,0.995192307692308,208
"UMass-gbqr",2026-08-15,0.536985017149917,0.48352464448762,6.70811320402332,0.250800253461329,0.497561647005551,0.555032753474886,9.84540987681972,0.368250458100656,0.717948717948718,0.974358974358974,156
"UMass-gbqr",2026-08-22,0.598552781119971,0.505466961207172,9.90038487508116,0.266741788474571,0.538396879985856,0.547813867712934,13.9864422834356,0.364199197775597,0.75,0.942307692307692,104
"UMass-gbqr",2026-08-29,0.70683767723502,0.608730237426216,14.608491133287,0.280407063538002,0.742304756442806,0.728781132031895,22.8016803184543,0.446102832337468,0.461538461538462,0.903846153846154,104
"UMass-gbqr",2026-09-05,0.721175569533927,0.640677110283026,14.7984941758804,0.267839596978676,0.729995961600982,0.741137696774572,21.7720160348001,0.422248222942043,0.375,0.875,104
"UMass-gbqr",2026-09-12,0.715197658116474,0.547556332209632,13.8906463954118,0.222518720973333,0.788161976103053,0.737821305685646,21.2824473212179,0.3548884080556,0.455128205128205,0.92948717948718,156
"UMass-gbqr",2026-09-19,0.668729977509757,0.548392843182179,15.1312716299827,0.257041385191308,0.820045533336939,0.822757313134449,23.4553452050241,0.408159556372085,0.456730769230769,0.894230769230769,208
"UMass-gbqr",2026-09-26,0.580017384795381,0.499204065531695,14.8954536706669,0.269430669404507,0.901980131203351,0.84630137317315,22.9146803445164,0.431780565943918,0.442307692307692,0.942307692307692,156
"UMass-gbqr",2026-10-03,0.61594182061158,0.426081169972501,14.5249375403568,0.224884958354444,1.04826204590695,0.882652573847868,22.1595045471234,0.363241415220203,0.474358974358974,0.935897435897436,156
"ZJU_LeiLab-MPUDE_ens",2026-09-19,0.845919256572087,0.593792856976837,10.1061244147157,0.203255130180415,1.10954112495122,0.961446796621179,15.4351923076923,0.31289281587313,0.557692307692308,0.980769230769231,52
"ZJU_LeiLab-MPUDE_ens",2026-09-26,0.703727689897091,0.541992692782318,10.6943786371237,0.234770468400054,1.1371266640587,0.935121360092218,16.6442307692308,0.3837697125684,0.461538461538462,0.961538461538462,104
"ZJU_LeiLab-MPUDE_ens",2026-10-03,0.632355934818166,0.429957875311936,13.8034913043478,0.204825781514005,1.11274772055729,0.90123548480497,21.8901923076923,0.329252773966643,0.532051282051282,0.987179487179487,156
"docxology-analog",2026-10-03,0.571727866247746,0.465362161516606,9.91552182822417,0.206507351430393,0.946846134597929,0.943514609836422,14.9464479927071,0.330196894279975,0.403846153846154,0.923076923076923,52
