"model_id","reference_date","wis_scaled_relative_skill","wis_scaled_relative_skill__log","wis","wis__log","ae_median_scaled_relative_skill","ae_median_scaled_relative_skill__log","ae_median","ae_median__log","interval_coverage_50","interval_coverage_95","n"
"CADPH-CovidCAT_Ensemble",2025-11-29,0.319329179169355,0.260331106125529,15.2264138359173,0.0554544320879803,0.332044642884079,0.331503988793287,22.8243465045975,0.0815682495392127,0.75,1,4
"CADPH-CovidCAT_Ensemble",2025-12-06,1.56327491145016,1.43911142405558,103.093787924023,0.425412705334313,1.39078282804471,1.626830731396,133.893560413616,0.574071529811299,0,0,4
"CADPH-CovidCAT_Ensemble",2025-12-13,1.06607834023612,0.978857378947815,73.329894373348,0.267979775658317,0.984710946934199,1.09348868006663,108.130614522575,0.401230982716356,0,0.25,4
"CADPH-CovidCAT_Ensemble",2025-12-20,0.266067535284699,0.246086118467002,16.6833747223984,0.0509036260182259,0.219944856302913,0.232998561803134,18.5412466123705,0.0576679609263682,0.75,1,4
"CADPH-CovidCAT_Ensemble",2025-12-27,0.295638240315567,0.287006287625573,19.3032636532591,0.0602442719514555,0.320048924643299,0.346508176697516,27.1975348382797,0.0837821934469174,0.75,1,4
"CADPH-CovidCAT_Ensemble",2026-01-03,0.357438713511698,0.314439717106845,23.1204578682555,0.0677674980035636,0.33741190447113,0.354322665798696,34.860457132195,0.107065993783113,0.5,1,4
"CADPH-CovidCAT_Ensemble",2026-01-10,2.74357198378447,1.97833263938154,111.843858948258,0.295160758551964,3.22494116884673,2.53924884982512,178.031164546934,0.468831053084725,0,0.75,4
"CADPH-CovidCAT_Ensemble",2026-01-17,0.716966157657515,0.644268380683719,28.0722573116948,0.0875301082306769,0.887176079766829,0.919283043880576,43.305268469833,0.139227922838939,0.25,1,4
"CADPH-CovidCAT_Ensemble",2026-01-24,0.580893850432143,0.515493186675899,21.2063681988342,0.0718897209562787,0.77937619859837,0.865739324448738,39.2880595797655,0.13090535356584,0.75,1,4
"CADPH-CovidCAT_Ensemble",2026-01-31,1.09061790046238,0.867509222576551,37.1369275799706,0.133727888219718,1.30580556026412,1.17398000761822,63.4262802271837,0.227380128156628,0.25,1,4
"CADPH-CovidCAT_Ensemble",2026-02-07,2.17930755176968,2.09181490881125,79.1673141733493,0.306084703873193,2.19423750830749,2.79927988109464,112.477202556034,0.448024076371042,0,0.5,4
"CADPH-CovidCAT_Ensemble",2026-02-14,0.96321538940298,0.833712264807097,33.0243122043317,0.119843226023079,1.03698544739229,1.03809356747465,49.2628063157045,0.178730224566763,0.25,0.75,4
"CADPH-CovidCAT_Ensemble",2026-02-21,0.671451214577033,0.616725697316628,25.6251169242387,0.095020071482131,0.952229459412919,0.939443047598396,43.5568797857503,0.16725710385244,0.5,1,4
"CADPH-CovidCAT_Ensemble",2026-02-28,0.490198930127166,0.524199858076016,17.6289559908318,0.0789937428028096,0.572626124416076,0.650247242407229,28.359129875624,0.124386153010698,0.75,1,4
"CADPH-CovidCAT_Ensemble",2026-03-07,0.467873810520889,0.524726413502457,15.8934496610315,0.0822144588991927,0.578125631448473,0.689781877639733,27.1615384179793,0.136197558443837,0.5,1,4
"CADPH-CovidCAT_Ensemble",2026-03-14,0.848635933595964,0.941748164134486,27.7786965042613,0.166991828342444,0.987624813809374,1.21943360679232,47.2310769662087,0.285912619325808,0,0.75,4
"CADPH-CovidCAT_Ensemble",2026-03-21,0.486213692084788,0.521928864065617,15.0159157539633,0.0892061341623047,0.533897096667014,0.622090605878905,24.07201842021,0.140366648957169,0.75,1,4
"CADPH-CovidCAT_Ensemble",2026-03-28,0.654498780156597,0.698591234405172,18.7594120318139,0.105119384367486,0.850312955295775,0.961961149428092,33.1030770688227,0.191501388311877,0.25,1,4
"CADPH-CovidCAT_Ensemble",2026-04-04,1.99075613436953,1.89847063234625,52.4029916434418,0.458298847787688,2.44410642708858,2.75340860253438,71.5565365103594,0.652552667270922,0,0,4
"CADPH-CovidCAT_Ensemble",2026-04-11,0.550613285933674,0.502607452933342,14.0965487706332,0.103094086452555,1.21530265985547,1.10664329727193,26.1182648972837,0.186720400844242,0.25,1,4
"CADPH-CovidCAT_Ensemble",2026-04-18,1.95174361641503,1.6861454751259,59.466654250865,0.506315362806114,2.32308591455686,2.45002609494169,78.0168465614041,0.696356301970381,0,0,4
"CADPH-CovidCAT_Ensemble",2026-04-25,0.575475028960126,0.48905139370256,14.9607124698987,0.104667102598054,0.960335550398657,0.941673084445799,27.4892196989135,0.188393919146675,0.5,1,4
"CADPH-CovidCAT_Ensemble",2026-05-02,0.50905358957224,0.430496776181839,10.2323925798667,0.0655544868221266,0.78719978544532,0.707730636176749,14.0706676106788,0.0879174942420951,0.5,1,4
"CADPH-CovidCAT_Ensemble",2026-05-09,0.94735457489266,0.761697706558763,25.618797978624,0.148500719899968,2.01696982371157,1.78848326780302,42.705519895492,0.250199182736399,0.5,1,4
"CADPH-CovidCAT_Ensemble",2026-05-23,0.50243500267604,0.483139152314361,12.6088409019854,0.0829988647076569,0.864256072338938,0.829550895224537,18.2408903119815,0.123809057202859,0.5,1,4
"CADPH-CovidCAT_Ensemble",2026-05-30,0.633975540569985,0.605867772062354,14.7886988335581,0.096135712767256,1.23493920758928,1.07281487073008,22.1003278165637,0.147808323677296,0.5,0.75,4
"CADPH-CovidCAT_Ensemble",2026-06-06,0.785490482790929,0.75761042859508,22.8635821129516,0.180873732565439,1.30370292116804,1.29995805856419,36.5764517160178,0.290634038766855,0.25,0.75,4
"CADPH-CovidCAT_Ensemble",2026-06-13,0.633592501674621,0.55846213842322,14.7259192635114,0.0909987464629654,1.4475480408062,1.20669632009115,24.7832295211507,0.158949916182054,0.5,1,4
"CADPH-CovidCAT_Ensemble",2026-06-20,0.368709454467541,0.312269404001458,9.51742117922671,0.0596394186294802,0.377103166374022,0.37179295448699,8.01299390632474,0.0559283677214177,0.75,1,4
"CADPH-CovidCAT_Ensemble",2026-06-27,0.571450161869191,0.494518803206137,13.8921325782784,0.0826599671419703,0.783334859741802,0.742266544811098,19.5573397123253,0.114355318955403,0.75,1,4
"CADPH-CovidCAT_Ensemble",2026-07-04,0.77491389474976,0.629204768203191,34.2457184117279,0.196049304785449,0.933252313251985,0.965116306070335,58.977901625616,0.335669523784084,0,1,4
"CADPH-CovidCAT_Ensemble",2026-07-11,0.540161129755801,0.426648569910886,30.429291410086,0.123520806725894,0.674012699439796,0.628236081235763,54.388090647602,0.220122090457051,0.25,1,4
"CADPH-CovidCAT_Ensemble",2026-07-18,0.302005878618087,0.224381478589434,23.30271589088,0.0764418786446084,0.293461738526927,0.267415458846016,39.9281448798717,0.122428407376004,0.5,1,4
"CADPH-CovidCAT_Ensemble",2026-07-25,0.304204163703301,0.243617820551827,20.490346258582,0.0563312977235491,0.225617190932493,0.231834223875353,24.0586643453468,0.0708854567592323,0.75,1,4
"CADPH-CovidCAT_Ensemble",2026-08-01,0.572727983196831,0.485609012964299,66.177128546406,0.176440162579494,0.583056439557319,0.585809493263355,112.520958364702,0.296518884472883,0,0.75,4
"CADPH-CovidCAT_Ensemble",2026-08-08,0.360544261113385,0.265044156793799,38.9692296387606,0.0699480127092576,0.33756546994717,0.308469846353135,56.6930498169942,0.104739290675441,0.75,1,4
"CADPH-CovidCAT_Ensemble",2026-08-15,0.380838181390659,0.283713936541196,75.1669623198367,0.122728555290825,0.432788706928523,0.34551701285579,135.142580102517,0.217605233855765,0.25,1,4
"CADPH-CovidCAT_Ensemble",2026-08-22,0.714100350578076,0.609755133460909,187.961706301716,0.288213260879689,0.746490656751543,0.724377909834349,279.262798973415,0.437830977858348,0,0.25,4
"CADPH-CovidCAT_Ensemble",2026-08-29,0.706882456603477,0.53548921001238,214.211312145237,0.286805247322865,0.749601625971599,0.615487252596643,318.710744420296,0.433188042463549,0,0.25,4
"CADPH-CovidCAT_Ensemble",2026-09-05,0.750218872894609,0.551917924896639,216.814528731735,0.268319783450772,0.845833351579903,0.710943455833827,331.764291410147,0.416116251401451,0,0.25,4
"CADPH-CovidCAT_Ensemble",2026-09-12,0.631863627080978,0.419902143534295,191.732678912159,0.227749592097697,0.93224622810602,0.77784761125977,272.383977929735,0.32830701212962,0.25,0.5,4
"CADPH-CovidCAT_Ensemble",2026-09-19,0.675019341698131,0.508409092224714,127.260488214565,0.131136045047976,1.07068492537153,0.948054381930126,193.92773457527,0.199230727572816,0.666666666666667,0.666666666666667,3
"CADPH-CovidCAT_Ensemble",2026-09-26,1.11379882001248,0.834577534647467,194.565946403602,0.206008661777342,1.80228948164169,1.37080014625654,287.322243371765,0.295631493804101,0,0.5,2
"CADPH-CovidCAT_Ensemble",2026-10-03,1.28482210812069,1.01830521835644,280.000728478195,0.318316975357373,1.36453494044385,1.13590086354606,359.07690235553,0.398242816058155,0,0,1
"CEPH-Rtrend_covid",2025-11-29,0.875162369482248,0.733033728582849,17.5272554347826,0.266499345287026,0.939368306999603,0.926845817059441,28.2932692307692,0.415201230030287,0.461538461538462,0.894230769230769,208
"CEPH-Rtrend_covid",2025-12-06,0.995251155961837,0.738410741299873,31.4878051839465,0.325727673638742,0.962253160877404,0.859863968928341,48.0048076923077,0.506347571452566,0.322115384615385,0.759615384615385,208
"CEPH-Rtrend_covid",2025-12-13,0.995146169133371,0.795278290593106,40.868737458194,0.353514789904278,0.983335997182427,0.923174685889509,60.9663461538462,0.547030500380674,0.240384615384615,0.759615384615385,208
"CEPH-Rtrend_covid",2025-12-20,0.70407731996033,0.578601605216093,36.5231647157191,0.278606793527545,0.709052650780083,0.63332367545654,57.4230769230769,0.434947719530776,0.379807692307692,0.822115384615385,208
"CEPH-Rtrend_covid",2025-12-27,0.791424857674195,0.665124013625165,35.5034615384615,0.267369887307756,0.800061301944283,0.728020762431537,53.1730769230769,0.399667946159414,0.432692307692308,0.802884615384615,208
"CEPH-Rtrend_covid",2026-01-03,1.13359787214939,0.86543250315347,29.1961204013378,0.190470314737465,1.20415439654373,1.03798120503719,43.1634615384615,0.28374228896816,0.528846153846154,0.860576923076923,208
"CEPH-Rtrend_covid",2026-01-10,1.74620411869236,1.26010282787638,39.8763984113712,0.238017010084388,1.87427520257628,1.4634898767202,62.6490384615385,0.375153879434378,0.355769230769231,0.831730769230769,208
"CEPH-Rtrend_covid",2026-01-17,1.08433331126775,1.06546207641621,22.6330204849498,0.188164186502993,1.20815734539952,1.30647596174065,35.8798076923077,0.299202232948881,0.384615384615385,0.889423076923077,208
"CEPH-Rtrend_covid",2026-01-24,1.01810025076642,0.954930507256694,18.7644816053512,0.203811599536878,1.16345933451558,1.26588598225495,29.7980769230769,0.314547558546858,0.490384615384615,0.899038461538462,208
"CEPH-Rtrend_covid",2026-01-31,1.24444620090082,1.01824825894236,23.5067182274247,0.280171190345662,1.33099807937168,1.1969623348546,37.2596153846154,0.446163824981124,0.375,0.831730769230769,208
"CEPH-Rtrend_covid",2026-02-07,1.25313063958855,1.05143319305616,19.021862458194,0.20444916411966,1.47263364093154,1.49343275438579,31.7115384615385,0.335708910841621,0.466346153846154,0.923076923076923,208
"CEPH-Rtrend_covid",2026-02-14,1.12804268060259,0.949644375237337,17.5696153846154,0.203842270513892,1.3215399852352,1.21985394052826,29.2692307692308,0.319827607654115,0.504807692307692,0.913461538461538,208
"CEPH-Rtrend_covid",2026-02-21,0.849977951959403,0.747040315178015,14.4074561036789,0.189356717639692,0.844242404063963,0.812816234694966,21,0.285300978088829,0.600961538461538,0.923076923076923,208
"CEPH-Rtrend_covid",2026-02-28,0.845109011879077,0.87556104646004,13.7874226588629,0.21004513658153,0.796348549218593,0.955000368035773,19.9230769230769,0.327086331222958,0.596153846153846,0.956730769230769,208
"CEPH-Rtrend_covid",2026-03-07,0.769385737279603,0.825493185979621,14.5374561036789,0.246599658327612,0.794264663883876,0.923410680006057,22.6394230769231,0.38842504587587,0.528846153846154,0.918269230769231,208
"CEPH-Rtrend_covid",2026-03-14,0.654766450936134,0.726722386470246,12.3912938963211,0.26728119641641,0.65626236073344,0.800067747909528,18.5913461538462,0.409581168349009,0.581730769230769,0.932692307692308,208
"CEPH-Rtrend_covid",2026-03-21,0.696953146558786,0.776669830002538,13.1767182274247,0.323884649234837,0.675933074398702,0.807063335489481,19.7980769230769,0.475938626468161,0.461538461538462,0.865384615384615,208
"CEPH-Rtrend_covid",2026-03-28,0.716155611941905,0.801451119950589,14.7178637123746,0.369836521289161,0.610066612099262,0.742863756925665,20.7644230769231,0.536773038264652,0.442307692307692,0.802884615384615,208
"CEPH-Rtrend_covid",2026-04-04,0.821561288489423,0.738606961432359,7.73778846153846,0.29630667849597,1.15562225495852,1.08396622000595,11.625,0.44480091028263,0.625,0.932692307692308,208
"CEPH-Rtrend_covid",2026-04-11,0.833871039652314,0.784587314523773,7.62726379598662,0.344063671485138,1.41241062415604,1.25960046443502,12.5288461538462,0.565468249121557,0.528846153846154,0.951923076923077,208
"CEPH-Rtrend_covid",2026-04-18,1.01299593531271,0.916310314047553,8.80940217391304,0.43404017247887,1.46506896147562,1.39539395249797,14.6346153846154,0.709623370872633,0.408653846153846,0.860576923076923,208
"CEPH-Rtrend_covid",2026-04-25,0.796653409645519,0.774815321320709,6.87163043478261,0.345326243634728,0.992431174662607,1.0967481190653,9.51442307692308,0.518909053117937,0.605769230769231,0.903846153846154,208
"CEPH-Rtrend_covid",2026-05-02,0.90207360257573,0.734961972909418,8.24469690635452,0.332423655816046,1.23388587484538,1.06344983793861,11.6923076923077,0.488890067319146,0.509615384615385,0.846153846153846,208
"CEPH-Rtrend_covid",2026-05-09,0.707847773272,0.695864492513126,5.95357023411371,0.311735413482035,1.01640910402706,1.05520317683741,8.31730769230769,0.453836319702288,0.509615384615385,0.850961538461538,208
"CEPH-Rtrend_covid",2026-05-16,0.678927956685454,0.713284713670812,5.73631897993311,0.332000289022678,0.894290402378685,0.92472699539269,8.23557692307692,0.477130357434813,0.504807692307692,0.850961538461538,208
"CEPH-Rtrend_covid",2026-05-23,0.630427381106289,0.697954278806938,4.76324205685619,0.328031027244432,0.933285935005697,0.962212015673281,6.71153846153846,0.483088967434858,0.543269230769231,0.879807692307692,208
"CEPH-Rtrend_covid",2026-05-30,0.719813323723701,0.714727268599608,5.04770275919732,0.343770779219056,1.20819347162164,1.08286805326393,7.02403846153846,0.516752889568525,0.572115384615385,0.961538461538462,208
"CEPH-Rtrend_covid",2026-06-06,0.590158688005824,0.716082105179428,4.11877299331104,0.357251806332824,1.02420490343796,1.07741585845133,6.55769230769231,0.522163614355171,0.514423076923077,0.850961538461538,208
"CEPH-Rtrend_covid",2026-06-13,0.737762647166878,0.89736853710542,4.88110158862876,0.445594093193693,1.51550167815148,1.44851354086281,7.90865384615385,0.671838697858996,0.408653846153846,0.817307692307692,208
"CEPH-Rtrend_covid",2026-06-20,0.707821927969997,0.761361956813784,4.85870192307692,0.365960895621312,1.21091397830959,1.21862540013318,7.68269230769231,0.548115454971367,0.475961538461538,0.870192307692308,208
"CEPH-Rtrend_covid",2026-06-27,0.877137632445233,0.91302561874668,6.33515468227425,0.463694858196037,1.26858480260368,1.34875316942371,10.0480769230769,0.689469899079013,0.423076923076923,0.783653846153846,208
"CEPH-Rtrend_covid",2026-07-04,1.07676917168508,0.936912171229531,8.6223118729097,0.492374649646822,1.41151864541324,1.45377565769605,13.5240384615385,0.757511412979966,0.466346153846154,0.860576923076923,208
"CEPH-Rtrend_covid",2026-07-11,1.04587380882104,1.04108411361286,9.05891931438127,0.52617354966572,1.21909232093417,1.28933176470575,14.4471153846154,0.754380601175132,0.336538461538462,0.730769230769231,208
"CEPH-Rtrend_covid",2026-07-18,1.19249292157334,1.13915711945484,11.483143812709,0.551961234856844,1.34935204877577,1.54586521433759,18.5192307692308,0.815328609964772,0.375,0.793269230769231,208
"CEPH-Rtrend_covid",2026-07-25,0.934680459416061,0.943649025536576,10.2436204013378,0.471116379611277,1.01434929955572,1.10586561274367,16.4471153846154,0.671054483874086,0.360576923076923,0.75,208
"CEPH-Rtrend_covid",2026-08-01,0.874409657371276,0.796106480136025,10.8753887959866,0.373101823151394,0.943897042906356,0.973115891961713,17.7548076923077,0.54907510720876,0.423076923076923,0.817307692307692,208
"CEPH-Rtrend_covid",2026-08-08,0.928440542727889,0.861515742412743,13.125614548495,0.412035507811071,0.982415812101606,1.01753667444251,21.1826923076923,0.596965922585203,0.355769230769231,0.745192307692308,208
"CEPH-Rtrend_covid",2026-08-15,0.871871034705001,0.757763123915708,16.2647387123746,0.381902100889901,0.90810307525038,0.825647043340502,26.25,0.589783468722017,0.269230769230769,0.793269230769231,208
"CEPH-Rtrend_covid",2026-08-22,0.951917834227705,0.89346510491185,20.2829285117057,0.404043632307861,1.00667484848264,1.04558957210744,31.3557692307692,0.593445585260713,0.307692307692308,0.721153846153846,208
"CEPH-Rtrend_covid",2026-08-29,1.00551339821446,0.834061944021172,23.343118729097,0.384789038382938,1.01887805044703,0.89457624723523,35.2307692307692,0.563772773833629,0.326923076923077,0.730769230769231,208
"CEPH-Rtrend_covid",2026-09-05,0.932207257429347,0.828286466418114,18.5360723244147,0.328764424306939,1.04264958578137,1.01754582598341,28.8269230769231,0.495244297731468,0.384615384615385,0.788461538461538,208
"CEPH-Rtrend_covid",2026-09-12,0.680316626949739,0.565821512221744,16.8490969899666,0.320528447843056,1.06838284188678,1.02746162178135,25,0.460050482357061,0.370192307692308,0.725961538461538,208
"CEPH-Rtrend_covid",2026-09-19,0.614226046751243,0.57547482612548,13.0644843924192,0.285000655547948,1.01464258028831,1.03888695727809,19.7884615384615,0.404680055741822,0.371794871794872,0.705128205128205,156
"CEPH-Rtrend_covid",2026-09-26,0.598421260461646,0.535544791123989,10.0849456521739,0.210812934268288,1.06675168937995,0.917606805714368,15.6442307692308,0.300466103608036,0.432692307692308,0.807692307692308,104
"CEPH-Rtrend_covid",2026-10-03,0.886202753341235,0.738328251492577,13.6353344481605,0.257490546846239,1.04901917375215,0.90766708296012,18.8076923076923,0.346629174110356,0.307692307692308,0.634615384615385,52
"CFA-EpiAutoGP",2025-11-22,0.86451156035009,0.618353379882321,12.7951859056643,0.203747511246878,0.883882941333963,0.753696562477602,18.8492964515625,0.317619173964714,0.59375,0.984375,192
"CFA-EpiAutoGP",2025-11-29,0.703180338899337,0.600418999019015,13.7192376462583,0.218900233086314,0.712729497353389,0.750062701044289,20.9219216307292,0.340129627141024,0.526041666666667,0.932291666666667,192
"CFA-EpiAutoGP",2025-12-06,0.643325105447024,0.549905910905154,19.1559497506554,0.230194689910114,0.658611211939041,0.663293179245573,31.3646600515625,0.370368627024588,0.4375,0.963541666666667,192
"CFA-EpiAutoGP",2025-12-13,0.594230427791204,0.589271952252693,23.9417280767091,0.258030032203313,0.585763693331208,0.667650119795542,36.2570417192708,0.392222420774762,0.505208333333333,0.932291666666667,192
"CFA-EpiAutoGP",2025-12-20,0.686017485631782,0.582807324786695,34.1528565491745,0.269997893084816,0.722244013176652,0.674180760490667,53.564254259375,0.426494461318224,0.369791666666667,0.880208333333333,192
"CFA-EpiAutoGP",2025-12-27,0.660557835013448,0.578683018286026,29.2647188561316,0.232167878244126,0.704640404653411,0.670086841368289,44.9602957395833,0.357441361394925,0.4375,0.895833333333333,192
"CFA-EpiAutoGP",2026-01-10,2.40007947824597,1.52695557848589,52.1398239256712,0.27765761204294,2.62889793621139,1.80830674494695,83.996156515625,0.451928171432346,0.244791666666667,0.885416666666667,192
"CFA-EpiAutoGP",2026-01-17,1.7554376229676,1.40573119847965,36.6938627061634,0.244799912396935,2.0101410282393,1.7790256644791,60.58017158125,0.406700308883418,0.265625,0.911458333333333,192
"CFA-EpiAutoGP",2026-01-24,1.06279850827548,0.812992391334022,19.3164166142081,0.166781179587456,1.17993458817103,1.09880428810883,29.6967382958333,0.261406471970909,0.572916666666667,0.973958333333333,192
"CFA-EpiAutoGP",2026-01-31,1.02956735322452,0.833894912678759,19.5696400799034,0.233635307104094,1.02639989785925,0.868542033843098,28.9554888671875,0.330081123958381,0.619791666666667,0.958333333333333,192
"CFA-EpiAutoGP",2026-02-07,0.873874251471881,0.724653071825491,13.3978585389579,0.141812406335283,0.900082944133186,0.911994004946378,19.2614525411458,0.203456182560242,0.71875,0.984375,192
"CFA-EpiAutoGP",2026-02-14,0.894025890106515,0.759735742153013,14.3305144674252,0.161822107130311,0.939630356192692,0.935686044734779,21.2466863598958,0.244867920835771,0.609375,0.973958333333333,192
"CFA-EpiAutoGP",2026-02-21,1.26118608943796,1.04372754449264,21.2165473942226,0.250836563396522,1.336419900193,1.21604426450781,31.3710136130729,0.391689145589465,0.510416666666667,0.947916666666667,192
"CFA-EpiAutoGP",2026-02-28,1.14109876805123,0.970905004851531,19.9892137102937,0.231328206634674,1.24322699399872,1.15734295165382,32.0035185953125,0.378981928018798,0.432291666666667,0.958333333333333,192
"CFA-EpiAutoGP",2026-03-07,1.16518237337309,1.03737227496572,24.547518387151,0.3270864964803,1.17995581072872,1.12495547856568,38.3565298020833,0.509348579252888,0.3125,0.848958333333333,192
"CFA-EpiAutoGP",2026-03-14,0.999688571929173,0.947253398523271,20.6733706615327,0.370855358120975,1.02991196827286,1.03962825138414,32.34365966875,0.568011991278922,0.28125,0.833333333333333,192
"CFA-EpiAutoGP",2026-03-21,0.996860368363814,0.947919300897642,20.099420922657,0.418133014981025,0.975767826882787,1.00127353278216,30.6451947886458,0.620088071083491,0.3125,0.770833333333333,192
"CFA-EpiAutoGP",2026-03-28,1.16272281059827,1.10658193320316,23.8154955833135,0.505894226465519,1.09388916539349,1.07281489678033,35.51124375,0.728526727966435,0.208333333333333,0.671875,192
"CFA-EpiAutoGP",2026-04-04,0.772806656759348,0.737853540238789,7.32282187381827,0.296353241296611,1.09313822591145,1.10884365665418,11.1263034382344,0.460358991026899,0.4375,0.901041666666667,192
"CFA-EpiAutoGP",2026-04-11,0.715517643663323,0.739193031387035,6.6885996955062,0.335816789038503,1.06539894412678,1.05441117517939,9.71481878414724,0.498101720133667,0.427083333333333,0.895833333333333,192
"CFA-EpiAutoGP",2026-04-18,0.767279114132935,0.667524479832766,6.86784822723351,0.315916665707248,1.013600487473,0.976484343409369,10.251939960266,0.491551809359077,0.436170212765957,0.920212765957447,188
"CFA-EpiAutoGP",2026-04-25,0.677167479457644,0.632695755384908,6.08185556947154,0.298345542523993,0.821045980447228,0.902320592451113,8.69513801682292,0.46766897244689,0.489583333333333,0.901041666666667,192
"CFA-EpiAutoGP",2026-05-02,1.03665641900437,0.734264155378871,9.76698607725292,0.339595383676571,1.41582658340736,1.02646299215848,14.9871499233854,0.514201174919876,0.458333333333333,0.880208333333333,192
"CFA-EpiAutoGP",2026-05-09,1.06462516540668,0.733433692963818,8.32579148696128,0.296439807981375,1.75878584585198,1.29432584117397,12.8900146690104,0.479653323747861,0.4375,0.916666666666667,192
"CFA-EpiAutoGP",2026-05-16,0.822123681205936,0.792821893411599,6.81578157045318,0.354090305950836,1.16821324932696,1.12514513645605,10.4507335485625,0.552902624162974,0.40625,0.848958333333333,192
"CFA-EpiAutoGP",2026-05-23,0.765144057042897,0.744961865753823,5.92704308287332,0.350700959908903,1.24796809526284,1.13878027482664,9.06589270830208,0.554596493913096,0.359375,0.885416666666667,192
"CFA-EpiAutoGP",2026-05-30,0.776127122472867,0.742049946790502,5.69980173377445,0.360125823747001,1.48200849829679,1.17323752036059,8.9044007988125,0.548823936205836,0.4375,0.869791666666667,192
"CFA-EpiAutoGP",2026-06-06,0.652080676030824,0.647662625578813,4.67664021527111,0.321854221163182,1.03244446666429,1.03044515525777,6.77655809236302,0.500471109069069,0.447916666666667,0.901041666666667,192
"CFA-PyRenew_H",2026-09-19,0.822494243222983,0.634060761226775,17.0798480107985,0.301879973918889,1.37279830713723,1.26824898773357,26.4084967320261,0.484805502942944,0.483660130718954,0.967320261437909,153
"CFA-PyRenew_H",2026-09-26,0.746844238522374,0.554702068502626,12.5064943734015,0.215348253204679,1.2860707167177,1.01975120220956,18.6225490196078,0.329633719968719,0.627450980392157,0.980392156862745,102
"CFA-PyRenew_H",2026-10-03,0.864196380161212,0.687180070408274,13.4462889173061,0.243277787382664,1.11071039349296,0.999425248600267,20.0588235294118,0.387333568522334,0.470588235294118,0.941176470588235,51
"CFA-PyRenew_HE",2026-09-19,0.944624080529606,0.49544310350922,19.7627100524206,0.220337497811482,1.56818293259224,0.968672830213846,30.5177304964539,0.348051767758764,0.382978723404255,0.914893617021277,141
"CFA-PyRenew_HE",2026-09-26,1.21835601921194,0.549946585423001,20.6192294809228,0.198997055840498,2.06171751720208,1.03275649586218,30.3265306122449,0.315757177517813,0.469387755102041,0.918367346938776,98
"CFA-PyRenew_HE",2026-10-03,0.903006730100415,0.485470766144468,14.4374014640639,0.161485009890948,1.15000423246029,0.682317930886611,21.4183673469388,0.248774908207379,0.591836734693878,0.918367346938776,49
"CFA_Pyrenew-PyrenewHEW_COVID",2025-11-22,0.930060906469915,0.645619939369073,10.48114118083,0.179374032224656,0.943894923889611,0.753846257393824,15.4034090909091,0.266798767069644,0.397727272727273,0.863636363636364,88
"CFA_Pyrenew-PyrenewHEW_COVID",2025-11-29,1.09524824820482,0.776386338354591,14.7293376976285,0.211624024259565,1.13687767594166,1.00855941336611,22.7215909090909,0.337194841705798,0.227272727272727,0.806818181818182,88
"CFA_Pyrenew-PyrenewHEW_COVID",2025-12-06,0.954507806662165,0.708245178132296,15.3720542214358,0.222875359605205,0.862038044362542,0.79937449565284,22.2906976744186,0.341396781779799,0.267441860465116,0.837209302325581,86
"CFA_Pyrenew-PyrenewHEW_COVID",2025-12-13,0.763014093993605,0.612688669868886,15.4958112401186,0.175742473218134,0.762576642312305,0.732840355913292,24.4943181818182,0.280854837777314,0.397727272727273,0.886363636363636,88
"CFA_Pyrenew-Pyrenew_HE_COVID",2025-11-22,0.930181817257808,0.655619648203845,10.2243118177613,0.182368548078328,0.943731580434937,0.781364491930472,15.0212765957447,0.278012619669098,0.393617021276596,0.882978723404255,94
"CFA_Pyrenew-Pyrenew_HE_COVID",2025-11-29,1.10487346924632,0.757214938229352,14.5101296484736,0.210277327319051,1.12803916158439,0.981093983262888,22.1702127659574,0.336315495237132,0.234042553191489,0.808510638297872,94
"CFA_Pyrenew-Pyrenew_HE_COVID",2025-12-06,0.898672348208557,0.697467164236117,15.1990116394928,0.212586464893936,0.799913611404447,0.791972177365047,22.0364583333333,0.330053575956847,0.28125,0.84375,96
"CFA_Pyrenew-Pyrenew_HE_COVID",2025-12-13,0.727274254820124,0.587870055173695,14.3415604070305,0.166334259540934,0.741207519044276,0.701410250305741,23.1276595744681,0.265535695589244,0.457446808510638,0.925531914893617,94
"CFA_Pyrenew-Pyrenew_HE_COVID",2025-12-20,0.59573609060178,0.493506057853773,22.5378243478261,0.207299517946375,0.568152277416356,0.523411286445355,34.725,0.325620628376838,0.32,0.85,100
"CFA_Pyrenew-Pyrenew_HE_COVID",2025-12-27,0.283124987421277,0.272919045646764,14.8085128743961,0.109510923046418,0.293732141456047,0.300538424027599,23.6722222222222,0.175025584041599,0.444444444444444,0.955555555555556,90
"CFA_Pyrenew-Pyrenew_HE_COVID",2026-01-03,1.03875368591366,0.935547527165901,23.6013986355227,0.15823268317156,1.25701298590181,1.24901383586269,37.2446808510638,0.247470938726594,0.382978723404255,0.851063829787234,94
"CFA_Pyrenew-Pyrenew_HE_COVID",2026-01-10,1.05670296688016,0.864694170645251,17.4397935,0.127555916420241,1.11180111576774,0.979357429364065,28,0.206865575531087,0.48,0.97,100
"CFA_Pyrenew-Pyrenew_HE_COVID",2026-01-17,0.76337012185788,0.896369552367252,14.5407395,0.143743957628072,0.840958777293124,1.05499327221417,23,0.222903872698128,0.46,0.94,100
"CFA_Pyrenew-Pyrenew_HE_COVID",2026-01-24,0.800786325195625,0.747231187201442,12.5133825199645,0.13522654945359,0.927640221580123,1.03267526768556,19.969387755102,0.220352468334585,0.520408163265306,0.959183673469388,98
"CFA_Pyrenew-Pyrenew_HE_COVID",2026-01-31,0.813788762386232,0.646404207245961,12.330206673913,0.139877363690661,0.826434160951116,0.754115374484687,18.285,0.220188271299765,0.57,0.97,100
"CFA_Pyrenew-Pyrenew_HE_COVID",2026-02-07,0.937326273951225,0.838950056113961,12.2528238043478,0.135382722192367,1.1007051011089,1.17263735007024,20.42,0.219873121645193,0.49,0.96,100
"CFA_Pyrenew-Pyrenew_HE_COVID",2026-02-14,0.802146910929014,0.635208966690661,13.2169473478261,0.129974463188056,0.877599997708696,0.842187819205846,20.57,0.210652049900074,0.47,0.96,100
"CFA_Pyrenew-Pyrenew_HE_COVID",2026-02-21,0.775652158573954,0.617391159596962,12.2245388360507,0.126094350498001,0.829746420304026,0.715576317010577,18.40625,0.19538947513719,0.541666666666667,0.96875,96
"CFA_Pyrenew-Pyrenew_HE_COVID",2026-02-28,0.755626866090294,0.836888577681939,9.79160004347826,0.132955591920577,0.797525842267029,0.940411274172075,14.82,0.199778174484504,0.59,0.95,100
"CFA_Pyrenew-Pyrenew_HE_COVID",2026-03-07,0.859134910771274,0.892511107802017,10.8890434130435,0.14958130420235,0.956173025998228,1.05592435082363,17.945,0.246096057231317,0.46,0.96,100
"CFA_Pyrenew-Pyrenew_HE_COVID",2026-03-14,0.82300816312979,0.81270609000263,9.35031245652174,0.161581212607451,0.923388904875462,0.963225063857502,15.345,0.267065899160354,0.47,0.98,100
"CFA_Pyrenew-Pyrenew_HE_COVID",2026-03-21,0.722351354895895,0.725413774602615,11.1343699782609,0.219472395529937,0.677945247968752,0.758440407899234,16.29,0.328479845724569,0.48,0.85,100
"CFA_Pyrenew-Pyrenew_HE_COVID",2026-03-28,0.734551303623206,0.837233280038313,16.1642998225377,0.374546417981099,0.651123658304421,0.790054892519227,22.2602040816327,0.506147024157447,0.357142857142857,0.673469387755102,98
"CFA_Pyrenew-Pyrenew_HE_COVID",2026-04-04,1.46732177665146,1.04991963874656,13.4692948695652,0.386419076435354,1.92580251512615,1.4537344674974,19.55,0.550358725885296,0.3,0.72,100
"CFA_Pyrenew-Pyrenew_HE_COVID",2026-04-11,0.977230937967424,0.767322502664368,7.2495266563147,0.261074766291245,1.62178557167792,1.21538277707162,11.5357142857143,0.414722374310804,0.476190476190476,0.892857142857143,84
"CFA_Pyrenew-Pyrenew_HE_COVID",2026-04-18,0.70714587294067,0.595743554920927,5.93855193761815,0.255381635300479,0.909704044616547,0.866844632414241,8.90760869565217,0.396861829579103,0.478260869565217,0.923913043478261,92
"CFA_Pyrenew-Pyrenew_HE_COVID",2026-04-25,0.794920494284182,0.643304330994687,5.28946361413044,0.237941032225505,1.06163180085312,0.969939830009372,8.1125,0.370610070991462,0.5625,0.925,80
"CFA_Pyrenew-Pyrenew_HE_COVID",2026-05-02,0.692465116032973,0.609710835736359,5.5147018115942,0.241283253901597,0.893473175419373,0.85865562915206,8.390625,0.381533613002374,0.552083333333333,0.895833333333333,96
"CFA_Pyrenew-Pyrenew_HE_COVID",2026-05-09,0.766076444652649,0.759887188905271,4.43738299365942,0.238824002019469,1.31590543883842,1.35076365508328,7.10416666666667,0.37813877256065,0.520833333333333,0.9375,96
"CFA_Pyrenew-Pyrenew_HE_COVID",2026-05-16,0.657425081960382,0.648544037794359,3.33622329988852,0.240450305692427,0.976621328590192,0.967690467664613,5.08974358974359,0.388893062770808,0.576923076923077,0.923076923076923,78
"CFA_Pyrenew-Pyrenew_HE_COVID",2026-05-23,0.682704086747491,0.591157136059594,4.00084461956522,0.241842813633102,1.06034474573115,0.891658768421223,6.24375,0.393133593966583,0.55,0.95,80
"CFA_Pyrenew-Pyrenew_HE_COVID",2026-05-30,0.67030714259379,0.589297794303678,3.6503143812709,0.272665972043462,1.28084365725868,0.944251448627755,5.6025641025641,0.414583522962558,0.551282051282051,0.897435897435897,78
"CFA_Pyrenew-Pyrenew_HE_COVID",2026-06-06,0.516900284496756,0.535521056277074,2.66164961180124,0.241412334353496,0.852192498467678,0.867143245470631,4.17261904761905,0.386877250279229,0.607142857142857,0.976190476190476,84
"CFA_Pyrenew-Pyrenew_HE_COVID",2026-06-13,0.505020628960463,0.58555966835395,2.62569154589372,0.301559746023,1.01309057114764,1.02560676656428,4.16111111111111,0.495434053484381,0.544444444444444,0.933333333333333,90
"CFA_Pyrenew-Pyrenew_HE_COVID",2026-06-20,0.507743740721297,0.520042187091671,2.50902608695652,0.251541111388541,0.840585956716863,0.848070433980749,4,0.401955621233434,0.569767441860465,0.965116279069767,86
"CFA_Pyrenew-Pyrenew_HE_COVID",2026-06-27,0.519513481571001,0.499721193917888,2.84127346014493,0.235788907488934,0.752018727901866,0.771566884557971,4.52604166666667,0.371712573550729,0.5625,0.96875,96
"CFA_Pyrenew-Pyrenew_HE_COVID",2026-07-04,0.459452426604774,0.443238031597746,2.70285476410731,0.211473230690107,0.576782936831488,0.713257278410834,4.07446808510638,0.340970148643586,0.680851063829787,0.98936170212766,94
"CFA_Pyrenew-Pyrenew_HE_COVID",2026-07-11,0.454848808395391,0.465955123618652,2.7352822094055,0.218661095291525,0.438912494474336,0.594408951908709,3.83673469387755,0.345015878045795,0.663265306122449,0.959183673469388,98
"CFA_Pyrenew-Pyrenew_HE_COVID",2026-07-18,0.497773040849796,0.472282608861505,3.66995760869565,0.231078593816641,0.561305981920866,0.724182037153099,5.48979591836735,0.370744029436162,0.63265306122449,0.959183673469388,98
"CFA_Pyrenew-Pyrenew_HE_COVID",2026-07-25,0.45756732976896,0.487527055744347,4.30784673913043,0.243606723044566,0.49650091701962,0.625575408309795,6.921875,0.391714940741539,0.583333333333333,0.947916666666667,96
"CFA_Pyrenew-Pyrenew_HE_COVID",2026-08-01,0.363254417164065,0.389362201955899,3.75617472247919,0.184028761117791,0.35489880047584,0.4910333228437,5.45212765957447,0.277776125445498,0.74468085106383,0.968085106382979,94
"CFA_Pyrenew-Pyrenew_HE_COVID",2026-08-08,0.70925839408297,0.492533313834507,5.83108961845608,0.202709686423185,0.695535358843992,0.619975048386785,8.5765306122449,0.317892311927597,0.602040816326531,0.979591836734694,98
"CFA_Pyrenew-Pyrenew_HE_COVID",2026-08-15,0.798624028853507,0.512208857309161,7.82251188997338,0.213178623686128,0.790740079578508,0.597201541966184,11.9489795918367,0.348483015682928,0.5,0.948979591836735,98
"CFA_Pyrenew-Pyrenew_HE_COVID",2026-08-22,0.504701779485324,0.515902933274838,10.5836549365942,0.251965987513762,0.534432918966418,0.62224368333361,16.3888888888889,0.381190292523032,0.534722222222222,0.930555555555556,144
"CFA_Pyrenew-Pyrenew_HE_COVID",2026-08-29,0.752351720298596,0.488064350116829,17.4262975303165,0.224057499350123,0.750883863691963,0.530879122997724,25.6360544217687,0.332717935717067,0.523809523809524,0.884353741496599,147
"CFA_Pyrenew-Pyrenew_HE_COVID",2026-09-05,1.12816675913594,0.654966385873404,21.5560442330918,0.235460497761545,1.24453945454584,0.846929973914267,32.9375,0.372541185408436,0.409722222222222,0.875,144
"CFA_Pyrenew-Pyrenew_HE_COVID",2026-09-12,0.767664565062916,0.408467168845193,19.6692474939614,0.219534487192268,1.28944131940365,0.80727617913395,31.0381944444444,0.344985576333946,0.416666666666667,0.888888888888889,144
"CFA_Pyrenew-Pyrenew_HW_COVID",2025-11-22,1.093698502059,0.881700940459339,12.1683364009662,0.251816510965824,1.17764534903036,1.13460813499123,19,0.413809714850402,0.488888888888889,0.966666666666667,90
"CFA_Pyrenew-Pyrenew_HW_COVID",2025-11-29,0.934631202353644,0.837467831413506,12.1546502527806,0.254467096460174,1.01872452634906,1.09735582629055,19.6976744186047,0.41233607822758,0.453488372093023,0.930232558139535,86
"CFA_Pyrenew-Pyrenew_HW_COVID",2025-12-06,1.05926862881223,1.05177741849359,17.6865811931244,0.349795924597811,1.04893393969421,1.2289663389588,27.7151162790698,0.54536032916684,0.313953488372093,0.848837209302326,86
"CFA_Pyrenew-Pyrenew_HW_COVID",2025-12-13,0.833084947514974,0.81881471802451,16.7695656573499,0.253722436048547,0.813955031253734,0.976366625339503,25.5416666666667,0.398250685640898,0.488095238095238,0.928571428571429,84
"CFA_Pyrenew-Pyrenew_H_COVID",2025-11-22,1.05096150866128,0.891043985818026,11.4207073369565,0.254348629904915,1.13787642757365,1.13450297162814,17.90625,0.413890967879401,0.427083333333333,0.916666666666667,96
"CFA_Pyrenew-Pyrenew_H_COVID",2025-11-29,0.940886576695184,0.868367318269827,13.0302176177536,0.269203229361309,1.03595959451995,1.12770053384703,21.1197916666667,0.42351118949774,0.395833333333333,0.9375,96
"CFA_Pyrenew-Pyrenew_H_COVID",2025-12-06,1.01966580066817,0.90697597405145,17.8811565439219,0.295954801175835,0.986067466705012,1.04876504634082,27.9132653061224,0.46323773075874,0.357142857142857,0.877551020408163,98
"CFA_Pyrenew-Pyrenew_H_COVID",2025-12-13,0.838388409230933,0.858168163001632,16.766057178442,0.253214941186829,0.773791454386261,0.990936307685694,24.265625,0.388835135949951,0.489583333333333,0.90625,96
"CFA_Pyrenew-Pyrenew_H_COVID",2025-12-20,0.805375692361859,0.738609445360873,30.4360785379369,0.31479502972504,0.809534147809701,0.813685805713316,47.2843137254902,0.493289708789637,0.303921568627451,0.803921568627451,102
"CFA_Pyrenew-Pyrenew_H_COVID",2025-12-27,0.692238994115501,0.66912003912846,35.4059086011342,0.263969015127349,0.759998650256016,0.785968822285853,55.4347826086956,0.417376941675844,0.326086956521739,0.891304347826087,92
"CFA_Pyrenew-Pyrenew_H_COVID",2026-01-03,0.952022980398646,0.900345981278034,23.5794024682971,0.171851056624681,1.12386818673841,1.22288681124541,36.2864583333333,0.275411620402371,0.46875,0.96875,96
"CFA_Pyrenew-Pyrenew_H_COVID",2026-01-10,2.70544626590719,1.61458246234736,46.9918987851662,0.246840348134258,2.78124403673289,1.78946750453472,73.9852941176471,0.393812034542556,0.313725490196078,0.892156862745098,102
"CFA_Pyrenew-Pyrenew_H_COVID",2026-01-17,0.997661335945347,1.01367262543603,19.6752809462916,0.169882426457248,0.902855312471743,1.04776408243751,28.4264705882353,0.256895774559412,0.607843137254902,0.950980392156863,102
"CFA_Pyrenew-Pyrenew_H_COVID",2026-01-24,1.47146728011286,1.43609411754059,23.912024488491,0.276324682830509,1.66222139765023,1.91957654481825,37.2107843137255,0.434962021823638,0.352941176470588,0.882352941176471,102
"CFA_Pyrenew-Pyrenew_H_COVID",2026-01-31,1.94691818282229,1.43352046954921,29.1612264066496,0.306932453922467,2.02086412692819,1.68004888982007,44.171568627451,0.482506603759598,0.274509803921569,0.862745098039216,102
"CFA_Pyrenew-Pyrenew_H_COVID",2026-02-07,1.31590369267286,1.2456789291891,16.9577358908781,0.205144247781419,1.41904353358626,1.6584494011478,26.2156862745098,0.320858695089583,0.431372549019608,0.941176470588235,102
"CFA_Pyrenew-Pyrenew_H_COVID",2026-02-14,1.32014348643477,1.16607313875072,20.7750265558397,0.22978360913968,1.43790159168984,1.44794518729618,32.6127450980392,0.3517882202884,0.470588235294118,0.892156862745098,102
"CFA_Pyrenew-Pyrenew_H_COVID",2026-02-21,1.16083479747404,1.05052714487256,18.8418724711624,0.234203288902967,1.18174839956584,1.14611644031938,28.4540816326531,0.358834556880703,0.479591836734694,0.928571428571429,98
"CFA_Pyrenew-Pyrenew_H_COVID",2026-02-28,1.20365568176708,1.06995052919353,15.4741065856777,0.172375772273323,1.3091674989531,1.24763014834917,24.328431372549,0.270994916319735,0.549019607843137,0.990196078431373,102
"CFA_Pyrenew-Pyrenew_H_COVID",2026-03-07,1.03758514470005,1.02251271534977,12.5646072037511,0.164689499531001,1.06833558156912,1.15682421441725,19.1911764705882,0.259171486650195,0.588235294117647,0.980392156862745,102
"CFA_Pyrenew-Pyrenew_H_COVID",2026-03-14,1.13579435433632,1.07458437812446,12.5237471606034,0.195757033528798,1.16709156457655,1.15055595644616,18.9540816326531,0.293393756022055,0.693877551020408,0.928571428571429,98
"CFA_Pyrenew-Pyrenew_H_COVID",2026-03-21,0.767070662986918,0.80420264833198,11.9894247655584,0.250830212529071,0.729931805710744,0.873803100818306,17.593137254902,0.387403855501473,0.5,0.911764705882353,102
"CFA_Pyrenew-Pyrenew_H_COVID",2026-03-28,0.76135375690324,0.728464593451975,16.5793595481671,0.322383796660944,0.651804694121018,0.695701078207347,23.5490196078431,0.471356572936074,0.441176470588235,0.843137254901961,102
"CFA_Pyrenew-Pyrenew_H_COVID",2026-04-04,1.06923669396796,0.861753849973062,9.10346741261722,0.308098006038603,1.45646717956556,1.27604509344852,13.906862745098,0.474015586122844,0.450980392156863,0.882352941176471,102
"CFA_Pyrenew-Pyrenew_H_COVID",2026-04-11,1.22477767057962,0.984751534566605,8.909752685422,0.348639695355161,1.95171668596957,1.56744084426405,13.5,0.550964067542338,0.411764705882353,0.872549019607843,102
"CFA_Pyrenew-Pyrenew_H_COVID",2026-04-18,1.2845788304139,1.15109551187262,10.0786945865303,0.480523672997594,1.62921174476897,1.61387864236183,15.0588235294118,0.727494379489177,0.333333333333333,0.774509803921569,102
"CFA_Pyrenew-Pyrenew_H_COVID",2026-04-25,1.01101628983939,0.957243986875807,7.9945294970162,0.399233764181841,1.37842304626327,1.42644800379197,12.4656862745098,0.616824508097679,0.401960784313726,0.852941176470588,102
"CFA_Pyrenew-Pyrenew_H_COVID",2026-05-02,1.46781297463698,0.945962620803087,11.0468484441603,0.358773089056283,2.04609814266559,1.36633965274743,16.7009803921569,0.535374179845076,0.470588235294118,0.911764705882353,102
"CFA_Pyrenew-Pyrenew_H_COVID",2026-05-09,0.79630718976301,0.767085577521283,5.11377823955669,0.25357244872906,1.20900665179734,1.26269758337746,7.43627450980392,0.380470917992952,0.656862745098039,0.980392156862745,102
"CFA_Pyrenew-Pyrenew_H_COVID",2026-05-16,0.886531057500878,0.783191992996239,6.0452620630861,0.304857175346335,1.28333464061653,1.15184801178595,9.41176470588235,0.483186946836729,0.57843137254902,0.931372549019608,102
"CFA_Pyrenew-Pyrenew_H_COVID",2026-05-23,0.750965582773583,0.699683001428513,4.81647195225916,0.28726391317297,1.18661536993023,1.04921613152417,7.54411764705882,0.459067335111121,0.558823529411765,0.970588235294118,102
"CFA_Pyrenew-Pyrenew_H_COVID",2026-05-30,0.579683520861241,0.631751736259273,3.483784228474,0.273210430563702,1.09129537970839,1.04449160198257,5.24019607843137,0.429742133661275,0.696078431372549,0.950980392156863,102
"CFA_Pyrenew-Pyrenew_H_COVID",2026-06-06,0.810643240693301,0.706775409321355,4.26889567348679,0.30475736127503,1.34532535797425,1.15117189958157,6.61274509803922,0.487525218317769,0.607843137254902,0.950980392156863,102
"CFA_Pyrenew-Pyrenew_H_COVID",2026-06-13,0.7365731111786,0.761818379473675,3.9092397485081,0.371019918370147,1.49646961302799,1.3109035743521,6.25980392156863,0.591890692149651,0.46078431372549,0.941176470588235,102
"CFA_Pyrenew-Pyrenew_H_COVID",2026-06-20,0.641410573313362,0.659318194604655,3.4676537084399,0.312523085640863,1.01365544545327,1.09038448633798,5.17156862745098,0.504130075062305,0.549019607843137,0.96078431372549,102
"CFA_Pyrenew-Pyrenew_H_COVID",2026-06-27,0.719802934914492,0.687558203841485,3.95939475703325,0.33483251548242,1.04527332789229,1.12399955867313,6.32843137254902,0.563348851495341,0.529411764705882,0.970588235294118,102
"CFA_Pyrenew-Pyrenew_H_COVID",2026-07-04,0.882876271424281,0.741587605706366,4.49988182011935,0.317031063630355,1.01907333173718,1.16575574468826,6.25,0.500418091812878,0.549019607843137,0.911764705882353,102
"CFA_Pyrenew-Pyrenew_H_COVID",2026-07-11,0.872737520444691,0.793315583688142,4.7843023657289,0.338859318862261,1.03338231554984,1.13165938972563,7.84313725490196,0.570207667724467,0.509803921568627,0.96078431372549,102
"CFA_Pyrenew-Pyrenew_H_COVID",2026-07-18,0.767128031260372,0.666449582947706,5.13349339300938,0.297972608675792,0.966420615931972,1.10205425852731,8.31862745098039,0.500371290843114,0.529411764705882,0.941176470588235,102
"CFA_Pyrenew-Pyrenew_H_COVID",2026-07-25,0.749380947168048,0.723816984736886,6.81141664535379,0.363732181406381,0.745273868115189,0.91959271088283,10.0588235294118,0.586546065539386,0.470588235294118,0.92156862745098,102
"CFA_Pyrenew-Pyrenew_H_COVID",2026-08-01,0.761099854560818,0.68924402636935,6.90578642369992,0.295690989429163,0.768139834928475,0.868821991981407,10.5196078431373,0.451594448403167,0.549019607843137,0.941176470588235,102
"CFA_Pyrenew-Pyrenew_H_COVID",2026-08-08,0.762473884552374,0.608314761459336,6.27914096334186,0.261145942415785,0.748925830501483,0.747771867609441,9.23039215686275,0.397525508366147,0.656862745098039,0.970588235294118,102
"CFA_Pyrenew-Pyrenew_H_COVID",2026-08-15,0.780061007848759,0.716305356170096,7.6704186913896,0.318375776040654,0.73842057873764,0.791724587809819,11.0147058823529,0.485977262873005,0.549019607843137,0.931372549019608,102
"CFA_Pyrenew-Pyrenew_H_COVID",2026-08-22,0.857258537372166,0.756072977241089,15.59566352657,0.323538287180334,0.899868600795983,0.954301861385633,23.9934640522876,0.516539763031921,0.549019607843137,0.980392156862745,153
"CFA_Pyrenew-Pyrenew_H_COVID",2026-08-29,1.15862153878668,0.764556213728503,26.6086362318841,0.357093209926581,1.2043734812423,0.888639933328355,40.5,0.565221587875198,0.503267973856209,0.928104575163399,153
"CFA_Pyrenew-Pyrenew_H_COVID",2026-09-05,1.06053518913703,0.812375379623056,19.7172157431088,0.310308547783912,1.20856137845141,1.07367404600004,30.8692810457516,0.499175629598506,0.437908496732026,0.96078431372549,153
"CFA_Pyrenew-Pyrenew_H_COVID",2026-09-12,0.754015467544846,0.549423071936349,18.6572179738562,0.300091966448604,1.17592836437648,1.07416140544991,27.2941176470588,0.468854024134179,0.57516339869281,0.96078431372549,153
"CMU-TimeSeries",2025-10-11,NA,NA,60.2239416484111,0.528073687983924,NA,NA,88.1653690128766,0.750901961871151,0.225961538461538,0.682692307692308,208
"CMU-TimeSeries",2025-10-18,NA,NA,69.6925611472672,0.608465237613696,NA,NA,101.964841806071,0.874404578492432,0.216346153846154,0.697115384615385,208
"CMU-TimeSeries",2025-11-22,0.90559770418423,0.673117364659535,13.7181130358589,0.225741278083736,0.898662583551174,0.817143932193752,19.7486926574848,0.352801189838946,0.552884615384615,0.956730769230769,208
"CMU-TimeSeries",2025-11-29,0.761681704992906,0.585083753915531,14.0873621242881,0.200658133200173,0.702932783463055,0.722180220177473,19.3741428976125,0.303282155924481,0.596153846153846,0.966346153846154,208
"CMU-TimeSeries",2025-12-06,0.5948380771737,0.48425864890639,17.45370062869,0.199693188718016,0.541334343003581,0.543240231703916,26.2450487303183,0.30457998928727,0.533653846153846,0.985576923076923,208
"CMU-TimeSeries",2025-12-13,0.601823374064394,0.489237811863374,23.3742475094554,0.209759605795661,0.611168381522224,0.558034416444511,37.9338289483001,0.32418198193807,0.552884615384615,0.966346153846154,208
"CMU-TimeSeries",2025-12-20,0.616819605305127,0.531069680985948,29.6993750077436,0.241973984687796,0.66816089371671,0.611688449278639,48.1510433182787,0.380025670024597,0.432692307692308,0.932692307692308,208
"CMU-TimeSeries",2025-12-27,0.660907024690573,0.581407000059875,27.9731265863314,0.22295446641797,0.717885960203411,0.678019546736062,43.8616408241895,0.347635107701525,0.432692307692308,0.932692307692308,208
"CMU-TimeSeries",2026-01-03,1.10025352715934,0.874262675958903,29.3785926222896,0.197703570526232,1.25877663561283,1.15799466499671,47.5804670585845,0.332666940181401,0.432692307692308,0.980769230769231,208
"CMU-TimeSeries",2026-01-10,1.54434418122818,1.19847738416276,33.9533728769035,0.222274669976759,1.68685616518447,1.42000486800884,54.7136879431076,0.358726368613088,0.317307692307692,0.947115384615385,208
"CMU-TimeSeries",2026-01-17,2.43293409819582,1.79759490814456,50.3018694850174,0.31037937311172,2.78563663643457,2.27548586592774,82.1095504206038,0.509721521564771,0.206730769230769,0.927884615384615,208
"CMU-TimeSeries",2026-01-24,0.916322215719197,0.770359410119328,15.9588979970806,0.153632674257251,0.95794835313333,1.00574021438874,23.1303443491515,0.231813177760068,0.572115384615385,0.956730769230769,208
"CMU-TimeSeries",2026-01-31,0.87573546465429,0.545220560548611,15.4623469413981,0.13922804006463,0.845369251309466,0.617387203156045,22.1025799154515,0.213100022939538,0.629807692307692,0.995192307692308,208
"CMU-TimeSeries",2026-02-07,0.916292550607297,0.745944047067802,13.5424224084192,0.141520429166391,0.793808057954591,0.901980737315735,16.3745824543007,0.19635163925617,0.725961538461538,0.975961538461538,208
"CMU-TimeSeries",2026-02-14,0.928192215982633,0.812052654070212,14.1977354815409,0.172934622082413,0.937810210125927,1.01294067177258,20.0072567320012,0.262233857332634,0.567307692307692,0.980769230769231,208
"CMU-TimeSeries",2026-02-21,0.768318338402585,0.700505629936776,12.7064069755941,0.17480472557585,0.760611554185282,0.781240560295324,17.5972511464638,0.258207887383944,0.557692307692308,0.947115384615385,208
"CMU-TimeSeries",2026-02-28,0.776476845943183,0.827912726893754,12.2506647502057,0.193925118501845,0.789255114669602,0.92720396220422,18.0697901972876,0.29087259589459,0.442307692307692,0.932692307692308,208
"CMU-TimeSeries",2026-03-07,0.656562149377876,0.753176280338519,12.7739995456977,0.235144430562753,0.645341833131264,0.802694743656401,19.201466516895,0.351782198593255,0.447115384615385,0.923076923076923,208
"CMU-TimeSeries",2026-03-14,0.726217597912387,0.802517841383007,14.6257044863362,0.323298927153018,0.703994268661283,0.840180597684182,21.8620182713659,0.473885396654231,0.370192307692308,0.865384615384615,208
"CMU-TimeSeries",2026-03-21,0.747142117326879,0.821729531890465,14.8484358918599,0.364076044924696,0.700635664045297,0.827386236649136,22.5424099293474,0.540025382298467,0.288461538461538,0.831730769230769,208
"CMU-TimeSeries",2026-03-28,0.71375900482716,0.806433191090942,14.7922893164429,0.379769650104746,0.685000156735776,0.795351639148585,22.5375758098107,0.55568772417414,0.269230769230769,0.8125,208
"CMU-TimeSeries",2026-04-04,0.693280680478028,0.61424866338136,6.5603353338976,0.248887148554204,0.924693454084256,0.894637490979946,9.38149840723876,0.374779404898793,0.475961538461538,0.961538461538462,208
"CMU-TimeSeries",2026-04-11,0.632574442425147,0.632190705074014,5.57599085065194,0.270000384003091,0.988686646258939,0.96635617958349,8.33901372349568,0.418997010999132,0.495192307692308,0.942307692307692,208
"CMU-TimeSeries",2026-04-18,0.778499664568725,0.732460455550048,6.70086426781038,0.346357996014775,1.09714136540511,1.06536007340652,10.7864154228816,0.537675894069111,0.365384615384615,0.913461538461538,208
"CMU-TimeSeries",2026-04-25,0.826813703978691,0.831645485661051,6.84723616742913,0.360015699058504,1.15487400335945,1.22405546664904,10.8479329716224,0.561120466141328,0.403846153846154,0.9375,208
"CMU-TimeSeries",2026-05-02,0.608633310366955,0.670850998483065,5.16971814189546,0.29414734752145,0.890085215914645,1.00487401577981,7.98001750093665,0.454961561445118,0.490384615384615,0.947115384615385,208
"CMU-TimeSeries",2026-05-09,0.596409520600933,0.622995855820931,4.85859330434173,0.270308323747735,0.903141276240544,1.00160012593032,7.19285116932983,0.414114446160084,0.5,0.942307692307692,208
"CMU-TimeSeries",2026-05-16,0.606646795876122,0.673954933202128,5.11694959275827,0.318393941489002,0.857016241442874,0.964118309797259,7.87143778398852,0.501961729338819,0.418269230769231,0.927884615384615,208
"CMU-TimeSeries",2026-05-23,0.577126318730976,0.638778945573886,4.38956337944693,0.303108418107618,0.854278215330918,0.901572054290927,6.25613909053219,0.457713531688132,0.504807692307692,0.894230769230769,208
"CMU-TimeSeries",2026-05-30,0.536281601615398,0.656371762287288,3.75365991674289,0.320284200270437,0.86235092735441,0.960244031665558,5.15619253029506,0.480099304123704,0.504807692307692,0.875,208
"CMU-TimeSeries",2026-06-06,0.546767904532124,0.580152657192738,3.90915823236619,0.298447433115918,0.789871460628198,0.835871104406306,5.44755694830466,0.437203639167151,0.543269230769231,0.899038461538462,208
"CMU-TimeSeries",2026-06-13,0.602220890605245,0.647953494802561,3.88059199094558,0.313338121170235,1.1587083906456,1.06106203716999,5.87920402270512,0.482177467409039,0.480769230769231,0.903846153846154,208
"CMU-TimeSeries",2026-06-20,0.635086383459642,0.635767045152326,4.22910960298612,0.301010156872143,1.0813046868614,1.06252208633933,6.63881360354162,0.467500096087178,0.495192307692308,0.913461538461538,208
"CMU-TimeSeries",2026-06-27,0.798258804955953,0.701380305600132,5.51919568394613,0.336666455255512,1.16583808710842,1.08456886491542,9.00662178047927,0.530903662975895,0.423076923076923,0.9375,208
"CMU-TimeSeries",2026-07-04,0.8807966750116,0.677799382385631,6.79256239312885,0.334608809311816,1.15894613346264,1.0654308439458,10.8374903876335,0.528201976169437,0.341346153846154,0.918269230769231,208
"CMU-TimeSeries",2026-07-11,1.01579935217459,0.766490251366452,8.70403199143239,0.376209481606621,1.15628322230205,1.03725615967099,13.5574999472439,0.597566025774543,0.322115384615385,0.918269230769231,208
"CMU-TimeSeries",2026-07-18,1.04001160124023,0.72700933478673,10.1052194944413,0.349541291769239,1.08185706254857,1.01605464798477,15.0487585007184,0.542528223075217,0.355769230769231,0.826923076923077,208
"CMU-TimeSeries",2026-07-25,1.03958037023769,0.765860530700981,11.0046343663427,0.358027116827465,1.07319395910802,0.978700856423096,17.0424513749614,0.568403739317818,0.326923076923077,0.879807692307692,208
"CMU-TimeSeries",2026-08-01,0.918186008265001,0.698365202061845,11.2672308870336,0.322904305594818,0.938784976402158,0.90609167598886,17.8291165662481,0.518073291005332,0.288461538461538,0.9375,208
"CMU-TimeSeries",2026-08-08,0.842749056015821,0.642744009991586,11.5191794891885,0.294208987125035,0.842305097342032,0.783760911736386,17.8677876655762,0.445774353722289,0.408653846153846,0.884615384615385,208
"CMU-TimeSeries",2026-08-15,0.714606839935975,0.628687616018211,12.7449038395693,0.316082934582522,0.685083173095174,0.673599016687266,19.53689861808,0.486684355852907,0.322115384615385,0.884615384615385,208
"CMU-TimeSeries",2026-08-22,0.63257360122264,0.579040961124276,12.7127182086581,0.248963936887222,0.63260986017935,0.674540246885131,18.8353933250666,0.370649993519025,0.432692307692308,0.918269230769231,208
"CMU-TimeSeries",2026-08-29,0.697048151733607,0.600438374804749,15.7759133086881,0.269635140327519,0.667236320097784,0.647702221166669,22.6375760836493,0.403353401471801,0.394230769230769,0.865384615384615,208
"CMU-TimeSeries",2026-09-05,0.7347845432957,0.564448884242278,14.6712118672752,0.223679855964101,0.78231854391251,0.703714894804545,21.8466020026078,0.345447794838013,0.375,0.903846153846154,208
"CMU-TimeSeries",2026-09-12,0.709682089717226,0.427999058556116,18.3018074927487,0.242070596648531,1.07861256093762,0.812425006807951,26.4994497845131,0.368549649949413,0.384615384615385,0.899038461538462,208
"CMU-TimeSeries",2026-09-19,0.674845710491439,0.460481429179166,14.1927235218452,0.218960752885558,1.07173277905086,0.876020852857134,20.9805554759535,0.333723861793087,0.378205128205128,0.92948717948718,156
"CMU-TimeSeries",2026-09-26,0.704643567478838,0.468786091828452,12.0266677770411,0.184625321408261,1.31634367846858,0.87940804542374,19.4016674796967,0.286322486806035,0.471153846153846,0.932692307692308,104
"CMU-TimeSeries",2026-10-03,0.663076515627917,0.583411151179221,10.2669686469591,0.206606545389544,0.886302416766789,0.826454804343611,15.8287239616058,0.315945451305546,0.423076923076923,0.923076923076923,52
"CMU-TimeSeries_Cal",2026-09-26,0.806533951055438,0.494344349309321,13.7618991629256,0.193977212937939,1.567390041739,0.954171729163591,23.2541393423602,0.312635549111175,0.442307692307692,0.923076923076923,104
"CMU-TimeSeries_Cal",2026-10-03,0.742072660211165,0.561579598715575,11.4310749180629,0.195256151303978,1.02641845637507,0.794529222384411,18.2722321359178,0.298241898406888,0.480769230769231,0.942307692307692,52
"CovidHub-baseline",2025-11-22,1,1,15.1592677798763,0.349839802942496,1,1,22.7740376322032,0.441573565516169,0.620192307692308,1,208
"CovidHub-baseline",2025-11-29,1,1,19.8674705302401,0.371338634110518,1,1,31.5673076923077,0.47095859725339,0.514423076923077,1,208
"CovidHub-baseline",2025-12-06,1,1,30.9749206660836,0.436604065772517,1,1,49.1826923076923,0.579656068658299,0.394230769230769,0.923076923076923,208
"CovidHub-baseline",2025-12-13,1,1,41.4143408484822,0.446967719328204,1,1,62.6394230769231,0.600241144392409,0.375,0.846153846153846,208
"CovidHub-baseline",2025-12-20,1,1,52.056377630863,0.481962094522373,1,1,77.6586538461538,0.662913744960283,0.225961538461538,0.754807692307692,208
"CovidHub-baseline",2025-12-27,1,1,44.9311911934058,0.402035401598118,1,1,65.9663461538462,0.547477111621381,0.293269230769231,0.788461538461538,208
"CovidHub-baseline",2026-01-03,1,1,25.0478206324561,0.218380681657728,1,1,36.7884615384615,0.285923356690583,0.543269230769231,0.9375,208
"CovidHub-baseline",2026-01-10,1,1,22.5882882127182,0.190465391817662,1,1,34.6971153846154,0.267125867405708,0.543269230769231,0.975961538461538,208
"CovidHub-baseline",2026-01-17,1,1,21.4403544635685,0.182153951053012,1,1,32.0865384615385,0.243014748417822,0.620192307692308,0.975961538461538,208
"CovidHub-baseline",2026-01-24,1,1,18.0611636355888,0.206940818266955,1,1,26.0096153846154,0.245536463562248,0.677884615384615,0.961538461538462,208
"CovidHub-baseline",2026-01-31,1,1,18.0230031320745,0.262426661441049,1,1,26.9326923076923,0.360771114673468,0.600961538461538,0.966346153846154,208
"CovidHub-baseline",2026-02-07,1,1,14.8052860994762,0.190022161745818,1,1,21.0192307692308,0.216906427695786,0.735576923076923,0.985576923076923,208
"CovidHub-baseline",2026-02-14,1,1,15.4170950553112,0.210652800403991,1,1,21.9038461538462,0.259425890383863,0.653846153846154,0.995192307692308,208
"CovidHub-baseline",2026-02-21,1,1,16.9431772453193,0.249741817772884,1,1,24.2932692307692,0.338068726658328,0.653846153846154,0.966346153846154,208
"CovidHub-baseline",2026-02-28,1,1,16.448057553005,0.233153611395182,1,1,25.2596153846154,0.339360451743967,0.591346153846154,1,208
"CovidHub-baseline",2026-03-07,1,1,19.3576381172079,0.297832178555234,1,1,30.9326923076923,0.447466271079029,0.538461538461538,0.985576923076923,208
"CovidHub-baseline",2026-03-14,1,1,19.6078143445617,0.371563217786678,1,1,31.5192307692308,0.560776860233527,0.572115384615385,0.995192307692308,208
"CovidHub-baseline",2026-03-21,1,1,19.6268709650839,0.421576486034792,1,1,32.3173078125012,0.638214077271262,0.548076923076923,1,208
"CovidHub-baseline",2026-03-28,1,1,20.9272584556545,0.464073905949952,1,1,34.0048076923077,0.71157648600517,0.552884615384615,0.966346153846154,208
"CovidHub-baseline",2026-04-04,1,1,9.5673193532252,0.400280523978592,1,1,10.1057690264403,0.418668348579561,0.918269230769231,1,208
"CovidHub-baseline",2026-04-11,1,1,8.93599091656771,0.419249078432335,1,1,8.8125,0.453903194761122,0.918269230769231,1,208
"CovidHub-baseline",2026-04-18,1,1,8.95896193148052,0.468700417918377,1,1,9.81730769230769,0.496412456646369,0.903846153846154,1,208
"CovidHub-baseline",2026-04-25,1,1,8.83599457955679,0.449314726008003,1,1,10.0048076923077,0.486908361639866,0.923076923076923,1,208
"CovidHub-baseline",2026-05-02,1,1,8.86038788282145,0.441539356017525,1,1,9.45673076923077,0.471787530604042,0.927884615384615,1,208
"CovidHub-baseline",2026-05-09,1,1,8.32029017232783,0.430317331849385,1,1,8.02403846153846,0.418139227128911,0.980769230769231,1,208
"CovidHub-baseline",2026-05-16,1,1,8.4873192163482,0.469828479320565,1,1,9.31249822113606,0.521176924191805,0.9375,1,208
"CovidHub-baseline",2026-05-23,1,1,7.75747813467568,0.465446203370825,1,1,7.37980713941755,0.514355097989567,0.961538461538462,1,208
"CovidHub-baseline",2026-05-30,1,1,7.30963813001006,0.481852617268085,1,1,6.18750443514051,0.505717032107806,0.971153846153846,1,208
"CovidHub-baseline",2026-06-06,1,1,7.20363066901823,0.49317928686873,1,1,6.39422689899976,0.48795505547543,0.971153846153846,1,208
"CovidHub-baseline",2026-06-13,1,1,6.74096758552817,0.495250140055521,1,1,5.5048096514619,0.494589702416166,0.980769230769231,1,208
"CovidHub-baseline",2026-06-20,1,1,6.86564499604496,0.481425626982371,1,1,6.25961278843558,0.454383873939919,0.980769230769231,1,208
"CovidHub-baseline",2026-06-27,1,1,7.04884826121599,0.492591291156105,1,1,7.72115310095409,0.496936671060699,0.966346153846154,1,208
"CovidHub-baseline",2026-07-04,1,1,7.70703742512216,0.501640975381101,1,1,9.16826932692404,0.487839634218684,0.947115384615385,0.995192307692308,208
"CovidHub-baseline",2026-07-11,1,1,8.60631217591022,0.501168203366978,1,1,11.7211509254516,0.578041834352861,0.923076923076923,0.995192307692308,208
"CovidHub-baseline",2026-07-18,1,1,9.69516694412011,0.494588938181093,1,1,13.8076860576298,0.529281502301098,0.865384615384615,0.995192307692308,208
"CovidHub-baseline",2026-07-25,1,1,10.7877388222192,0.493800229086318,1,1,16.0432622835844,0.593283398743927,0.860576923076923,0.995192307692308,208
"CovidHub-baseline",2026-08-01,1,1,12.2403159917665,0.471960690061625,1,1,18.7499968629494,0.567416394529073,0.841346153846154,1,208
"CovidHub-baseline",2026-08-08,1,1,13.6528952241541,0.471616996070014,1,1,21.1826855287784,0.578682221179637,0.75,0.990384615384615,208
"CovidHub-baseline",2026-08-15,1,1,17.8585127623899,0.503091013447882,1,1,28.1778831249851,0.718399785129181,0.692307692307692,0.971153846153846,208
"CovidHub-baseline",2026-08-22,1,1,20.5969410336785,0.445061881122709,1,1,30.7355772475994,0.557436909020795,0.653846153846154,0.966346153846154,208
"CovidHub-baseline",2026-08-29,1,1,22.8843579980374,0.463086432652919,1,1,34.3846175841566,0.635003924972676,0.610576923076923,0.956730769230769,208
"CovidHub-baseline",2026-09-05,1,1,19.2873094174583,0.392096033995109,1,1,27.1778832451786,0.484146929302973,0.706730769230769,0.956730769230769,208
"CovidHub-baseline",2026-09-12,1,1,26.011365114908,0.564205316990878,1,1,23.028841971112,0.442887258465313,0.932692307692308,1,208
"CovidHub-baseline",2026-09-19,1,1,21.5193895236341,0.486560528294335,1,1,19.4679487179487,0.385559789871573,0.916666666666667,1,156
"CovidHub-baseline",2026-09-26,1,1,17.3556157751306,0.406495866120136,1,1,14.7980769230769,0.33586534437972,0.923076923076923,1,104
"CovidHub-baseline",2026-10-03,1,1,15.7461279682274,0.36166119473172,1,1,17.9615384615385,0.386174244647633,0.826923076923077,1,52
"CovidHub-ensemble",2025-11-22,0.74751296222739,0.576057907032358,11.2351702911235,0.193003827119094,0.776154572729852,0.69438073148112,17.0886755970064,0.300947031658332,0.552884615384615,0.975961538461538,208
"CovidHub-ensemble",2025-11-29,0.663982095124429,0.546200186705641,12.9374711581125,0.196295530853796,0.683027277146822,0.693525148420294,20.0949821542685,0.308854395307177,0.514423076923077,0.975961538461538,208
"CovidHub-ensemble",2025-12-06,0.666330219140679,0.527167936100701,21.0184358676518,0.229239454492513,0.653362506509798,0.613378690196227,33.1044432789216,0.360499940110333,0.442307692307692,0.908653846153846,208
"CovidHub-ensemble",2025-12-13,0.681315743576606,0.547642667189186,28.6193331653572,0.24574470685606,0.657714710032974,0.618685766407228,42.4153186256637,0.376344693658061,0.447115384615385,0.860576923076923,208
"CovidHub-ensemble",2025-12-20,0.664276681610952,0.535847014229325,33.4110294183221,0.252687668536799,0.698131467943632,0.624159573464321,52.1489463650973,0.399664039141501,0.355769230769231,0.860576923076923,208
"CovidHub-ensemble",2025-12-27,0.670705726851672,0.567179617914089,29.4798596761983,0.225268821392127,0.711127666270087,0.656424689991829,45.3882158965122,0.34897504780575,0.384615384615385,0.870192307692308,208
"CovidHub-ensemble",2026-01-03,0.874143861240655,0.729483974164897,22.1079992209257,0.15962799462009,1.00049443933371,0.936927022379775,35.1612279218036,0.25606855527949,0.495192307692308,0.947115384615385,208
"CovidHub-ensemble",2026-01-10,1.45028529657635,1.10523155589436,31.9472929446851,0.204242367085884,1.67929906756888,1.36041707520345,54.4930890543833,0.341427948182704,0.350961538461538,0.961538461538462,208
"CovidHub-ensemble",2026-01-17,1.31651031912993,1.10238060315783,27.208462897816,0.191912045171766,1.57421420482405,1.44751014753742,46.494681376679,0.326210681872846,0.355769230769231,0.966346153846154,208
"CovidHub-ensemble",2026-01-24,0.798281947713025,0.712089674271094,14.2256411550963,0.145970921061843,0.79521390523582,0.909740501917305,20.2828589190135,0.222488371394466,0.673076923076923,0.961538461538462,208
"CovidHub-ensemble",2026-01-31,0.919645737405136,0.694104386159326,16.7908873622527,0.183884712245555,0.976651064028609,0.805630740806946,26.8576232136839,0.294245998733879,0.5,0.980769230769231,208
"CovidHub-ensemble",2026-02-07,0.879338860485538,0.774138857514892,12.9480976162761,0.1465509628003,0.933288283012735,1.00546249851173,19.8427127459466,0.225060967055634,0.576923076923077,0.961538461538462,208
"CovidHub-ensemble",2026-02-14,0.896318426608711,0.763928319602975,13.6717798020151,0.161933143312919,1.0208607181502,0.966612583351912,22.0714940545543,0.250830836965926,0.480769230769231,0.956730769230769,208
"CovidHub-ensemble",2026-02-21,0.81318325115957,0.725423640003908,13.2692431745421,0.177934380655631,0.87062835746116,0.851185178412379,19.8862126442725,0.276610554921129,0.586538461538462,0.961538461538462,208
"CovidHub-ensemble",2026-02-28,0.68322362987994,0.717247005384716,11.0093583834547,0.171588606856757,0.698497549096745,0.84612233730354,16.4374101531209,0.273505743561219,0.528846153846154,0.990384615384615,208
"CovidHub-ensemble",2026-03-07,0.68787215671693,0.767021225001764,13.436880253313,0.239488809078199,0.722838642598532,0.867694620127144,21.2975635018141,0.375350396544334,0.461538461538462,0.923076923076923,208
"CovidHub-ensemble",2026-03-14,0.706821371505837,0.752853266644647,14.1211777346872,0.295774318794992,0.707513209569756,0.805705499476873,21.7064634949718,0.441232132596479,0.451923076923077,0.879807692307692,208
"CovidHub-ensemble",2026-03-21,0.762971829505743,0.80457444442362,15.0210050785477,0.353915517608464,0.741357708383325,0.84933286016175,22.7090773928673,0.526517101850023,0.355769230769231,0.826923076923077,208
"CovidHub-ensemble",2026-03-28,0.789270774907603,0.860567747421032,16.4678175396933,0.408018787252842,0.763875689724119,0.866122387830041,25.2180747031034,0.608222568322679,0.278846153846154,0.745192307692308,208
"CovidHub-ensemble",2026-04-04,0.642772456919003,0.60981327779118,6.02176027802163,0.245547555926493,0.872709443829556,0.916573542079542,8.68089365250741,0.378462487169545,0.567307692307692,0.975961538461538,208
"CovidHub-ensemble",2026-04-11,0.56947369769698,0.540271580539166,5.04124914763024,0.231104529007937,0.852444811599842,0.792070045231173,7.32264916724745,0.347125583297653,0.610576923076923,0.971153846153846,208
"CovidHub-ensemble",2026-04-18,0.689451544753721,0.590604333318209,5.93167676920001,0.275984415532893,0.974622253548692,0.867276025356682,9.48559311122471,0.424786312352892,0.514423076923077,0.947115384615385,208
"CovidHub-ensemble",2026-04-25,0.639727522406311,0.575664943491098,5.47349526279504,0.258135674375893,0.834016504324051,0.838374649977614,8.12704864212014,0.400566502544096,0.600961538461538,0.966346153846154,208
"CovidHub-ensemble",2026-05-02,0.591116555362815,0.549231909724264,5.36896331010396,0.26019896925183,0.794236110786911,0.807546898389439,7.75799442700398,0.403255389474465,0.586538461538462,0.956730769230769,208
"CovidHub-ensemble",2026-05-09,0.645648608736261,0.606339765021409,5.42061178692723,0.274448568220599,1.03321239784493,1.03737272453076,8.31515800229055,0.438471341935569,0.572115384615385,0.971153846153846,208
"CovidHub-ensemble",2026-05-16,0.650820923538575,0.677358509948157,5.58713301599981,0.320994773783158,0.894020577519198,0.989639118932114,8.43214107498698,0.520077992040853,0.475961538461538,0.927884615384615,208
"CovidHub-ensemble",2026-05-23,0.624169675083542,0.664959371824468,4.84409717681791,0.325721518815081,0.999284245488257,1.04788390521173,7.37734489596936,0.538430277630509,0.447115384615385,0.966346153846154,208
"CovidHub-ensemble",2026-05-30,0.588207778948768,0.619219230559122,4.29926435814303,0.314111754603278,1.07087371527337,1.00098371903212,6.47281059372663,0.497116055938254,0.533653846153846,0.923076923076923,208
"CovidHub-ensemble",2026-06-06,0.600423335101922,0.60916694113649,4.42979910014035,0.319005592567457,0.96790851447687,0.947981715923515,6.68311252857251,0.492674286492525,0.533653846153846,0.923076923076923,208
"CovidHub-ensemble",2026-06-13,0.564554609160177,0.611573939713659,3.85086622822655,0.316446490447207,1.04033296933901,1.00499874495081,5.69043740457747,0.495112980494571,0.567307692307692,0.947115384615385,208
"CovidHub-ensemble",2026-06-20,0.533956030517321,0.512375312482211,3.69939994166062,0.254901300768176,0.836249648400482,0.825185609382002,5.4539599845256,0.39015588413066,0.639423076923077,0.966346153846154,208
"CovidHub-ensemble",2026-06-27,0.559094597301431,0.493401015526914,3.99476095609164,0.250736018264245,0.762127574349128,0.730460890887292,6.17023302752452,0.382874363437502,0.629807692307692,0.980769230769231,208
"CovidHub-ensemble",2026-07-04,0.591346797977845,0.516432607071869,4.56269987941608,0.264207668965269,0.776469447291668,0.793331014363324,7.1862593783644,0.400006901643362,0.610576923076923,0.971153846153846,208
"CovidHub-ensemble",2026-07-11,0.633498228722337,0.531965624707852,5.45691617604583,0.268896730187241,0.748034490150615,0.72269228086471,8.76602449258154,0.41978234807173,0.591346153846154,0.966346153846154,208
"CovidHub-ensemble",2026-07-18,0.618611306857834,0.512345314015522,5.93936135066845,0.249895607141671,0.691195467383608,0.726974259114135,9.49637139024625,0.385479512219663,0.586538461538462,0.980769230769231,208
"CovidHub-ensemble",2026-07-25,0.569804749972157,0.512321955902654,6.14469792382122,0.254001370619391,0.614742440847963,0.630134487791042,9.80430822130388,0.377072941688231,0.629807692307692,0.966346153846154,208
"CovidHub-ensemble",2026-08-01,0.590095617850972,0.475898243798375,7.21206187733412,0.220386465978689,0.614850942774459,0.58804276749054,11.243383217416,0.320953529160681,0.677884615384615,0.966346153846154,208
"CovidHub-ensemble",2026-08-08,0.613719476160759,0.491041467814543,8.63004981181549,0.231256277531919,0.623543350212302,0.608722677369226,13.5799882237801,0.351331119704257,0.586538461538462,0.975961538461538,208
"CovidHub-ensemble",2026-08-15,0.674047590159201,0.509200670348432,12.4102858604518,0.251129144293017,0.681092922845554,0.571864555515979,19.6842078123007,0.398694075856792,0.4375,0.932692307692308,208
"CovidHub-ensemble",2026-08-22,0.710711259966846,0.553315626119585,14.7982680797811,0.238963261103863,0.753678724772076,0.674994513926939,23.21280873292,0.371176039744609,0.451923076923077,0.913461538461538,208
"CovidHub-ensemble",2026-08-29,0.759016843642632,0.568454340474689,17.3828898755283,0.256548032473113,0.788210173590538,0.652231686027162,26.9730992093511,0.406018511374345,0.418269230769231,0.908653846153846,208
"CovidHub-ensemble",2026-09-05,0.753759664841532,0.565829390519371,14.6841948164389,0.218626154067381,0.847668327864868,0.732317487977183,23.0780344498269,0.349053468443815,0.447115384615385,0.927884615384615,208
"CovidHub-ensemble",2026-09-12,0.575501344252395,0.404904684258576,14.1044631610411,0.223390178300609,0.914781568030813,0.783980900161146,21.3700203067179,0.347249557866375,0.533653846153846,0.913461538461538,208
"CovidHub-ensemble",2026-09-19,0.513327562592997,0.431769057310733,10.798559059067,0.207860596620028,0.898856968715871,0.877923757862042,17.3591801640823,0.336019446187423,0.448717948717949,0.948717948717949,156
"CovidHub-ensemble",2026-09-26,0.530955182541649,0.436002007904867,8.94520152086168,0.170186589758404,0.968601638615894,0.839377360283318,14.1680671502354,0.273217504742537,0.5,0.980769230769231,104
"CovidHub-ensemble",2026-10-03,0.641838409601011,0.517722979281597,9.91132519941042,0.180761500598451,0.862866557360821,0.750843152229085,15.4543879110679,0.285659724770265,0.461538461538462,0.942307692307692,52
"Google_SAI-Ensemble",2025-12-13,0.563087737163602,0.49726388081087,22.4775171404682,0.215911692467235,0.554016064999107,0.570964759279768,34.5586538461538,0.334810270422254,0.447115384615385,0.9375,208
"Google_SAI-Ensemble",2025-12-20,0.604289543491478,0.493200304887,29.2717938963211,0.224748058135136,0.632391945014895,0.580402533101846,45.9913461538462,0.364102589896382,0.360576923076923,0.923076923076923,208
"Google_SAI-Ensemble",2025-12-27,0.613835046868719,0.52924085006567,26.1301078595318,0.201867547383321,0.65797706571588,0.622092406234951,41.0586538461538,0.321473931120114,0.399038461538462,0.923076923076923,208
"Google_SAI-Ensemble",2026-01-03,0.837738380942283,0.741356155269464,20.2440660535117,0.156715159019059,0.952460369729702,0.953075044953619,32.2423076923077,0.253988350358978,0.456730769230769,0.942307692307692,208
"Google_SAI-Ensemble",2026-01-10,0.840984198551396,0.851321177508587,17.3174216628344,0.151708954436839,0.88782377536795,0.987059572901916,26.9365384615385,0.239835036904272,0.475961538461538,0.942307692307692,208
"Google_SAI-Ensemble",2026-01-17,0.746855459565146,0.781509422762698,14.7069032120959,0.132861635729223,0.808643902632811,0.935950490371409,22.6658653846154,0.203814220149746,0.538461538461538,0.980769230769231,208
"Google_SAI-Ensemble",2026-01-24,0.774723632830696,0.776911290645438,13.9928280100334,0.163760444469687,0.817972296509664,1.04247291258964,21.0101495726496,0.261014840889322,0.480769230769231,0.966346153846154,208
"Google_SAI-Ensemble",2026-01-31,1.09157738071206,0.816382952875197,19.9179284942865,0.215700612223986,1.21977722817739,0.99705117310484,32.9668803418803,0.356881256123687,0.283653846153846,0.980769230769231,208
"Google_SAI-Ensemble",2026-02-07,0.931009563444678,0.837667726618236,13.8463474955581,0.160193098202095,1.04937516413711,1.1535721182786,22.3584735576923,0.257478105821328,0.418269230769231,0.966346153846154,208
"Google_SAI-Ensemble",2026-02-14,1.05095432845421,0.869074341251575,15.9905941314799,0.182978826435301,1.18164077601419,1.11782590922631,25.5552884615385,0.288241168464084,0.341346153846154,0.9375,208
"Google_SAI-Ensemble",2026-02-21,0.830696514058169,0.734765239550527,13.298371642454,0.176963708419204,0.912765683757111,0.852363328134926,20.5943509615385,0.272582426451333,0.408653846153846,0.927884615384615,208
"Google_SAI-Ensemble",2026-02-28,0.618554640764854,0.68083018746068,9.72183557953595,0.160992847867341,0.654385321369794,0.784724176104201,14.96484375,0.248656470709376,0.461538461538462,0.966346153846154,208
"Google_SAI-Ensemble",2026-03-07,0.655307312210416,0.777184211480212,12.5879497609218,0.241406478026973,0.664010612479808,0.84183109439769,19.0114182692308,0.357041740026094,0.360576923076923,0.841346153846154,208
"Google_SAI-Ensemble",2026-03-14,0.643696712150991,0.731866881392784,12.5220242775397,0.285895386896727,0.636911555936736,0.767439596984791,18.6352163461538,0.410830339869167,0.394230769230769,0.807692307692308,208
"Google_SAI-Ensemble",2026-03-21,0.693659952325778,0.805328143096799,13.5448861761427,0.356373634454324,0.649524051156293,0.812049621016457,19.8213141025641,0.507360454680366,0.307692307692308,0.754807692307692,208
"Google_SAI-Ensemble",2026-03-28,0.724798010304461,0.860811546097053,15.0511431147807,0.409801479389863,0.679711011358025,0.828718974516568,22.2946047008547,0.581886828337625,0.216346153846154,0.721153846153846,208
"Google_SAI-Ensemble",2026-04-04,0.604981217494947,0.609713147787931,5.70807614385916,0.249699327666977,0.833400369118091,0.892667292511608,8.60924145299145,0.383126473778928,0.4375,0.942307692307692,208
"Google_SAI-Ensemble",2026-04-11,0.567700510875922,0.534624648683764,4.98218517628205,0.228326047774583,0.853837498497919,0.787062291316457,7.30395299145299,0.345032746591094,0.528846153846154,0.947115384615385,208
"Google_SAI-Ensemble",2026-04-18,0.655639100948029,0.539630588168421,5.67774825924378,0.254419388482682,0.908649923393372,0.785572742206387,9.01041666666667,0.393477212479209,0.461538461538462,0.951923076923077,208
"Google_SAI-Ensemble",2026-04-25,0.592335065724552,0.52487041278571,5.12731136543107,0.242321600720894,0.744320455644787,0.732950746921065,7.66212606837607,0.373728096167798,0.557692307692308,0.947115384615385,208
"Google_SAI-Ensemble",2026-05-02,0.543771665424592,0.529713336012123,4.79443630736715,0.248380244979803,0.715627933996136,0.762588955761531,6.78659188034188,0.376434807712802,0.591346153846154,0.956730769230769,208
"Google_SAI-Ensemble",2026-05-09,0.543720449290235,0.563379710035114,4.46160654148086,0.252980785704011,0.849781334060341,0.946723553550993,6.61137820512821,0.392200791748541,0.519230769230769,0.951923076923077,208
"Google_SAI-Ensemble",2026-05-16,0.583840604000834,0.667663345404737,4.94416121911,0.314724567799168,0.825488200510614,0.948668735336339,7.6071047008547,0.492379066985709,0.394230769230769,0.913461538461538,208
"Google_SAI-Ensemble",2026-05-23,0.56801455606896,0.648010525608903,4.34328809805834,0.31839444117021,0.900772384518392,0.980494193747017,6.49305555555556,0.500130624984349,0.403846153846154,0.913461538461538,208
"Google_SAI-Ensemble",2026-05-30,0.524977920522493,0.601044679194245,3.81429363503344,0.305759894032026,0.928252446710738,0.953175175735265,5.54967948717949,0.47173257169497,0.528846153846154,0.9375,208
"Google_SAI-Ensemble",2026-06-06,0.553369774071622,0.580758353292909,3.96415711631364,0.300628502059144,0.862609321294067,0.882757700551166,5.7366452991453,0.450885989077128,0.543269230769231,0.913461538461538,208
"Google_SAI-Ensemble",2026-06-13,0.554262721726608,0.580932180811475,3.65549415412486,0.293497399312197,1.00640470452109,0.932445615970779,5.30074786324786,0.443191220261678,0.572115384615385,0.927884615384615,208
"Google_SAI-Ensemble",2026-06-20,0.513826357594291,0.497363558300681,3.55317006572835,0.250270457254496,0.742517876084986,0.748512271779574,4.94764957264957,0.366348307145314,0.668269230769231,0.951923076923077,208
"Google_SAI-Ensemble",2026-06-27,0.55690275251668,0.485498863461035,3.96438027684876,0.246832723738689,0.73585609112674,0.703238252377056,6.01415598290598,0.372553567331318,0.658653846153846,0.975961538461538,208
"Google_SAI-Ensemble",2026-07-04,0.58503329421428,0.530310492272709,4.48419141118543,0.272523987056167,0.739452161944117,0.814368318895198,6.82638888888889,0.41493054379186,0.600961538461538,0.961538461538462,208
"Google_SAI-Ensemble",2026-07-11,0.619369596873104,0.530524151206263,5.32131728795058,0.269493898503467,0.725384148894919,0.702002933653199,8.50614316239316,0.409162975064324,0.572115384615385,0.951923076923077,208
"Google_SAI-Ensemble",2026-07-18,0.628135584896203,0.527275945172245,6.0459756270903,0.259504292023396,0.695032147432241,0.741969718751851,9.58840811965812,0.398515343331026,0.625,0.975961538461538,208
"Google_SAI-Ensemble",2026-07-25,0.615709003529749,0.513849796108651,6.60813989803976,0.252598248664599,0.647552652369165,0.631965494725101,10.321047008547,0.379583706430637,0.615384615384615,0.966346153846154,208
"Google_SAI-Ensemble",2026-08-01,0.629021714913117,0.498023983198452,7.6617759754738,0.230044468646486,0.652343127634873,0.617634734100098,11.9938568376068,0.339437617456329,0.653846153846154,0.975961538461538,208
"Google_SAI-Ensemble",2026-08-08,0.658389164707218,0.511984546622846,9.20133071813452,0.239231908826263,0.658468833791884,0.638165376338965,14.2943376068376,0.368348875473618,0.5625,0.980769230769231,208
"Google_SAI-Ensemble",2026-08-15,0.731567449406702,0.540878843058835,13.2529456939799,0.263968800102895,0.734822195311475,0.59745255880357,20.9487179487179,0.415740452210385,0.495192307692308,0.971153846153846,208
"Google_SAI-Ensemble",2026-08-22,0.766587592655935,0.561865457189134,15.8925667119565,0.240495398396233,0.805499630682224,0.686875332174731,24.7660256410256,0.375783929752702,0.485576923076923,0.966346153846154,208
"Google_SAI-Ensemble",2026-08-29,0.892652952953751,0.621133175218316,20.5068329547566,0.278018105052531,0.908782779201859,0.713562288992095,31.2069978632479,0.442315857478073,0.403846153846154,0.947115384615385,208
"Google_SAI-Ensemble",2026-09-05,0.885806713500718,0.614489331125122,17.2595177547845,0.234291198327851,0.944861043567949,0.77866169986155,25.7975427350427,0.368185881109732,0.475961538461538,0.956730769230769,208
"Google_SAI-Ensemble",2026-09-12,0.644683685424767,0.439539982312263,15.5108811129692,0.235873707278557,1.01179610898445,0.851568156808078,23.2411858974359,0.365766732913258,0.504807692307692,0.947115384615385,208
"Google_SAI-Ensemble",2026-09-19,0.566942186400487,0.470167056546956,12.0636597051901,0.225994994339453,0.973459996403845,0.931936780615577,19.1527777777778,0.358106740034975,0.403846153846154,0.935897435897436,156
"Google_SAI-Ensemble",2026-09-26,0.492096288602346,0.442167532397558,8.56575966973244,0.18097507017994,0.925471017989648,0.843933941172954,13.9326923076923,0.286700366697596,0.451923076923077,0.990384615384615,104
"Google_SAI-Ensemble",2026-10-03,0.59764620323681,0.540901482830792,9.40823667781494,0.195338279931294,0.851444206782219,0.802617385015798,15.4850427350427,0.312837699410807,0.461538461538462,0.961538461538462,52
"NEU_ISI-AdaptiveEnsemble",2025-11-22,0.869063827743757,0.569159633384494,12.7250685255198,0.179065922764385,0.962082593567889,0.676688062809449,20.1739130434783,0.269774916882317,0.483695652173913,0.885869565217391,184
"NEU_ISI-AdaptiveEnsemble",2025-11-29,0.616973750416258,0.52056728781855,12.3178829051383,0.170762919936274,0.632881426337861,0.641816801926544,18.7727272727273,0.259274294151912,0.517045454545455,0.886363636363636,176
"NEU_ISI-AdaptiveEnsemble",2025-12-06,0.623576778004894,0.567112577206226,18.2645652173913,0.220098424563198,0.566542452698976,0.606774079077174,27.4883720930233,0.328076220411143,0.465116279069767,0.895348837209302,172
"NEU_ISI-AdaptiveEnsemble",2025-12-13,0.677031849024944,0.545206148002818,22.7292961956522,0.188060861396813,0.733344030285764,0.622527202303842,38.9,0.298500332025346,0.51875,0.93125,160
"NEU_ISI-AdaptiveEnsemble",2025-12-20,0.59696202932645,0.470585685693263,32.3024160079051,0.213409687886478,0.624214819359202,0.53161698533562,50.5738636363636,0.330467404724189,0.369318181818182,0.857954545454545,176
"NEU_ISI-AdaptiveEnsemble",2025-12-27,0.627929081131577,0.60388636091213,29.9424841485507,0.236998671998056,0.6255694520398,0.635786372072158,43.9479166666667,0.341591639499012,0.255208333333333,0.677083333333333,192
"NEU_ISI-AdaptiveEnsemble",2026-01-03,1.0084161644,0.864328046119201,27.7949083546462,0.194541737203614,1.09629763311754,1.05515531637476,42.1862745098039,0.298722381102953,0.367647058823529,0.774509803921569,204
"NEU_ISI-AdaptiveEnsemble",2026-01-10,1.79976687695187,1.32645126119199,43.7609272404614,0.253612820065008,2.01116839471075,1.51533453061083,72.7602040816327,0.39902676707376,0.219387755102041,0.724489795918367,196
"NEU_ISI-AdaptiveEnsemble",2026-01-17,1.78738869927588,1.28445074554258,39.8807672634271,0.232388359327576,2.09673928237413,1.58891270044064,67.3725490196078,0.375195415619303,0.279411764705882,0.82843137254902,204
"NEU_ISI-AdaptiveEnsemble",2026-01-24,0.90569737472344,0.859048481761058,16.1120429841897,0.180200511553565,0.881791198913427,1.06893642778073,22.0965909090909,0.267196001729133,0.551136363636364,0.857954545454545,176
"NEU_ISI-AdaptiveEnsemble",2026-01-31,1.04537230500401,0.903077103181707,17.0603357487923,0.221587413937268,1.08882185922294,0.992804590601303,26.4333333333333,0.330384112979211,0.305555555555556,0.75,180
"NEU_ISI-AdaptiveEnsemble",2026-02-07,1.06285080853427,0.910584819577506,15.4441703637977,0.165241808072635,1.14847233458183,1.17166909851605,23.25,0.243384530033638,0.387755102040816,0.846938775510204,196
"NEU_ISI-AdaptiveEnsemble",2026-02-14,0.947922567828453,0.821639171044755,14.4684695652174,0.163520097968202,0.995286027043567,0.98013437815524,21.695,0.244833808989551,0.535,0.865,200
"NEU_ISI-AdaptiveEnsemble",2026-02-21,0.871725576334745,0.819378914025169,13.9631634963768,0.170521078053343,0.942964771471486,0.910936094009873,21.359375,0.253531062820989,0.484375,0.869791666666667,192
"NEU_ISI-AdaptiveEnsemble",2026-02-28,0.777530650990171,0.796868368939692,12.3711487638534,0.175415166456448,0.811468736892379,0.90079018772277,18.7745098039216,0.270350994506459,0.441176470588235,0.852941176470588,204
"NEU_ISI-AdaptiveEnsemble",2026-03-07,0.818197866140537,0.902843445980256,15.5273678601876,0.260395134901795,0.800031763046765,0.95372690490668,22.5441176470588,0.379610840089109,0.323529411764706,0.784313725490196,204
"NEU_ISI-AdaptiveEnsemble",2026-03-14,0.899855737532206,0.894448580659457,17.5572892635315,0.332454746857049,0.847861495231231,0.909407440396591,24.765306122449,0.463632164689782,0.372448979591837,0.729591836734694,196
"NEU_ISI-AdaptiveEnsemble",2026-03-21,1.04305411999217,1.01481378805956,20.1600687666371,0.422122336817432,0.946880504406352,1.00003821751863,28.3163265306122,0.581870133731516,0.321428571428571,0.642857142857143,196
"NEU_ISI-AdaptiveEnsemble",2026-03-28,0.960609107731331,0.969366267668775,20.0721897644928,0.43543646175608,0.868381853110475,0.891323955359498,28.5416666666667,0.585486926253215,0.21875,0.598958333333333,192
"NEU_ISI-AdaptiveEnsemble",2026-04-04,0.671689539682647,0.644197154385782,6.54014975845411,0.258815092512317,0.93912881663919,0.911569200406493,9.78333333333333,0.375142935538254,0.444444444444444,0.833333333333333,180
"NEU_ISI-AdaptiveEnsemble",2026-04-11,0.621706850605967,0.638505604005341,5.191311417462,0.250436538818084,0.860626651517133,0.853938013152338,6.98373983739837,0.342126450127512,0.479674796747967,0.83739837398374,123
"NEU_ISI-AdaptiveEnsemble",2026-04-18,0.796565839812717,0.766825608451172,6.15187789084181,0.315973095784388,0.94238105256488,1.02008040420364,8.57446808510638,0.454487932664959,0.361702127659574,0.75531914893617,94
"NEU_ISI-AdaptiveEnsemble",2026-04-25,0.917379923608371,0.887365635610863,7.67945217391304,0.371248695804645,1.10424227321434,1.20582460677775,10.64,0.522932924620362,0.26,0.66,50
"NEU_ISI-AdaptiveEnsemble",2026-09-05,1.4058778259952,0.864584880744654,26.0527044513458,0.319148303497854,1.20730734383387,0.882999598741766,31.1309523809524,0.40415354040861,0.285714285714286,0.589285714285714,168
"NEU_ISI-AdaptiveEnsemble",2026-09-12,1.02936664818413,0.595806934697559,27.0735778985507,0.284516004910294,1.3291115420313,0.992200346103245,33.4305555555556,0.374675810864875,0.25,0.590277777777778,144
"NEU_ISI-AdaptiveEnsemble",2026-09-19,0.725295030382939,0.5954796137924,11.5221739130435,0.295093645987758,1.01818159117703,0.984010613470097,15.2,0.388998589586548,0.257142857142857,0.561904761904762,105
"NEU_ISI-AdaptiveEnsemble",2026-09-26,0.615908921645119,0.599736974554971,8.7411801242236,0.219045773372318,1.08003156963544,1.00301963788287,13.1142857142857,0.301223443618554,0.371428571428571,0.657142857142857,70
"NEU_ISI-AdaptiveEnsemble",2026-10-03,0.760699709390898,0.644506994789954,9.50334448160535,0.210219608116249,0.923206679463848,0.828814227762713,13.4871794871795,0.296081242760303,0.333333333333333,0.692307692307692,39
"OHT_JHU-nbxd",2025-11-22,1.6106229041588,0.897343628242214,24.4749903637124,0.299273483135097,1.6923675130081,1.01960381389302,37.4518269230769,0.436956368517031,0.399038461538462,0.793269230769231,208
"OHT_JHU-nbxd",2025-11-29,1.42476006847671,0.885630529667626,26.0038050585284,0.305215983283608,1.46340791913843,1.04974489673427,39.8899038461538,0.440184783070163,0.365384615384615,0.701923076923077,208
"OHT_JHU-nbxd",2025-12-06,1.17639999525994,0.777343425987878,32.3055034698997,0.31383877295884,1.13262754368942,0.863034235340889,49.0263942307692,0.461881370060551,0.235576923076923,0.692307692307692,208
"OHT_JHU-nbxd",2025-12-13,1.15921152614688,0.799627354109692,42.9171078386288,0.322906972448543,1.11415116494314,0.869690534987869,62.1770673076923,0.464339734662535,0.225961538461538,0.658653846153846,208
"OHT_JHU-nbxd",2025-12-20,0.980905983906896,0.745111439145461,45.2982118520067,0.327484453029679,0.961775437044059,0.767948574669103,66.294375,0.460813435854662,0.245192307692308,0.634615384615385,208
"OHT_JHU-nbxd",2025-12-27,1.1349228788409,0.849774437933837,46.0326924749164,0.309237681221434,1.1566878183709,0.902929972764045,68.7408173076923,0.445918366421286,0.25,0.663461538461538,208
"OHT_JHU-nbxd",2026-01-03,2.0681381204354,1.48219001140114,48.8318106187291,0.304224535298984,2.17208367452705,1.70241916582375,71.9951923076923,0.440592042329027,0.240384615384615,0.658653846153846,208
"OHT_JHU-nbxd",2026-01-10,2.76313737352834,2.02451997953075,55.3067241847826,0.350665856910656,2.77924031838957,2.10129157730897,82.2131730769231,0.498772859033183,0.158653846153846,0.514423076923077,208
"OHT_JHU-nbxd",2026-01-17,2.97815432709841,2.20220053382943,56.8345871864548,0.360040271124184,3.09524694839023,2.40327875025094,84.8077403846154,0.512274097179609,0.115384615384615,0.456730769230769,208
"OHT_JHU-nbxd",2026-01-24,1.37301860205231,0.999519550016707,22.5760244565217,0.191669407397417,1.56357712192827,1.3279795924618,35.8074519230769,0.296568934372775,0.399038461538462,0.865384615384615,208
"OHT_JHU-nbxd",2026-01-31,0.979699026755302,0.737505517081863,18.0271053720736,0.20005430007661,0.924053899433424,0.808973117081894,26.5360576923077,0.31091156543434,0.423076923076923,0.889423076923077,208
"OHT_JHU-nbxd",2026-02-07,1.53078815501511,1.62804239472793,23.9563703595318,0.331058615456015,1.60572958667552,2.03436593334399,36.7902403846154,0.494905806788752,0.259615384615385,0.769230769230769,208
"OHT_JHU-nbxd",2026-02-14,1.27201778765494,1.18305706240373,20.1599966137124,0.259523884324098,1.45435568255564,1.48684642196226,32.8463942307692,0.401806877020549,0.240384615384615,0.831730769230769,208
"OHT_JHU-nbxd",2026-02-21,1.08003695672584,0.918875499601797,17.8392680811037,0.227250558748923,1.21882295734581,1.07569211267573,28.4430769230769,0.352709068408344,0.298076923076923,0.817307692307692,208
"OHT_JHU-nbxd",2026-02-28,0.911008777805217,0.870302526228224,14.3484701714047,0.203701504552046,0.993087768808521,0.993525319193073,22.8537019230769,0.312333765161172,0.355769230769231,0.884615384615385,208
"OHT_JHU-nbxd",2026-03-07,0.600747576398257,0.791494589533056,10.971227027592,0.237388917256238,0.59850537072138,0.832499797524133,16.3285576923077,0.340337072623356,0.423076923076923,0.778846153846154,208
"OHT_JHU-nbxd",2026-03-14,0.656053912137337,0.771629228698397,12.1545387750836,0.288230193429287,0.659081867549297,0.794634550181609,18.3850961538462,0.406418137106497,0.365384615384615,0.754807692307692,208
"OHT_JHU-nbxd",2026-03-21,0.772482628379698,0.911435694040028,15.0695785953177,0.409107006070508,0.727438670435969,0.884512820416328,22.1382211538462,0.558595437552314,0.221153846153846,0.644230769230769,208
"OHT_JHU-nbxd",2026-03-28,0.726951828540292,0.928835619285923,15.7438996446488,0.456464915841586,0.580663484396057,0.753735824178012,21.7158653846154,0.599020214503475,0.192307692307692,0.495192307692308,208
"OHT_JHU-nbxd",2026-04-04,1.62527824358199,1.1028251798663,16.2314946697324,0.472446619137065,2.04937966729334,1.38343305510902,22.4033653846154,0.614421870364013,0.197115384615385,0.490384615384615,208
"OHT_JHU-nbxd",2026-04-11,0.649661929832105,0.685284125804064,6.01889778428094,0.3090466409224,0.995906387021647,0.953861322865151,9.11283653846154,0.445095495894505,0.336538461538462,0.769230769230769,208
"OHT_JHU-nbxd",2026-04-18,0.784173108485529,0.710855979145388,6.94764972826087,0.347013954996273,1.07473938297479,0.974005995041299,10.8657692307692,0.503266423775176,0.293269230769231,0.682692307692308,208
"OHT_JHU-nbxd",2026-04-25,0.92667806405129,0.919951379594591,7.62750029264214,0.396444288919552,1.21969912451058,1.2189325367998,11.3682211538462,0.549935412678839,0.302884615384615,0.706730769230769,208
"OHT_JHU-nbxd",2026-05-02,0.770835923293215,0.767817482581463,7.01578246237458,0.36547019972203,1.10862830927865,1.0888358834206,10.7144230769231,0.529475704745184,0.192307692307692,0.663461538461538,208
"OHT_JHU-nbxd",2026-05-09,0.847127398265695,0.889804900898409,7.25337242892977,0.408438610087482,1.29654443633903,1.36057486470941,10.4522115384615,0.568582994490018,0.269230769230769,0.644230769230769,208
"OHT_JHU-nbxd",2026-05-16,0.828694757949465,0.85287586556441,7.04134439799331,0.401671541234187,1.1589301945439,1.07525326865682,10.7141826923077,0.558686441341769,0.293269230769231,0.649038461538462,208
"OHT_JHU-nbxd",2026-05-23,1.11341146925564,1.12390303592705,8.80242343227425,0.557905481280347,1.75711562634704,1.44331047486866,13.0177403846154,0.729215152671898,0.201923076923077,0.514423076923077,208
"OHT_JHU-nbxd",2026-05-30,1.23234073797446,1.14009416782413,9.23592161371237,0.588881587251744,2.24659953339657,1.58262908985272,13.6197115384615,0.774212717200665,0.153846153846154,0.442307692307692,208
"OHT_JHU-nbxd",2026-06-06,1.2222869297155,1.04177172424416,9.19993906772575,0.563265202102803,1.9582427938803,1.4422681367789,13.6382692307692,0.753340787124596,0.144230769230769,0.5,208
"OHT_JHU-nbxd",2026-06-13,1.16517359635603,1.07108152089154,8.74404510869565,0.604889094370386,2.08102226188083,1.4869279297884,12.5061057692308,0.783805935446973,0.173076923076923,0.461538461538462,208
"OHT_JHU-nbxd",2026-06-20,1.24658048250388,1.12649130960156,8.80395014632107,0.582615332624947,2.01278796060701,1.63245047811764,12.950625,0.770556775261805,0.163461538461538,0.471153846153846,208
"OHT_JHU-nbxd",2026-06-27,1.11609785502697,0.913452007755789,8.53959857859532,0.497574365491729,1.47797688315297,1.24027684209019,12.5724038461538,0.684310736391584,0.197115384615385,0.543269230769231,208
"OHT_JHU-nbxd",2026-07-04,0.934872749757597,0.814854340541561,8.11505507943144,0.477563894935336,1.148129192644,1.12630414006485,12.1470192307692,0.659739457693559,0.192307692307692,0.5625,208
"OHT_JHU-nbxd",2026-07-11,1.00217438541443,0.949228225505456,8.7760177048495,0.491752321140331,1.11661821168786,1.1177158478335,13.3130288461538,0.662639454770131,0.173076923076923,0.581730769230769,208
"OHT_JHU-nbxd",2026-07-18,0.919931039182222,0.830118863909298,9.19766868729097,0.424213724231412,0.982417818415079,1.04775289222092,13.9509615384615,0.577286193006859,0.25,0.605769230769231,208
"OHT_JHU-nbxd",2026-07-25,0.773416590096286,0.758169954266653,8.26688923494983,0.371523005816101,0.809242149256518,0.865840113099521,12.8556730769231,0.515887172090184,0.288461538461538,0.649038461538462,208
"OHT_JHU-nbxd",2026-08-01,0.728253802101451,0.752092121453004,9.11582297240803,0.363525153076557,0.753792422762488,0.87070500507047,14.1835576923077,0.501975305524518,0.288461538461538,0.697115384615385,208
"OHT_JHU-nbxd",2026-08-08,0.966467546769144,0.711327231790295,12.932670819398,0.319939122645021,0.92032853573586,0.810809854187778,18.7711057692308,0.448275808618224,0.259615384615385,0.677884615384615,208
"OHT_JHU-nbxd",2026-08-15,0.752199076370098,0.648730537770917,13.7329521948161,0.318271102153059,0.675190607326579,0.624569189315917,19.1916346153846,0.435083757490383,0.274038461538462,0.629807692307692,208
"OHT_JHU-nbxd",2026-08-22,0.812929108179372,0.661813769545231,16.9127233904682,0.285170868998964,0.737593411983945,0.709501846539845,22.5275480769231,0.389343639959768,0.274038461538462,0.625,208
"OHT_JHU-nbxd",2026-08-29,1.04234411009616,0.739732286519669,23.5307302884615,0.322043082880581,0.885549711842329,0.709689286042204,29.8823076923077,0.427458380864696,0.225961538461538,0.552884615384615,208
"OHT_JHU-nbxd",2026-09-05,1.38748462315111,1.0131969558313,26.9425161371237,0.383870902544641,1.23261885726227,1.05484939947735,33.5567788461538,0.4956786079219,0.129807692307692,0.432692307692308,208
"OHT_JHU-nbxd",2026-09-12,0.900234870752789,0.673811686298002,21.3433036580268,0.354128887748394,1.20965855556239,1.08706118169802,27.4199519230769,0.458003285702257,0.153846153846154,0.471153846153846,208
"OHT_JHU-nbxd",2026-09-19,0.900811066013135,0.776428716848213,18.680549386845,0.356539131354078,1.26968433962512,1.22653615545908,24.3046794871795,0.448258741213675,0.198717948717949,0.467948717948718,156
"OHT_JHU-nbxd",2026-09-26,0.881424350932574,0.783628714845255,15.2170606605351,0.316185181236667,1.38990722393056,1.21542405765192,20.6839423076923,0.404473818969576,0.201923076923077,0.423076923076923,104
"OHT_JHU-nbxd",2026-10-03,0.612030716610429,0.677168495575523,10.0116911371237,0.258065411524352,0.771058759178781,0.839731830106735,14.4667307692308,0.340437606181473,0.173076923076923,0.557692307692308,52
"UGA_flucast-INFLAenza",2025-11-22,0.794247707202296,0.585973664047948,12.0129518917224,0.196066784493649,0.850934906036391,0.719790591749115,18.9639423076923,0.312070180991123,0.432692307692308,0.942307692307692,208
"UGA_flucast-INFLAenza",2025-11-29,0.752887088992122,0.56758471130781,14.2651964255853,0.197753288861164,0.811430910896903,0.737269428547014,23.0576923076923,0.31667356375793,0.384615384615385,0.927884615384615,208
"UGA_flucast-INFLAenza",2025-12-06,0.75781346938888,0.575543084502381,24.4954718018395,0.25842353111321,0.66898236161529,0.625677775882655,35.9134615384615,0.394604453483622,0.326923076923077,0.817307692307692,208
"UGA_flucast-INFLAenza",2025-12-13,0.756024220972106,0.626353822446314,32.2597616743311,0.286858238736594,0.704300667503945,0.680603582474133,46.09375,0.42251540578262,0.350961538461538,0.793269230769231,208
"UGA_flucast-INFLAenza",2025-12-20,0.775140300514318,0.60213284051295,40.2295012750836,0.290726639669314,0.740340626213593,0.649113196338554,57.9903846153846,0.433466158828709,0.298076923076923,0.730769230769231,208
"UGA_flucast-INFLAenza",2025-12-27,0.770539087326521,0.619838101655959,34.7046390781773,0.249299582458855,0.781464510585032,0.697730701363287,51.4855769230769,0.378628999956135,0.326923076923077,0.778846153846154,208
"UGA_flucast-INFLAenza",2026-01-03,0.815584160142751,0.700642625049953,20.5508474916388,0.153301906693001,0.920914596714948,0.877289369427309,32.7067307692308,0.241141455167906,0.495192307692308,0.9375,208
"UGA_flucast-INFLAenza",2026-01-10,0.753905369113725,0.727666638931877,16.2684733486622,0.135224245988776,0.760139906190234,0.838926612067335,24.3076923076923,0.213511778514467,0.625,0.975961538461538,208
"UGA_flucast-INFLAenza",2026-01-17,0.674844970579606,0.708725546567616,13.8510418060201,0.126518822814957,0.689506640588776,0.817190623543166,20.2475961538462,0.189638067472146,0.668269230769231,0.975961538461538,208
"UGA_flucast-INFLAenza",2026-01-24,0.873951335243715,0.847602323706928,15.7223011496656,0.177171385618172,0.951203500702523,1.13352687609069,24.0504807692308,0.277884173080707,0.475961538461538,0.923076923076923,208
"UGA_flucast-INFLAenza",2026-01-31,1.35925731004558,1.17644858830068,24.7012362249164,0.312146895192186,1.42564204350556,1.30120013728597,38.1490384615385,0.463595913100401,0.269230769230769,0.769230769230769,208
"UGA_flucast-INFLAenza",2026-02-07,1.15458372196495,1.0283096609926,16.9850918478261,0.192743235793844,1.33587818082665,1.41855961239462,27.8653846153846,0.306130301835597,0.379807692307692,0.927884615384615,208
"UGA_flucast-INFLAenza",2026-02-14,1.16610159086094,0.984912807174873,17.7265357023411,0.204734842732998,1.34526561039862,1.26740947373447,28.875,0.321089141001382,0.341346153846154,0.875,208
"UGA_flucast-INFLAenza",2026-02-21,0.893363273782738,0.878013368954364,15.1044372073579,0.22379911699335,0.956349255396093,0.943955641101585,22.8389423076923,0.322699513833592,0.504807692307692,0.923076923076923,208
"UGA_flucast-INFLAenza",2026-02-28,0.620948232919733,0.634558007102639,9.76198221153846,0.147071065610901,0.651805994634668,0.732118644320989,14.9591346153846,0.231431219486661,0.567307692307692,0.975961538461538,208
"UGA_flucast-INFLAenza",2026-03-07,0.56586992182848,0.679511510271375,10.6229724498328,0.204870627208643,0.578389335423096,0.750388019685925,16.3149038461538,0.313799077535881,0.480769230769231,0.932692307692308,208
"UGA_flucast-INFLAenza",2026-03-14,0.641443041257349,0.712265742587851,12.3534271843645,0.274473591201741,0.64898213788683,0.763224802705466,18.7884615384615,0.405110838552682,0.442307692307692,0.855769230769231,208
"UGA_flucast-INFLAenza",2026-03-21,0.701920379391196,0.784938698936346,13.8608572115385,0.347101501745875,0.658106529158622,0.788691501715172,20.5721153846154,0.502216151974115,0.346153846153846,0.774038461538462,208
"UGA_flucast-INFLAenza",2026-03-28,0.739052387754316,0.845726860224191,15.9958033340301,0.415127011728477,0.661681324483961,0.79047782897745,23.5288461538462,0.594631708739918,0.274038461538462,0.711538461538462,208
"UGA_flucast-INFLAenza",2026-04-04,0.628254836544478,0.610716363567515,5.71893568143813,0.239495310312636,0.919724753204202,0.920144287396186,9,0.369338843303608,0.490384615384615,0.913461538461538,208
"UGA_flucast-INFLAenza",2026-04-11,0.568938755925605,0.524839717631527,4.88741513377926,0.216176055274828,0.953270941929786,0.818977355573682,7.76201923076923,0.335192780978171,0.557692307692308,0.923076923076923,208
"UGA_flucast-INFLAenza",2026-04-18,0.6577100041569,0.52073990223915,5.46537470735786,0.234678861300314,0.926881100124651,0.763479874137197,8.86057692307692,0.366050780003915,0.5,0.918269230769231,208
"UGA_flucast-INFLAenza",2026-04-25,0.593606782312465,0.529942600675027,5.01324113712375,0.234364115727393,0.82917548996287,0.781392446756889,7.94711538461539,0.363500435697334,0.504807692307692,0.923076923076923,208
"UGA_flucast-INFLAenza",2026-05-02,0.574114954192586,0.563903299511475,4.97128664297659,0.256785587537999,0.850630526186826,0.866619429462158,7.71634615384615,0.400644682092417,0.480769230769231,0.923076923076923,208
"UGA_flucast-INFLAenza",2026-05-09,0.557677678631242,0.584366971941852,4.63129493102007,0.262324341235217,0.938869846088004,1.01212559328811,7.37740384615385,0.416971833379782,0.495192307692308,0.913461538461538,208
"UGA_flucast-INFLAenza",2026-05-16,0.578871652995398,0.627373779246378,4.95370056438127,0.298845528642427,0.84439917208325,0.877374754836519,7.83413461538461,0.461152513516566,0.418269230769231,0.903846153846154,208
"UGA_flucast-INFLAenza",2026-05-23,0.545535197074142,0.635592301030884,4.21364092809365,0.312079157344264,0.912131394604223,0.953161037930296,6.65625,0.486477806731555,0.442307692307692,0.908653846153846,208
"UGA_flucast-INFLAenza",2026-05-30,0.527822755048648,0.606177122390955,3.80037350543478,0.305398081419188,1.02261119400632,0.970423929478781,6.02403846153846,0.47165397932979,0.461538461538462,0.923076923076923,208
"UGA_flucast-INFLAenza",2026-06-20,0.553855762328772,0.51191496716264,3.74950651128763,0.247852576938046,0.971243153107845,0.883054325041487,6.07451923076923,0.397785418366892,0.524038461538462,0.971153846153846,208
"UGA_flucast-INFLAenza",2026-06-27,0.543627170902798,0.457683492738923,3.83473205476589,0.22764522511438,0.806479038748564,0.724190169813309,6.32932692307692,0.366285521753368,0.533653846153846,0.975961538461538,208
"UGA_flucast-INFLAenza",2026-07-04,0.540260485570933,0.466838339610562,4.09192903428094,0.23564190544689,0.740240850630381,0.754937229705467,6.75961538461539,0.377412649086486,0.519230769230769,0.975961538461538,208
"UGA_flucast-INFLAenza",2026-07-11,0.600009736906244,0.463275500717988,5.09801534280936,0.229997519625176,0.722322213016339,0.642789985835457,8.34134615384615,0.366675372312796,0.576923076923077,0.961538461538462,208
"UGA_flucast-INFLAenza",2026-07-18,0.57347635333893,0.459694109149678,5.34576476797659,0.218218987271422,0.659049554912422,0.665203945302282,8.80288461538461,0.347147863821937,0.572115384615385,0.971153846153846,208
"UGA_flucast-INFLAenza",2026-07-25,0.494169335778376,0.4471172383973,5.19688984113712,0.220096037427664,0.550803758980266,0.577013894057588,8.62259615384615,0.348249680558162,0.600961538461538,0.971153846153846,208
"UGA_flucast-INFLAenza",2026-08-01,0.523712017711236,0.441161494336639,6.26798757316053,0.201374884380934,0.577703521258711,0.588354490842842,10.3798076923077,0.321429429668706,0.629807692307692,0.975961538461538,208
"UGA_flucast-INFLAenza",2026-08-08,0.550716462220093,0.455504433559314,7.5972552048495,0.209879873008622,0.560921616233088,0.583613510894272,11.9230769230769,0.330746580455638,0.572115384615385,0.990384615384615,208
"UGA_flucast-INFLAenza",2026-08-15,0.672928368286244,0.506087942140571,12.1236494042642,0.247500962016798,0.699579814092276,0.566297258371554,19.7596153846154,0.391804229664143,0.4375,0.903846153846154,208
"UGA_flucast-INFLAenza",2026-08-29,0.803103396797592,0.588373644153096,18.3921428093645,0.264509097384938,0.844637045624747,0.67135237910678,28.8173076923077,0.414960425863858,0.379807692307692,0.841346153846154,208
"UGA_flucast-INFLAenza",2026-09-05,0.834881065855855,0.59637281957159,16.0870098453177,0.226692006424395,0.928630593652047,0.760961644311873,25.0625,0.357750445315335,0.447115384615385,0.879807692307692,208
"UGA_flucast-INFLAenza",2026-09-19,0.550213093697775,0.478172150737567,11.6190070930881,0.229722374467927,0.934917154887293,0.935473815175161,18.1698717948718,0.358867919898826,0.391025641025641,0.865384615384615,156
"UGA_flucast-INFLAenza",2026-09-26,0.502223468902108,0.479321158615894,8.7202974916388,0.195901367374524,0.891935819027447,0.922281222143733,13.3653846153846,0.312945399246695,0.509615384615385,0.923076923076923,104
"UGA_flucast-INFLAenza",2026-10-03,0.569796736534844,0.478259741895437,8.93972834448161,0.170766419958967,0.788570383593197,0.6971514568647,14.2692307692308,0.268222109732362,0.442307692307692,0.923076923076923,52
"UM-DeepOutbreak",2025-11-22,1.26808119560076,0.95289707239088,19.3478850690711,0.324390376899553,1.22308964223152,0.877630825806977,27.8960099792668,0.383349995367713,0.740384615384615,0.975961538461538,208
"UM-DeepOutbreak",2025-11-29,1.00408453329167,0.982350411590848,18.5652296761189,0.337319015614728,0.808601988497015,0.847796589772268,22.3075213086731,0.372382291417323,0.730769230769231,0.975961538461538,208
"UM-DeepOutbreak",2025-12-06,0.847708686304606,0.792448376745794,23.953617156097,0.320548582729632,0.725938431101673,0.631196892996365,33.5954655129647,0.351628097094608,0.615384615384615,0.956730769230769,208
"UM-DeepOutbreak",2025-12-13,0.887409340521709,0.788089356736047,33.9995739324891,0.316280822046054,0.7550566545186,0.66438136056653,44.6604470548397,0.370437132763017,0.548076923076923,0.783653846153846,208
"UM-DeepOutbreak",2025-12-20,0.794549813079735,0.850727347595386,37.8086436251543,0.373230788899415,0.719006284305165,0.671504844717628,51.2631921055449,0.411108998443447,0.456730769230769,0.716346153846154,208
"UM-DeepOutbreak",2025-12-27,0.894001761160283,0.93571048276282,37.8734488286674,0.352868141608488,0.800137876730341,0.785097850105798,50.4503983785697,0.417646985011779,0.456730769230769,0.745192307692308,208
"UM-DeepOutbreak",2026-01-03,1.17146480330591,1.20630350582168,28.8816399359866,0.25790207668077,1.24445041005751,1.14376553021764,43.4522505734455,0.313335002645754,0.600961538461538,0.841346153846154,208
"UM-DeepOutbreak",2026-01-10,2.30928722085822,1.70696866606082,51.4878156009578,0.318278864509516,2.48665747401407,1.8995746505773,79.7147152647436,0.475900742010307,0.365384615384615,0.697115384615385,208
"UM-DeepOutbreak",2026-01-17,1.70506844438107,1.59504061616768,34.3639305055481,0.269719257561061,1.86881607599546,1.70453051657993,53.3206757298397,0.37277368838607,0.461538461538462,0.822115384615385,208
"UM-DeepOutbreak",2026-01-24,1.27949831633364,1.66707035308063,22.8135277022947,0.336043521463815,1.2219795785227,1.46449530090474,31.5481794688093,0.367417945788185,0.620192307692308,0.918269230769231,208
"UM-DeepOutbreak",2026-01-31,1.50890266383734,1.2511779270184,27.089455422329,0.315675675016663,1.52639698868497,1.11973674387557,41.3456500138462,0.391815330098953,0.543269230769231,0.932692307692308,208
"UM-DeepOutbreak",2026-02-07,1.66286860735539,2.14486370261074,24.5726282777006,0.402500528458046,1.66450578288869,1.96569447481491,35.8753941153878,0.452664284691844,0.514423076923077,0.956730769230769,208
"UM-DeepOutbreak",2026-02-21,1.34466718915554,1.25173793537171,22.0767393930225,0.304835542006872,1.47568159228135,1.19695963277943,33.3966227574327,0.376836982637509,0.677884615384615,0.971153846153846,208
"UM-DeepOutbreak",2026-02-28,1.3210521922261,1.24426735207847,20.7014825088133,0.283494873727023,1.44314992618869,1.2814823271274,32.9975214525737,0.3953961979859,0.6875,0.975961538461538,208
"UM-DeepOutbreak",2026-03-07,1.21144888915477,1.18280052068703,22.2436159415221,0.336872219262362,1.40637239550606,1.22236150933184,39.1592288996114,0.496874542695067,0.697115384615385,0.980769230769231,208
"UM-DeepOutbreak",2026-03-14,1.12321102648732,1.06185012521499,20.9052071627041,0.376561820047193,1.20270826907465,1.06880186682552,35.286393993978,0.557710833519874,0.701923076923077,1,208
"UM-DeepOutbreak",2026-03-21,0.938388351790617,1.01975350081221,17.9018927347422,0.422717155921381,0.918733871232301,0.930063815904081,27.721407184404,0.559655528263605,0.701923076923077,0.995192307692308,208
"UM-DeepOutbreak",2026-03-28,0.858033878664034,1.02242277743344,17.3524400816714,0.467308342099407,0.832613326492749,0.908962822581489,26.5076724459552,0.61720954365646,0.730769230769231,0.990384615384615,208
"UM-DeepOutbreak",2026-04-04,1.22420249063215,1.18574188078118,11.8204037028762,0.472018687983958,1.35409582881844,1.14083073267673,14.6003690325101,0.497626776308678,0.850961538461538,1,208
"UM-DeepOutbreak",2026-04-11,1.4395868005675,1.3261833742801,12.6632060788061,0.527272824918864,2.02256484990804,1.36085922537585,17.0307119125439,0.560309364412758,0.807692307692308,1,208
"UM-DeepOutbreak",2026-04-18,1.36490895221803,1.17520560968683,12.2240058819104,0.525241972376033,1.65276808090575,1.19839881712246,16.570840652051,0.57917805995242,0.822115384615385,0.995192307692308,208
"UM-DeepOutbreak",2026-04-25,1.26523894711056,1.0825003308166,11.272232829496,0.475223801412819,1.33373406138739,1.06365233826517,13.5590840710364,0.51324743174435,0.860576923076923,1,208
"UM-DeepOutbreak",2026-05-09,1.28441343477159,1.09972630343099,10.9396600307862,0.470355414672618,1.70166348133545,1.32041252944031,14.5756843329555,0.575535069766331,0.879807692307692,0.995192307692308,208
"UM-DeepOutbreak",2026-05-16,1.40420649183848,1.05038228303207,12.1725830998442,0.494225972132739,1.9985011625945,1.45038319501735,19.1991517621506,0.767230925792052,0.802884615384615,1,208
"UM-DeepOutbreak",2026-05-23,1.43228975852388,1.09548567635603,11.0995726835871,0.513471646418631,2.35351688537399,1.60245768772111,16.9649081170524,0.78210969321003,0.788461538461538,1,208
"UMass-ar6_pooled",2025-11-22,0.813846544418409,0.720927110208277,12.1054745401233,0.242451561538587,0.792260302341033,0.851831127509865,17.5078660605046,0.368073458115584,0.620192307692308,0.971153846153846,208
"UMass-ar6_pooled",2025-11-29,0.773338580237257,0.684091594755951,15.1904819516989,0.248787646977721,0.768631749011954,0.806109654650079,23.9852959693904,0.375147489874636,0.543269230769231,0.971153846153846,208
"UMass-ar6_pooled",2025-12-06,0.796473696288979,0.67676650487048,24.6358217384987,0.2908710532922,0.794280732313551,0.783527644466548,38.8242814647695,0.44468624320169,0.447115384615385,0.913461538461538,208
"UMass-ar6_pooled",2025-12-13,0.760098050166476,0.678932886621953,31.6663929779205,0.304134138698005,0.763283366370454,0.768635238373613,48.8849845607223,0.465375160015686,0.451923076923077,0.879807692307692,208
"UMass-ar6_pooled",2025-12-20,0.780850123567889,0.685417870791869,40.7740399900058,0.334652661669505,0.784714045626448,0.759476783092842,62.8612313441024,0.519847920064752,0.331730769230769,0.831730769230769,208
"UMass-ar6_pooled",2025-12-27,0.786745355415481,0.710970778406611,34.8846511490485,0.286563777502433,0.817275047214671,0.798735598094435,53.0601598415028,0.432405982080093,0.408653846153846,0.841346153846154,208
"UMass-ar6_pooled",2026-01-03,0.96680134808474,0.831648267948614,24.592889316771,0.182936110810108,1.0530925935173,1.02305273251123,37.2091574712192,0.281299304023421,0.533653846153846,0.956730769230769,208
"UMass-ar6_pooled",2026-01-10,1.66413947949935,1.23621271226376,37.82622022376,0.233651929497966,1.84083972922201,1.47334401329333,61.6435885311912,0.377109692384701,0.418269230769231,0.951923076923077,208
"UMass-ar6_pooled",2026-01-17,2.24251698523329,1.59403791892532,45.5126775802869,0.271762139217129,2.55904109619255,1.98397912563979,74.7459511936505,0.440227372224359,0.358974358974359,0.942307692307692,156
"UMass-ar6_pooled",2026-01-24,1.01985820117907,0.840934812738517,18.6026080256872,0.175439055144344,1.04883818576775,1.02780378810286,26.9464387265931,0.249043440636088,0.721153846153846,0.961538461538462,208
"UMass-ar6_pooled",2026-01-31,0.969124343076325,0.895110438799315,17.8184302829367,0.244798889255249,0.89373066597149,0.942903645170574,24.6782328486133,0.356534353657395,0.644230769230769,0.971153846153846,208
"UMass-ar6_pooled",2026-02-07,0.943597849391916,0.85116898186068,14.0515460514134,0.163714362703503,0.872161396846234,0.995584506121538,18.0140538587643,0.217038271365989,0.817307692307692,0.975961538461538,208
"UMass-ar6_pooled",2026-02-14,1.0050497132172,0.89220919487544,15.4520928069969,0.189605411102422,1.01299371667087,1.08614171235403,21.6041753891898,0.280465931369821,0.697115384615385,0.971153846153846,208
"UMass-ar6_pooled",2026-02-21,1.10192544619708,1.01781405796127,18.0899503607451,0.248860681105674,1.14184316302259,1.19130801891442,26.0507592833157,0.387474152347345,0.615384615384615,0.966346153846154,208
"UMass-ar6_pooled",2026-02-28,1.07296282783547,0.944382440090821,17.7405840500967,0.225113365325124,1.15638499617547,1.15057884711572,28.0368942992464,0.372616051621131,0.533653846153846,0.995192307692308,208
"UMass-ar6_pooled",2026-03-07,1.10282157571087,0.978975965957418,21.6830452852727,0.301274822496505,1.17635144330494,1.13961003444929,34.631861749971,0.484728453512735,0.4375,0.947115384615385,208
"UMass-ar6_pooled",2026-03-14,1.05533581621201,0.954185541370185,21.2967970091239,0.37417676204434,1.06769418178539,1.0721935383697,33.163163277777,0.589684052138234,0.4375,0.918269230769231,208
"UMass-ar6_pooled",2026-03-21,1.09491369121148,0.979267366618943,21.7152418146429,0.424375999765035,1.11734120452186,1.08957240342616,34.4930005866817,0.664546431728519,0.408653846153846,0.884615384615385,208
"UMass-ar6_pooled",2026-03-28,1.1181513887259,1.02046319982996,23.1529523840565,0.472482121158561,1.11721385045,1.09481270470659,36.6600391494996,0.755658290581153,0.298076923076923,0.850961538461538,208
"UMass-ar6_pooled",2026-04-04,0.791487229619042,0.713263880083997,7.69599410008545,0.298804687959541,0.972533155089182,0.975711495166324,10.2838466009339,0.426539847818448,0.673076923076923,0.980769230769231,208
"UMass-ar6_pooled",2026-04-11,0.827659922269021,0.761260647238768,7.47511557134842,0.331835618996109,1.21678654995283,1.13233956063566,10.4417250038595,0.495540506248075,0.682692307692308,0.985576923076923,208
"UMass-ar6_pooled",2026-04-18,0.848274129560392,0.744156733659584,7.812856508457,0.365652985419657,0.977799772311465,0.952101072030153,10.4776279113021,0.511542797083327,0.644230769230769,0.966346153846154,208
"UMass-ar6_pooled",2026-04-25,0.90272677445456,0.714416186613701,8.20085277557972,0.331189793838531,1.10026458118943,0.982099139314556,11.7267543183625,0.490799327326896,0.625,0.985576923076923,208
"UMass-ar6_pooled",2026-05-02,1.06095477714373,0.796801457639151,9.86314813824339,0.373229731797893,1.5083606823009,1.22057965208393,15.1493847284423,0.5944062819999,0.586538461538462,0.966346153846154,208
"UMass-ar6_pooled",2026-05-09,1.1586815975108,0.827402134621644,9.82174002306858,0.366001909354827,1.92214757713077,1.46331461622141,15.4189372802158,0.597442816589717,0.653846153846154,0.995192307692308,208
"UMass-ar6_pooled",2026-05-16,1.08833465100729,0.880103744516094,9.61319636702524,0.421196403894124,1.50400435951787,1.28327744238889,14.6989638295325,0.685604799367538,0.504807692307692,0.971153846153846,208
"UMass-ar6_pooled",2026-05-23,1.05955761160913,0.840426683015909,8.40097015503055,0.404933973391504,1.75059755357025,1.36432810263209,13.1225680207526,0.684634929272605,0.538461538461538,1,208
"UMass-ar6_pooled",2026-05-30,1.00979554471219,0.809531884069536,7.51279094351281,0.400431875416067,1.82729313219293,1.37269223864262,11.1945580836391,0.659984365460149,0.639423076923077,0.990384615384615,208
"UMass-ar6_pooled",2026-06-06,0.888887295299426,0.757668942189497,6.8261946798679,0.404924478886979,1.2939947305075,1.15671824192818,9.5745789917881,0.62887163979914,0.677884615384615,0.985576923076923,208
"UMass-ar6_pooled",2026-06-13,0.884082553413645,0.770093937916966,6.01873678459526,0.391762149358072,1.4957513265058,1.26917324818038,7.96847751098444,0.59997086110011,0.721153846153846,0.990384615384615,208
"UMass-ar6_pooled",2026-06-20,0.805131190881436,0.682884147674083,5.70940911636219,0.348257725263927,1.1687487689401,1.09316646335126,7.72469978806963,0.531706733877795,0.807692307692308,1,208
"UMass-ar6_pooled",2026-06-27,0.771783697564711,0.675412438258843,5.52302492034668,0.344840242887519,0.913467794776524,0.954896359504746,7.3635144369255,0.501084023825237,0.807692307692308,0.995192307692308,208
"UMass-ar6_pooled",2026-07-04,0.748682183132024,0.670326194295395,5.97086274762909,0.355260631879133,0.795375618688766,0.983506377251683,7.50855566037368,0.521170938597503,0.778846153846154,1,208
"UMass-ar6_pooled",2026-07-11,0.706473418010544,0.635996721303088,6.26760238069338,0.333683187216425,0.727270785651127,0.774850607764755,8.73093197241483,0.465820748446148,0.798076923076923,0.990384615384615,208
"UMass-ar6_pooled",2026-07-18,0.676818850139161,0.612865991509426,6.74025430759648,0.314787248468757,0.653425617541856,0.804745031687461,9.21012219940255,0.446476015379948,0.788461538461538,0.995192307692308,208
"UMass-ar6_pooled",2026-07-25,0.658399350477419,0.623639447126094,7.27635655212087,0.317658731647967,0.635598909909675,0.71865708645308,10.2281050592852,0.441237795102079,0.759615384615385,0.985576923076923,208
"UMass-ar6_pooled",2026-08-01,0.664447906954462,0.573879924214369,8.21041067034188,0.270843456793917,0.6565481800602,0.648988862077183,11.9962275698451,0.356407203255667,0.836538461538462,0.995192307692308,208
"UMass-ar6_pooled",2026-08-08,0.648056912554804,0.582171398476712,9.01414562538193,0.281237390088214,0.605804344697235,0.688396091740366,13.0230426924213,0.4078361935244,0.75,0.995192307692308,208
"UMass-ar6_pooled",2026-08-29,0.718665381832723,0.625505840453712,16.5775603983105,0.288118616470063,0.764579201070893,0.68860408602841,26.0938737740232,0.432002543480018,0.625,0.966346153846154,208
"UMass-ar6_pooled",2026-09-05,0.780212998685181,0.641399448327992,15.532520811926,0.254764552884877,0.848995941063624,0.775391969758107,23.4816652668856,0.378054309419362,0.663461538461538,0.975961538461538,208
"UMass-ar6_pooled",2026-09-12,0.635494792566304,0.469640438041131,16.1500509524827,0.267920437616326,0.947927679519404,0.876002707269494,22.7834119924947,0.401356453671853,0.629807692307692,0.942307692307692,208
"UMass-ar6_pooled",2026-09-19,0.616903757912452,0.479268004455649,13.0904338810484,0.230842410854423,1.02106787969556,0.944947118621878,19.9481933538528,0.363927431512986,0.557692307692308,0.987179487179487,156
"UMass-ar6_pooled",2026-09-26,0.665595014861831,0.507777586002572,11.1738948673421,0.197875132020088,1.10338120088789,0.909139395925474,16.1161875043294,0.297622603185668,0.682692307692308,0.980769230769231,104
"UMass-ar6_pooled",2026-10-03,0.85230757851487,0.655746078251683,13.1138387656694,0.227372226199548,1.07591805366476,0.949463129837414,19.2210339475675,0.362323171548122,0.480769230769231,0.961538461538462,52
"UMass-gbqr",2025-11-22,0.883735788609627,0.729349661996079,13.7122362207281,0.250626185785909,0.949157199632034,0.880036525972777,21.2954988102473,0.386500084123022,0.283653846153846,0.841346153846154,208
"UMass-gbqr",2025-11-29,0.776392380510827,0.611237489732829,16.2714588432999,0.22958066785698,0.764004059315244,0.741504699674001,24.0471027001737,0.344065265884004,0.365384615384615,0.802884615384615,208
"UMass-gbqr",2025-12-06,0.831522582505583,0.631472041129767,27.4886096834813,0.285491423292362,0.733215512863399,0.686837947281973,37.3506514622707,0.408841114279542,0.307692307692308,0.721153846153846,208
"UMass-gbqr",2025-12-13,0.888929986504481,0.735086806504018,37.983356092896,0.334248110119565,0.800885096852336,0.794827414155994,50.7274638058221,0.471477621719794,0.302884615384615,0.649038461538462,208
"UMass-gbqr",2025-12-20,0.872429381646384,0.719810566333951,47.6023364026193,0.362257655134571,0.788676511413087,0.755978430675417,62.9872411154172,0.512843446395403,0.216346153846154,0.567307692307692,208
"UMass-gbqr",2025-12-27,0.858606602659602,0.726126225560922,38.7009480153495,0.294231979284327,0.836102278272193,0.788823911087797,54.4522926449811,0.426650743684646,0.298076923076923,0.649038461538462,208
"UMass-gbqr",2026-01-03,0.952123504202175,0.79511726042628,23.098406405511,0.1673371567503,1.1195133080659,1.02146152361158,37.7716237736353,0.267487326925954,0.442307692307692,0.9375,208
"UMass-gbqr",2026-01-10,1.35509895028392,1.12684546910962,28.9446591687194,0.202920147348899,1.50670556458723,1.34169620413591,47.2288066280213,0.327288515075523,0.360576923076923,0.927884615384615,208
"UMass-gbqr",2026-01-17,1.84423164045252,1.45374120096806,35.5761410313768,0.237900634898744,2.15471072061672,1.80050111299394,59.6202016344376,0.383859318530571,0.320512820512821,0.91025641025641,156
"UMass-gbqr",2026-01-24,0.906883240192109,0.718824701991717,15.9568815117337,0.143640387805827,1.01865387304589,0.954475735202971,24.7329082576716,0.219401091792034,0.576923076923077,0.966346153846154,208
"UMass-gbqr",2026-01-31,0.880419208376738,0.658113305169761,16.1133551764656,0.176243601794888,0.890401045274759,0.73653638474299,24.5665275730756,0.271068955768706,0.538461538461538,0.932692307692308,208
"UMass-gbqr",2026-02-07,0.805311785817887,0.714163315327462,11.8583598160704,0.135699766286662,0.870249382255583,0.968086318823931,18.1153455548042,0.212873096733361,0.538461538461538,0.951923076923077,208
"UMass-gbqr",2026-02-14,1.02655152246007,0.830243545322132,15.6310614524358,0.176103973206929,1.11004072259918,1.03654114582985,23.937451746564,0.268661935910539,0.384615384615385,0.899038461538462,208
"UMass-gbqr",2026-02-21,0.993156736976213,0.879514412291377,15.6099048965977,0.208664630175332,1.09300408238857,1.02668943912499,23.9669890230176,0.322009989106541,0.394230769230769,0.903846153846154,208
"UMass-gbqr",2026-02-28,0.840715683528306,0.826634756514871,13.2391420600733,0.192052571815032,0.947813272065453,0.98717543057701,21.7470687854035,0.307909201244143,0.451923076923077,0.951923076923077,208
"UMass-gbqr",2026-03-07,0.893040284750442,0.900319708710845,17.2791209854539,0.277537427114987,0.942220750653065,0.994378183175321,26.8345885846404,0.415051289800369,0.350961538461538,0.836538461538462,208
"UMass-gbqr",2026-03-14,0.854010619987057,0.874196572280436,17.3783601271198,0.348084764995675,0.831462710926004,0.911875151313215,25.5398530734984,0.499736004054914,0.326923076923077,0.798076923076923,208
"UMass-gbqr",2026-03-21,0.953411325210637,0.945992622565544,19.0006701092488,0.419165198555701,0.939118151792806,1.00191349448981,28.8397999977784,0.618386095338676,0.269230769230769,0.745192307692308,208
"UMass-gbqr",2026-03-28,1.02258440497639,1.04076968377543,21.065281963289,0.485167309479606,0.981244225938315,1.04183846429814,31.9706873121251,0.719115335402741,0.173076923076923,0.730769230769231,208
"UMass-gbqr",2026-04-04,0.831466915699533,0.766109797745275,8.17877055882513,0.324815022783503,1.34236124144497,1.21835968309182,14.4786541609886,0.537292162126897,0.423076923076923,0.951923076923077,208
"UMass-gbqr",2026-04-11,0.781808072149684,0.69766424534815,7.00144372603983,0.300873725950249,1.37447505118495,1.11766446718765,11.7422131767413,0.480080042019223,0.432692307692308,0.9375,208
"UMass-gbqr",2026-04-18,0.906166126747763,0.661684701653423,8.78456856149837,0.336513273699078,1.05873284625258,0.843845458815639,13.4137943276834,0.523927000035296,0.485576923076923,0.923076923076923,208
"UMass-gbqr",2026-04-25,0.872526399060461,0.650342530048566,8.20705589552079,0.317872179670492,1.1746841713143,0.939266389252529,13.1879626218483,0.504037849922154,0.442307692307692,0.932692307692308,208
"UMass-gbqr",2026-05-02,0.94383483127796,0.740716086961168,8.98484476469537,0.361208514276056,1.40116220405331,1.12941469452249,14.4944839766273,0.571882328978687,0.379807692307692,0.889423076923077,208
"UMass-gbqr",2026-05-09,1.11374909085507,0.8483977926019,9.69497843136402,0.390539985117557,1.8748178636505,1.43205395678536,15.57523552887,0.605988464979803,0.360576923076923,0.884615384615385,208
"UMass-gbqr",2026-05-16,1.03617307624694,0.936152566268799,9.15826210507582,0.447621410501582,1.48086165780972,1.309210995542,14.3232018286059,0.691417515903441,0.307692307692308,0.826923076923077,208
"UMass-gbqr",2026-05-23,1.04623612051659,0.9168352932192,8.3722072005798,0.454432724528018,1.77363783304743,1.4099823377357,13.6004819172086,0.726697206882748,0.293269230769231,0.884615384615385,208
"UMass-gbqr",2026-05-30,0.757168637256333,0.727673359866928,5.77733848449337,0.379611112606087,1.39977785940508,1.1821968781341,9.12826381431521,0.620953875253171,0.418269230769231,0.942307692307692,208
"UMass-gbqr",2026-06-06,0.793882032964817,0.756848108579239,5.93154648843013,0.399746287337397,1.32221146076887,1.19164899498055,9.35122256266231,0.631561895974195,0.466346153846154,0.927884615384615,208
"UMass-gbqr",2026-06-13,0.602041914085364,0.664515440348405,4.0149727879679,0.334175328060004,1.14376155263757,1.09548151453105,5.96577731609507,0.508262109004763,0.576923076923077,0.951923076923077,208
"UMass-gbqr",2026-06-20,0.584948050821832,0.579511861738515,4.00555813235204,0.285992611714134,0.945940541415669,0.962287223870067,6.00441474719544,0.442382839936353,0.591346153846154,0.980769230769231,208
"UMass-gbqr",2026-06-27,0.688592090292799,0.592923787115942,4.76893051832006,0.295581617945364,0.943931631235031,0.882092120427711,7.49591448470022,0.455411818431604,0.615384615384615,0.995192307692308,208
"UMass-gbqr",2026-07-04,0.722316238599909,0.616789372922684,5.35823883704946,0.301038405357362,0.913180254943538,0.954590067287251,8.24830062198566,0.4659019901095,0.543269230769231,0.961538461538462,208
"UMass-gbqr",2026-07-11,0.636571491925812,0.558024680523002,5.48630396907777,0.282891880643843,0.739305146648387,0.758980168886892,8.72585739986802,0.44428099253112,0.629807692307692,0.966346153846154,208
"UMass-gbqr",2026-07-18,0.655553769515034,0.566193943857118,6.37202924794067,0.280223397991567,0.783985182397154,0.859346924166171,10.9924348524202,0.465245721695047,0.490384615384615,0.975961538461538,208
"UMass-gbqr",2026-07-25,0.558326832672638,0.534518145605034,6.10153315793948,0.270423579892306,0.588600717277242,0.662309501850289,9.37384479383161,0.399763209621932,0.634615384615385,0.961538461538462,208
"UMass-gbqr",2026-08-01,0.56087325674848,0.496290753374733,6.87416548873485,0.231786331979005,0.540338255980106,0.58691219411818,9.8674276160749,0.324791397879752,0.697115384615385,0.961538461538462,208
"UMass-gbqr",2026-08-08,0.589262680221176,0.521165485570799,8.23783167383974,0.249283313971554,0.591545081669221,0.656251178070714,12.7514498657831,0.38495577399669,0.658653846153846,0.980769230769231,208
"UMass-gbqr",2026-08-29,0.761464997852144,0.642113900208065,17.4344295503007,0.294535007402658,0.780365930300039,0.7474602145726,26.6874611989072,0.473372927505888,0.418269230769231,0.884615384615385,208
"UMass-gbqr",2026-09-05,0.72921625630198,0.599578374712693,14.3259764009513,0.237190690569695,0.799740307391915,0.769743273518092,22.0320509666674,0.37787716008614,0.418269230769231,0.927884615384615,208
"UMass-gbqr",2026-09-12,0.615107805040406,0.435377499340322,15.3275741547079,0.242739988950941,0.958341449884346,0.841125475115246,22.8738646114025,0.381581579489771,0.5,0.908653846153846,208
"UMass-gbqr",2026-09-19,0.551886996399966,0.466725349865174,11.6481892473156,0.225198554290226,0.921014423250242,0.936254868880425,18.0369620812013,0.363436555777878,0.416666666666667,0.923076923076923,156
"UMass-gbqr",2026-10-03,0.745191529356659,0.560677142538961,11.4788634594817,0.194002987227352,0.950708240065944,0.808875977962414,17.0889181349944,0.3086177855506,0.461538461538462,0.923076923076923,52
"ZJU_LeiLab-MPUDE_ens",2026-09-19,0.592215973578922,0.473944248552498,12.5700667502787,0.228754824904336,1.00592352533443,0.952927226480112,19.4535256410256,0.363236426156048,0.512820512820513,0.974358974358974,156
"ZJU_LeiLab-MPUDE_ens",2026-09-26,0.684259130425128,0.523282098252256,11.7184788879599,0.208121939392789,1.24828468507528,1.02633163891815,18.5203846153846,0.341243109912357,0.519230769230769,0.980769230769231,104
"ZJU_LeiLab-MPUDE_ens",2026-10-03,0.748026288750834,0.523478500953654,11.7581975752508,0.184765058023952,1.04361470095259,0.773556993797178,18.9928846153846,0.295995064617003,0.5,0.980769230769231,52
"docxology-analog",2026-10-03,0.634237116199704,0.579664494236991,9.91552182822417,0.206507351430393,0.821972291693946,0.845288551635062,14.9464479927071,0.330196894279975,0.403846153846154,0.923076923076923,52
