"model_id","location","wis","ae_median","interval_coverage_50","interval_coverage_95","n"
"CFA_Pyrenew-Pyrenew_E_COVID","US",0.000574667390017687,0.000822028785470955,0.43859649122807,0.842105263157895,60
"CFA_Pyrenew-Pyrenew_HE_COVID","US",0.000582831857233346,0.000835375244439154,0.436363636363636,0.836363636363636,58
"CMU-TimeSeries","US",0.00238229520948877,0.00306439598955668,0.329787234042553,0.872340425531915,104
"CovidHub-baseline","US",0.00159763854380884,0.00257549019607843,0.441176470588235,0.970588235294118,112
"CovidHub-ensemble","US",0.000345282462806913,0.000188001496329819,1,1,28
"UGA_flucast-INFLAenza","US",0.000728885019969426,0.00108231222495193,0.688888888888889,0.988888888888889,100
