"model_id","location","wis","ae_median","interval_coverage_50","interval_coverage_95","n"
"CFA_Pyrenew-Pyrenew_E_COVID","US",0.0005403759043758,0.000764817997890578,0.46031746031746,0.857142857142857,66
"CFA_Pyrenew-Pyrenew_HE_COVID","US",0.000552183926792777,0.00078840182107599,0.459016393442623,0.852459016393443,64
"CMU-TimeSeries","US",0.00217196669399816,0.00280421059187095,0.358490566037736,0.886792452830189,116
"CovidHub-baseline","US",0.00150551193365132,0.00241052631578947,0.5,0.973684210526316,124
"CovidHub-ensemble","US",0.000361216202893487,0.00030179624295558,0.933333333333333,1,40
"UGA_flucast-INFLAenza","US",0.000679384963584313,0.000990777090423984,0.725490196078431,0.990196078431373,112
