"model_id","wis","ae_median","interval_coverage_50","interval_coverage_95","n"
"CFA_Pyrenew-PyrenewHEW_COVID",0.000928723785904986,0.00144089864479254,0.472396486825596,0.927854454203262,1630
"CFA_Pyrenew-Pyrenew_E_COVID",0.000932350005090733,0.00146036115444244,0.456981664315938,0.922425952045134,3042
"CFA_Pyrenew-Pyrenew_HE_COVID",0.000975532730552173,0.00152060437842915,0.46021268793546,0.921525485881922,2931
"CMU-TimeSeries",0.00176168347070732,0.00272726405399498,0.412467819051122,0.881206325855094,5928
"CovidHub-baseline",0.00172750526930147,0.00266352803296901,0.574905660377358,0.959811320754717,5800
"CovidHub-ensemble",0.000746215276030066,0.00111953132671157,0.63265306122449,0.985157699443414,1584
"UGA_flucast-INFLAenza",0.00115920731139316,0.00178881389123929,0.473512809379071,0.912505427702996,5096
