"model_id","wis","ae_median","interval_coverage_50","interval_coverage_95","n"
"CFA_Pyrenew-PyrenewHEW_COVID",0.000928703961164454,0.00144149169285153,0.471141781681305,0.927227101631117,1630
"CFA_Pyrenew-Pyrenew_E_COVID",0.000896717349914393,0.00140518331383448,0.467349551856594,0.928297055057618,3336
"CFA_Pyrenew-Pyrenew_HE_COVID",0.000939705298738179,0.00146473661477227,0.467330016583748,0.929021558872305,3225
"CMU-TimeSeries",0.00169089720840998,0.00261264679603035,0.410554264852307,0.880019913707269,6516
"CovidHub-baseline",0.00167477289602935,0.00257966077457385,0.586779661016949,0.964406779661017,6400
"CovidHub-ensemble",0.000762304198730694,0.00115117605812251,0.585834333733493,0.966386554621849,2178
"UGA_flucast-INFLAenza",0.00110713179435504,0.0017086256202782,0.479206777050443,0.914516750096265,5684
