"model_id","location","wis_scaled_relative_skill","wis_scaled_relative_skill__log","wis","wis__log","ae_median_scaled_relative_skill","ae_median_scaled_relative_skill__log","ae_median","ae_median__log","interval_coverage_50","interval_coverage_95","n"
"CFA-EpiAutoGP","01",0.57022119870953,0.569555515452034,0.000514419926768387,0.000511397724729632,0.605228451939587,0.604636174004866,0.000752514782767892,0.000748284685240301,0.666666666666667,1,3
"CFA-EpiAutoGP","02",1.12093092047946,1.11992386160926,0.00108522544674436,0.00107960528652781,1.36289173004118,1.36262306511853,0.00179896921695371,0.00179150919939871,0.333333333333333,1,3
"CFA-EpiAutoGP","04",0.893189128427055,0.892766091775692,0.00049878339680339,0.00049605440430483,1.03547868426881,1.03554980144669,0.00072216122013605,0.000718549864531517,0.666666666666667,1,3
"CFA-EpiAutoGP","05",1.0051876381053,1.00516213159928,0.000476841009402319,0.000475046535323107,2.65038921436107,2.65051548315031,0.000905560790649946,0.000902105194336778,0.666666666666667,1,3
"CFA-EpiAutoGP","06",2.01653022241819,2.01339345173652,0.00223077007905608,0.00220953828867789,2.18261281676083,2.17995714648803,0.00369459594294827,0.00366034969241952,0,1,3
"CFA-EpiAutoGP","08",0.779814697059273,0.779783082549788,0.000462554712652281,0.000461354036773111,1.07571060429137,1.07588013103075,0.00086640794742255,0.000864152925385811,0.333333333333333,1,3
"CFA-EpiAutoGP","10",0.478785845663571,0.478747364457655,0.000407228927788821,0.000405588522455603,0.569326651094727,0.569355008218306,0.000586364205914845,0.000584134975951269,0.666666666666667,1,3
"CFA-EpiAutoGP","11",0.934148797405796,0.933576013822125,0.000767121009160938,0.000764851612574715,0.932298343998347,0.932170820307866,0.00140019207608202,0.00139651765255906,0.666666666666667,1,3
"CFA-EpiAutoGP","12",0.502328217576912,0.502860277253621,0.000624295951703792,0.000619539786362635,0.762608403444037,0.763781593256707,0.00122508203939565,0.00121568871019817,0,1,3
"CFA-EpiAutoGP","13",1.49976095848791,1.50068433218701,0.000881477617593483,0.000877959157884882,2.11331413247493,2.11459014925998,0.00148068910652927,0.00147484159454116,0,1,3
"CFA-EpiAutoGP","15",1.12244556450168,1.12136523471106,0.00195271933717916,0.00192244649348809,1.19356169746953,1.19451568282867,0.00264966913208962,0.00261029067192261,1,1,3
"CFA-EpiAutoGP","16",0.736861548450694,0.736316640175597,0.000503793881445376,0.000500728909236769,0.986411542852336,0.986326332992048,0.000636307384648386,0.000632838522551918,0.666666666666667,1,3
"CFA-EpiAutoGP","17",0.788555909326272,0.788424457510044,0.000237527308063069,0.000237103163313084,3.8383438897823,3.83774403681645,0.000431782322261374,0.000431010569803588,0.333333333333333,1,3
"CFA-EpiAutoGP","18",0.61836175504724,0.618172024106354,0.000239540747361657,0.000239146247852291,1.08359946215501,1.08354337249163,0.000406450561051104,0.000405785348466958,0.333333333333333,1,3
"CFA-EpiAutoGP","20",0.591547871248768,0.591485402206845,0.000298338662269315,0.000297801435124692,0.767272260018165,0.767272803937324,0.000392471273262821,0.000391831575945958,0.666666666666667,1,3
"CFA-EpiAutoGP","21",0.853878818321394,0.854094173622705,0.000356332854128592,0.000355350247115641,1.28727596784348,1.28776541278633,0.000526284430184703,0.000524859413911334,0.666666666666667,1,3
"CFA-EpiAutoGP","22",0.481132100475769,0.481732502486253,0.000630341727477532,0.000625284443205785,0.470844605811735,0.471229673080159,0.000834313378215633,0.000827320837217767,0.666666666666667,1,3
"CFA-EpiAutoGP","23",0.596993239380877,0.59721088237169,0.000512643914163624,0.000511717813280017,0.818652186553913,0.81876786719471,0.00100355002561843,0.00100184839526796,0.333333333333333,1,3
"CFA-EpiAutoGP","24",0.427555927307459,0.427682270286238,0.000293796083993056,0.00029278894528991,1.78495520253952,1.78567038816389,0.000404799471760763,0.000403428377858815,1,1,3
"CFA-EpiAutoGP","25",0.898748332969778,0.898551649698103,0.000891396424790401,0.000888575179574391,0.962218555855297,0.962248232315652,0.00143941379735492,0.00143493803206193,0,0.666666666666667,3
"CFA-EpiAutoGP","26",0.670914170295428,0.670613073780001,0.0002648575572202,0.000264329549815896,1.32528160857435,1.32507085542637,0.000384457522227341,0.000383781931698488,0.666666666666667,1,3
"CFA-EpiAutoGP","27",0.722726586314695,0.722172592103294,0.000376259227938457,0.000375036479247662,0.683136955223923,0.683087008583176,0.000305224279921739,0.000304389047475025,1,1,3
"CFA-EpiAutoGP","28",0.473618823827985,0.473850999686229,0.000349928902444315,0.000348379441836735,0.567131827730444,0.567347987929038,0.000485064369573724,0.000482983188965797,1,1,3
"CFA-EpiAutoGP","29",1.03436305629078,1.03392771850378,0.000389906414194017,0.000388703354853483,0.923968705419223,0.923817878749997,0.000476493502132326,0.000475196458053992,1,1,3
"CFA-EpiAutoGP","30",0.919915459538269,0.919810045806979,0.000868914315610681,0.000866458446817115,1.11272792177647,1.11285455239856,0.00165808928136106,0.00165379599073094,0.666666666666667,1,3
"CFA-EpiAutoGP","31",0.691370742005048,0.691082069373441,0.000244130001954072,0.000243762822122344,0.978173352335489,0.977859728464068,0.000337322471964994,0.000336939085884802,1,1,3
"CFA-EpiAutoGP","32",0.908333780383511,0.907852758311967,0.000650556126116094,0.000646079716784343,0.826239439759274,0.826362243324333,0.000864003308790376,0.000858569181135089,0.666666666666667,1,3
"CFA-EpiAutoGP","33",0.797103820897644,0.796660986671764,0.000929890705588136,0.000926682407828219,1.04157790832052,1.04146151035015,0.00184005613435395,0.00183413989690127,0.333333333333333,1,3
"CFA-EpiAutoGP","34",0.339899747047727,0.339704560052566,0.000258957414676203,0.00025745697052412,0.253288768096788,0.253221116475796,0.000189258400010425,0.000188191546308927,1,1,3
"CFA-EpiAutoGP","35",0.686933257468216,0.686843349868195,0.000420733014614748,0.000419374585207429,0.740106118331763,0.740207092756166,0.000479843659738414,0.000478491101232035,0.666666666666667,1,3
"CFA-EpiAutoGP","36",0.607992352304993,0.607521687301068,0.000366869923909587,0.000364801946826796,0.775853005147595,0.775613235695876,0.00047755060182701,0.000475048030174528,1,1,3
"CFA-EpiAutoGP","37",0.288010743953563,0.288178125324883,0.000405597263496249,0.000402673645970425,0.289197623361011,0.289392033242648,0.000569242958415561,0.000565249804971386,1,1,3
"CFA-EpiAutoGP","38",0.521495593856587,0.521320320452273,0.000147155588575799,0.00014700439063692,0.536101048968693,0.535948753393623,0.000131766670096559,0.000131655660636721,1,1,3
"CFA-EpiAutoGP","39",0.525414651915101,0.525212105239168,0.000226265624864455,0.000225858442583253,0.904376046421619,0.904179537670901,0.000372851691327782,0.000372184698191273,0.666666666666667,1,3
"CFA-EpiAutoGP","40",0.610695060502059,0.610475989728996,0.000247854945545404,0.000247240692041271,0.53618530668046,0.536152219172469,0.000192945840986393,0.000192532800986345,1,1,3
"CFA-EpiAutoGP","41",0.557077065806655,0.556916142524425,0.00124135556338816,0.00123148310083727,0.657554781548905,0.657558356399081,0.00228885096952616,0.00227035796525978,0.666666666666667,1,3
"CFA-EpiAutoGP","42",0.547820072977257,0.54734927739931,0.000291162912000208,0.000290294250711294,1.31119766388035,1.31059273310066,0.000460689746526222,0.000459473774746705,1,1,3
"CFA-EpiAutoGP","44",0.803912008836482,0.803468561080615,0.000596609033006328,0.000594064840147994,0.518011333314749,0.518096431428592,0.000390673662987987,0.000389396169492729,1,1,3
"CFA-EpiAutoGP","45",0.579115336970742,0.579166129303841,0.000522989373646318,0.000519727362470884,0.329425384786403,0.32958994080158,0.000333419578418326,0.000331463050786225,1,1,3
"CFA-EpiAutoGP","46",1.18671153548385,1.18427739628042,0.000820724548237446,0.000817010185937385,1.15570961266577,1.15528833616862,0.000850848905231443,0.000848822852771104,0.666666666666667,1,3
"CFA-EpiAutoGP","47",0.815572864607045,0.815861302235774,0.000407010409471993,0.000405516572141475,1.25507339595976,1.25538650362829,0.000712724489855529,0.000710091816223544,0.333333333333333,1,3
"CFA-EpiAutoGP","48",0.142422045051599,0.142595945443281,0.000310026185644967,0.000307649651210862,0.0701866802101652,0.070279991623458,0.000242130815043582,0.00024022146899905,1,1,3
"CFA-EpiAutoGP","49",0.727651353791847,0.727445743515462,0.000413858662488975,0.000412373073779314,1.10769120968464,1.10789511231176,0.000601255275045951,0.000599173134781194,1,1,3
"CFA-EpiAutoGP","50",1.04554142345111,1.04440102238558,0.000420237163862193,0.000419018243103119,0.661984075001633,0.661896546504457,0.000245654451376093,0.00024521375098118,1,1,3
"CFA-EpiAutoGP","51",0.905983663068601,0.905631784695991,0.000719825760108845,0.000715736026371853,1.16828470207924,1.16833661721687,0.00110936261122365,0.00110362890801342,0.333333333333333,1,3
"CFA-EpiAutoGP","53",0.822061209049087,0.820037878138083,0.00115509729302068,0.00114044663461662,0.663417612763055,0.662946282761621,0.00116773797864439,0.00115452923496244,1,1,3
"CFA-EpiAutoGP","54",0.791141485094166,0.791053265931141,0.000536706254265737,0.000535081546685015,1.34212714068617,1.34204860204337,0.000935785902578914,0.000933039020017594,0.666666666666667,1,3
"CFA-EpiAutoGP","55",0.541296797787869,0.540762297119963,0.000189025263396333,0.000188613014847194,0.528368901417468,0.528183327431555,0.000179811014210648,0.000179482487240293,0.666666666666667,1,3
"CFA-EpiAutoGP","56",0.854122312264299,0.854022704179127,0.000557127849797655,0.00055397785696195,0.90602678968306,0.9059876367369,0.00060670615743991,0.000603319148364053,1,1,3
"CFA-NowcastAutoGP","01",0.662580510437805,0.661567144408773,0.000433973590551405,0.000431815375594292,0.795978363869713,0.795048136524388,0.000746521036100237,0.000743049577468922,0.666666666666667,1,3
"CFA-NowcastAutoGP","02",0.983213676004453,0.982490748519893,0.000355075101902494,0.000353721508933438,1.1321037510863,1.13178359238428,0.000308034093816228,0.000306989227099563,1,1,3
"CFA-NowcastAutoGP","04",0.704587685367178,0.704203310046921,0.000584204821780393,0.000581238816159799,0.812016770569721,0.811990991447424,0.000892000330261375,0.000887748850711844,0.333333333333333,1,3
"CFA-NowcastAutoGP","05",1.1896105402814,1.18956985287463,0.000557477850224629,0.000555566159846327,3.21793527922759,3.21807213913983,0.00107892236347147,0.00107517859505495,0,1,3
"CFA-NowcastAutoGP","06",2.41901211881094,2.41492145146117,0.00203776303115298,0.00201952878776477,3.0005136259987,2.9965257450212,0.00333110028457004,0.00330207300087881,0,1,3
"CFA-NowcastAutoGP","08",0.878356257531842,0.878267990073551,0.000347245094380467,0.000346248762517763,1.3860464583065,1.38628029107243,0.000558082069361724,0.000556551230649341,1,1,3
"CFA-NowcastAutoGP","10",0.755762125882811,0.755328033979241,0.000409902077403061,0.00040834484423402,1.07652218352695,1.07616664554335,0.000742752412410469,0.000739886410185852,0.333333333333333,1,3
"CFA-NowcastAutoGP","11",1.12258514801807,1.12227332362343,0.000700800215293624,0.000698424180520579,1.21327835545992,1.21360893717752,0.00108318124086954,0.00107995893420636,0.666666666666667,1,3
"CFA-NowcastAutoGP","12",0.729220497902582,0.729722350073907,0.00047064506078751,0.000467159790617022,1.04688539376786,1.04817849879951,0.000826707009972456,0.00082053872837961,0.333333333333333,1,3
"CFA-NowcastAutoGP","13",1.74592610152889,1.74617220409852,0.000821018693489128,0.000817624807777751,2.89060835645751,2.89140207397994,0.00136657574462188,0.00136096774238459,0,1,3
"CFA-NowcastAutoGP","15",1.65252359146955,1.65124840113976,0.00193982828467113,0.00190974481829536,2.04971522799647,2.05248092809373,0.00227336237936527,0.00224112366244492,1,1,3
"CFA-NowcastAutoGP","16",0.539929973557715,0.539509325603209,0.000477721159509224,0.000475056756309504,0.650045602211378,0.649864589908016,0.00083205491857695,0.000827371996857963,0.666666666666667,1,3
"CFA-NowcastAutoGP","17",0.966239750047762,0.965925160985126,0.000368336588718271,0.000367678224818311,2.7688361767054,2.76819811235501,0.000561125227106908,0.000560134988642974,0,0.666666666666667,3
"CFA-NowcastAutoGP","18",1.12696268180242,1.12661891267122,0.000469714312183662,0.00046892514727918,1.48493394268734,1.48497954793847,0.000692265918081369,0.000691133810385992,0,0.333333333333333,3
"CFA-NowcastAutoGP","20",0.774966138118009,0.774872316938031,0.000337696270478739,0.000337205035887973,1.04185845749516,1.04182623184509,0.000555146888398556,0.000554349777423683,0,0.666666666666667,3
"CFA-NowcastAutoGP","21",1.04992202851484,1.04987663171087,0.000878740596522103,0.000876414733329982,1.23627112083891,1.2365891039291,0.00119453681995034,0.00119147883749739,0,0.333333333333333,3
"CFA-NowcastAutoGP","22",0.483689704469388,0.484165585427971,0.000400921800968075,0.000397991617797109,0.439740488866109,0.440044660724088,0.000472130080723879,0.000468645971164089,1,1,3
"CFA-NowcastAutoGP","23",1.13690059363718,1.13610242467972,0.000456407038641105,0.000455451458115088,1.86893023794006,1.86833470563914,0.000736938986624436,0.000735642027304433,0.666666666666667,1,3
"CFA-NowcastAutoGP","24",0.713909285789348,0.713792972668374,0.000271498236648097,0.000270562406524139,4.31696370686641,4.31723183682213,0.000400389735921035,0.000399002858655903,1,1,3
"CFA-NowcastAutoGP","25",0.809756349885378,0.809407666134922,0.000501862598505512,0.000500129859678122,0.990552865838473,0.990484944887535,0.000828133499608017,0.000825293670505143,0.333333333333333,1,3
"CFA-NowcastAutoGP","26",0.805699211186152,0.805555126465657,0.000280830884552202,0.000280397833896322,1.33737986129687,1.33742149807097,0.00048131719794978,0.00048058422801286,0,1,3
"CFA-NowcastAutoGP","27",0.817932527207087,0.817072308700048,0.000396417589451289,0.000394900705696223,1.05228806100907,1.05205841315915,0.000321318193352566,0.000320329379170209,1,1,3
"CFA-NowcastAutoGP","28",0.873648038412483,0.873411256592921,0.000336807438128939,0.000335369079764607,2.2766477461064,2.27597319342241,0.000607813570237636,0.000605169805203038,0.666666666666667,1,3
"CFA-NowcastAutoGP","29",1.51222434875146,1.51114349958874,0.000417560413856829,0.0004162556521081,1.35061018893886,1.35035042799244,0.000520875792019891,0.000519529717935046,0.666666666666667,1,3
"CFA-NowcastAutoGP","30",0.869472488376465,0.868633229450046,0.000631152165951768,0.000628334117036369,0.434827988147092,0.434938080421291,0.000450662880073697,0.000449284872986149,1,1,3
"CFA-NowcastAutoGP","31",0.68574705499587,0.685424133276536,0.000241296063521303,0.000240963595677928,0.904345694866045,0.904046899314548,0.000354894584093033,0.000354492435647739,0.333333333333333,1,3
"CFA-NowcastAutoGP","32",1.02713157230722,1.02701745869451,0.000865958159677707,0.00086053703072454,1.13127557478706,1.13141752892605,0.00148223612720963,0.00147306982267003,0.333333333333333,1,3
"CFA-NowcastAutoGP","33",1.20938716562881,1.20922293921501,0.000799953154318197,0.000796854002706637,1.6948687706443,1.69518807410257,0.00150476509216673,0.0014992221315792,1,1,3
"CFA-NowcastAutoGP","34",0.513327483519514,0.512986151368329,0.000270434601911567,0.000268944359156684,0.636175549740638,0.635917609106879,0.000422948827794742,0.000420605246273135,0.666666666666667,1,3
"CFA-NowcastAutoGP","35",0.539033416123689,0.538946818174714,0.000341657030071907,0.000340808518872693,0.707039321432043,0.707010922071107,0.00064348470953941,0.0006418774990717,0.666666666666667,1,3
"CFA-NowcastAutoGP","36",0.688586718540052,0.688152255889469,0.000338613446926717,0.000336839241392771,0.919849562987611,0.9195564066795,0.00054128739631385,0.000538543712696203,0.666666666666667,1,3
"CFA-NowcastAutoGP","37",1.09215160659875,1.09281208990513,0.000719614605714613,0.000715461477547155,1.33939922136766,1.34026022960464,0.00114790440742056,0.00114133428924622,0.333333333333333,0.666666666666667,3
"CFA-NowcastAutoGP","38",0.621168079485028,0.620984018225373,0.000184071432026548,0.000183874581277904,0.829381598982744,0.829211511616122,0.000227733424948163,0.000227543813077217,0.666666666666667,1,3
"CFA-NowcastAutoGP","39",1.18454777855049,1.18409239472806,0.000395961454815814,0.000395319062143614,1.81354005534155,1.81340907637997,0.00059083753649055,0.000589896354544624,0,0.666666666666667,3
"CFA-NowcastAutoGP","40",0.63734612993078,0.637217043471775,0.00025094616629525,0.000250370274260611,0.939145857846204,0.939076195794616,0.000355451855360615,0.000354691150781803,1,1,3
"CFA-NowcastAutoGP","41",0.439456046266988,0.438799957595365,0.000646150147117631,0.000639589315918119,0.39785695671718,0.397723315195812,0.000770383321850674,0.000763086789519184,1,1,3
"CFA-NowcastAutoGP","42",0.393238889125835,0.392986727891967,0.000102729292839961,0.000102479223976995,0.644393384457195,0.644147885233174,6.3219102755328e-05,6.30707278586833e-05,1,1,3
"CFA-NowcastAutoGP","44",0.921700569782101,0.920744144514082,0.00054386194684685,0.000541952555833782,0.861877578691606,0.861580094268101,0.000721002384148118,0.000718664233869702,1,1,3
"CFA-NowcastAutoGP","45",0.682114991836079,0.682385089318266,0.000376061627950978,0.000374063259043064,0.836391994990131,0.836880405086919,0.000480882159211181,0.000478340684752186,1,1,3
"CFA-NowcastAutoGP","46",1.15640085976732,1.1548777654699,0.00052770365508714,0.000526365102122758,1.24301820353358,1.24255690789679,0.000694556690981595,0.000693309712036413,0.333333333333333,1,3
"CFA-NowcastAutoGP","47",1.0220778030073,1.02202830801964,0.000598814999610765,0.000596668286011094,1.3763828213881,1.37642730109092,0.0009630299507922,0.000959615296460315,0.333333333333333,0.666666666666667,3
"CFA-NowcastAutoGP","48",0.357828739382636,0.357741396022163,0.000541706351143459,0.00053743679294315,0.364239930139154,0.364374455851088,0.000865918258821149,0.000859588346474755,0.666666666666667,1,3
"CFA-NowcastAutoGP","49",0.842229107072685,0.84115396769071,0.000443385463982841,0.000441385930090365,0.511498960761959,0.511357212042995,0.000200308484326464,0.000199523104041641,1,1,3
"CFA-NowcastAutoGP","50",0.733782387688429,0.733185375237389,0.000331609689028675,0.000330773196629127,0.661699550966128,0.661511974675502,0.000346715949657835,0.000346008635888196,1,1,3
"CFA-NowcastAutoGP","51",0.843330211318601,0.843373228863248,0.000604058365421911,0.000601500759522626,1.13850259730872,1.13887260593783,0.000952466030305753,0.000948466687837327,0.333333333333333,1,3
"CFA-NowcastAutoGP","53",1.00120782849413,0.999216724599777,0.00102141838630534,0.00100962189744536,1.10602228209855,1.10525963650559,0.0016090892324488,0.0015914831336086,0.333333333333333,1,3
"CFA-NowcastAutoGP","54",0.634733822080151,0.634127128008289,0.000406402145024056,0.000404910738247234,0.410689084612516,0.410455135590293,0.000295635519373088,0.000294631167302812,1,1,3
"CFA-NowcastAutoGP","55",0.735405333596727,0.734843537283088,0.000445769504608914,0.000444970655704095,0.812600571225419,0.812298010951753,0.000745636251301535,0.000744320381041472,0,1,3
"CFA-NowcastAutoGP","56",1.0852328141884,1.08538842445139,0.00109678884073599,0.00109109055094956,1.30660450677858,1.3068910968502,0.00196810192101156,0.00195789033233122,0.333333333333333,1,3
"CFA-PyRenew_E","01",0.637036800434158,0.63674275249264,0.000481388149869995,0.000479177475770179,0.672800218650675,0.672411766577878,0.000734133758150131,0.000730741653482986,0.5,1,6
"CFA-PyRenew_E","02",0.82046186504881,0.820215071855583,0.000565925308033035,0.000563473611647136,0.994143296489073,0.994136993637596,0.000827816738937511,0.000824643544095376,0.666666666666667,1,6
"CFA-PyRenew_E","04",1.11496168261756,1.1154620012316,0.000785051795077692,0.000781662048184379,1.34943268925072,1.35029805739462,0.00121930656354211,0.00121415382467288,0.333333333333333,0.833333333333333,6
"CFA-PyRenew_E","05",1.4660234909274,1.46614629790506,0.00070289318577648,0.000700458292101695,3.41975199351961,3.42049518432375,0.00125044831789668,0.00124611884902896,0.166666666666667,1,6
"CFA-PyRenew_E","06",1.44721776466161,1.4457408109676,0.00155353668098523,0.00153987724197237,1.63041582836554,1.62942168146516,0.00256233513122546,0.00254049189242045,0,0.666666666666667,6
"CFA-PyRenew_E","08",0.454386273237013,0.454056387255426,0.000231183856670001,0.00023040724737264,0.41559726283024,0.415496139715706,0.00027056864477821,0.000269743833774425,1,1,6
"CFA-PyRenew_E","10",0.974528508392829,0.973307709832597,0.000716090927095291,0.000712494656209268,1.10050866354697,1.0995321008052,0.00110959215043753,0.00110439045994206,0.5,1,6
"CFA-PyRenew_E","11",0.744803231222681,0.744166969073421,0.000546924777931721,0.000544998476736227,0.675852156345217,0.675451511943319,0.000843041764364571,0.000840290757559372,0.666666666666667,1,6
"CFA-PyRenew_E","12",0.9677745006939,0.968755392964393,0.000947414075393968,0.000940464511402378,1.19812135129445,1.2001586626327,0.00155300152825454,0.00154176522792825,0.166666666666667,0.833333333333333,6
"CFA-PyRenew_E","13",0.72210921008774,0.722114535012591,0.000414728530340933,0.000412910698311066,1.07137093232836,1.07145706041794,0.00072131839397629,0.00071818672105572,0.833333333333333,1,6
"CFA-PyRenew_E","15",1.16406134081157,1.16471833527625,0.00176215953777587,0.00173716430053448,1.72621835857919,1.72850887629275,0.00301807632471759,0.00297506840345085,0.5,1,6
"CFA-PyRenew_E","16",0.743899930279009,0.743509960489987,0.000567805487630662,0.000564637394774697,0.856855441141012,0.856911285792733,0.000834966216445628,0.000830537735908953,0.666666666666667,1,6
"CFA-PyRenew_E","17",0.658642866228144,0.658433500479683,0.000239753804697502,0.000239318295439005,1.82448483606666,1.82403246898718,0.000358416264215447,0.000357774508959409,0.5,1,6
"CFA-PyRenew_E","18",0.775343459634856,0.77518160804419,0.000323974778452789,0.000323474618400545,1.27560466762577,1.27571404203762,0.000566478078587662,0.000565616016445476,0.333333333333333,1,6
"CFA-PyRenew_E","20",0.751744268499865,0.751529399594565,0.000362314914572631,0.000361650797477451,1.1766492488992,1.1763937685003,0.00062736551900976,0.000626264366051388,0,1,6
"CFA-PyRenew_E","21",0.870579825231667,0.870697666641717,0.000588236380362149,0.000586733688949136,1.13251447966763,1.13291570308869,0.000831189296991769,0.000829125147711226,0.5,0.666666666666667,6
"CFA-PyRenew_E","22",0.51854784867659,0.519036698383523,0.000542375525512472,0.000538144076279298,0.458587003218506,0.458963115284688,0.000647180842862037,0.000642052016357845,0.666666666666667,1,6
"CFA-PyRenew_E","23",1.57269115516608,1.56655280020152,0.00107305248339921,0.00106643830131369,1.72214367146643,1.71810979432598,0.0016015613718704,0.00159473479305735,0.666666666666667,1,6
"CFA-PyRenew_E","24",0.836460082028475,0.835599143046941,0.000479521810920396,0.000477285102703195,2.60999732537438,2.608297708786,0.000710552955985404,0.000707383643152909,0.5,1,6
"CFA-PyRenew_E","25",0.318156730790726,0.317773851309965,0.000265469427326913,0.000264365119590805,0.234542105972782,0.234416846463571,0.000288937089533298,0.00028785725213366,0.666666666666667,1,6
"CFA-PyRenew_E","26",0.36296783330688,0.362848491176938,0.000139867197517332,0.000139617513544342,0.448788209940268,0.448745027154778,0.000156480574986369,0.000156218439811537,1,1,6
"CFA-PyRenew_E","27",1.17432812366612,1.17264021533417,0.000588118980154879,0.000585709556849301,2.61265188720364,2.61050842731082,0.00102831370816051,0.00102464246203344,0.333333333333333,1,6
"CFA-PyRenew_E","28",0.887403281628221,0.886370327596155,0.000502973648022061,0.000500092600121861,1.18016960990024,1.17924945652214,0.00072642421574389,0.000722597708428303,0.666666666666667,1,6
"CFA-PyRenew_E","29",0.752024985087047,0.75197741772177,0.000258599018076566,0.000257905291041374,0.684490831517849,0.684348349697263,0.000323282811151107,0.000322409681768823,0.666666666666667,1,6
"CFA-PyRenew_E","30",0.776349275053772,0.775345090796883,0.000656104389053816,0.000653244276566018,0.815962591788237,0.815332572997485,0.00102642119769621,0.00102260178926268,0.333333333333333,1,6
"CFA-PyRenew_E","31",0.746508642968932,0.745985916935873,0.00026278443095364,0.000262334604613509,0.908903637813857,0.908511246777564,0.000337548331411097,0.000337130454318244,0.666666666666667,1,6
"CFA-PyRenew_E","32",0.620867425071181,0.620912001987979,0.000500925069425966,0.00049781588184678,0.61475980213282,0.614800437968198,0.000748680193631019,0.000743960592801676,0.666666666666667,1,6
"CFA-PyRenew_E","33",1.05955140247407,1.05936761311765,0.00100895731095319,0.00100562816274813,1.18255204293432,1.18271273775192,0.00167487592131327,0.00166959211575268,0.5,0.833333333333333,6
"CFA-PyRenew_E","34",0.770039901018042,0.769088285726769,0.000496439906777772,0.00049327152093468,1.18661830398316,1.18553913970546,0.000848773433108422,0.000843458338905209,0.5,1,6
"CFA-PyRenew_E","35",0.869720582797806,0.869932651691183,0.000549442614699725,0.000548100444521409,1.01706852348428,1.01740839264878,0.000821256367632529,0.000819357265280918,0.333333333333333,1,6
"CFA-PyRenew_E","36",1.51628348416435,1.51463774945199,0.000801231004173535,0.000796528180522591,2.29010114116032,2.28805110345254,0.0013524438131228,0.00134465531298706,0,0.833333333333333,6
"CFA-PyRenew_E","37",0.92028402760465,0.919632399100865,0.00105788524693722,0.00104934540063675,1.02561962638659,1.02481742030187,0.00166193375246232,0.00164840896817106,0.166666666666667,0.833333333333333,6
"CFA-PyRenew_E","38",0.895953027959369,0.896009231549194,0.000257993134463377,0.000257818095699595,1.88729558170216,1.88720371234328,0.000476882874312957,0.000476577511958813,0.333333333333333,1,6
"CFA-PyRenew_E","39",0.374457715946015,0.37422918196929,0.000153907363577791,0.00015361064712977,0.459610210365444,0.459481358151438,0.000193267902286578,0.000192916942637806,0.666666666666667,1,6
"CFA-PyRenew_E","40",0.674346621131876,0.674118604359716,0.000267126065309471,0.000266478870714648,0.659013365476376,0.658982749677376,0.000254251824108689,0.000253718755080498,1,1,6
"CFA-PyRenew_E","41",0.644338193473249,0.642181122975067,0.00113651433389765,0.00112360721176549,0.745651537651084,0.744112746589102,0.00191198753578991,0.00189188078661335,0.5,1,6
"CFA-PyRenew_E","42",0.580358295985186,0.579933372185513,0.000229169950577637,0.000228529161936515,1.56711830386046,1.5662440522291,0.000368155917010832,0.000367152656131644,0.666666666666667,1,6
"CFA-PyRenew_E","44",1.34139532963241,1.33929722858728,0.00093517102854463,0.000930512166319235,1.98651072537827,1.98461478185111,0.00161380967648878,0.00160692693853566,0.166666666666667,1,6
"CFA-PyRenew_E","45",0.748417459069212,0.749303927264684,0.000544025303304866,0.000541365516979032,1.26982084569212,1.27139212908988,0.00101298052161845,0.00100798346068201,0.5,1,6
"CFA-PyRenew_E","46",1.17428086910658,1.17261334347861,0.000720334449880477,0.000717695583390462,1.59794633683658,1.59667525686008,0.00109843295570417,0.00109551340183009,0.333333333333333,1,6
"CFA-PyRenew_E","47",0.690998025305407,0.691036777488885,0.000389713855337046,0.000388279553205049,0.894644922892066,0.894684756847554,0.000612971443615267,0.000610717514099286,0.666666666666667,1,6
"CFA-PyRenew_E","48",0.607836565868231,0.609051627483726,0.00108223529946493,0.00107531401304041,0.664518961258742,0.666068116365057,0.00180528461184724,0.00179386725820001,0,0.833333333333333,6
"CFA-PyRenew_E","49",0.722476320249032,0.721907785106366,0.000397985171971804,0.000396358862602814,1.33200747706187,1.33179398089101,0.000608408069042171,0.00060610458576536,0.833333333333333,1,6
"CFA-PyRenew_E","50",0.611306277091453,0.611193105947058,0.000270395201081577,0.000269849458052619,0.622764831668283,0.622676410104419,0.00028335950904312,0.000282836186864298,1,1,6
"CFA-PyRenew_E","51",0.62922143390404,0.629398863768493,0.00049959905230686,0.000497334104953585,0.848385267644151,0.848774085639991,0.000823207269485469,0.000819568816603484,0.166666666666667,1,6
"CFA-PyRenew_E","53",0.851395677381628,0.849847801925953,0.00104929001665931,0.00103675171660225,1.08689150790923,1.08578224650092,0.00176955775518678,0.00174907042972589,0.5,1,6
"CFA-PyRenew_E","54",0.572471387508591,0.571979157259653,0.000378728787556134,0.000377339363311671,0.608308108275038,0.608007073572422,0.000438916392084107,0.000437461062590572,0.833333333333333,1,6
"CFA-PyRenew_E","55",0.540261997148337,0.539865512120603,0.000259878580457154,0.000259401052692739,0.666714115501708,0.66643403000809,0.000413766548349602,0.000413012063797326,0.5,1,6
"CFA-PyRenew_HE","01",0.867934733709337,0.867327123833131,0.000568475448369644,0.000566118180000949,1.09564829930575,1.09492081814411,0.0010275712767151,0.0010233096763682,0.333333333333333,1,3
"CFA-PyRenew_HE","02",0.829552231674428,0.82938561423153,0.000572480548465953,0.000570049192735756,1.00983350170667,1.00988167970825,0.000842795995489883,0.000839588241013552,0.666666666666667,1,6
"CFA-PyRenew_HE","04",1.10963082684416,1.11013383323565,0.000781494827574396,0.000778124171888033,1.35125418709985,1.35212069654521,0.00122149727341109,0.00121633633347443,0.333333333333333,0.833333333333333,6
"CFA-PyRenew_HE","05",1.66579613442153,1.66600006919598,0.000798654895240128,0.000795919624124289,3.76302523612581,3.76408240231256,0.00137595091602982,0.00137127415586054,0.166666666666667,0.833333333333333,6
"CFA-PyRenew_HE","06",1.50831523986252,1.5067390749337,0.00161914156475365,0.00160486629829075,1.69015753229444,1.68904719527819,0.00265659993136012,0.00263382661661879,0,0.666666666666667,6
"CFA-PyRenew_HE","08",0.448636129842512,0.448328415887134,0.000228236565395315,0.000227479652798571,0.405293973608961,0.405198328957433,0.000263139644179016,0.000262340377973048,1,1,6
"CFA-PyRenew_HE","10",1.10250182124611,1.1010595059792,0.000814577395869851,0.000810421404980899,1.35325417255019,1.35194717466627,0.00132969579800849,0.0013233233416987,0.5,1,6
"CFA-PyRenew_HE","11",0.736075151982325,0.735657758764762,0.00054361149202796,0.000541860844549456,0.744578404665355,0.744310797037548,0.000930670600543976,0.000927835931018255,0.666666666666667,1,6
"CFA-PyRenew_HE","12",0.968741210946067,0.96973319769003,0.000948242883470355,0.000941296287892671,1.20013032507368,1.20217133735828,0.00155459719202065,0.00154334831465314,0.166666666666667,0.666666666666667,6
"CFA-PyRenew_HE","13",0.757401398681673,0.757389374494439,0.000435062060509517,0.000433145126068113,1.08668859085826,1.0867778348189,0.000731804318617459,0.000728628546344385,0.833333333333333,1,6
"CFA-PyRenew_HE","15",1.13039322363875,1.1309888572687,0.00171225355425578,0.00168790271736874,1.68665559215726,1.68882852780713,0.00295216990705218,0.00290999136635302,0.5,1,6
"CFA-PyRenew_HE","16",0.972168024259689,0.971915595890436,0.000751977011491356,0.000748005675613396,1.07617831601676,1.07659497939921,0.00107602548403641,0.00107069465032301,0.5,0.833333333333333,6
"CFA-PyRenew_HE","17",0.780398897424468,0.780187246130404,0.000278419082705265,0.000277923791712729,2.73753459619512,2.73696106523854,0.00050701292770132,0.000506116796256595,0,1,6
"CFA-PyRenew_HE","18",0.749909400167418,0.749745232117697,0.000312692351359752,0.000312206000946023,1.25518040616022,1.25527481397864,0.000556635589848932,0.000555782009289109,0.333333333333333,1,6
"CFA-PyRenew_HE","20",0.721241959025522,0.721073827217252,0.000345165238345732,0.000344553199006008,1.12298131895509,1.12278819273714,0.000595762276499226,0.00059474640244704,0,1,6
"CFA-PyRenew_HE","21",0.910465049429369,0.910583705659405,0.000615823286676971,0.000614250836707589,1.15544381424708,1.15585786726333,0.000849449635084099,0.000847345529239552,0.5,0.666666666666667,6
"CFA-PyRenew_HE","22",0.512728657187667,0.51309736081832,0.000424991672860037,0.000421773985730529,0.468841485314879,0.469191653224906,0.000503374544561927,0.000499687412695459,0.666666666666667,1,3
"CFA-PyRenew_HE","23",1.93140898917327,1.92241632008466,0.00132110979831497,0.00131188815092053,2.17811767367948,2.17204294315265,0.00199473967489474,0.00198530738194935,0.666666666666667,1,6
"CFA-PyRenew_HE","24",0.868451503404455,0.867549789285226,0.000495294937246047,0.000492984318141004,2.71389701145732,2.71207384362229,0.000729157350649489,0.000725891103983315,0.5,1,6
"CFA-PyRenew_HE","25",0.340339577308453,0.339902062112795,0.000284227285299578,0.000283021861753315,0.227402548113262,0.227274411306716,0.000283454917544675,0.000282386783300957,0.666666666666667,1,6
"CFA-PyRenew_HE","26",0.360895307342672,0.360776152092406,0.000139012418734721,0.000138764084084896,0.427087491966193,0.427045675224326,0.000149059812724149,0.000148809689416081,1,1,6
"CFA-PyRenew_HE","27",1.05577719131058,1.05417258291181,0.000528232309959437,0.000526025232465912,2.15167257399894,2.15013715713395,0.000845484507605886,0.000842557962245499,0.666666666666667,1,6
"CFA-PyRenew_HE","28",0.95841055775474,0.957145160792923,0.000547703699332128,0.000544467036918553,1.2864093488884,1.2853216201695,0.00080675946689482,0.000802441148342469,0.666666666666667,1,6
"CFA-PyRenew_HE","29",0.748916045588092,0.748792298294634,0.000256885680589211,0.000256169508935297,0.7407186711107,0.740599203738458,0.000347543765912051,0.000346621417854913,0.833333333333333,1,6
"CFA-PyRenew_HE","30",0.800121168413153,0.799075827205106,0.000675803500384359,0.000672849324364022,0.87483101227719,0.874126370154745,0.00109597430137111,0.0010918649049797,0.333333333333333,1,6
"CFA-PyRenew_HE","31",0.645700920512361,0.645372440963329,0.000226704523810178,0.000226361994348329,0.702115989243963,0.701883435731349,0.000260410667994604,0.000260114658427702,0.666666666666667,1,6
"CFA-PyRenew_HE","32",0.708033600937451,0.708260048895485,0.000573740563074516,0.000570326181706055,0.638109758442658,0.638145491796856,0.000776250423544887,0.000771346830686516,0.666666666666667,1,6
"CFA-PyRenew_HE","33",1.12265734508607,1.12242621913926,0.00106247955309921,0.00105893641549742,1.29405804969406,1.29423558784545,0.00181749352908874,0.00181175727800456,0.333333333333333,0.833333333333333,6
"CFA-PyRenew_HE","34",0.686667794050258,0.685867953554976,0.000437315107285675,0.000434560370577503,1.04926856677986,1.04844318172028,0.000739019500192172,0.000734494465465834,0.166666666666667,1,6
"CFA-PyRenew_HE","35",0.953829797313553,0.954121546527674,0.000607796523102928,0.000606353418123743,1.07029137675222,1.07071809184821,0.000874605021168134,0.000872644678455617,0.333333333333333,0.833333333333333,6
"CFA-PyRenew_HE","36",1.50665376459966,1.50493333122139,0.000796923615590745,0.000792198614600131,2.28565994042207,2.28356176871362,0.00135222759052585,0.00134440473748823,0,0.833333333333333,6
"CFA-PyRenew_HE","37",0.956923174944358,0.956211988292875,0.00110011770025489,0.00109119422219421,1.06103653894887,1.06020721898888,0.00170578753220643,0.00169190790913579,0.166666666666667,0.666666666666667,6
"CFA-PyRenew_HE","38",0.83698203851658,0.837023171612897,0.000241248341413541,0.000241081497322534,1.65957590636324,1.65944298961511,0.0004210105483048,0.000420728497894441,0.333333333333333,1,6
"CFA-PyRenew_HE","39",0.398765970196741,0.39851005668753,0.000163840932503239,0.000163519215497098,0.522061092416349,0.521902456733079,0.000217334141972016,0.000216934238647796,0.833333333333333,1,6
"CFA-PyRenew_HE","40",0.672392116892664,0.672150393347844,0.000266091753640622,0.00026544034888416,0.662268248016968,0.662185350743211,0.00024646035215645,0.000245922714259995,1,1,6
"CFA-PyRenew_HE","41",0.662418418085384,0.660122669980087,0.00116844596457305,0.00115503829634232,0.759224157814194,0.757610777650289,0.00194677474488048,0.0019261833865122,0.5,1,6
"CFA-PyRenew_HE","42",0.608175058010027,0.607714026787355,0.00024035829910975,0.000239679657988871,1.61230828992333,1.61139207344642,0.000379726704445897,0.0003786876035579,0.5,1,6
"CFA-PyRenew_HE","44",1.26443751279215,1.26236679361314,0.000877065051958775,0.000872639142241998,1.80268369138841,1.80110795879321,0.0014602048429214,0.00145411613710891,0.333333333333333,1,6
"CFA-PyRenew_HE","45",0.743651752197601,0.744529844270238,0.000537270241095906,0.000534638419522419,1.27436898999631,1.27591767706178,0.00100767038277693,0.00100266794268229,0.5,1,6
"CFA-PyRenew_HE","46",1.1719693820161,1.17059651858906,0.000712154220370917,0.000709739866880427,1.64675211608249,1.64563446468628,0.00111782808701045,0.00111500608379025,0.5,1,6
"CFA-PyRenew_HE","47",0.680672679936958,0.680695405527026,0.000384334136402302,0.000382911940569887,0.888920176325101,0.888955126404367,0.000612760378042947,0.000610507235904387,0.666666666666667,1,6
"CFA-PyRenew_HE","48",0.598587509865792,0.599780223522554,0.00106595281879812,0.00105912895198211,0.659876456555395,0.66140902907068,0.00179284167937541,0.00178148865242343,0,0.833333333333333,6
"CFA-PyRenew_HE","49",0.699966973611212,0.699349645085899,0.000385754840486889,0.00038413917051494,1.24563453330336,1.24531940717646,0.000567648640269493,0.000565441687726775,1,1,6
"CFA-PyRenew_HE","50",0.59904030303542,0.59892465109473,0.000265227077455745,0.000264689031326172,0.613730812826747,0.613632060339773,0.000277062048288947,0.000276543631621911,1,1,6
"CFA-PyRenew_HE","51",0.622276592052799,0.622429913368079,0.000493622719551508,0.000491366181418995,0.820499634220017,0.82086722438749,0.000796355515516521,0.000792826916038613,0.333333333333333,1,6
"CFA-PyRenew_HE","53",0.832956406126674,0.8314087469758,0.00102633595343859,0.00101403005524739,1.04189050281808,1.04087631365132,0.00169720878074847,0.00167763486400274,0.5,1,6
"CFA-PyRenew_HE","54",0.576398535637962,0.575827712008043,0.000381416653471615,0.000379966046957536,0.569273684272371,0.568963093367218,0.00040991563834396,0.000408534314621325,0.833333333333333,1,6
"CFA-PyRenew_HE","55",0.565893836833021,0.565493711967165,0.00027134700277611,0.000270855174404675,0.711853901131101,0.711567474417748,0.000438932976372631,0.00043814023405063,0.5,1,6
"CFA_Pyrenew-PyrenewHEW_COVID","01",0.630155015059013,0.628306326847702,0.00129840336166954,0.00127684154015134,0.682661317012869,0.680874915699169,0.00200194841685795,0.00196884288739589,0.5,0.861111111111111,36
"CFA_Pyrenew-PyrenewHEW_COVID","02",0.772501387060634,0.772262564958638,0.000826797514319205,0.000819935736651239,0.873186695560987,0.873366904765862,0.00113934773367047,0.00113035071052673,0.666666666666667,1,36
"CFA_Pyrenew-PyrenewHEW_COVID","04",0.677535248591058,0.677820810563109,0.000639252448595481,0.00063398289308855,0.769621277342827,0.770292888614385,0.000985806301398304,0.000977824437495324,0.416666666666667,0.888888888888889,36
"CFA_Pyrenew-PyrenewHEW_COVID","05",1.11466261327562,1.11279976553098,0.00161219148335624,0.0015936330170685,1.96788618572341,1.96514520714891,0.00248447249476893,0.00245615886591068,0.535714285714286,0.892857142857143,28
"CFA_Pyrenew-PyrenewHEW_COVID","06",0.70526199742329,0.704393110305249,0.000592502828956897,0.000583632191013334,0.767680338226933,0.767335782492688,0.000946326141187471,0.000932344666062161,0.611111111111111,0.972222222222222,36
"CFA_Pyrenew-PyrenewHEW_COVID","08",0.592218635763032,0.592174384443172,0.000492451456834206,0.000489046123466023,0.655701922232325,0.65589094735063,0.000726515836031752,0.000721557997621821,0.527777777777778,0.972222222222222,36
"CFA_Pyrenew-PyrenewHEW_COVID","09",1.50980593600619,1.51165511214383,0.0019260230180893,0.00191181993920705,1.49578445990041,1.49836170672474,0.00280492382782552,0.00278452564646791,0.0277777777777778,0.416666666666667,36
"CFA_Pyrenew-PyrenewHEW_COVID","10",0.816338316306574,0.815833158145572,0.000980433659562203,0.000973225389702711,1.00168812499911,1.00140456358765,0.00155422395522502,0.00154311015856141,0.416666666666667,0.916666666666667,36
"CFA_Pyrenew-PyrenewHEW_COVID","11",1.34560743600407,1.34442311197442,0.00207252883130874,0.00205447737699868,1.12971282428088,1.12895968381039,0.00279972038772272,0.00277528431689644,0.3125,0.6875,32
"CFA_Pyrenew-PyrenewHEW_COVID","12",0.537046723068714,0.536917998294903,0.00110716609946816,0.00108500135342931,0.604416928806027,0.604804294987762,0.00179087702752711,0.00175518008571189,0.305555555555556,0.888888888888889,36
"CFA_Pyrenew-PyrenewHEW_COVID","13",0.654540210638276,0.654168620528116,0.00108033872174671,0.00106705576541546,0.917945907061371,0.917604565291103,0.00183788419187056,0.00181594718130916,0.25,0.958333333333333,24
"CFA_Pyrenew-PyrenewHEW_COVID","15",0.81562922463508,0.816007896631419,0.0017354471781528,0.0016997747499371,1.03153850758644,1.0332064776271,0.00266045455514969,0.00260569409037784,0.583333333333333,0.916666666666667,36
"CFA_Pyrenew-PyrenewHEW_COVID","16",0.796277524222745,0.79617626347718,0.000900338135794247,0.000892463759208188,0.957788068906177,0.958089179067876,0.00147427679102733,0.00146143087777201,0.444444444444444,0.972222222222222,36
"CFA_Pyrenew-PyrenewHEW_COVID","17",0.662685536807888,0.662099445627027,0.000774282336376806,0.000768485899484595,1.51364834417067,1.5126250267176,0.00124235968429105,0.00123327930057631,0.366666666666667,0.9,30
"CFA_Pyrenew-PyrenewHEW_COVID","18",0.606313553694271,0.606006374690531,0.000595869347303649,0.000591558072918563,0.799374403234256,0.799330406728338,0.000906037121257634,0.000899745270919757,0.583333333333333,1,36
"CFA_Pyrenew-PyrenewHEW_COVID","19",0.731393657909348,0.730694555404006,0.000857919485403966,0.000851357695327505,0.675291762544664,0.674803465998921,0.00128618065192699,0.00127661870060563,0.527777777777778,0.944444444444444,36
"CFA_Pyrenew-PyrenewHEW_COVID","20",0.608551293425015,0.608115752336097,0.000573139832791077,0.00056931130482434,0.83379998426373,0.833372262796726,0.000984095890266553,0.000977651941138447,0.527777777777778,1,36
"CFA_Pyrenew-PyrenewHEW_COVID","21",0.593746307189659,0.593857890652247,0.000641533009831771,0.000635932886868894,0.725838938107838,0.726400085313393,0.00100328026658967,0.000995058861675019,0.5,0.944444444444444,36
"CFA_Pyrenew-PyrenewHEW_COVID","22",0.403544520970442,0.403968810677239,0.00132793367222443,0.00130243161731359,0.374837758115137,0.375285501214963,0.00204890693582476,0.00200987438221031,0.416666666666667,0.944444444444444,36
"CFA_Pyrenew-PyrenewHEW_COVID","23",0.992489580189641,0.991341743745778,0.000766613932568128,0.000763027766576733,1.14416145294077,1.1433567205142,0.00115742021373557,0.00115201616673634,0.444444444444444,0.888888888888889,36
"CFA_Pyrenew-PyrenewHEW_COVID","24",0.590041290333151,0.589658414885276,0.000616466803393658,0.000610414319690446,1.4890676013885,1.48876254052825,0.000978245422352762,0.000968867096626518,0.527777777777778,1,36
"CFA_Pyrenew-PyrenewHEW_COVID","25",0.605798874250801,0.60539181362908,0.000636164438094072,0.000631530826378834,0.591220192688408,0.591170751180221,0.00100507954859594,0.000997989483093718,0.527777777777778,1,36
"CFA_Pyrenew-PyrenewHEW_COVID","26",0.484712326261244,0.484585085042754,0.000603802348365965,0.000600148733142969,0.684107902497873,0.684154092364671,0.000974702707807727,0.000968881778476607,0.352941176470588,0.970588235294118,34
"CFA_Pyrenew-PyrenewHEW_COVID","27",0.871009923245081,0.870243803431418,0.000730711373457722,0.000725904273484575,1.30621056802071,1.30577828251132,0.00118356463952651,0.00117587888131365,0.416666666666667,0.972222222222222,36
"CFA_Pyrenew-PyrenewHEW_COVID","28",0.791108366696992,0.790390167930037,0.00167901576624172,0.00165472933977494,1.07859487045275,1.07785303694488,0.00274047301079079,0.00270168282626275,0.333333333333333,0.916666666666667,36
"CFA_Pyrenew-PyrenewHEW_COVID","29",0.937106026671282,0.936972265938743,0.000809293848837116,0.0008037925415111,0.925115482557882,0.924990620673461,0.00118392400422814,0.00117568367889583,0.555555555555556,0.888888888888889,36
"CFA_Pyrenew-PyrenewHEW_COVID","30",0.851730145581355,0.851325779574608,0.000891498613472549,0.000886206406037822,0.881882450023051,0.881854914624051,0.00145224932780371,0.00144392592028235,0.444444444444444,0.972222222222222,36
"CFA_Pyrenew-PyrenewHEW_COVID","31",0.718700933288807,0.718022002047409,0.000671749904668118,0.000667919522537774,0.922704407381946,0.921984603849423,0.0010664877021519,0.00106061173549894,0.472222222222222,0.972222222222222,36
"CFA_Pyrenew-PyrenewHEW_COVID","32",0.705365953754384,0.705679712987084,0.000865141995002881,0.000858099865184335,0.733624400363429,0.734127507292053,0.00136878627478563,0.00135803567283093,0.388888888888889,0.861111111111111,36
"CFA_Pyrenew-PyrenewHEW_COVID","33",1.18233550330015,1.18217047036627,0.000957813268037789,0.000952586116074081,1.32965967847243,1.32996985340375,0.00145464888125405,0.00144693620548051,0.527777777777778,0.944444444444444,36
"CFA_Pyrenew-PyrenewHEW_COVID","34",0.581860070864123,0.581427907036479,0.00044754287002332,0.000444238274936386,0.685693492673917,0.685388083073451,0.000673869422794714,0.000668933482018891,0.694444444444444,0.944444444444444,36
"CFA_Pyrenew-PyrenewHEW_COVID","35",0.725690886452848,0.726119418489015,0.00115935569370207,0.00115013793540081,0.856817896848377,0.857520439056558,0.00187469855362139,0.00186000831639715,0.388888888888889,0.916666666666667,36
"CFA_Pyrenew-PyrenewHEW_COVID","36",0.899397236111324,0.898953961032886,0.000482004546133448,0.000479339866804471,1.13156803931205,1.1313408701796,0.00074758405842996,0.000743533736322824,0.5,0.9,10
"CFA_Pyrenew-PyrenewHEW_COVID","37",0.477609037529324,0.477056337527961,0.000950555261515681,0.000934910925239106,0.531790315863415,0.53124256691956,0.00153310701974077,0.00150835645668375,0.472222222222222,0.972222222222222,36
"CFA_Pyrenew-PyrenewHEW_COVID","39",0.54937289344473,0.548679314751003,0.000583271319208492,0.000578886904120026,0.763970205558468,0.763411901411457,0.000961590657840999,0.000954489028945445,0.607142857142857,1,28
"CFA_Pyrenew-PyrenewHEW_COVID","40",0.631497208736499,0.631221354724504,0.000619785531986893,0.000616155088386583,0.762545291296597,0.762414600782659,0.00101297330445317,0.00100711863742584,0.555555555555556,1,36
"CFA_Pyrenew-PyrenewHEW_COVID","41",0.646427369300521,0.645298718480516,0.000767108970525466,0.000758149863481444,0.680235535882106,0.67967286840409,0.00116991963836551,0.00115630266362013,0.555555555555556,0.944444444444444,36
"CFA_Pyrenew-PyrenewHEW_COVID","42",0.456685055537163,0.45627151839016,0.000374492561727711,0.000372158867879816,0.796431909809727,0.795940597902531,0.000580371487174572,0.00057675374151875,0.527777777777778,1,36
"CFA_Pyrenew-PyrenewHEW_COVID","44",0.955211688168387,0.954419330198721,0.00071328074513953,0.000709012276385529,1.04711176717896,1.04678008941264,0.00108361611205461,0.00107742323035287,0.533333333333333,0.966666666666667,30
"CFA_Pyrenew-PyrenewHEW_COVID","45",0.548325147240516,0.548766495375,0.00116200803460646,0.0011448559595072,0.6434153620138,0.644063819872514,0.00185044321226345,0.00182339464497676,0.529411764705882,0.941176470588235,34
"CFA_Pyrenew-PyrenewHEW_COVID","46",1.0824826495168,1.08209539217448,0.000973279105395924,0.000968224799599158,1.27215803649083,1.27235476999006,0.00149001960795285,0.00148252924040549,0.444444444444444,0.861111111111111,36
"CFA_Pyrenew-PyrenewHEW_COVID","48",0.354906308974116,0.354819607721427,0.00140710120571841,0.00137562182534276,0.34267690588061,0.342848531738111,0.00214790865404659,0.00210023377725636,0.566666666666667,0.9,30
"CFA_Pyrenew-PyrenewHEW_COVID","49",0.74998897332791,0.749225853860528,0.00175090653908397,0.00172717137187117,0.872229171437263,0.872013971768937,0.00270589442132756,0.00267006408515558,0.45,0.9,20
"CFA_Pyrenew-PyrenewHEW_COVID","50",0.988297414264591,0.987931062528325,0.00112397015583861,0.00111766878712985,1.02488449913828,1.02481163981867,0.00165050154233035,0.00164174413413519,0.361111111111111,0.916666666666667,36
"CFA_Pyrenew-PyrenewHEW_COVID","51",0.510484590301358,0.510574333262776,0.000631704416834588,0.000625631462566533,0.62403549911879,0.624409764570221,0.000982818373548697,0.000973446562314363,0.470588235294118,0.911764705882353,34
"CFA_Pyrenew-PyrenewHEW_COVID","53",0.830797169628782,0.829718787527399,0.000834020520826203,0.000824249099522963,0.916223293068287,0.915901153412861,0.00135835703485612,0.00134253217683282,0.472222222222222,0.944444444444444,36
"CFA_Pyrenew-PyrenewHEW_COVID","54",0.6044282101775,0.603980960381781,0.000911072374487207,0.000902469443676793,0.644834469643505,0.64456581766561,0.00139328677488572,0.00138036824730267,0.527777777777778,0.972222222222222,36
"CFA_Pyrenew-PyrenewHEW_COVID","55",0.550399557691013,0.549805185737647,0.000551291449728323,0.000547313443669106,0.603903094290243,0.603596225397866,0.00084658663654495,0.00084067635821451,0.638888888888889,0.972222222222222,36
"CFA_Pyrenew-Pyrenew_E_COVID","01",0.829714246945011,0.827921646449013,0.00108660790618797,0.00107436961710738,0.926676268432421,0.924960463178389,0.00167968451668692,0.00166086016118346,0.440677966101695,0.889830508474576,118
"CFA_Pyrenew-Pyrenew_E_COVID","02",0.805633920650455,0.805519654190775,0.000657475997554174,0.000654106901197277,1.0358520561126,1.03594856492042,0.00104296968752399,0.00103782268420845,0.541666666666667,0.975,120
"CFA_Pyrenew-Pyrenew_E_COVID","04",0.79923564019184,0.799180742044039,0.000464278165559363,0.000461370114638818,0.936634617079845,0.936989911440023,0.000713842606952877,0.00070948471504232,0.508333333333333,0.908333333333333,120
"CFA_Pyrenew-Pyrenew_E_COVID","05",1.07155088139474,1.07140535103343,0.000952777239116105,0.0009458020326724,1.969046095958,1.96931008897767,0.0014958825669565,0.00148516611392259,0.481132075471698,0.915094339622642,106
"CFA_Pyrenew-Pyrenew_E_COVID","06",1.08494496022816,1.08291638746352,0.000542889783100433,0.000537232115847707,1.1533920395772,1.15196994789302,0.000837281708065562,0.000828662419984082,0.416666666666667,0.891666666666667,120
"CFA_Pyrenew-Pyrenew_E_COVID","08",0.660290937755524,0.660095766388231,0.000392614220488708,0.000390416239399135,0.776989735627345,0.777102471052876,0.00060027149949856,0.000597029361977517,0.533333333333333,0.975,120
"CFA_Pyrenew-Pyrenew_E_COVID","09",1.94862972450889,1.95116643670307,0.00209373668286998,0.00207772188226719,1.95498481278038,1.95859651660624,0.00297462945138648,0.00295231880001949,0.0555555555555556,0.388888888888889,54
"CFA_Pyrenew-Pyrenew_E_COVID","10",0.788769836042972,0.788211946273946,0.000757025351977991,0.000751600449594078,0.952805397930622,0.952504755079305,0.00118636634224069,0.00117816197655287,0.591666666666667,0.958333333333333,120
"CFA_Pyrenew-Pyrenew_E_COVID","11",0.88752003144814,0.887009282390661,0.000890095300004327,0.000884600808639573,0.910889351833377,0.910676859866347,0.00139829734053493,0.0013898950044948,0.517543859649123,0.956140350877193,114
"CFA_Pyrenew-Pyrenew_E_COVID","12",0.577413641260927,0.577746010823277,0.000634932498274948,0.00062640284160263,0.636375238537057,0.637433923845928,0.000988348479514737,0.000975236057298113,0.391666666666667,0.883333333333333,120
"CFA_Pyrenew-Pyrenew_E_COVID","13",0.90521011204232,0.90460733005484,0.000787539661738617,0.000780907162803228,1.23676994484363,1.23609238746313,0.00125026006475977,0.00123977783543621,0.525423728813559,0.940677966101695,118
"CFA_Pyrenew-Pyrenew_E_COVID","15",0.944793391367929,0.945782679173838,0.00102928313277111,0.00101474314087696,1.20337461503436,1.20645274981343,0.00159325275154637,0.00157141007240565,0.458333333333333,0.908333333333333,120
"CFA_Pyrenew-Pyrenew_E_COVID","16",0.823868423281669,0.823369937265359,0.000636345853574763,0.000632230763018296,0.990078006058402,0.990038221002032,0.00100973800955966,0.00100325037921975,0.525423728813559,0.957627118644068,118
"CFA_Pyrenew-Pyrenew_E_COVID","17",0.696894996996866,0.696307677287306,0.000681226293058444,0.000674096491032488,1.61971200202805,1.61870609997115,0.00106029835077678,0.00104945319189203,0.325,0.841666666666667,120
"CFA_Pyrenew-Pyrenew_E_COVID","18",0.652576461435287,0.651790740588659,0.000592658490582028,0.000586460189124474,0.926446966067542,0.925543979487775,0.000932849309429055,0.000923271934510212,0.474137931034483,0.96551724137931,116
"CFA_Pyrenew-Pyrenew_E_COVID","19",0.717476632238782,0.71684957284757,0.000907697037775914,0.000898411987911912,0.70687846280585,0.706246544726316,0.00139587213110933,0.00138169708817006,0.451219512195122,0.926829268292683,82
"CFA_Pyrenew-Pyrenew_E_COVID","20",0.611349654847571,0.611206823820885,0.00041298307589899,0.000410496501956547,0.840633865977881,0.840506518012703,0.000656689605513512,0.000652810658179917,0.575,1,120
"CFA_Pyrenew-Pyrenew_E_COVID","21",0.664788051884402,0.664633378622091,0.000566705274571328,0.000561776894027299,0.842771787772584,0.842946615271807,0.000909340997941371,0.000901692082918707,0.458333333333333,0.966666666666667,120
"CFA_Pyrenew-Pyrenew_E_COVID","22",0.53796450852068,0.538488354372666,0.000957522863403405,0.000945094265402833,0.509709485704002,0.510451410117147,0.00150187193228207,0.00148302089565475,0.441666666666667,0.958333333333333,120
"CFA_Pyrenew-Pyrenew_E_COVID","23",1.02945603443899,1.02812087477349,0.000818363375051083,0.00081196472975085,1.25683151124877,1.25578264047692,0.0012731619459652,0.00126339657458947,0.45,0.875,120
"CFA_Pyrenew-Pyrenew_E_COVID","24",0.594877953123449,0.59466697441904,0.000413328304144417,0.000410447763496252,1.46217173250337,1.46229722466098,0.000612239098963001,0.000608067947406573,0.55,0.983333333333333,120
"CFA_Pyrenew-Pyrenew_E_COVID","25",0.613585310135189,0.613194332242947,0.000475068547592828,0.000471867359244801,0.636533717941041,0.636363834888446,0.00075102454809489,0.000745984731562214,0.491666666666667,0.933333333333333,120
"CFA_Pyrenew-Pyrenew_E_COVID","26",0.456917090705513,0.456659091779515,0.000462994055562571,0.000459120286067395,0.680745672425964,0.680593033091141,0.000762516237208293,0.000756254630710463,0.458333333333333,0.966666666666667,120
"CFA_Pyrenew-Pyrenew_E_COVID","27",0.87738818188761,0.87654082388331,0.000541247822807956,0.000537603203936946,1.32702470371751,1.32661452596748,0.000847207194880268,0.000841737339844936,0.441666666666667,0.966666666666667,120
"CFA_Pyrenew-Pyrenew_E_COVID","28",0.784771008232708,0.784154720467593,0.00106092506576894,0.00104957553007426,1.04845432995508,1.04789801899802,0.00167403164876669,0.00165642128704177,0.406779661016949,0.923728813559322,118
"CFA_Pyrenew-Pyrenew_E_COVID","29",0.925810796274019,0.925395848630739,0.000633633593803935,0.000629257615969063,0.90004446526419,0.899812081811374,0.000958907409099487,0.000952486623034799,0.466666666666667,0.9,120
"CFA_Pyrenew-Pyrenew_E_COVID","30",0.84000167661926,0.839524507456875,0.000589572953080826,0.000586286973401023,0.856490686639893,0.856445558810877,0.000945010263879741,0.000939951783508787,0.416666666666667,0.975,120
"CFA_Pyrenew-Pyrenew_E_COVID","31",0.717466830662509,0.716867931853298,0.000557263010070122,0.000553700351372187,0.947696317921601,0.947006032839465,0.000905046805826993,0.000899335037124852,0.541666666666667,0.983333333333333,120
"CFA_Pyrenew-Pyrenew_E_COVID","32",0.75438325614659,0.754442022427573,0.000509504598412326,0.000506438152322869,0.768910639982329,0.76918367934468,0.000771857750971394,0.000767373247847033,0.5,0.925,120
"CFA_Pyrenew-Pyrenew_E_COVID","33",1.08266713658393,1.08165765866142,0.00073556662319892,0.000730090815602405,1.26076045207165,1.26002597843661,0.00114399047404549,0.00113554748067822,0.55,0.983333333333333,120
"CFA_Pyrenew-Pyrenew_E_COVID","34",0.592108046613037,0.591626698962038,0.000363454958478193,0.000361274832026011,0.7050662437646,0.704689521573731,0.000569272843612022,0.000565873297042332,0.6,0.95,120
"CFA_Pyrenew-Pyrenew_E_COVID","35",0.779272680036906,0.779217929895777,0.000791358234535695,0.000784915965236517,0.959846249930163,0.959950647095425,0.00127605300000194,0.00126571035677026,0.432203389830508,0.940677966101695,118
"CFA_Pyrenew-Pyrenew_E_COVID","36",0.905784943253861,0.905084935467533,0.000352603947479538,0.000350894315251163,1.15097697907389,1.15038929230991,0.000554301990503041,0.000551648482677678,0.55,0.941666666666667,120
"CFA_Pyrenew-Pyrenew_E_COVID","37",0.553622231708427,0.553715052931471,0.000610388264347256,0.000603990303093075,0.60440403522197,0.604733720200864,0.000947125241131828,0.000937539183892768,0.491666666666667,0.966666666666667,120
"CFA_Pyrenew-Pyrenew_E_COVID","38",0.642522819220301,0.642129258273455,0.000720120897908907,0.000715187081828879,0.983089840539656,0.982758296027365,0.00113775518865563,0.00113038579177877,0.541666666666667,0.966666666666667,120
"CFA_Pyrenew-Pyrenew_E_COVID","39",0.516270333802637,0.515681474946367,0.000496995179050805,0.000491793126433283,0.723640049672158,0.723129025061829,0.0007774084909842,0.000769539614490926,0.541666666666667,0.958333333333333,120
"CFA_Pyrenew-Pyrenew_E_COVID","40",0.740846597015897,0.73987033389502,0.000696137660419382,0.000690611533759107,0.861841881141517,0.861307809085597,0.00109226948382286,0.00108438332746642,0.564102564102564,0.991452991452991,117
"CFA_Pyrenew-Pyrenew_E_COVID","41",0.678343589483401,0.677368553375873,0.000470668450459283,0.000467041615984586,0.743731780588952,0.743268140272206,0.000728961309291598,0.000723254835282636,0.475,0.933333333333333,120
"CFA_Pyrenew-Pyrenew_E_COVID","42",0.549549329472305,0.548906174464602,0.000400960787074754,0.000397846307934718,1.02419778450963,1.02325191317475,0.000607787986546949,0.000603110050436066,0.508333333333333,0.958333333333333,120
"CFA_Pyrenew-Pyrenew_E_COVID","44",1.00073700232903,0.999935216868197,0.000643586221478588,0.000640138231963436,1.14716604068326,1.14692350137229,0.00100878346535436,0.00100369564337147,0.473214285714286,0.955357142857143,112
"CFA_Pyrenew-Pyrenew_E_COVID","45",0.726245795385566,0.726746166101212,0.000893137489071687,0.000884670276688043,0.84501152644693,0.846026479497026,0.00140868251738004,0.00139579050799877,0.406779661016949,0.898305084745763,118
"CFA_Pyrenew-Pyrenew_E_COVID","46",1.00480855145057,1.00343498945402,0.0009174709974406,0.00090925688374753,1.23998949531059,1.23924396041905,0.00142995645699607,0.00141768787275406,0.406779661016949,0.889830508474576,118
"CFA_Pyrenew-Pyrenew_E_COVID","47",0.738780981474345,0.738443272035376,0.000610676914726791,0.000606251188105759,0.956664824797088,0.956465017170665,0.000957054879153567,0.000950306348710043,0.433333333333333,0.95,120
"CFA_Pyrenew-Pyrenew_E_COVID","48",0.413765281131666,0.413619565808594,0.000799377652389219,0.000786531882239202,0.395141947036974,0.395304989562279,0.00119201716543228,0.00117326322853543,0.425,0.916666666666667,120
"CFA_Pyrenew-Pyrenew_E_COVID","49",0.780456464575583,0.779922807155784,0.000609454994897551,0.000604474854361241,1.01970385028297,1.01977158745491,0.00099121816030955,0.000983300947258318,0.433962264150943,0.981132075471698,106
"CFA_Pyrenew-Pyrenew_E_COVID","50",0.705750292504992,0.705493985018707,0.000770446198334094,0.000765886685036175,0.808810107420156,0.808733446482072,0.00122932938321893,0.00122227160749382,0.475,0.975,120
"CFA_Pyrenew-Pyrenew_E_COVID","51",0.654444037593694,0.654325273104831,0.000564880870052035,0.000560438850520463,0.82399173572774,0.824177920882258,0.000890418584449294,0.000883559671775679,0.5,0.933333333333333,120
"CFA_Pyrenew-Pyrenew_E_COVID","53",0.760574624515619,0.759769488364365,0.000489893399320415,0.000485981374110725,0.789212314843243,0.789207982646968,0.000745446665353543,0.000739563101384178,0.458333333333333,0.933333333333333,120
"CFA_Pyrenew-Pyrenew_E_COVID","54",0.637656634155116,0.637237456439311,0.00097727935447192,0.000964759909521258,0.724318333190749,0.72395932154085,0.00152236402839231,0.00150316967484536,0.408333333333333,0.941666666666667,120
"CFA_Pyrenew-Pyrenew_E_COVID","55",0.520863517489244,0.520227840632647,0.000418559482730175,0.000414745538931476,0.584655238529538,0.58416620950767,0.000644882632131178,0.000639004218478164,0.566666666666667,0.975,120
"CFA_Pyrenew-Pyrenew_HE_COVID","01",0.816515156904418,0.814485047614509,0.00107365022902874,0.00106111369920867,0.903301096547004,0.901404006523184,0.00164547791064472,0.00162648541858342,0.474137931034483,0.896551724137931,116
"CFA_Pyrenew-Pyrenew_HE_COVID","02",0.814856349744445,0.814799095236775,0.000670129370012027,0.000666717594879297,1.04601486591851,1.04616481367457,0.00105705128865978,0.00105184739659308,0.535087719298246,0.964912280701754,114
"CFA_Pyrenew-Pyrenew_HE_COVID","04",0.77121255750636,0.771364716943234,0.000445277727157956,0.00044258873099897,0.901228992945925,0.901822559437988,0.000683863139264055,0.000679860481981225,0.559322033898305,0.932203389830508,118
"CFA_Pyrenew-Pyrenew_HE_COVID","05",1.09806728878875,1.09798510927693,0.000989922602480283,0.00098268332887372,1.99079202295536,1.99117645822644,0.00153350963566805,0.00152256114629666,0.432692307692308,0.913461538461538,104
"CFA_Pyrenew-Pyrenew_HE_COVID","06",1.09866654069045,1.09628254583151,0.000554846286724135,0.000548865459689027,1.16816075587171,1.16630158895697,0.000857817920224841,0.000848641625901413,0.440677966101695,0.898305084745763,118
"CFA_Pyrenew-Pyrenew_HE_COVID","08",0.657835107508009,0.657653262763889,0.000396728267302776,0.000394537048112965,0.776652484268639,0.776807514620566,0.000611340767874546,0.0006081065074481,0.508928571428571,0.991071428571429,112
"CFA_Pyrenew-Pyrenew_HE_COVID","09",1.90312516038871,1.90554234458758,0.00207791823624245,0.00206186852235952,1.91316193941246,1.91662895224556,0.0029991675785457,0.00297648935267262,0.037037037037037,0.444444444444444,54
"CFA_Pyrenew-Pyrenew_HE_COVID","10",0.933684476138075,0.933085720001095,0.000907760305209967,0.000901268346012821,1.07123705665001,1.07104192702155,0.00135195870037085,0.00134272808130456,0.5,0.940677966101695,118
"CFA_Pyrenew-Pyrenew_HE_COVID","11",0.862009471275401,0.861228570958008,0.00085854568559702,0.000852848595488387,0.91540037311682,0.91517058332118,0.0014061377613247,0.0013974290447378,0.514018691588785,0.953271028037383,107
"CFA_Pyrenew-Pyrenew_HE_COVID","12",0.583132299268257,0.58335942363647,0.000622350063277931,0.00061379128944962,0.661073240222578,0.661939984645608,0.000998552618271813,0.000984812779451705,0.38135593220339,0.923728813559322,118
"CFA_Pyrenew-Pyrenew_HE_COVID","13",0.902821132899345,0.902137832058398,0.000792413527769123,0.000785657730693231,1.22250606269725,1.22181152037832,0.00124815313005904,0.00123764511071562,0.525862068965517,0.948275862068966,116
"CFA_Pyrenew-Pyrenew_HE_COVID","15",0.941492608613706,0.942590477723488,0.00102205105215554,0.00100764183097255,1.17304221718903,1.17607300551213,0.00154400637971931,0.001522687427948,0.491525423728814,0.906779661016949,118
"CFA_Pyrenew-Pyrenew_HE_COVID","16",0.868649161319142,0.8682566329342,0.000675873870831086,0.000671596858662987,1.03866486384636,1.03881047016603,0.00106866826522651,0.00106199195159425,0.551724137931034,0.956896551724138,116
"CFA_Pyrenew-Pyrenew_HE_COVID","17",0.723552548850001,0.722951307964891,0.000713348890232057,0.000705855545902953,1.66555564419361,1.66451442035287,0.00110040258726887,0.00108910557924442,0.322033898305085,0.822033898305085,118
"CFA_Pyrenew-Pyrenew_HE_COVID","18",0.682014715185378,0.68092519253083,0.000632178212793504,0.000625200609545607,0.983963936084871,0.982662066707097,0.00100816263557166,0.000997306974507282,0.526315789473684,0.956140350877193,114
"CFA_Pyrenew-Pyrenew_HE_COVID","19",0.741327445886941,0.740335522989347,0.000966469326438643,0.000955990268405137,0.731684449523057,0.730638775522745,0.00148657815381602,0.00147046596949978,0.4625,0.9125,80
"CFA_Pyrenew-Pyrenew_HE_COVID","20",0.634782860044458,0.63462027947119,0.000436044664006933,0.000433374416319645,0.884788946436075,0.884674374916249,0.000702218611937176,0.000698039934568465,0.525862068965517,0.991379310344828,116
"CFA_Pyrenew-Pyrenew_HE_COVID","21",0.680222772477832,0.680175581347344,0.000583664691010011,0.000578661587301258,0.852951696308328,0.853263286336504,0.000928771034159399,0.000921049950858966,0.432203389830508,0.949152542372881,118
"CFA_Pyrenew-Pyrenew_HE_COVID","22",0.527934440814978,0.528434080099781,0.00101391395153706,0.000999883848533305,0.498005892597748,0.498664467573714,0.00157635345892483,0.00155494872362438,0.451923076923077,0.951923076923077,104
"CFA_Pyrenew-Pyrenew_HE_COVID","23",1.0592704605214,1.0580829557258,0.000853046312391218,0.000846520349426165,1.28930743743492,1.28839435783228,0.00132832659758706,0.00131827310938322,0.405172413793103,0.870689655172414,116
"CFA_Pyrenew-Pyrenew_HE_COVID","24",0.634755882710627,0.63446402629204,0.000464043692414179,0.000460578140076035,1.58429563226017,1.58411225634639,0.00068939470851689,0.000684239881058302,0.586538461538462,0.971153846153846,104
"CFA_Pyrenew-Pyrenew_HE_COVID","25",0.620056039435041,0.61965194891757,0.000480971092187266,0.000477656823848329,0.643298070096794,0.643150721527152,0.000763020511591043,0.000757843450771048,0.46551724137931,0.939655172413793,116
"CFA_Pyrenew-Pyrenew_HE_COVID","26",0.468076710125587,0.467772739520054,0.000490425358256353,0.000486223902164598,0.701821212693685,0.701624829681095,0.000811924272352706,0.000805155944991332,0.447368421052632,0.964912280701754,114
"CFA_Pyrenew-Pyrenew_HE_COVID","27",0.924146409820001,0.923247235956649,0.000581360759694245,0.000577388491541045,1.37901160852172,1.37857371066886,0.000899039784190133,0.000893148034864061,0.448275862068966,0.956896551724138,116
"CFA_Pyrenew-Pyrenew_HE_COVID","28",0.829597240112531,0.828596163806769,0.00112573972101239,0.00111315156005394,1.11307696017041,1.11199588473561,0.00178271948581847,0.00176304944295755,0.439655172413793,0.922413793103448,116
"CFA_Pyrenew-Pyrenew_HE_COVID","29",0.944859855664133,0.944474737222982,0.000681463124914008,0.000676568470371675,0.912043694776866,0.911801610379031,0.00102089483880269,0.00101368625846501,0.415254237288136,0.872881355932203,118
"CFA_Pyrenew-Pyrenew_HE_COVID","30",0.87071736631996,0.87020151660355,0.000609734141955919,0.000606305544282917,0.876503516954343,0.876489817389839,0.000962779284125917,0.000957656692569356,0.454545454545455,0.954545454545455,110
"CFA_Pyrenew-Pyrenew_HE_COVID","31",0.752973166159915,0.752450518820474,0.000591076963903822,0.000587365003866635,0.989189584092678,0.988549089351912,0.000961505691515284,0.000955505078643281,0.474576271186441,0.949152542372881,118
"CFA_Pyrenew-Pyrenew_HE_COVID","32",0.750137190092473,0.750273835098696,0.000498789578011907,0.000495940574213896,0.757674102653444,0.758008362250659,0.000744266891006998,0.000740175763127045,0.491228070175439,0.929824561403509,114
"CFA_Pyrenew-Pyrenew_HE_COVID","33",1.16655206198664,1.16548496391094,0.000792207727090948,0.000786275157802781,1.38240492402744,1.38177684856494,0.00125201056689585,0.00124286612647519,0.457627118644068,0.974576271186441,118
"CFA_Pyrenew-Pyrenew_HE_COVID","34",0.613195615711988,0.61268282064736,0.000391600489680799,0.000389155395443922,0.734404592027867,0.733998885749292,0.000620326211716092,0.000616485146596785,0.657407407407407,0.962962962962963,108
"CFA_Pyrenew-Pyrenew_HE_COVID","35",0.781607949579639,0.781614173577717,0.000815281201139851,0.000808597364585589,0.950862725816885,0.951112880603212,0.00129783230137944,0.00128734686395526,0.456140350877193,0.93859649122807,114
"CFA_Pyrenew-Pyrenew_HE_COVID","36",0.948137482957687,0.947421486154772,0.000373385473506021,0.000371578284277888,1.16561796156032,1.16508477591934,0.000566853718827751,0.000564168523573953,0.576271186440678,0.932203389830508,118
"CFA_Pyrenew-Pyrenew_HE_COVID","37",0.556647361865807,0.556685195263352,0.000645721830462782,0.00063870414626235,0.599473312829034,0.599660430882294,0.000996210011894995,0.000985563128364399,0.481818181818182,0.972727272727273,110
"CFA_Pyrenew-Pyrenew_HE_COVID","38",0.673947547328323,0.673353367398728,0.000772530497576802,0.000766978565644524,1.043924291706,1.04329437245815,0.00123797327704205,0.00122954477665834,0.5,0.931034482758621,116
"CFA_Pyrenew-Pyrenew_HE_COVID","39",0.548576646782126,0.547797173429302,0.000599395176848781,0.000592724136025061,0.750086829746061,0.749357652821892,0.000919392505299542,0.000909530474030196,0.5,0.961538461538462,104
"CFA_Pyrenew-Pyrenew_HE_COVID","40",0.771179456744987,0.770043290377633,0.000730638951059016,0.000724682041193553,0.892120465883197,0.891638886227406,0.0011366794682615,0.00112849853406825,0.6,0.956521739130435,115
"CFA_Pyrenew-Pyrenew_HE_COVID","41",0.704507300400371,0.703579920459123,0.000508726440797382,0.000504717862955822,0.77036261766407,0.770051829539221,0.000784539534763538,0.000778329942437172,0.444444444444444,0.916666666666667,108
"CFA_Pyrenew-Pyrenew_HE_COVID","42",0.571283174040473,0.570592020363125,0.000431297493744223,0.000427900722262701,1.06405148623527,1.06296704178713,0.000655264574524855,0.000650132023854354,0.5,0.973684210526316,114
"CFA_Pyrenew-Pyrenew_HE_COVID","44",1.01528633900801,1.01439495624006,0.000641476862704315,0.000637930538244983,1.18212367858353,1.18172818368694,0.00102287554217769,0.00101747592752041,0.438095238095238,0.952380952380952,105
"CFA_Pyrenew-Pyrenew_HE_COVID","45",0.724961193560799,0.725299679976878,0.000973597309852493,0.000963718567390327,0.826249250008607,0.827166649964274,0.00152019131729688,0.00150557969230839,0.382352941176471,0.901960784313726,102
"CFA_Pyrenew-Pyrenew_HE_COVID","46",1.10999723142204,1.10884031749534,0.00104660092394313,0.0010374927473269,1.31151100718139,1.31081404810924,0.00155355458931975,0.0015402510742154,0.451327433628319,0.831858407079646,113
"CFA_Pyrenew-Pyrenew_HE_COVID","47",0.767572789724023,0.767076232125908,0.000648384070364004,0.000643488509673067,0.997330852974654,0.996948200363339,0.0010208051554281,0.00101331250722006,0.413793103448276,0.939655172413793,116
"CFA_Pyrenew-Pyrenew_HE_COVID","48",0.407508738855959,0.407352576799353,0.000896826977735555,0.000881916956572439,0.386843391803494,0.386968884381826,0.00133157533242865,0.0013098372734111,0.450980392156863,0.901960784313726,102
"CFA_Pyrenew-Pyrenew_HE_COVID","49",0.789017063284977,0.788489582626037,0.000617525304850289,0.000612407827659095,1.03507355537129,1.03523951481653,0.00101127177274291,0.00100316680164271,0.423076923076923,0.961538461538462,104
"CFA_Pyrenew-Pyrenew_HE_COVID","50",0.766318669459237,0.766127203227186,0.000849707756703444,0.000844758137486725,0.851082265589279,0.851159512892772,0.00131780649886005,0.00131046975430038,0.457627118644068,0.932203389830508,118
"CFA_Pyrenew-Pyrenew_HE_COVID","51",0.658976061367218,0.658799808215377,0.00059137146237361,0.000586560197368461,0.814240072352414,0.814424652974425,0.000917976739739789,0.000910721957103788,0.490909090909091,0.945454545454545,110
"CFA_Pyrenew-Pyrenew_HE_COVID","53",0.719206784381855,0.718548788475342,0.000443679780092631,0.000440141660026726,0.739418213977941,0.739588354833898,0.000671952455085402,0.000666733302043016,0.533898305084746,0.949152542372881,118
"CFA_Pyrenew-Pyrenew_HE_COVID","54",0.651719699622984,0.651315561883589,0.00100930083224026,0.000996394170074416,0.741457960759896,0.741123668824915,0.00157636865251455,0.00155656615894398,0.432203389830508,0.932203389830508,118
"CFA_Pyrenew-Pyrenew_HE_COVID","55",0.546236970815529,0.545466277936365,0.000445220099276526,0.000441064194833143,0.600728196313245,0.600139673096711,0.000673234028948741,0.000666981796918151,0.601694915254237,0.974576271186441,118
"CMU-TimeSeries","01",0.83385980308439,0.833139247121506,0.00150842762498889,0.00149256289580451,0.917612842115442,0.917044892697713,0.0023132391694618,0.00228899023696661,0.353658536585366,0.873983739837398,246
"CMU-TimeSeries","02",0.895403469071063,0.895349842873494,0.00104278369344428,0.00103696054601364,1.21711866039507,1.21709009761362,0.00158550660649342,0.00157722614370483,0.329268292682927,0.861788617886179,246
"CMU-TimeSeries","04",0.927946282145916,0.927063823212943,0.00091525766249515,0.000907931874948983,1.0981619929729,1.09744061586169,0.00140046762414904,0.00138953922054596,0.5,0.951219512195122,246
"CMU-TimeSeries","05",0.673433787534798,0.673255467725292,0.00109219233965689,0.00108404028936002,0.991368045094367,0.99125791660408,0.00168055433922338,0.00166815422501009,0.365853658536585,0.853658536585366,246
"CMU-TimeSeries","06",0.803598759817011,0.803198595817038,0.000951509721888692,0.000942026273905699,0.845109082616198,0.845185313595661,0.00155538985894739,0.00153981892648797,0.447154471544715,0.963414634146341,246
"CMU-TimeSeries","08",0.898217981787866,0.8975436807685,0.000796514395999087,0.000791336668261793,1.16158635979428,1.16109829865394,0.00126870566230042,0.0012608051529631,0.373983739837398,0.922764227642276,246
"CMU-TimeSeries","09",0.765863749484992,0.765327623866887,0.00127539809508822,0.0012642543925092,0.840949253581401,0.840777456793562,0.00194660336247435,0.0019295860316371,0.553719008264463,0.909090909090909,242
"CMU-TimeSeries","10",0.933086806673144,0.932519699621781,0.00152500760936622,0.00151304014427341,1.15745144016296,1.15706618035529,0.00229097588590871,0.00227323429886351,0.341463414634146,0.829268292682927,246
"CMU-TimeSeries","11",0.923909317760051,0.923877055571571,0.00127653985735713,0.00126962007658755,0.862264569725501,0.862297586363826,0.0018267834991756,0.00181682521769433,0.288617886178862,0.764227642276423,246
"CMU-TimeSeries","12",0.750392734665331,0.749674811926902,0.00135483594643498,0.0013352562476113,0.768955309020043,0.768857762084894,0.00213030702111752,0.00209916889326277,0.475609756097561,0.951219512195122,246
"CMU-TimeSeries","13",0.827513415228676,0.827083347252509,0.00124484395950252,0.00123461390027175,1.07732032318095,1.07687270031591,0.00189067412473711,0.00187511562096149,0.382113821138211,0.861788617886179,246
"CMU-TimeSeries","15",1.06556883651415,1.06372479297315,0.00216343275967919,0.00212446041393138,1.17150455055188,1.17074618132996,0.00318752216821055,0.00313014826574072,0.329268292682927,0.800813008130081,246
"CMU-TimeSeries","16",0.909429178679849,0.908827464951601,0.000930307258618675,0.000923531642166273,1.10227606205904,1.10212777528063,0.0014614484049366,0.0014510979194895,0.422764227642276,0.914634146341463,246
"CMU-TimeSeries","17",0.662987365422694,0.662546633984729,0.0011808324290351,0.00116952433813419,1.18174808234482,1.18146122386322,0.00176139485197716,0.00174574883940231,0.455284552845528,0.882113821138211,246
"CMU-TimeSeries","18",0.649433508417461,0.649118928806595,0.00113090126528736,0.00112051505696564,0.782905745706629,0.782896805844962,0.00177914228198255,0.00176351309077122,0.398373983739837,0.91869918699187,246
"CMU-TimeSeries","19",0.885461505665125,0.884881004546651,0.00187393135577905,0.0018558349150822,0.864398051583725,0.864158229504644,0.00280637530382102,0.00278077759894732,0.257894736842105,0.757894736842105,190
"CMU-TimeSeries","20",0.767275565552213,0.76706002114638,0.000893678341638689,0.000887926254010566,0.971969083555017,0.971964676027908,0.00137706014897418,0.00136872176905211,0.426829268292683,0.914634146341463,246
"CMU-TimeSeries","21",0.728932128796809,0.728480217595166,0.00121256804365587,0.00120161739432259,0.932264984834383,0.931957197363996,0.00190159930818213,0.00188481312741801,0.357723577235772,0.869918699186992,246
"CMU-TimeSeries","22",0.759917360704874,0.759714539718204,0.00189991381949146,0.0018729197594124,0.755796264007453,0.755831883806497,0.0028627996783718,0.00282197291695768,0.353658536585366,0.890243902439024,246
"CMU-TimeSeries","23",0.809095212001276,0.808668787627254,0.0011439637232177,0.00113490308671576,0.891495784796038,0.891273034532936,0.00165456884982671,0.00164258672361574,0.394308943089431,0.845528455284553,246
"CMU-TimeSeries","24",0.722140083586102,0.721692735555081,0.00094301083084673,0.000935816804818737,1.52429427302295,1.52411597043105,0.00147447096563207,0.00146362021571062,0.48780487804878,0.947154471544715,246
"CMU-TimeSeries","25",0.761529684057259,0.761149955494689,0.000930986418213831,0.000924294176734336,0.803863425150526,0.803878159710578,0.00145069538742507,0.001440991802359,0.467479674796748,0.951219512195122,246
"CMU-TimeSeries","26",0.672305871122041,0.671775730326783,0.00124323231136986,0.00123251921607005,1.00718097505738,1.00680972960391,0.00186861254814567,0.00185302646066697,0.463414634146341,0.849593495934959,246
"CMU-TimeSeries","27",0.715092323437849,0.714570679895977,0.00098657947423597,0.00097963255683486,1.11708391381977,1.11673614151042,0.00151112707467189,0.00150085340250878,0.414634146341463,0.910569105691057,246
"CMU-TimeSeries","28",0.855712843598837,0.854747945109556,0.00169843394441865,0.00167894373227044,1.06069863752993,1.05965622716637,0.00266163009639176,0.00263164846072561,0.300813008130081,0.82520325203252,246
"CMU-TimeSeries","29",0.94551503621288,0.945691491568823,0.000414280782818246,0.000413592478612482,1.04467346356212,1.04475457933811,0.000710670043718159,0.000709527657077036,0.225806451612903,1,62
"CMU-TimeSeries","30",1.11795323780478,1.11763660719334,0.000909672284510529,0.000904438242940798,1.19844373360524,1.19827925486764,0.00136955667613762,0.00136196915860618,0.304878048780488,0.780487804878049,246
"CMU-TimeSeries","31",0.892182509916705,0.891669961646056,0.000906526064009875,0.000900889591631848,1.17883239861755,1.17828626129009,0.00138541155424312,0.00137721520344461,0.398373983739837,0.910569105691057,246
"CMU-TimeSeries","32",0.931803374301048,0.931593438934381,0.000936596973658491,0.000930073455499281,0.991359679489629,0.991340958123886,0.00140500416836408,0.00139551998608255,0.369918699186992,0.869918699186992,246
"CMU-TimeSeries","33",0.784293931441369,0.783831530293048,0.000951760786804574,0.0009448026544107,0.832792738657145,0.832611189719142,0.00150836190621665,0.00149787758913374,0.365853658536585,0.894308943089431,246
"CMU-TimeSeries","34",0.782602907189986,0.782123471150747,0.000859749322095518,0.000854190415607338,0.789464749423532,0.789414072729165,0.00132013758367197,0.00131212358592442,0.556910569105691,0.939024390243902,246
"CMU-TimeSeries","35",0.895586325484636,0.894857459470701,0.00124663992224349,0.00123484342397502,1.14920765144213,1.1485772858829,0.00191582966113214,0.00189836554494755,0.386178861788618,0.898373983739837,246
"CMU-TimeSeries","36",0.834688976994407,0.834272058172885,0.000676887811201142,0.000673332209780902,0.891489523399056,0.891419128378078,0.00105610259646623,0.00105096056952575,0.544715447154472,0.959349593495935,246
"CMU-TimeSeries","37",0.800962931813282,0.800640895564946,0.00146201480206046,0.00144518310116834,0.920091827027633,0.919952936247881,0.00231975443145927,0.0022932987583345,0.390243902439024,0.91869918699187,246
"CMU-TimeSeries","38",0.665686257589464,0.665394874430207,0.00110599704372795,0.00109850597637432,1.06221263185161,1.06181201911838,0.00168717316052106,0.00167640843028847,0.373983739837398,0.83739837398374,246
"CMU-TimeSeries","39",0.703084727152037,0.702590741511261,0.00107286784085659,0.00106319377626892,0.978485868022502,0.978167228300606,0.00168942414715161,0.00167462967581249,0.5,0.865853658536585,246
"CMU-TimeSeries","40",0.761093521764627,0.760855201472301,0.0010823100697051,0.00107526686510846,1.03656288801427,1.0364010515126,0.00163962182789612,0.00162936123638797,0.410569105691057,0.817073170731707,246
"CMU-TimeSeries","41",0.746082427835803,0.745652261700279,0.000942356725159868,0.000933968183818943,0.812476708864733,0.812743192547723,0.00147704180723619,0.00146412469808956,0.40650406504065,0.910569105691057,246
"CMU-TimeSeries","42",0.717088045610113,0.716652095688254,0.000879359058532615,0.000873275306103245,1.32834209935231,1.32811643448834,0.00139598792405365,0.00138679445966315,0.455284552845528,0.902439024390244,246
"CMU-TimeSeries","44",0.939562851207012,0.939240817855489,0.00105345623728701,0.00104705899886631,1.14293389876115,1.14287330547375,0.00162683634451845,0.00161759482913834,0.329268292682927,0.83739837398374,246
"CMU-TimeSeries","45",0.782160727125456,0.781658191445582,0.00154127314836635,0.00152287642669771,0.927635355141485,0.927339560433318,0.00238371237454103,0.0023555015359609,0.394308943089431,0.886178861788618,246
"CMU-TimeSeries","46",1.09506847315305,1.09447776848533,0.00152745273231927,0.00151422204988172,1.40063346649108,1.39998485476204,0.00220740492807591,0.00218912053212447,0.296747967479675,0.821138211382114,246
"CMU-TimeSeries","47",0.792604672897969,0.792199865492913,0.0010075903113507,0.00100018933408404,1.00492082286938,1.00461559058602,0.00162014423322368,0.00160864435668436,0.394308943089431,0.930894308943089,246
"CMU-TimeSeries","48",0.733794728381935,0.733350571329627,0.0018928869189194,0.00186427465532964,0.743021988611203,0.742866673762462,0.00285142625588007,0.00280769560082419,0.471544715447154,0.853658536585366,246
"CMU-TimeSeries","49",0.698729290973989,0.698351222732127,0.000947457584383569,0.000939672293115681,0.670382263373537,0.670387812298039,0.00143512693846269,0.00142343518363277,0.443089430894309,0.930894308943089,246
"CMU-TimeSeries","50",0.768966114873788,0.768788505635007,0.00109284383671491,0.00108580449915596,0.992153014270682,0.992020938308464,0.00167974210772139,0.00166950549773416,0.341463414634146,0.808943089430894,246
"CMU-TimeSeries","51",0.812531129160472,0.812003906611915,0.00114988674861918,0.00113968784557074,1.04869017774854,1.04847857686655,0.0018234060438444,0.00180783709257672,0.439024390243902,0.951219512195122,246
"CMU-TimeSeries","53",0.804689984990247,0.80413721539046,0.00105996972679604,0.00105043767655339,0.769315568009671,0.769455013684968,0.00163471918362061,0.00162021823226645,0.459349593495935,0.922764227642276,246
"CMU-TimeSeries","54",0.698253821115831,0.697731429333248,0.00172019150202695,0.00169834591087332,0.814536492931223,0.814256657206986,0.00263126528031352,0.00260022218721764,0.308943089430894,0.894308943089431,246
"CMU-TimeSeries","55",0.657211128698854,0.656682557945773,0.00122564718391187,0.00121569226559856,0.711613950161333,0.711386979207,0.00179357151138524,0.00177939457720889,0.439024390243902,0.845528455284553,246
"CMU-TimeSeries","56",0.898525988599619,0.898672145621547,0.00327673488880577,0.00325985136944637,1.12616328427132,1.12622121999247,0.00427129134236809,0.00425156220357817,0.245283018867925,0.518867924528302,106
"CovidHub-baseline","01",1,1,0.00146636389898548,0.00145488812158885,1,1,0.00213652173913043,0.0021186964402457,0.743478260869565,0.98695652173913,230
"CovidHub-baseline","02",1,1,0.000971875862783023,0.000967043605518128,1,1,0.00128086956521739,0.00127455474269899,0.882608695652174,1,230
"CovidHub-baseline","04",1,1,0.000875361967171203,0.000870289012826808,1,1,0.00116086956521739,0.00115361652432559,0.804347826086957,1,230
"CovidHub-baseline","05",1,1,0.00119187252734747,0.00118444013097238,1,1,0.00179086956521739,0.00177943764767059,0.730434782608696,1,230
"CovidHub-baseline","06",1,1,0.00112639153889092,0.00111668886086662,1,1,0.00155521739130435,0.0015406100998753,0.673913043478261,0.952173913043478,230
"CovidHub-baseline","08",1,1,0.000774300510299441,0.000770382076258813,1,1,0.00113826086956522,0.0011321859241891,0.726086956521739,1,230
"CovidHub-baseline","09",1,1,0.00110462932949706,0.00109717715347586,1,1,0.00159826086956522,0.00158680952757861,0.734782608695652,1,230
"CovidHub-baseline","10",1,1,0.00118561683636048,0.0011782537608863,1,1,0.00176739130434783,0.00175612062158197,0.726086956521739,1,230
"CovidHub-baseline","11",1,1,0.00117831737988063,0.00117243812716989,1,1,0.0018426084913023,0.00183335321089114,0.743478260869565,0.991304347826087,230
"CovidHub-baseline","12",1,1,0.00157100062717835,0.00155150987142322,1,1,0.00218608695652174,0.00215600140572257,0.7,0.978260869565217,230
"CovidHub-baseline","13",1,1,0.00121825971848138,0.00120998836421361,1,1,0.00175086956521739,0.00173866573454285,0.691304347826087,0.973913043478261,230
"CovidHub-baseline","15",1,1,0.00212527651856659,0.00209189404923039,1,1,0.0029495652173913,0.00289953918808256,0.71304347826087,0.921739130434783,230
"CovidHub-baseline","16",1,1,0.000978213352025023,0.000972491747584244,1,1,0.00129782608695652,0.00128958985201595,0.791304347826087,0.98695652173913,230
"CovidHub-baseline","17",1,1,0.0012895847464837,0.00127836200988158,1,1,0.0018495652173913,0.00183347026566675,0.68695652173913,0.965217391304348,230
"CovidHub-baseline","18",1,1,0.00124382435455855,0.00123336297488823,1,1,0.00187217391304348,0.00185581396262241,0.678260869565217,0.982608695652174,230
"CovidHub-baseline","19",1,1,0.0016709207138149,0.00165574205015013,1,1,0.00261034633334839,0.00258749345008571,0.609195402298851,0.954022988505747,174
"CovidHub-baseline","20",1,1,0.000990343977471136,0.000984762113243085,1,1,0.00144565217391304,0.00143720429229253,0.726086956521739,0.991304347826087,230
"CovidHub-baseline","21",1,1,0.00132182696557679,0.00131174338010812,1,1,0.00202260869565217,0.00200657302403409,0.708695652173913,1,230
"CovidHub-baseline","22",1,1,0.00190751853898561,0.00188499970294611,1,1,0.00269130434782609,0.00265823444308046,0.665217391304348,0.956521739130435,230
"CovidHub-baseline","23",1,1,0.0011755185435432,0.00116733584661144,1,1,0.00159913037608637,0.00158792191144225,0.834782608695652,0.973913043478261,230
"CovidHub-baseline","24",1,1,0.00101501431896403,0.00100874002367168,1,1,0.00151695652173913,0.00150700895409231,0.756521739130435,1,230
"CovidHub-baseline","25",1,1,0.000981521580826243,0.000975623339965916,1,1,0.00143173913043478,0.00142265049132836,0.778260869565217,1,230
"CovidHub-baseline","26",1,1,0.00125632697975551,0.00124649481576943,1,1,0.00184652172282592,0.00183164898531232,0.691304347826087,0.965217391304348,230
"CovidHub-baseline","27",1,1,0.000942104468107148,0.000936452495256267,1,1,0.00139434782608696,0.00138560140496736,0.78695652173913,1,230
"CovidHub-baseline","28",1,1,0.00151605660820101,0.00150229069070021,1,1,0.00221695652173913,0.00219649966699362,0.721739130434783,0.978260869565217,230
"CovidHub-baseline","29",1,1,0.000399163787411366,0.000398394547522008,1,1,0.00062258064516129,0.000621497436086904,0.403225806451613,1,62
"CovidHub-baseline","30",1,1,0.000894149369851799,0.000889459167284309,1,1,0.00130913011195329,0.00130211227627161,0.769565217391304,1,230
"CovidHub-baseline","31",1,1,0.000937714377589371,0.000932769355930828,1,1,0.00134913043478261,0.00134192642668683,0.747826086956522,0.978260869565217,230
"CovidHub-baseline","32",1,1,0.000958533009060469,0.000952686613711496,1,1,0.00135478260869565,0.0013462713068439,0.704347826086957,0.947826086956522,230
"CovidHub-baseline","33",1,1,0.00104148530778134,0.00103503435195706,1,1,0.00148086956521739,0.00147143970895368,0.847826086956522,1,230
"CovidHub-baseline","34",1,1,0.000837981684770903,0.000833634635798292,1,1,0.00119869565217391,0.00119221014967808,0.765217391304348,1,230
"CovidHub-baseline","35",1,1,0.00123924479925548,0.00122977342373402,1,1,0.00176,0.00174575118252149,0.817391304347826,0.995652173913044,230
"CovidHub-baseline","36",1,1,0.000657846288588907,0.000655157062824647,1,1,0.000957826086956522,0.000953769757392784,0.756521739130435,1,230
"CovidHub-baseline","37",1,1,0.00167343464709456,0.00165731640795796,1,1,0.00237260869565217,0.0023490767885688,0.743478260869565,0.956521739130435,230
"CovidHub-baseline","38",1,1,0.00108814102241812,0.00108186450902618,1,1,0.00155608695652174,0.00154673032930918,0.81304347826087,0.98695652173913,230
"CovidHub-baseline","39",1,1,0.0012136268876644,0.00120337488307435,1,1,0.00178782608695652,0.00177224661610271,0.673913043478261,0.969565217391304,230
"CovidHub-baseline","40",1,1,0.00107555451275165,0.00106908151886501,1,1,0.00162,0.00161009495230747,0.743478260869565,1,230
"CovidHub-baseline","41",1,1,0.000915209165197087,0.000909192521439511,1,1,0.00123260869565217,0.00122314274878064,0.765217391304348,0.995652173913044,230
"CovidHub-baseline","42",1,1,0.00091760292903982,0.000911986539694738,1,1,0.00138652173913043,0.00137777649822526,0.682608695652174,0.969565217391304,230
"CovidHub-baseline","44",1,1,0.00100766455375818,0.00100229330488245,1,1,0.00150782600869487,0.00149962182534613,0.721739130434783,0.995652173913044,230
"CovidHub-baseline","45",1,1,0.00167375641937036,0.00165722460702476,1,1,0.00229652173913043,0.00227298962945596,0.756521739130435,0.960869565217391,230
"CovidHub-baseline","46",1,1,0.00131545054301088,0.00130517431205723,1,1,0.00194304347826087,0.00192764594525621,0.726086956521739,0.973913043478261,230
"CovidHub-baseline","47",1,1,0.00108746981003942,0.00108097531111558,1,1,0.00158434782608696,0.00157453011517635,0.769565217391304,1,230
"CovidHub-baseline","48",1,1,0.00202041444450076,0.00199492557677151,1,1,0.0028,0.00276300402379735,0.608695652173913,0.943478260869565,230
"CovidHub-baseline","49",1,1,0.000965857223591149,0.000959855616563911,1,1,0.00128782608695652,0.00127877929694601,0.834782608695652,0.995652173913044,230
"CovidHub-baseline","50",1,1,0.00104432357180888,0.00103866515814934,1,1,0.00138260781520859,0.00137481470419356,0.843478260869565,1,230
"CovidHub-baseline","51",1,1,0.00124763086621707,0.0012388712285879,1,1,0.0017995652173913,0.00178628585233566,0.769565217391304,1,230
"CovidHub-baseline","53",1,1,0.00107044391276358,0.00106234424005246,1,1,0.00146695652173913,0.00145455341892317,0.717391304347826,0.943478260869565,230
"CovidHub-baseline","54",1,1,0.0017959913036689,0.00177546631169706,1,1,0.00261695652173913,0.00258719845317655,0.68695652173913,0.969565217391304,230
"CovidHub-baseline","55",1,1,0.00115840262845397,0.00115003314892223,1,1,0.00172217391304348,0.00170932529438074,0.678260869565217,0.965217391304348,230
"CovidHub-baseline","56",1,1,0.00225768961883491,0.00224518886980072,1,1,0.0034012981673295,0.00338534862520861,0.626086956521739,0.952173913043478,230
"CovidHub-ensemble","01",0.536539502010688,0.536227630230308,0.00061023059010079,0.000606920484894598,0.622353950954492,0.622062878934576,0.000970068931130138,0.000964865256802895,0.561643835616438,0.979452054794521,146
"CovidHub-ensemble","02",0.736539007990285,0.736492247036618,0.00060878560182148,0.000606919043170881,0.995127885131256,0.99511581571876,0.000956875864614769,0.000954053369871365,0.383561643835616,0.897260273972603,146
"CovidHub-ensemble","04",0.626801024139625,0.6266827421073,0.000369170086523187,0.000367705973865601,0.748989128670286,0.749012171395894,0.000574138336469285,0.000571926018468373,0.698630136986301,1,146
"CovidHub-ensemble","05",0.687984485150487,0.687749800027539,0.000562235750599475,0.000559642542666925,1.28267407078288,1.28237210921106,0.000908517158234355,0.000904403581182163,0.417808219178082,0.958904109589041,146
"CovidHub-ensemble","06",0.678561407935021,0.678509066656164,0.000403300700099458,0.000401340144547216,0.784000262051509,0.784425491360372,0.000665138931562016,0.00066198342170692,0.527397260273973,0.993150684931507,146
"CovidHub-ensemble","08",0.6137898170196,0.61369105296784,0.000311173955004356,0.000310155313324551,0.720051923887701,0.720140621750159,0.000473284233357285,0.000471859396851961,0.602739726027397,0.972602739726027,146
"CovidHub-ensemble","09",0.531401101292964,0.531348818493856,0.000417842311229802,0.000415876282768445,0.531372837668253,0.531515519690928,0.000625657657072717,0.000622914146932257,0.671232876712329,0.979452054794521,146
"CovidHub-ensemble","10",0.726699439168383,0.726431521732288,0.000625065556600694,0.000621418806343918,0.884034954050304,0.883935805231443,0.000968717901714562,0.00096333508683885,0.5,0.938356164383562,146
"CovidHub-ensemble","11",0.81972714483993,0.819688171788288,0.000692279031817586,0.000690241997142985,0.834626057362835,0.834564529304248,0.0009578170754895,0.00095513670595263,0.397260273972603,0.821917808219178,146
"CovidHub-ensemble","12",0.483025469005752,0.482990743387688,0.000503615603385854,0.000500268372732521,0.485028157551013,0.485357989060694,0.000822970293253037,0.000817467153749965,0.575342465753425,1,146
"CovidHub-ensemble","13",0.647294994595,0.647222916817668,0.000589764753026574,0.000586801519949423,0.867213300864378,0.867206765321571,0.000897558374235678,0.000893172736539693,0.547945205479452,0.917808219178082,146
"CovidHub-ensemble","15",0.900212774417144,0.900272631092768,0.000810702652780777,0.000803921866677433,1.19617651085648,1.19751606019658,0.00129922182671096,0.00128871425627856,0.417808219178082,0.945205479452055,146
"CovidHub-ensemble","16",0.744902593619708,0.744607102723709,0.000473962234660397,0.000472057770507206,0.867714786533095,0.86779210031119,0.000716643852683613,0.000713853278636183,0.616438356164384,0.945205479452055,146
"CovidHub-ensemble","17",0.496733531694984,0.496530202249338,0.000404637873823683,0.000402064941354372,1.08573317029862,1.08538630352562,0.000622236728377336,0.000618405689379672,0.527397260273973,0.979452054794521,146
"CovidHub-ensemble","18",0.56227906778565,0.562176585162246,0.000441930935307227,0.00043965543329732,0.755936799096656,0.756343904268465,0.000623009111318633,0.000620401107103337,0.541095890410959,0.917808219178082,146
"CovidHub-ensemble","19",0.670378731569384,0.670426079251259,0.000703123031313932,0.0006982167367518,0.661416301593596,0.661490233986604,0.00108117474511432,0.00107375290787031,0.244444444444444,0.7,90
"CovidHub-ensemble","20",0.575497331100962,0.575493273723992,0.000328240830263229,0.000327029931397459,0.737796119881855,0.738066255059793,0.000446086648483136,0.000444781910186866,0.602739726027397,0.993150684931507,146
"CovidHub-ensemble","21",0.605725859565706,0.605605405470498,0.000526679584793333,0.000523628622416774,0.841602347545728,0.841634400589993,0.000844707329172012,0.000839976678001741,0.397260273972603,0.945205479452055,146
"CovidHub-ensemble","22",0.466486864645789,0.466743280715292,0.000767476403378859,0.000761460460302752,0.382540109333092,0.382895904565456,0.00119665042965792,0.0011875147792241,0.506849315068493,0.952054794520548,146
"CovidHub-ensemble","23",0.668974368018443,0.668799621649376,0.000515621856491466,0.000512872366194498,0.781349967125928,0.781123232509389,0.000800362073657268,0.000796029961028754,0.472602739726027,0.856164383561644,146
"CovidHub-ensemble","24",0.523106357395856,0.523007808665095,0.000384353776115252,0.000382720802905688,0.889306679922218,0.889452439196025,0.00054603184718612,0.000543845135864663,0.63013698630137,0.986301369863014,146
"CovidHub-ensemble","25",0.6091875428206,0.608953902422051,0.000309651871249913,0.000308399510692574,0.684120786778595,0.68409376213866,0.000457151790714357,0.000455464766573292,0.636986301369863,1,146
"CovidHub-ensemble","26",0.50376406711787,0.50370939653349,0.000425882604206312,0.000423378326933234,0.721688300684632,0.721905223017121,0.000619119699374424,0.00061581540797192,0.534246575342466,0.917808219178082,146
"CovidHub-ensemble","27",0.608991664778962,0.60873096940586,0.000358971792750923,0.000357357507877977,0.865100376016194,0.865149233117349,0.000522375790591981,0.00052032297586287,0.561643835616438,0.965753424657534,146
"CovidHub-ensemble","28",0.681382723842297,0.680950781366807,0.000788514516923517,0.00078346247293023,0.902298762771573,0.901801424285414,0.00129477426040453,0.00128658170436912,0.424657534246575,0.952054794520548,146
"CovidHub-ensemble","29",0.839169546025154,0.839134885666802,0.000493052910722703,0.000490791629539064,0.872267076037993,0.872182768141712,0.000783231283562488,0.000779817591566335,0.346153846153846,0.951923076923077,104
"CovidHub-ensemble","30",0.836882728477524,0.836767012446912,0.000472751759889765,0.00047105287120703,0.956017017681255,0.955977522871552,0.000736628406890418,0.000734023803276338,0.404109589041096,0.856164383561644,146
"CovidHub-ensemble","31",0.670674345060177,0.67041713598303,0.000397940885148804,0.000396227008149727,0.824933660485121,0.824691464886254,0.000617916337071612,0.000615283189865682,0.513698630136986,0.931506849315068,146
"CovidHub-ensemble","32",0.718912630033954,0.718954581323032,0.000379705813698829,0.000378376800533097,0.794875548767731,0.795093584235941,0.000610890704559827,0.000608800947840346,0.486301369863014,0.979452054794521,146
"CovidHub-ensemble","33",0.800862330646301,0.800764942481743,0.000501408695021211,0.000498900479798097,0.936811463876604,0.936959612645551,0.000778973316637323,0.00077525701438203,0.493150684931507,0.931506849315068,146
"CovidHub-ensemble","34",0.581387659943479,0.581124101525983,0.000339649436449533,0.000338232491158163,0.611733838532312,0.611607055577058,0.000501609790502664,0.000499607520255422,0.684931506849315,1,146
"CovidHub-ensemble","35",0.621746218686436,0.621761668730311,0.000439311667866555,0.000437500997425061,0.786703986559211,0.786849256301031,0.000669985703874361,0.000667458001289887,0.513698630136986,0.972602739726027,146
"CovidHub-ensemble","36",0.668155149944486,0.667895344814059,0.000315005721706253,0.000313889938590479,0.735975127633595,0.73587880584686,0.00049896739066182,0.000497253512026921,0.643835616438356,1,146
"CovidHub-ensemble","37",0.526357363378448,0.526289665873016,0.000545634820944127,0.000542723321339593,0.621267861841617,0.621231550238994,0.000893400310772977,0.000888668723235547,0.520547945205479,1,146
"CovidHub-ensemble","38",0.5452433605753,0.545161843704895,0.000657086385973309,0.000653153984296631,0.838961292141619,0.838861149460267,0.00102040842368692,0.00101447678540612,0.424657534246575,0.897260273972603,146
"CovidHub-ensemble","39",0.521976706131526,0.521725019092846,0.000384948585794923,0.000382861404043362,0.750814355541006,0.750805937874364,0.00056927475898669,0.000566412889037482,0.60958904109589,0.938356164383562,146
"CovidHub-ensemble","40",0.568618164303342,0.568634776348869,0.000586122982378585,0.000582772275411383,0.698453681742261,0.6985201788446,0.000935613850265009,0.000930380414482746,0.417808219178082,0.924657534246575,146
"CovidHub-ensemble","41",0.644961237058352,0.644576105604492,0.000374369463691004,0.00037275300780213,0.70450763239583,0.704580788921976,0.000591903055417788,0.000589359072442997,0.561643835616438,0.979452054794521,146
"CovidHub-ensemble","42",0.493885800179182,0.493651586769927,0.00029201065546739,0.000290781451059668,0.793681273323025,0.793610336840499,0.000414628453516509,0.000413063999110137,0.664383561643836,0.986301369863014,146
"CovidHub-ensemble","44",0.751940420838025,0.751794779612601,0.000426666811530536,0.000425299455068735,0.847036369018447,0.847107807986986,0.000652609624855799,0.000650620238157031,0.438356164383562,0.89041095890411,146
"CovidHub-ensemble","45",0.543934056883444,0.544115340539625,0.000583613249994824,0.000580780300335735,0.584291665629508,0.584599485343671,0.000890804050142788,0.000886626524184634,0.513698630136986,0.965753424657534,146
"CovidHub-ensemble","46",0.881432606450321,0.880746406013322,0.000705720630277099,0.000701063291327725,1.09470935252408,1.09406193290895,0.00106593194904848,0.00105895045260755,0.424657534246575,0.876712328767123,146
"CovidHub-ensemble","47",0.615699548011995,0.615503615776553,0.000426857510455412,0.000424954578430299,0.782691923462914,0.782495980221743,0.000675296274736331,0.000672351831723096,0.602739726027397,0.993150684931507,146
"CovidHub-ensemble","48",0.42303120558879,0.423152571853848,0.000813141572022315,0.000805615959505041,0.450039611773235,0.45041007724749,0.00125752687618061,0.00124576743523562,0.616438356164384,0.952054794520548,146
"CovidHub-ensemble","49",0.600263993826185,0.600078519757289,0.000274779206989461,0.0002741220099958,0.773867768384845,0.773967206215251,0.000395185116080534,0.000394333720643743,0.678082191780822,1,146
"CovidHub-ensemble","50",0.657173383705947,0.65707241363613,0.000645427594959628,0.00064247747022342,0.864648746980678,0.864550347042292,0.000982748871033588,0.00097839539987676,0.397260273972603,0.801369863013699,146
"CovidHub-ensemble","51",0.613464744863743,0.613502597409398,0.000492619370606133,0.000490081584069656,0.775099407645206,0.775324234778992,0.000769257650397971,0.000765429226617836,0.547945205479452,0.993150684931507,146
"CovidHub-ensemble","53",0.71543955220747,0.71485079999077,0.000421180335396824,0.000418987901970715,0.719641967167449,0.719609076600413,0.000669445665219242,0.000666022746559958,0.595890410958904,0.986301369863014,146
"CovidHub-ensemble","54",0.601559929842941,0.601260667265295,0.000645345816918577,0.000640070867431405,0.772224973315925,0.771948657386816,0.00105067211092414,0.00104219003821159,0.410958904109589,0.979452054794521,146
"CovidHub-ensemble","55",0.623864418478943,0.623433641753401,0.000469863005148646,0.000466877049232104,0.705662917853182,0.705464608864703,0.000699847525535903,0.000695635446369357,0.493150684931507,0.924657534246575,146
"CovidHub-ensemble","56",0.837122848308515,0.837229904266229,0.000755948527203303,0.000752485597515868,1.14299203720113,1.14303277924965,0.00116164836913229,0.00115655460045072,0.5,0.944444444444444,54
"UGA_flucast-INFLAenza","01",0.51833765566012,0.518175842529167,0.000735954812479404,0.000729442839401536,0.596353151101566,0.596193508333502,0.00116916190772405,0.00115844893287518,0.599009900990099,0.965346534653465,202
"UGA_flucast-INFLAenza","02",0.594394468603542,0.594298233046413,0.000700502839987141,0.000696490168263452,0.809702941763466,0.809506104208293,0.001102075292016,0.00109592243869221,0.440594059405941,0.876237623762376,202
"UGA_flucast-INFLAenza","04",0.602658044089686,0.602592005544736,0.00052709648838623,0.000523733983251134,0.716886832248358,0.716919646594232,0.000836251680580137,0.000831022673623619,0.559405940594059,0.985148514851485,202
"UGA_flucast-INFLAenza","05",0.624341143039792,0.624165250097787,0.000776312914194703,0.000770770884752269,1.09946067326457,1.09934309569907,0.00123138597097397,0.00122288782809651,0.450495049504951,0.925742574257426,202
"UGA_flucast-INFLAenza","06",0.576356553368384,0.576992918520977,0.000627098030050101,0.000622337973095254,0.568814151935348,0.569516453613184,0.00105601133396808,0.00104763306332128,0.361386138613861,0.940594059405941,202
"UGA_flucast-INFLAenza","08",0.629451290158296,0.62939803261773,0.000380721799980477,0.000378642374563801,0.79317405977599,0.79324195795041,0.000571586642195039,0.000568498424540767,0.688118811881188,0.995049504950495,202
"UGA_flucast-INFLAenza","09",0.537872045244796,0.537737985829695,0.000585936239996659,0.000581822187219147,0.548543802631614,0.548610572293097,0.000909604464228384,0.000903323712972367,0.574257425742574,1,202
"UGA_flucast-INFLAenza","10",0.756323228921865,0.756264613093324,0.000778993691536929,0.000773781115729816,0.924996047325517,0.925006876122904,0.00123669143422516,0.00122848285911268,0.420792079207921,0.905940594059406,202
"UGA_flucast-INFLAenza","11",1.0112818858258,1.01117255810829,0.000880710248597351,0.000876386959283561,0.934152156286566,0.934111726373,0.00129350164693703,0.00128711533671762,0.267326732673267,0.742574257425743,202
"UGA_flucast-INFLAenza","12",0.51971052609296,0.519879088885614,0.000777825241149191,0.000767764195407278,0.434122833615677,0.434710686255176,0.001158579738563,0.00114427030080961,0.613861386138614,0.97029702970297,202
"UGA_flucast-INFLAenza","13",0.694384637432865,0.694095490548511,0.000793531694495475,0.000787249698239857,0.918719245236453,0.918463211487419,0.00125230006830267,0.00124254677489694,0.524752475247525,0.925742574257426,202
"UGA_flucast-INFLAenza","15",1.10420466654647,1.10389997831117,0.00146915411592215,0.00144261491194429,1.49850259192156,1.49951912993611,0.00227859777776817,0.00223735733863001,0.386138613861386,0.816831683168317,202
"UGA_flucast-INFLAenza","16",0.948505378953572,0.948299498396922,0.000650019017311532,0.000645920410635038,1.16080889462181,1.16112326597026,0.00103300762580264,0.00102663261049298,0.49009900990099,0.945544554455445,202
"UGA_flucast-INFLAenza","17",0.55193590315253,0.551579712963572,0.000948964213004847,0.000938924638105004,1.13311696346234,1.13257472577316,0.00138925157563021,0.00137522494288538,0.534653465346535,0.925742574257426,202
"UGA_flucast-INFLAenza","18",0.583196929239244,0.583219809983401,0.000747814307605869,0.000741022805270053,0.789591178426608,0.789891860283559,0.00114062102171388,0.00113061556933858,0.465346534653465,0.930693069306931,202
"UGA_flucast-INFLAenza","19",0.755305593288742,0.754862277055741,0.00137524207422831,0.001361273729572,0.743123880865826,0.742775613453495,0.00203314840054572,0.00201352584794815,0.264516129032258,0.748387096774194,155
"UGA_flucast-INFLAenza","20",0.572711513621935,0.572595689212425,0.000656794620066297,0.000652460893907494,0.765428549988543,0.765406111268973,0.000979556830848664,0.000973431316586147,0.475247524752475,0.940594059405941,202
"UGA_flucast-INFLAenza","21",0.59904587033428,0.598902785093926,0.000792421938640266,0.000785674977738624,0.829221175891117,0.829141986561615,0.00131471035481174,0.00130354450724577,0.435643564356436,0.99009900990099,202
"UGA_flucast-INFLAenza","22",0.511846091168527,0.511871581373657,0.00104798888098873,0.00103462511355796,0.496449412864075,0.496576005649114,0.00171795355426501,0.00169565286974943,0.48019801980198,0.925742574257426,202
"UGA_flucast-INFLAenza","23",0.914132472440001,0.913746205596333,0.000922898492187771,0.000915258742613587,1.02759586611872,1.02726996767618,0.0013718707612291,0.00136105235252356,0.376237623762376,0.782178217821782,202
"UGA_flucast-INFLAenza","24",0.688923664334595,0.689022943929501,0.000576036432798479,0.000572477021817299,1.84558370496902,1.84617223159534,0.00090567354691165,0.000900058358136443,0.495049504950495,0.965346534653465,202
"UGA_flucast-INFLAenza","25",0.739929763337903,0.739625942531888,0.000498515869027099,0.000495141704686055,0.769542052464686,0.769394129338994,0.000773415540851413,0.000768126441502378,0.643564356435644,0.98019801980198,202
"UGA_flucast-INFLAenza","26",0.591713606832196,0.591684027051662,0.000920617252993025,0.000912699648277043,0.911377859084898,0.911576717976016,0.00135185380530796,0.00134074794979324,0.405940594059406,0.876237623762376,202
"UGA_flucast-INFLAenza","27",0.716739793851358,0.716674002191687,0.000542428818326782,0.000538919996012975,1.22249261131958,1.22260196002729,0.00083688441179187,0.000831496033134423,0.554455445544555,0.965346534653465,202
"UGA_flucast-INFLAenza","28",0.617343479851413,0.616923132468995,0.000928752280092755,0.00091883136509176,0.816117343400087,0.815663620998059,0.00148587846997385,0.00147049763611503,0.49009900990099,0.965346534653465,202
"UGA_flucast-INFLAenza","29",0.756972317401395,0.756946211485394,0.000233959648627997,0.00023349684137817,0.837408761130628,0.83721384446137,0.000366739035031247,0.00036598996327051,0.58,1,50
"UGA_flucast-INFLAenza","30",0.954749858239634,0.954660445227765,0.000687775420715018,0.000683857227104372,1.00865313273399,1.00854477347914,0.00111112333300532,0.00110465774222152,0.381188118811881,0.846534653465347,202
"UGA_flucast-INFLAenza","31",0.642748380368087,0.64269511077875,0.000726282280492347,0.000721918153857401,0.871169672922079,0.871143409559367,0.00106384264722552,0.00105784040229004,0.396039603960396,0.856435643564356,202
"UGA_flucast-INFLAenza","32",0.637568317833451,0.637501948651725,0.000524274120765597,0.000520866679715682,0.708073208448688,0.708028996229117,0.000869202556224219,0.000863559053279436,0.514851485148515,0.995049504950495,202
"UGA_flucast-INFLAenza","33",0.889660169333859,0.88961898813355,0.000644090359076239,0.000639835544544638,0.947714605005548,0.947816777745067,0.00103653079293637,0.00102954775783553,0.475247524752475,0.925742574257426,202
"UGA_flucast-INFLAenza","34",0.864973049918582,0.864908655525515,0.000445627578238104,0.000443234370267171,1.04477300693081,1.0448990477266,0.000660008123135132,0.000656541942603618,0.698019801980198,0.995049504950495,202
"UGA_flucast-INFLAenza","35",0.544439669773807,0.544285582134627,0.000665356032022736,0.000659475267999375,0.671479188164637,0.671346179248088,0.0010432484777151,0.00103403672694973,0.579207920792079,0.99009900990099,202
"UGA_flucast-INFLAenza","36",0.893966508426635,0.893913411256557,0.000383876381293803,0.000382181259424046,1.15034407017827,1.15040543416757,0.000595026126888973,0.000592447526577521,0.628712871287129,1,202
"UGA_flucast-INFLAenza","37",0.54963232262103,0.549473036761672,0.00102574697136056,0.00101439546376841,0.551040813733333,0.551016534137527,0.00161541727337978,0.00159811103610168,0.47029702970297,0.930693069306931,202
"UGA_flucast-INFLAenza","38",0.498798098147526,0.498752115358184,0.000898499369286827,0.000892403821672342,0.786435232786321,0.786360050377802,0.00133524518084386,0.00132652150919368,0.321782178217822,0.787128712871287,202
"UGA_flucast-INFLAenza","39",0.614473378257392,0.614512493316661,0.000793824927083602,0.000786487164828572,0.912377127404225,0.912749237902682,0.00123555841806062,0.00122476411819672,0.405940594059406,0.915841584158416,202
"UGA_flucast-INFLAenza","40",0.552708589300033,0.552564862767679,0.000775382214180568,0.000769949327595099,0.74949151915473,0.749282688308348,0.00123334786931608,0.00122478477328007,0.410891089108911,0.915841584158416,202
"UGA_flucast-INFLAenza","41",1.12334508885636,1.12346482100031,0.0006272361284069,0.000623162277527142,1.09616488876231,1.09720348659899,0.000905022582273821,0.000899159905650375,0.613861386138614,0.896039603960396,202
"UGA_flucast-INFLAenza","42",0.658311185951943,0.658232107941978,0.000544973267644819,0.000541176031541071,1.43960109584502,1.43969706846057,0.000838107985297472,0.000832429819459201,0.534653465346535,0.97029702970297,202
"UGA_flucast-INFLAenza","44",0.803275948413177,0.803235126241876,0.000669451083123389,0.000665418101498838,0.988214442400377,0.988296867298968,0.00104464551779665,0.00103854237980983,0.381188118811881,0.846534653465347,202
"UGA_flucast-INFLAenza","45",0.539721502672015,0.539517481117051,0.00103599876790346,0.00102404435829596,0.613988030879286,0.613907386067756,0.00159280062858947,0.00157517187797288,0.47029702970297,0.900990099009901,202
"UGA_flucast-INFLAenza","46",0.694739916515147,0.694613174961277,0.00106544757218735,0.00105589916752551,0.937185843238646,0.937080808598986,0.00157164918172836,0.00155834865918975,0.376237623762376,0.821782178217822,202
"UGA_flucast-INFLAenza","47",0.54766183593539,0.547474447471791,0.000571198002864273,0.000567145565866239,0.694051701300972,0.693806230092518,0.000887901279648031,0.000881501582699369,0.643564356435644,0.985148514851485,202
"UGA_flucast-INFLAenza","48",0.548373763123357,0.54832807839803,0.00105693901222743,0.00104244697292429,0.62429136219948,0.624427727796721,0.00173978411313476,0.00171554100986738,0.495049504950495,0.97029702970297,202
"UGA_flucast-INFLAenza","49",0.74890176589154,0.748710038877349,0.000488129697346346,0.000484723520669916,1.13413699775228,1.13433528303604,0.000771145989963766,0.000765728894411122,0.638613861386139,0.985148514851485,202
"UGA_flucast-INFLAenza","50",0.60274762274324,0.602661944968578,0.000664268160140668,0.00066021235480592,0.8331263296423,0.83298269156217,0.00103892111283745,0.00103255181033623,0.450495049504951,0.841584158415842,202
"UGA_flucast-INFLAenza","51",0.623401795704569,0.623551237638466,0.000719903290469685,0.000714579788436146,0.780637404825364,0.780853495671105,0.00120485854852842,0.00119578474616366,0.495049504950495,0.97029702970297,202
"UGA_flucast-INFLAenza","53",1.09408235203433,1.0943916579634,0.000638281204384757,0.000633577740549548,1.15837568798906,1.15961943296172,0.000965941850794741,0.000958856001897778,0.569306930693069,0.915841584158416,202
"UGA_flucast-INFLAenza","54",0.812704724473135,0.812217789967706,0.0013777789918719,0.00135942085657438,1.04438448023545,1.04406585926752,0.00206884811857517,0.00204310187033057,0.287128712871287,0.871287128712871,202
"UGA_flucast-INFLAenza","55",0.856135179301515,0.855609625339852,0.000905987705715554,0.000898315959201862,1.01764267650889,1.01743097756504,0.00140754081002869,0.00139611419768836,0.316831683168317,0.876237623762376,202
