"model_id","wis","ae_median","interval_coverage_50","interval_coverage_95","n"
"CFA_Pyrenew-PyrenewHEW_COVID",0.00092875817886225,0.00144150816492447,0.471141781681305,0.927227101631117,1630
"CFA_Pyrenew-Pyrenew_E_COVID",0.000908686039932977,0.00142387784789689,0.466974900924703,0.925693527080581,3238
"CFA_Pyrenew-Pyrenew_HE_COVID",0.000952160267349376,0.00148386516089347,0.466940733127784,0.925659472422062,3127
"CMU-TimeSeries",0.00171320852200185,0.00265034796600324,0.412864493996569,0.882847341337907,6320
"CovidHub-baseline",0.00169294614875918,0.00260708746841854,0.583859649122807,0.962456140350877,6200
"CovidHub-ensemble",0.000762646913534196,0.00115434192854345,0.6,0.980272108843537,1980
"UGA_flucast-INFLAenza",0.00112492398870211,0.00173617636283671,0.477791116446579,0.916366546618647,5488
