"model_id","location","wis","ae_median","interval_coverage_50","interval_coverage_95","n"
"CFA_Pyrenew-Pyrenew_E_COVID","US",0.000197699396682169,0.000270774113670545,0.428571428571429,1,10
"CFA_Pyrenew-Pyrenew_HE_COVID","US",0.000229263730333177,0.000356062575906535,0.428571428571429,1,10
"CMU-TimeSeries","US",0.0005361986007496,0.000877116961973079,0.4,1,20
"CovidHub-baseline","US",0.000737786120107288,0.00123,0.9,1,20
"CovidHub-ensemble","US",0.000373551092884327,0.000530472522423795,0.6,1,20
"UGA_flucast-INFLAenza","US",0.000277809584713098,0.000305987658184736,1,1,20
