"model_id","location","wis","ae_median","interval_coverage_50","interval_coverage_95","n"
"CFA_Pyrenew-Pyrenew_E_COVID","US",0.000236446090200407,0.000293140686543014,0.857142857142857,1,10
"CFA_Pyrenew-Pyrenew_HE_COVID","US",0.00027285057017383,0.000316809994779493,0.857142857142857,1,10
"CMU-TimeSeries","US",0.0003734041188158,0.000417167626393711,0.9,1,20
"CovidHub-baseline","US",0.000548347709372746,0.00048,1,1,20
"CovidHub-ensemble","US",0.000332217781857143,0.000327417396878624,1,1,20
"UGA_flucast-INFLAenza","US",0.000322837624203411,0.000280726460221076,1,1,20
