"model_id","location","wis","ae_median","interval_coverage_50","interval_coverage_95","n"
"CFA_Pyrenew-Pyrenew_E_COVID","US",0.000253342212529152,0.000323829831124632,0.857142857142857,1,10
"CFA_Pyrenew-Pyrenew_HE_COVID","US",0.000251188429834906,0.000276120611366358,0.857142857142857,1,10
"CMU-TimeSeries","US",0.000345544997688585,0.000183299177521286,1,1,20
"CovidHub-baseline","US",0.000513473078041867,0.00029,1,1,20
"CovidHub-ensemble","US",0.000320022045814883,0.000130767704135193,1,1,20
"UGA_flucast-INFLAenza","US",0.000321892193023365,0.000135924107961131,1,1,20
