"model_id","location","wis","ae_median","interval_coverage_50","interval_coverage_95","n"
"CFA_Pyrenew-Pyrenew_E_COVID","US",0.000265133064119682,0.000420804637930799,0.142857142857143,0.857142857142857,10
"CFA_Pyrenew-Pyrenew_HE_COVID","US",0.0002508380009159,0.000393724235493103,0.285714285714286,1,10
"CMU-TimeSeries","US",0.000371533160230259,0.000578906617449335,0.5,1,20
"CovidHub-baseline","US",0.000661259583866708,0.00102,1,1,20
"CovidHub-ensemble","US",0.000281867101246859,0.000377942722399779,0.8,1,20
"UGA_flucast-INFLAenza","US",0.000229723957332896,0.00021742957942236,1,1,20
