"model_id","location","wis_scaled_relative_skill","wis_scaled_relative_skill__log","wis","wis__log","ae_median_scaled_relative_skill","ae_median_scaled_relative_skill__log","ae_median","ae_median__log","interval_coverage_50","interval_coverage_95","n"
"CADPH-CovidCAT_Ensemble","06",0.969438554881529,0.853687451904912,54.3368143593417,0.157947409278365,1.04647521855428,1.0849859125438,82.0390094384622,0.241833948170712,0.358823529411765,0.782352941176471,170
"CEPH-Rtrend_covid","01",1.01063904889011,0.795672747390987,24.1253920583061,0.222466645075173,1.1313364748142,1.00124015369053,35.878612716763,0.340838379178596,0.395953757225434,0.823699421965318,346
"CEPH-Rtrend_covid","02",1.15417078386187,0.986015706608493,2.98172153807489,0.357447710956985,1.02943445686089,0.912773946822772,4.39306358381503,0.516089087215452,0.430635838150289,0.783236994219653,346
"CEPH-Rtrend_covid","04",0.849059494009501,0.579138592712851,30.1427155064086,0.236670675684938,1.2134585105094,1.19286537795117,45,0.350162297804242,0.61271676300578,0.950867052023121,346
"CEPH-Rtrend_covid","05",0.894564376033449,0.749352087870572,12.1433123900478,0.350169891465761,1.12394097797095,1.10338019923052,19.2225433526012,0.554673777767474,0.38150289017341,0.861271676300578,346
"CEPH-Rtrend_covid","06",1.0802362609916,1.01856903906916,109.199224679568,0.212742239104004,1.19320359469138,1.31486406155409,167.346820809249,0.330698338945133,0.404624277456647,0.838150289017341,346
"CEPH-Rtrend_covid","08",0.854865555636385,0.685420426843304,15.7465606936416,0.28684807290208,1.06878624822185,1.08500407877974,24.3323699421965,0.451327042175627,0.436416184971098,0.861271676300578,346
"CEPH-Rtrend_covid","09",0.920392309297542,0.696430788262115,14.5695049007288,0.248991276376703,0.949991296151524,0.889393522780703,22.6936416184971,0.38876053742336,0.488439306358382,0.88150289017341,346
"CEPH-Rtrend_covid","10",0.902484030667318,0.795639225232152,5.7189721035436,0.362029439329369,1.05507750948234,0.991024345421249,8.30346820809249,0.517080131530391,0.459537572254335,0.763005780346821,346
"CEPH-Rtrend_covid","11",1.03395966762715,0.815679950086537,4.74883136466449,0.38608617371839,0.949014491218397,0.829922537035315,6.96531791907514,0.567563026189598,0.38728323699422,0.760115606936416,346
"CEPH-Rtrend_covid","12",0.804190270554908,0.693079577517221,88.5631867303343,0.217953876870892,1.09815083077965,1.1530915295811,127.317919075145,0.323151251681817,0.442196531791907,0.817919075144509,346
"CEPH-Rtrend_covid","13",0.649733634591262,0.516054353658609,30.7026916310631,0.223031201635764,Inf,Inf,46.2919075144509,0.346626759081129,0.401734104046243,0.855491329479769,346
"CEPH-Rtrend_covid","15",1.13997145105039,0.97789309212017,5.92852601156069,0.31139055709516,1.1722243687678,1.08170856187788,8.92485549132948,0.474471386993172,0.436416184971098,0.84971098265896,346
"CEPH-Rtrend_covid","16",0.906759010780871,0.780136729374874,6.21210103040965,0.398510706741731,0.988170871204527,0.920249945293461,9.54335260115607,0.600028884450943,0.375722543352601,0.800578034682081,346
"CEPH-Rtrend_covid","17",0.699076386488398,0.452719450171533,52.0663797436542,0.212651736492708,1.07275813188633,0.969527904856116,78.9884393063584,0.326177269449199,0.540462427745665,0.901734104046243,346
"CEPH-Rtrend_covid","18",0.781913951424019,0.524221417251526,33.2528951997989,0.228888744019248,0.990909799601581,0.912580090141542,50.8352601156069,0.356286600457337,0.511560693641618,0.875722543352601,346
"CEPH-Rtrend_covid","19",0.684602212851131,0.613641304359246,9.49653933149032,0.283796278752013,NA,NA,14.4161849710983,0.432492266165216,0.479768786127168,0.846820809248555,346
"CEPH-Rtrend_covid","20",0.943014784297083,0.787993094938657,14.1492435285248,0.339624002435068,1.28412614695212,1.19520850141987,22.1994219653179,0.541505262348589,0.410404624277457,0.846820809248555,346
"CEPH-Rtrend_covid","21",0.720561455510892,0.599592587977066,23.5110882131189,0.303800626127688,1.11519278566763,1.14469469294348,35.6936416184971,0.48789754237309,0.433526011560694,0.878612716763006,346
"CEPH-Rtrend_covid","22",0.784747537258793,0.69834082257641,19.1417981905001,0.256648472731288,0.99229131512474,1.04170386928484,29.2254335260116,0.398624251543783,0.42485549132948,0.832369942196532,346
"CEPH-Rtrend_covid","23",0.885422441512403,0.903308145010984,4.77735109323951,0.381375815165345,0.968951386495444,0.919222500787231,7.39306358381503,0.581361042397644,0.473988439306358,0.875722543352601,346
"CEPH-Rtrend_covid","24",0.835545204499417,0.68306783508421,19.0326476501634,0.323551311538524,1.02588906132431,0.978878586043213,28.9075144508671,0.483042151649018,0.416184971098266,0.832369942196532,346
"CEPH-Rtrend_covid","25",0.789025656295699,0.566113740810189,31.5346230208595,0.286948522117164,0.884653847558011,0.851870418670804,48.9479768786127,0.453406604054586,0.430635838150289,0.867052023121387,346
"CEPH-Rtrend_covid","26",0.860096708085659,0.560976845268172,67.1321424981151,0.332429103777272,1.11668362713084,1.07655697655925,97.9508670520231,0.499360594663341,0.419075144508671,0.80635838150289,346
"CEPH-Rtrend_covid","27",0.736045695696658,0.523017168250097,21.6669175672279,0.250880151339428,0.910331917857223,0.884662145488068,31.7398843930636,0.383292544070011,0.473988439306358,0.869942196531792,346
"CEPH-Rtrend_covid","28",0.87241095533375,0.724529243972899,10.1111874842925,0.232814630266705,1.05474807645072,1.11409648060078,15.8265895953757,0.3707556537836,0.465317919075145,0.910404624277457,346
"CEPH-Rtrend_covid","29",0.851338108047138,0.698811892950428,32.8060919829103,0.394339617252491,Inf,Inf,49.7658959537572,0.604899791800397,0.355491329479769,0.774566473988439,346
"CEPH-Rtrend_covid","30",0.920504038977271,0.840235761483503,4.85688866549384,0.410536648120507,0.967919146703748,0.8734838543953,7.34393063583815,0.597347441677667,0.410404624277457,0.800578034682081,346
"CEPH-Rtrend_covid","31",0.860252072862386,0.886045497962251,7.71142875094245,0.389092857753656,1.07482931395184,1.17116070301292,11.3583815028902,0.565753399471829,0.390173410404624,0.791907514450867,346
"CEPH-Rtrend_covid","32",0.998872425961668,0.808100231525217,6.56433651671274,0.258084046371832,1.06672576514665,1.03170250093809,9.71676300578035,0.385574528512394,0.445086705202312,0.820809248554913,346
"CEPH-Rtrend_covid","33",1.01414926703362,0.827149593000268,8.36602663985926,0.362094366691739,1.02921347080663,0.939672733181258,12.2745664739884,0.524961312948784,0.468208092485549,0.777456647398844,346
"CEPH-Rtrend_covid","34",0.876192224932701,0.681528226993641,32.6544998743403,0.195728545947447,1.05262432454591,1.00193278515244,52.2109826589595,0.31369494202076,0.485549132947977,0.945086705202312,346
"CEPH-Rtrend_covid","35",0.954521428410896,0.846798469470583,8.18152802211611,0.312752242270184,1.08143744395315,1.1374826588983,13.0809248554913,0.502439053331225,0.42485549132948,0.904624277456647,346
"CEPH-Rtrend_covid","36",0.992958910137308,0.800940375854411,65.9218233224428,0.213670153121638,1.15709233769005,1.14635156288678,102.638728323699,0.331533732303342,0.358381502890173,0.829479768786127,346
"CEPH-Rtrend_covid","37",0.786438833325038,0.651631698685978,39.4632344810254,0.214322293934932,0.912730136211321,0.935033393966871,60.4566473988439,0.333096607944975,0.378612716763006,0.832369942196532,346
"CEPH-Rtrend_covid","38",0.994193242426879,1.05867414086352,4.08837145011309,0.306910890757168,1.15608920349408,1.0663353858713,6.39884393063584,0.472311322789918,0.407514450867052,0.84971098265896,346
"CEPH-Rtrend_covid","39",0.798898622055931,0.614275402737321,64.6261372204071,0.323448798301763,1.05463058310081,1.08125101833509,101.196531791908,0.481784742412444,0.427745664739884,0.838150289017341,346
"CEPH-Rtrend_covid","40",1.02276686494486,0.894350982908939,20.4930736365921,0.386090085104819,1.27432577396898,1.2833518945244,31.106936416185,0.599060493209079,0.309248554913295,0.751445086705202,346
"CEPH-Rtrend_covid","41",0.980085782543126,0.801813378162404,11.6654963558683,0.342546580305235,0.959195932730291,0.951578243413904,17.4132947976879,0.515545185875233,0.390173410404624,0.777456647398844,346
"CEPH-Rtrend_covid","42",0.790804029809436,0.593348334824348,71.8880648404122,0.230130088003221,0.941823392623506,1.10945008798118,111.346820809249,0.358413517184627,0.479768786127168,0.901734104046243,346
"CEPH-Rtrend_covid","44",1.17008059408317,0.962775150880699,7.51456396079417,0.358518976788266,1.17320208955835,1.04949462694709,11.0664739884393,0.51942384696825,0.404624277456647,0.754335260115607,346
"CEPH-Rtrend_covid","45",0.829533901546282,0.702912037151978,20.8280799195778,0.300881022971687,1.02423588152505,1.09408879825193,30.8554913294798,0.460484847515908,0.38150289017341,0.783236994219653,346
"CEPH-Rtrend_covid","46",1.00938184398967,1.00460103458416,5.30475747675295,0.465253370107898,0.983780143608198,0.960903418061538,7.9393063583815,0.632661289843441,0.410404624277457,0.763005780346821,346
"CEPH-Rtrend_covid","47",1.0466580680604,0.843715323733912,23.6465255089218,0.25292807531618,1.22353108244519,1.26922506759099,37.5751445086705,0.405425459207832,0.404624277456647,0.858381502890173,346
"CEPH-Rtrend_covid","48",0.922370344196823,0.793440978756797,76.4968999748681,0.211386253839773,1.03180283968184,1.09512290882882,111.439306358382,0.318842828971301,0.450867052023121,0.820809248554913,346
"CEPH-Rtrend_covid","49",0.990605739995989,0.849526401964696,7.60372204071375,0.351723314802648,1.27269774692382,1.29263512414617,11.514450867052,0.542291331918789,0.375722543352601,0.820809248554913,346
"CEPH-Rtrend_covid","50",1.21041088849293,1.10088974084067,3.50047750691128,0.423009354526317,1.12537832420379,0.997180693080008,5.15317919075145,0.597082314943576,0.445086705202312,0.774566473988439,346
"CEPH-Rtrend_covid","51",0.840670712336475,0.650692078391681,28.0913759738628,0.296989268678054,1.21586024712207,1.25275735122333,44.2225433526012,0.471283420938553,0.332369942196532,0.832369942196532,346
"CEPH-Rtrend_covid","53",1.09993535722569,0.961564673451261,16.3581578286002,0.261072032438353,1.04781535093382,1.06613369423498,24.7398843930636,0.401531117234732,0.421965317919075,0.835260115606936,346
"CEPH-Rtrend_covid","54",0.856690760359382,0.662479303735973,12.3342560944961,0.339123190959692,1.0618376720485,1.00372150492004,18.1907514450867,0.513939293675919,0.401734104046243,0.80635838150289,346
"CEPH-Rtrend_covid","55",0.840403721174682,0.593113363069867,27.3827519477256,0.275063875132758,0.965080890247725,0.872426307090644,41.2543352601156,0.423886511007278,0.445086705202312,0.809248554913295,346
"CEPH-Rtrend_covid","56",1.127244113101,1.038477351204,5.31508670520231,0.401295987632458,1.25374511855792,1.1202527678023,8.13005780346821,0.611360650023273,0.416184971098266,0.826589595375723,346
"CEPH-Rtrend_covid","72",1.12668127315386,0.936932435034842,26.7030510178437,0.446445999512218,1.10328958385128,1.07640345785511,37.5433526011561,0.648273555868744,0.317919075144509,0.676300578034682,346
"CFA-EpiAutoGP","01",1.18488192319919,1.10685454108957,25.414643146046,0.371167501713175,1.35837836894216,1.37639045952277,36.6021820031061,0.537216176154903,0.553030303030303,0.909090909090909,132
"CFA-EpiAutoGP","02",0.935800313157342,0.853087608839046,2.16376898858982,0.333080355038324,0.958584577140749,0.907849784586991,3.41050288924242,0.531831600880824,0.409090909090909,0.893939393939394,132
"CFA-EpiAutoGP","04",1.03149117092299,0.60535190619669,17.2780361197961,0.216524371972609,1.4577587767837,1.28632291433071,24.6624058257576,0.325616341078066,0.378787878787879,0.825757575757576,132
"CFA-EpiAutoGP","05",0.718239686483246,0.576438100678701,8.62722133912395,0.233861456122403,0.969136314171236,0.910260439174232,13.6848319621212,0.375708530506342,0.424242424242424,0.931818181818182,132
"CFA-EpiAutoGP","06",1.06063069009613,0.758848296801345,66.4989267171179,0.144728366832285,1.2632266983015,1.08883216788113,107.591675757576,0.232737214233317,0.416666666666667,0.984848484848485,132
"CFA-EpiAutoGP","08",0.933044566341575,0.738480087639576,15.4666134984388,0.383342060198377,1.0426967778765,1.00157809856099,23.5554260962121,0.56569115266955,0.393939393939394,0.833333333333333,132
"CFA-EpiAutoGP","09",1.33490791113278,0.860462128266029,23.0418786345827,0.324192131279141,1.00460025475838,0.997853615295485,25.8974501340909,0.474655556172869,0.401515151515151,0.939393939393939,132
"CFA-EpiAutoGP","10",1.05136110378944,0.867955346451963,5.83689444623592,0.310608493185444,1.31903246580515,1.18070665805184,9.2901957469697,0.495827904462352,0.363636363636364,0.871212121212121,132
"CFA-EpiAutoGP","11",1.16422072590706,0.842159150585824,4.89742188620162,0.401305802642769,1.07069776050328,0.855011583119608,7.05635895141114,0.587322851495461,0.462121212121212,0.886363636363636,132
"CFA-EpiAutoGP","12",0.922624296780863,0.675647515626094,67.6706233638472,0.192304593320519,1.31619802074467,1.17737227354056,104.270156818182,0.295540125806991,0.462121212121212,0.893939393939394,132
"CFA-EpiAutoGP","13",1.09337855014769,0.810134825987068,29.2892985725784,0.257413067114418,Inf,Inf,46.1715674318182,0.40993803115333,0.356060606060606,0.901515151515151,132
"CFA-EpiAutoGP","15",1.253246357758,0.905453056191915,4.63402284444687,0.334346454248724,1.23647484413905,1.01777412910021,6.31243105425,0.510580863979223,0.598484848484849,0.871212121212121,132
"CFA-EpiAutoGP","16",1.15106662482941,0.85127786377067,6.23074956373268,0.402909759109679,1.23625736004603,1.02115226387408,9.44226956666667,0.613454381612833,0.325757575757576,0.818181818181818,132
"CFA-EpiAutoGP","17",0.565515458284694,0.36730690786484,44.8977846200341,0.204211699259693,0.846205385811913,0.75706903520096,68.8311612924242,0.314436490604992,0.386363636363636,0.893939393939394,132
"CFA-EpiAutoGP","18",0.576810533394981,0.413150950302173,23.9873907863623,0.189720400531366,0.710354760658208,0.698951936207623,38.3954200757576,0.30320238090867,0.431818181818182,0.939393939393939,132
"CFA-EpiAutoGP","19",0.737499998467874,0.609626403429604,9.99364305132892,0.262747741599967,Inf,Inf,15.1609651537879,0.406798734004768,0.446969696969697,0.901515151515151,132
"CFA-EpiAutoGP","20",0.860174353675577,0.719660890067893,13.9702602243713,0.368178740435259,1.11867736731441,1.02884000782824,20.934367612803,0.555656935964594,0.439393939393939,0.878787878787879,132
"CFA-EpiAutoGP","21",0.804090402725831,0.557318273669029,17.8781762125869,0.225358176441796,1.24842604724633,1.06426153707826,26.5436115159091,0.353692430044214,0.515151515151515,0.962121212121212,132
"CFA-EpiAutoGP","22",1.19737227717064,0.876524255245621,21.3912283391492,0.31324907158227,1.47859221929045,1.27803147015462,31.5160862537879,0.483978381566735,0.378787878787879,0.840909090909091,132
"CFA-EpiAutoGP","23",0.956972750920756,0.863038387354299,5.06031960597916,0.34092284729825,0.979432544774131,0.945356323307174,7.10877425457348,0.546842687072689,0.560606060606061,0.984848484848485,132
"CFA-EpiAutoGP","24",0.909167522186712,0.636683305904356,17.0174994778901,0.320580406963391,0.947343656907712,0.826816682226178,23.7340791575758,0.46183643885305,0.522727272727273,0.886363636363636,132
"CFA-EpiAutoGP","26",0.908257829138682,0.541161684250995,48.7642400365821,0.279991769622593,1.14872156494313,1.004725018081,73.9092410151515,0.438710974952732,0.454545454545455,0.916666666666667,132
"CFA-EpiAutoGP","28",0.913797603624888,0.658128570045039,8.46936660500211,0.187936652363448,0.955046465490897,0.926850047802872,11.5237824333333,0.280005293144549,0.628787878787879,0.984848484848485,132
"CFA-EpiAutoGP","29",0.724268001422309,0.477411264920961,24.7009226778328,0.235699074482192,Inf,Inf,36.3742859416667,0.361648935173771,0.454545454545455,0.909090909090909,132
"CFA-EpiAutoGP","30",0.860336074001187,0.827745633814489,5.2748075155902,0.408208932276473,0.894811043719641,0.833032531420288,8.051378375,0.569850321035868,0.401515151515151,0.810606060606061,132
"CFA-EpiAutoGP","31",0.833593729057312,0.709961411187872,8.9400541339081,0.339470548160967,1.01141177941971,0.915173569869195,13.1526569586364,0.50683094988413,0.454545454545455,0.810606060606061,132
"CFA-EpiAutoGP","32",0.977383556658265,0.774940002821779,5.82029324279752,0.310737387361497,1.11212399791258,1.06627653163127,9.169482884375,0.501529412494377,0.4921875,0.9453125,128
"CFA-EpiAutoGP","33",0.72806731651832,0.612098332942893,5.97138590024354,0.291978804008628,0.783924096723623,0.746351441292967,9.40308495909091,0.458703669660139,0.439393939393939,0.893939393939394,132
"CFA-EpiAutoGP","34",1.03074884436771,0.718210296386617,35.6890827284825,0.222286368428439,1.04553775091705,0.921124723940639,50.3583467272727,0.326119825616933,0.378787878787879,0.818181818181818,132
"CFA-EpiAutoGP","35",1.32320346623684,0.920216901507025,9.38664295253426,0.323932522429811,1.467526682571,1.21823361185298,14.3160597075758,0.506752380206398,0.462121212121212,0.954545454545455,132
"CFA-EpiAutoGP","36",1.01872556539357,0.671342486523969,47.3713897202174,0.157683500049418,1.13756372854357,0.919377062777879,69.3619092045455,0.236275653777347,0.454545454545455,0.878787878787879,132
"CFA-EpiAutoGP","37",1.32733708410232,0.901197598274998,54.6825078771369,0.258031582962589,1.64627552784927,1.35999290595012,83.1302420909091,0.386135987128266,0.515151515151515,0.909090909090909,132
"CFA-EpiAutoGP","38",0.822408842785035,0.964013010083474,6.04704430314937,0.344062809434592,0.971090494247314,1.03032224248951,9.10200767727273,0.539435066267343,0.378787878787879,0.886363636363636,132
"CFA-EpiAutoGP","39",0.68722215150812,0.544665448893669,51.9764253412098,0.360724442891619,0.891435672377638,0.942692593740323,82.0223973659091,0.530192902319888,0.416666666666667,0.886363636363636,132
"CFA-EpiAutoGP","40",0.901025104989051,0.731659931772525,20.5859858215056,0.351362501244807,1.26286909162184,1.10156085105348,33.2126916628788,0.546249254401012,0.325757575757576,0.893939393939394,132
"CFA-EpiAutoGP","41",0.745717371756543,0.595398254303519,5.8835902756196,0.262681159217291,0.885675212103387,0.791718778554343,9.44661736060606,0.409265546953643,0.431818181818182,0.909090909090909,132
"CFA-EpiAutoGP","42",1.02073202678204,0.603505667697643,71.733050003558,0.186909570582059,1.16798211898939,1.07946809562054,109.652809765152,0.290002919401938,0.409090909090909,0.909090909090909,132
"CFA-EpiAutoGP","44",0.6458599286484,0.641494807692166,4.37740833711749,0.21373701177075,0.710081814146353,0.746563190192589,6.68649738636364,0.315226470660235,0.606060606060606,0.954545454545455,132
"CFA-EpiAutoGP","45",0.981481125559496,0.689065810156006,22.0362996239404,0.327204196131387,1.12827803558395,1.03930124414052,31.9873522810606,0.504632188696482,0.386363636363636,0.840909090909091,132
"CFA-EpiAutoGP","46",0.906725789363534,0.817387416890105,5.48154593665755,0.343133970294604,0.934073187502983,0.894121468216145,8.36377344507576,0.54908086009782,0.454545454545455,0.924242424242424,132
"CFA-EpiAutoGP","47",0.938759572705125,0.647115965018754,19.3942388492638,0.18060253731963,1.11608623414955,0.975941442529007,29.0173596287879,0.274383012817974,0.621212121212121,0.984848484848485,132
"CFA-EpiAutoGP","48",1.27763774326804,0.872950696978008,80.1556751466677,0.223822648305487,1.51148347865502,1.25901359747289,117.364827590909,0.323144296231391,0.590909090909091,0.916666666666667,132
"CFA-EpiAutoGP","49",0.96174902525072,0.760263486830724,7.37162398143865,0.397171388169732,0.968280772193642,0.919065330259162,10.2577610494697,0.580936079374767,0.446969696969697,0.833333333333333,132
"CFA-EpiAutoGP","50",0.790728968077308,0.809514665421967,2.29336342536799,0.308987183123906,0.828213793094036,0.876343473001286,3.59461523333333,0.500837361881995,0.454545454545455,0.962121212121212,132
"CFA-EpiAutoGP","51",0.891664788709622,0.580194235888631,23.9000999317296,0.258067901952847,1.252121825431,1.07232296557679,35.8383195984849,0.389583882689171,0.409090909090909,0.893939393939394,132
"CFA-EpiAutoGP","53",1.10540290203206,0.86000809483544,11.1562082651689,0.217396784119097,1.19583695397479,1.06973227686651,18.0063305757576,0.360026612606542,0.492424242424242,0.992424242424242,132
"CFA-EpiAutoGP","55",0.804980436821779,0.584322649674133,26.2272565296105,0.258001643196574,0.963438934514146,0.888948826624652,40.5971486007576,0.406748257489317,0.401515151515151,0.886363636363636,132
"CFA-EpiAutoGP","56",0.683040664547192,0.709019816717813,3.72817859524617,0.317235119908848,0.76422262860452,0.797763692806895,5.63657403484848,0.485949871667862,0.492424242424242,0.939393939393939,132
"CFA-PyRenew_H","01",0.98687068471764,0.783858495178915,12.311781884058,0.126700775498708,1.13992914561436,1.03042465061178,18.1666666666667,0.195734700509536,0.5,1,6
"CFA-PyRenew_H","02",1.18633019286138,0.892198906087384,2.29926014492754,0.414193935853015,1.13853279773458,1.03811972687473,3.33333333333333,0.696583728427068,0.333333333333333,1,6
"CFA-PyRenew_H","04",1.11401769510928,0.713828977401221,12.9281923913043,0.147707967216568,1.80618602465723,1.70475604716094,20.5,0.242622023276394,0.666666666666667,1,6
"CFA-PyRenew_H","05",0.82994101242017,0.706827266291326,3.07140217391304,0.189242148894066,1.03563897387362,0.991483236322204,4.33333333333333,0.251953086862,0.666666666666667,1,6
"CFA-PyRenew_H","06",1.50343417274432,1.20282385062503,190.072503623188,0.194213159347163,1.69792402531058,1.55466698804136,291.083333333333,0.294410099297308,0.333333333333333,0.666666666666667,6
"CFA-PyRenew_H","08",0.812722243595754,0.646176172544251,6.71146376811594,0.189418496365228,0,0,10.1666666666667,0.279387955620712,0.5,1,6
"CFA-PyRenew_H","09",0.838597873158674,0.653955676906072,14.2790376811594,0.389443286497024,0.929199107396293,0.937917334456471,22.8333333333333,0.654457095083949,0.166666666666667,1,6
"CFA-PyRenew_H","10",1.80642859225332,1.04559849979876,6.15337463768116,0.322134874046068,2.0049051456268,1.3574969056247,9.25,0.532259669480652,0.5,1,6
"CFA-PyRenew_H","11",0.938598441985983,0.762913495811148,3.45784963768116,0.339703359522569,1.03516312379082,0.91089445528114,6.33333333333333,0.594679842812047,0.5,1,6
"CFA-PyRenew_H","12",0.8142359907125,0.625484023896153,40.096977173913,0.0652049351097711,1.47209622366979,1.36447435132715,67.25,0.111870743206948,0.5,1,6
"CFA-PyRenew_H","13",1.21318194740485,1.29022713284937,19.5297547101449,0.287871333080052,Inf,Inf,29.9166666666667,0.454491852403114,0.5,1,6
"CFA-PyRenew_H","15",1.29319495286875,1.01478514225052,8.37782572463768,0.213166146067177,1.33106315894,1.18846482697571,12.8333333333333,0.336610430973096,0.666666666666667,1,6
"CFA-PyRenew_H","16",1.61193427975765,0.996752121044574,4.57178876811594,0.244212167634726,1.49760125448363,1.25588505167809,5,0.343000201740328,0.833333333333333,1,6
"CFA-PyRenew_H","17",0.725900754665424,0.505379586346714,7.68752355072464,0.125100340053366,1.19438419412951,1.16579031331025,10.8333333333333,0.178323699429737,0.833333333333333,1,6
"CFA-PyRenew_H","18",1.06625776711598,0.714399383605681,10.4355061594203,0.259868855637459,1.41057448785026,1.32837983573749,16.6666666666667,0.435570427044283,0.5,1,6
"CFA-PyRenew_H","19",1.63679949853231,1.02406186915211,4.42500434782609,0.184422044578373,Inf,Inf,5.75,0.276169136476343,0.833333333333333,1,6
"CFA-PyRenew_H","20",0.551408794607472,0.530809939028025,1.9045847826087,0.213881408662522,0.714792007731224,0.784682191483062,2.66666666666667,0.324373463703472,0.5,1,6
"CFA-PyRenew_H","21",0.728583259402669,0.59742554740993,4.50565326086957,0.177036481893868,1.24919847312691,1.22993689820747,6.66666666666667,0.279979979321673,0.666666666666667,1,6
"CFA-PyRenew_H","22",0.96646969400862,0.779453493274402,11.0646557971014,0.137535124633238,0.962489087176128,0.921228671796258,13.6666666666667,0.171593803137217,0.833333333333333,1,6
"CFA-PyRenew_H","23",1.46890159768463,1.86584052105377,2.48443224637681,0.787016714339964,1.51612598084127,1.85579744625166,3.33333333333333,1.06278782464977,0.166666666666667,0.666666666666667,6
"CFA-PyRenew_H","24",1.01024507836096,0.644190900737414,6.73467717391304,0.163138569924011,1.19675912699398,0.958515520119114,9.33333333333333,0.238680434670043,0.833333333333333,1,6
"CFA-PyRenew_H","25",1.20388545278705,1.01452641422478,11.2351050724638,0.326597582109838,1.82496798176913,2.09090044793916,18.5833333333333,0.548471751805874,0.333333333333333,1,6
"CFA-PyRenew_H","26",1.16244409707371,0.886146409358007,10.3755438405797,0.272875375491188,1.56510220572955,1.76320874916948,15.5,0.42429815445349,0.666666666666667,1,6
"CFA-PyRenew_H","27",0.728831604499145,0.521569714455287,4.18318043478261,0.143981772511918,0.83483886566955,0.806388883661339,5.83333333333333,0.193230312751301,1,1,6
"CFA-PyRenew_H","28",1.08086985242509,0.772002888003677,6.77217028985507,0.194248729469416,1.36709249300891,1.30082941742341,11.0833333333333,0.341822690274393,0.5,1,6
"CFA-PyRenew_H","29",1.6357760289192,0.942765519608253,14.7685724637681,0.232491620412042,Inf,Inf,21.6666666666667,0.350471492790137,0.5,1,6
"CFA-PyRenew_H","30",1.41506856751279,0.909885886857922,4.57805797101449,0.349077633688742,0.853789583975829,0.759418311837513,4.16666666666667,0.44544700954407,0.833333333333333,1,6
"CFA-PyRenew_H","31",0.922323580683512,0.909779590672864,1.61787862318841,0.246925613450469,1.44031125673569,1.48372672924642,2.66666666666667,0.40815926425039,0.833333333333333,1,6
"CFA-PyRenew_H","32",1.47464569978924,0.920263939720154,11.7000086956522,0.230398619594272,1.7749281760283,1.43446364069925,18,0.391588467560805,0.333333333333333,1,6
"CFA-PyRenew_H","33",1.24620021678982,1.1014601558195,5.426825,0.619396678411767,1.33002301394804,1.40627814547031,8.33333333333333,1.02273838622636,0.333333333333333,0.833333333333333,6
"CFA-PyRenew_H","34",0.846135179099632,0.681088594124455,15.9477670289855,0.127041521491634,1.12604908460137,1.09644147641813,28.9166666666667,0.219764549592664,0.833333333333333,1,6
"CFA-PyRenew_H","35",1.25102702918771,0.961091898264173,6.49854130434783,0.479226596410585,1.51798567485928,1.42449187952048,10.6666666666667,0.81148234499527,0.333333333333333,1,6
"CFA-PyRenew_H","36",0.995609054311686,0.777055072257761,34.6631836956522,0.140487658840209,0.977993766606206,0.97065285712715,52.0833333333333,0.213470293725748,0.5,1,6
"CFA-PyRenew_H","37",1.09883181847223,0.789765400757592,26.5650579710145,0.11560670533615,1.4597630483646,1.33076133420317,41.4166666666667,0.190490791348377,0.5,1,6
"CFA-PyRenew_H","38",0.734521565337862,0.826855402874644,0.929711594202899,0.415076832578867,0.911468411202711,0.996163566299706,1.5,0.760724698577973,0.5,1,6
"CFA-PyRenew_H","39",1.06684818906307,0.777342347288252,18.4267112318841,0.221836233253594,1.50245141092575,1.56451185952164,30.9166666666667,0.391226716981727,0.333333333333333,1,6
"CFA-PyRenew_H","40",1.28375683534153,0.973414485121884,8.96376630434783,0.345120725581668,1.77052903121229,1.55199351319819,14.5,0.57870843063682,0.333333333333333,1,6
"CFA-PyRenew_H","41",0.795258802768009,0.620671018567241,13.2548605072464,0.31708059582681,0.760493089855477,0.71192147461982,21,0.503617093449327,0.333333333333333,0.833333333333333,6
"CFA-PyRenew_H","42",1.26053963977682,0.742263610655705,37.2335949275362,0.209291863708241,1.44853306698366,1.34504700727808,57.1666666666667,0.329255235058219,0.5,0.833333333333333,6
"CFA-PyRenew_H","44",0.952413638580343,0.755272315336828,4.14939130434783,0.297192351965322,1.02379080564197,0.925883845542452,6.5,0.474807444681926,0.5,1,6
"CFA-PyRenew_H","45",1.61010107491524,1.14993665505822,20.6916166666667,0.254256926977235,2.07792917335886,1.87457707530313,34.8333333333333,0.441104077832402,0.166666666666667,0.833333333333333,6
"CFA-PyRenew_H","46",1.17958906253514,0.91156503940088,3.2825481884058,0.422234286274809,1.06641863290207,0.992542457847234,4.16666666666667,0.639343577437517,0.5,1,6
"CFA-PyRenew_H","47",1.16062635379018,0.847630212193663,17.2558362318841,0.22978154227013,1.40144740650419,1.33487013104394,26.3333333333333,0.361617050908335,0.5,1,6
"CFA-PyRenew_H","48",0.758666036625393,0.650977478660228,46.7580047101449,0.112160170778764,0.768940351535016,0.823587500016301,60.9166666666667,0.157944367311665,0.666666666666667,1,6
"CFA-PyRenew_H","49",1.55782733546132,0.938822246379086,6.00736014492754,0.234707181007391,2.37861207367973,1.7810353480635,9.66666666666667,0.394472744596288,0.666666666666667,1,6
"CFA-PyRenew_H","50",1.40779671727284,1.04197566924304,2.83714963768116,0.420744202875843,1.28401369666202,1.13705614426811,3.83333333333333,0.67602055823365,0.333333333333333,1,6
"CFA-PyRenew_H","51",0.782864350354415,0.580988645147963,7.04516086956522,0.150673525626429,1.10074968876499,1.06828375354482,10.6666666666667,0.223514363243842,0.666666666666667,1,6
"CFA-PyRenew_H","53",1.59764519662901,0.98216121721243,32.3603362318841,0.177429754542912,1.45680860937657,1.04865851364352,44.8333333333333,0.249839610253269,0.5,0.833333333333333,6
"CFA-PyRenew_H","54",1.06387038363755,0.644404157173844,5.22857101449275,0.231908385464172,1.33248869182377,1.03843893126473,7.83333333333333,0.365770632606027,0.5,1,6
"CFA-PyRenew_H","55",0.864339742305093,0.690471599667223,8.92539963768116,0.270856823845555,1.07102219996395,1.11184481947067,14.6666666666667,0.443738309311179,0.166666666666667,0.833333333333333,6
"CFA-PyRenew_H","56",0.884629727794719,0.785934317117402,1.6548231884058,0.466801197512959,0.915384503651352,0.920275652496231,2.33333333333333,0.749968278388377,0.5,1,6
"CFA-PyRenew_HE","01",6.15497396024518,3.63899321625938,83.7368108695652,0.648072281609175,6.30505204863736,3.92705820373156,116,0.860341118765985,0,0,3
"CFA-PyRenew_HE","02",0.829295737243018,0.642087779307258,1.75095108695652,0.335497054535865,0.900106275284332,0.734615082422712,2.83333333333333,0.546493332609398,0.5,1,6
"CFA-PyRenew_HE","04",0.541567008009486,0.375972988807352,6.15378152173913,0.0786491851155049,0.890140628086866,0.891631837046432,10,0.128661279097908,0.666666666666667,1,6
"CFA-PyRenew_HE","05",0.776023263744728,0.589831075468904,2.56803586956522,0.138671972343663,1.065135751961,0.96310203229072,4,0.221524018963086,0.833333333333333,1,6
"CFA-PyRenew_HE","06",2.82955035792117,2.08712362918576,369.055387681159,0.346713313300741,2.93247424809054,2.4197022196911,516.416666666667,0.468568283152845,0,0.333333333333333,6
"CFA-PyRenew_HE","08",0.497001010561034,0.347699980812374,4.13141449275362,0.101299434960505,0.661294150368509,0.583680412934876,6.58333333333333,0.160270281121143,0.666666666666667,1,6
"CFA-PyRenew_HE","09",0.562844446435618,0.348118974122712,8.78071086956522,0.185722153929337,0.616184198157162,0.479730577849609,14.3333333333333,0.306614822403289,0.166666666666667,0.833333333333333,6
"CFA-PyRenew_HE","10",0.722922350975942,0.543586710307581,2.17072753623188,0.159157359863853,0.955543429479774,0.782149021890871,3.66666666666667,0.27152308401996,0.666666666666667,1,6
"CFA-PyRenew_HE","11",0.573337538145969,0.391093994316065,2.24905942028985,0.189980251572977,0.50117415204739,0.381286328918935,3.5,0.289574334586723,0.666666666666667,1,6
"CFA-PyRenew_HE","12",0.447291649261067,0.397584293801123,22.9778264492754,0.0438989989690221,0.732922477510216,0.762081290853772,37.4166666666667,0.0707038595811382,0.5,1,6
"CFA-PyRenew_HE","13",1.51345369152106,1.00380532371851,20.9089692028986,0.18306411675008,Inf,Inf,37.1666666666667,0.334395630953852,0,1,6
"CFA-PyRenew_HE","15",0.815728845615986,0.702296340569785,5.21885688405797,0.146014966871243,0.951275540630765,0.900647378020234,9.16666666666667,0.254698961292988,0,1,6
"CFA-PyRenew_HE","16",1.51209018333392,1.20828592650688,4.04524891304348,0.290901657068844,1.7163240099857,1.613430931502,5.66666666666667,0.440729517706845,0.333333333333333,0.833333333333333,6
"CFA-PyRenew_HE","17",0.561786880386384,0.42487815179518,6.05187173913043,0.105306142660721,1.21624525481248,1.24463300564814,11.3333333333333,0.193536745558237,0.333333333333333,1,6
"CFA-PyRenew_HE","18",0.565319395358616,0.403932278670167,5.87862898550725,0.1630890421851,0.585390642887463,0.576223962664856,8.16666666666667,0.231051090849834,0.5,0.833333333333333,6
"CFA-PyRenew_HE","20",1.00091074971123,0.777629450074494,3.97713913043478,0.365654872228744,1.35468113261582,1.10551207422619,6.16666666666667,0.552896815928174,0.333333333333333,0.833333333333333,6
"CFA-PyRenew_HE","21",0.868049715094129,0.632300898274009,5.85632391304348,0.209023163550671,1.62892429913779,1.3329970730307,9.5,0.334682117233336,0.333333333333333,0.833333333333333,6
"CFA-PyRenew_HE","22",2.92858980101861,1.85116754012735,25.6480695652174,0.232490750866616,4.98371848712892,3.888532139343,45.3333333333333,0.440408913937767,0,1,3
"CFA-PyRenew_HE","23",2.49190660946337,1.48702754301292,4.57897427536232,0.620090565117852,2.97216339158824,1.73954285132441,7.16666666666667,1.00855075791067,0.166666666666667,0.833333333333333,6
"CFA-PyRenew_HE","24",0.493465146610059,0.354964141554884,3.27878297101449,0.0876792303869732,0.650663463442039,0.552275820541136,5,0.133003048816463,0.666666666666667,1,6
"CFA-PyRenew_HE","25",0.393166187382314,0.225873704984939,3.49078152173913,0.0656599115218922,0,0,2,0.0417402375087759,1,1,6
"CFA-PyRenew_HE","26",0.867046674542378,0.449874656714933,7.67885398550725,0.133835965928084,0.85523624138322,0.693435918041566,8.75,0.166888943783235,1,1,6
"CFA-PyRenew_HE","27",0.864662721474026,0.457874384689558,5.28127391304348,0.131809554354811,1.03871916271702,0.82472999074062,8.33333333333333,0.223578765535189,0.5,1,6
"CFA-PyRenew_HE","28",1.13060848095588,0.812607423389415,7.05531086956522,0.209613011363846,1.46710624825534,1.34239607243905,11.8333333333333,0.356596689459205,0.166666666666667,1,6
"CFA-PyRenew_HE","29",0.419863779143003,0.350659850056273,3.28035,0.0781762026550395,Inf,Inf,3.66666666666667,0.0880977358550217,1,1,6
"CFA-PyRenew_HE","30",1.6390062881407,1.02961595087269,5.36341268115942,0.406268802829447,1.79226686624549,1.25268642195338,8.33333333333333,0.698631802750718,0.5,1,6
"CFA-PyRenew_HE","31",0.690235072878841,0.521505453210864,1.28359130434783,0.149779650049642,0,0,1.66666666666667,0.214785672130171,0.833333333333333,1,6
"CFA-PyRenew_HE","32",1.08115250562322,0.763898200988688,8.8166152173913,0.207404063971794,1.15605078067244,0.952899092193014,13.1666666666667,0.30211173903007,0.333333333333333,0.666666666666667,6
"CFA-PyRenew_HE","33",0.7206878890145,0.513952122525604,3.0030115942029,0.264837642745132,0.795817969923467,0.637367467667536,4.83333333333333,0.428785667699706,0.333333333333333,1,6
"CFA-PyRenew_HE","34",0.608776421549469,0.387759257308487,12.0457905797101,0.0744487329087681,0,0,19,0.119399227680866,0.333333333333333,1,6
"CFA-PyRenew_HE","35",0.606441561497628,0.527601585450468,3.34554782608696,0.292223351122008,0.696550949261723,0.708727140196323,5.33333333333333,0.459417431700406,0.5,0.833333333333333,6
"CFA-PyRenew_HE","36",1.66851479091168,0.941556712191418,56.7086612318841,0.161553965567326,2.1894760986289,1.56942045375078,95.1666666666667,0.272902639520867,0,1,6
"CFA-PyRenew_HE","37",1.5663124153966,1.09535239665241,40.5066384057971,0.173734952703501,2.21064668954399,1.88514921658354,65.5,0.28098142005653,0.166666666666667,0.833333333333333,6
"CFA-PyRenew_HE","38",0.600089410421017,0.733983911374082,0.764349275362319,0.364966480503322,0.82594479824692,0.868459712128538,1.33333333333333,0.645200168484648,0.666666666666667,1,6
"CFA-PyRenew_HE","39",0.528391767413568,0.380385673498875,9.99931268115942,0.121364830250048,0.673938776290471,0.664417508913596,15.1666666666667,0.184573298411546,0.5,0.833333333333333,6
"CFA-PyRenew_HE","40",1.07130614096946,0.820174222450611,8.07356847826087,0.32749845953309,1.44198964094121,1.22442684569609,12.6666666666667,0.505798149404705,0.333333333333333,0.833333333333333,6
"CFA-PyRenew_HE","41",0.283073421290916,0.167512689344901,4.25042101449275,0.074450896865929,0.231568965164407,0.16849658487038,6.08333333333333,0.10949595112658,0.833333333333333,1,6
"CFA-PyRenew_HE","42",0.857642111343183,0.572826000168938,24.8381293478261,0.159441651118226,0.897578458884827,0.911641970323537,34.8333333333333,0.220159953491667,0.5,0.666666666666667,6
"CFA-PyRenew_HE","44",0.849058789775437,0.636698909780209,3.88911050724638,0.262584715644228,0.95703184322951,0.809324987568449,6.33333333333333,0.430641689317762,0.5,1,6
"CFA-PyRenew_HE","45",0.588486638162437,0.455787279299356,6.75109420289855,0.0942065140773912,0.708445507671031,0.679900544592852,9.33333333333333,0.130054228960662,0.666666666666667,0.833333333333333,6
"CFA-PyRenew_HE","46",1.01493347436065,0.842972207744582,2.81983224637681,0.397817769583028,1.05150102350097,0.949681053602902,4.16666666666667,0.624408217655902,0.333333333333333,1,6
"CFA-PyRenew_HE","47",0.9634198445556,0.68810592786479,16.5116148550725,0.222248678613343,1.03057618414595,0.903791666447295,23.1666666666667,0.301007565283562,0.333333333333333,0.666666666666667,6
"CFA-PyRenew_HE","48",1.86632321200954,1.38567674965102,115.8265,0.239144442044533,2.34364776863845,2.02712382271235,192.333333333333,0.397993088262703,0,1,6
"CFA-PyRenew_HE","49",0.527179396132785,0.383844755420088,2.04666811594203,0.0965821567970885,0,0,2.66666666666667,0.125048837385938,0.833333333333333,1,6
"CFA-PyRenew_HE","50",0.778369823572681,0.733085282868239,1.57405942028986,0.299242147454289,0.868404763026162,0.858106898454032,2.66666666666667,0.518919218201729,0.5,1,6
"CFA-PyRenew_HE","51",0.883685757998809,0.537801634045151,7.65216594202899,0.131426166300118,1.42303232974283,1.17502167370461,12.8333333333333,0.225530667014223,0.333333333333333,1,6
"CFA-PyRenew_HE","53",0.611479968407612,0.404196551183062,13.1593971014493,0.0763863952959665,0.685878279180486,0.527048283824381,22.6666666666667,0.132240707564679,0.5,1,6
"CFA-PyRenew_HE","54",0.574587633797475,0.471432731656677,2.98315507246377,0.176581509073895,0.852508782767554,0.825790022361976,5.33333333333333,0.304771538171798,0.333333333333333,1,6
"CFA-PyRenew_HE","55",0.553725476259911,0.409963517905297,5.78553115942029,0.163027072881994,0.684338493240825,0.644311056596545,9.5,0.260631275895531,0.333333333333333,1,6
"CFA_Pyrenew-PyrenewHEW_COVID","01",1.15308165542161,0.899274821804861,21.7916443143813,0.191095940149295,1.35611186101645,1.19746108431092,31.5480769230769,0.284764689051674,0.326923076923077,0.711538461538462,52
"CFA_Pyrenew-PyrenewHEW_COVID","02",0.589471388776508,0.452652638588211,1.82650731605351,0.15900147349131,0.524633985865487,0.436561425888517,2.64423076923077,0.234808520054383,0.673076923076923,0.980769230769231,52
"CFA_Pyrenew-PyrenewHEW_COVID","04",0.962039699590256,0.524890855116053,17.3412893913043,0.160918012648122,1.58854195784902,1.29028193769743,27.96,0.266394894210263,0.34,0.9,50
"CFA_Pyrenew-PyrenewHEW_COVID","05",0.755094369679674,0.522259773816226,7.10834715320911,0.233035789549731,0.926241804674337,0.755260039839672,10.3333333333333,0.34538725489361,0.547619047619048,0.880952380952381,42
"CFA_Pyrenew-PyrenewHEW_COVID","06",0.957865633754515,0.894533592010568,93.6273419466403,0.132334362840772,1.01476751369885,1.07481890821765,137.5,0.185744104975492,0.363636363636364,0.75,44
"CFA_Pyrenew-PyrenewHEW_COVID","08",0.531302448609907,0.397327555078,5.46230591304348,0.0929710970591494,0.627606213606159,0.57457990916772,8.77,0.147989902219122,0.54,0.98,50
"CFA_Pyrenew-PyrenewHEW_COVID","09",0.677082035719604,0.535740534746575,8.49546147826087,0.176501969623721,0.752544070251116,0.698776270631472,13.25,0.269072918774517,0.5,0.84,50
"CFA_Pyrenew-PyrenewHEW_COVID","10",0.409348858632688,0.416076425569985,2.37088754180602,0.16279400245216,0.485117733453613,0.534654118737029,3.41346153846154,0.240605848437176,0.730769230769231,0.961538461538462,52
"CFA_Pyrenew-PyrenewHEW_COVID","11",0.802828838854804,0.610144635444571,3.65906873401535,0.223770528470994,0.755021165186392,0.620509314291399,5.30882352941176,0.323490642128593,0.470588235294118,0.764705882352941,34
"CFA_Pyrenew-PyrenewHEW_COVID","12",0.425378014981604,0.319301245107584,66.3034681612319,0.0848735579834677,0.533673794773694,0.475226562460738,102.822916666667,0.129192375322423,0.395833333333333,0.854166666666667,48
"CFA_Pyrenew-PyrenewHEW_COVID","13",0.591500651508476,0.494179300894169,17.7471882723112,0.109448219795929,Inf,Inf,27.5526315789474,0.174199908567993,0.473684210526316,0.973684210526316,38
"CFA_Pyrenew-PyrenewHEW_COVID","15",0.569946219227495,0.546503969286385,4.15467909698997,0.132913944175514,0.664038426706815,0.685298126854635,6.59615384615385,0.219324634842352,0.538461538461538,0.980769230769231,52
"CFA_Pyrenew-PyrenewHEW_COVID","16",0.492421088970149,0.345048224268616,3.17571024247492,0.140310274642736,0.562786796963448,0.421187534568685,5.13461538461539,0.221512852901,0.5,1,52
"CFA_Pyrenew-PyrenewHEW_COVID","17",0.48417027377617,0.341875022044314,21.0851538722826,0.113367068207126,0.759506266712435,0.735600623483539,33.28125,0.180537009710005,0.40625,0.90625,32
"CFA_Pyrenew-PyrenewHEW_COVID","18",0.522285936624098,0.341331646817029,10.3910615036232,0.101915135081076,0.636743664521522,0.551051264750906,16,0.150649579633884,0.5625,0.958333333333333,48
"CFA_Pyrenew-PyrenewHEW_COVID","19",0.604458729619807,0.521267631772247,5.12866881270903,0.188536293941932,Inf,Inf,7.61538461538461,0.27861686295185,0.5,0.865384615384615,52
"CFA_Pyrenew-PyrenewHEW_COVID","20",0.511559050055053,0.432190352691544,4.82203097826087,0.155585597899564,0.719738013358394,0.671323210814791,7.85576923076923,0.256280929940827,0.576923076923077,0.961538461538462,52
"CFA_Pyrenew-PyrenewHEW_COVID","21",0.389737720670419,0.270392942871234,6.33355186956522,0.0988244743258716,0.62453901439095,0.501987624901902,9.69,0.14746590108675,0.52,0.92,50
"CFA_Pyrenew-PyrenewHEW_COVID","22",0.969369392374858,0.698992800908218,21.7678898393195,0.198612241049071,1.28977657163194,1.08086231706469,33.3369565217391,0.309345155300254,0.239130434782609,0.760869565217391,46
"CFA_Pyrenew-PyrenewHEW_COVID","23",0.711352414512856,0.762548814410816,2.14373739130435,0.332783935394971,0.843298687358973,0.860091936851243,3.4,0.518764414113925,0.44,0.92,50
"CFA_Pyrenew-PyrenewHEW_COVID","24",0.96237085029509,0.617416394925801,14.5566287207358,0.158033219839829,1.13739351519259,0.874340604387022,21.9134615384615,0.24461855701917,0.403846153846154,0.884615384615385,52
"CFA_Pyrenew-PyrenewHEW_COVID","25",0.587224192422931,0.373758062710338,14.1130058946488,0.114009426203073,0.597992256047737,0.496886157526851,22.9326923076923,0.186006229664692,0.480769230769231,0.942307692307692,52
"CFA_Pyrenew-PyrenewHEW_COVID","26",0.781125396995909,0.493416074878138,16.4207793478261,0.138583954703693,1.03724712465233,0.938615074688182,24.2826086956522,0.200165388987506,0.630434782608696,0.934782608695652,46
"CFA_Pyrenew-PyrenewHEW_COVID","27",0.664670146726335,0.452205289616255,8.05898233695652,0.142116682395247,0.862794289469789,0.790458556858392,13.2395833333333,0.231646993549102,0.4375,0.979166666666667,48
"CFA_Pyrenew-PyrenewHEW_COVID","28",1.39222844813407,0.849055229287017,12.8884076923077,0.234712050304141,1.66885461715812,1.262782877846,19.3846153846154,0.350535099352562,0.307692307692308,0.653846153846154,52
"CFA_Pyrenew-PyrenewHEW_COVID","29",0.922245285035925,0.51707833707544,21.2655140160183,0.243956354333932,Inf,Inf,30.1052631578947,0.361450876567686,0.368421052631579,0.815789473684211,38
"CFA_Pyrenew-PyrenewHEW_COVID","30",0.707513372801016,0.617037869954221,3.0719722826087,0.231804668091336,0.7528107285784,0.68083835230433,4.59615384615385,0.358713959900742,0.480769230769231,0.903846153846154,52
"CFA_Pyrenew-PyrenewHEW_COVID","31",0.545375976261708,0.508164219970087,4.07031059782609,0.193692123880921,0.713831400117052,0.704299275017043,6.4375,0.312893730498886,0.458333333333333,0.958333333333333,48
"CFA_Pyrenew-PyrenewHEW_COVID","32",0.819248723169429,0.547871288315648,5.54863900501672,0.141418827415142,1.01402852641382,0.816658048294404,9.22115384615385,0.237704645182303,0.269230769230769,0.980769230769231,52
"CFA_Pyrenew-PyrenewHEW_COVID","33",0.705224251700493,0.596639814140705,3.03544326086957,0.195812989279628,0.764694685542347,0.750760644761918,4.79,0.318358367233372,0.44,0.96,50
"CFA_Pyrenew-PyrenewHEW_COVID","34",0.674709789802043,0.524068790878985,13.2743450378072,0.0863009569144093,0.883157725319831,0.823149464442848,21.7608695652174,0.14355711149413,0.391304347826087,0.934782608695652,46
"CFA_Pyrenew-PyrenewHEW_COVID","35",0.757035941064256,0.610692037526653,6.60539285117057,0.198238103358227,0.91278900901473,0.84277253693891,10.8269230769231,0.322338789166777,0.307692307692308,0.923076923076923,52
"CFA_Pyrenew-PyrenewHEW_COVID","36",0.632439640640009,0.52872916859402,25.0051354347826,0.0770418755303019,0.710104565496716,0.738122885762872,36.25,0.115740167624144,0.6,0.9,10
"CFA_Pyrenew-PyrenewHEW_COVID","37",0.617898232451724,0.508655156364896,24.0277612476371,0.110662108138375,0.773367040842227,0.805386461209249,36.4130434782609,0.174647011069501,0.391304347826087,0.869565217391304,46
"CFA_Pyrenew-PyrenewHEW_COVID","39",0.357187424176065,0.2455469101255,12.1638442028986,0.0698736551379657,0.476418577285651,0.451337997238491,19.4861111111111,0.109371406049128,0.638888888888889,0.972222222222222,36
"CFA_Pyrenew-PyrenewHEW_COVID","40",0.890769824150222,0.714846695441367,11.2633335652174,0.289764355525571,1.10264828898346,1.00502661413984,16.42,0.425183536528802,0.12,0.7,50
"CFA_Pyrenew-PyrenewHEW_COVID","41",0.484504494124075,0.373906043417359,6.73535946557971,0.105682621285191,0.546504606316668,0.49995046710291,10.5729166666667,0.172455065092515,0.4375,0.958333333333333,48
"CFA_Pyrenew-PyrenewHEW_COVID","42",0.576134547140608,0.331355211758267,21.853399905482,0.0766800906595948,0.700974529509221,0.630728667163364,31.5326086956522,0.111135245372708,0.630434782608696,0.956521739130435,46
"CFA_Pyrenew-PyrenewHEW_COVID","44",0.666301231526914,0.597389187204841,3.50553670948617,0.218616856493484,0.71312376053175,0.694631280030779,5.10227272727273,0.320316882910645,0.590909090909091,0.909090909090909,44
"CFA_Pyrenew-PyrenewHEW_COVID","45",0.700874097032266,0.519752372298613,12.8476722332016,0.133161434889961,1.03436698303183,0.965481372053473,20.3977272727273,0.216067556041811,0.409090909090909,0.886363636363636,44
"CFA_Pyrenew-PyrenewHEW_COVID","46",0.631662795254546,0.616778780457323,2.48127617056856,0.252524939777626,0.6888765378168,0.673212849749919,3.80769230769231,0.37717519143148,0.576923076923077,0.942307692307692,52
"CFA_Pyrenew-PyrenewHEW_COVID","48",0.663345118005709,0.517140444070974,53.1315952717391,0.101325123993324,0.721884824366678,0.714704871483832,76.025,0.145683352288147,0.575,0.875,40
"CFA_Pyrenew-PyrenewHEW_COVID","49",1.40225699372926,0.94677169191714,15.3589469720497,0.380231375257982,1.44102679540513,1.1234957827204,20.1607142857143,0.479298589812269,0.357142857142857,0.75,28
"CFA_Pyrenew-PyrenewHEW_COVID","50",0.77379039467985,0.756174675407481,2.16075087792642,0.328640912366559,0.837525824877453,0.820996363846344,3.38461538461538,0.51245916092744,0.480769230769231,0.942307692307692,52
"CFA_Pyrenew-PyrenewHEW_COVID","51",0.574049813244705,0.375082242949429,12.6546196597353,0.126419860787058,0.863960063351122,0.75196931326774,19.5,0.196650341326123,0.391304347826087,0.826086956521739,46
"CFA_Pyrenew-PyrenewHEW_COVID","53",0.903894586133625,0.621571925216138,11.8627880434783,0.113769227715333,1.01063803059211,0.777559253281434,18.4583333333333,0.176147674879598,0.4375,0.875,48
"CFA_Pyrenew-PyrenewHEW_COVID","54",0.520142956679538,0.447131920332335,5.01075747826087,0.173098823373049,0.649569429521338,0.675722759791454,7.58,0.269544738458561,0.52,0.96,50
"CFA_Pyrenew-PyrenewHEW_COVID","55",0.526299518516051,0.411708843106582,7.97064395085066,0.116090416041773,0.669180807705662,0.651250996380624,12.8586956521739,0.189030725456083,0.521739130434783,0.978260869565217,46
"CFA_Pyrenew-Pyrenew_HE_COVID","01",1.06908382370306,0.755407727761643,17.473624853114,0.173288442877959,1.24554172875704,0.99341419791453,25.5439189189189,0.261365506711957,0.371621621621622,0.790540540540541,148
"CFA_Pyrenew-Pyrenew_HE_COVID","02",0.731581638969742,0.611780158911425,1.55866727218583,0.209596823978189,0.724527696187162,0.647097798623021,2.45890410958904,0.336489936333041,0.691780821917808,0.979452054794521,146
"CFA_Pyrenew-Pyrenew_HE_COVID","04",0.716152532744842,0.429761453493667,11.2945862463768,0.133985672760792,1.14272300273359,0.999956421761703,18.1833333333333,0.216355441524465,0.473333333333333,0.933333333333333,150
"CFA_Pyrenew-Pyrenew_HE_COVID","05",0.759265213669186,0.53134106469913,5.90206956521739,0.203584365265629,0.986967957872175,0.801483527060868,9.02941176470588,0.310583658478932,0.529411764705882,0.948529411764706,136
"CFA_Pyrenew-Pyrenew_HE_COVID","06",0.791175891681644,0.688237468645921,54.315563173913,0.109607701385572,0.889933392752157,0.889892226760735,83.17,0.167072207124756,0.386666666666667,0.893333333333333,150
"CFA_Pyrenew-Pyrenew_HE_COVID","08",0.552424647285838,0.474880562009628,5.4741854468599,0.15643404604856,0.6492002651023,0.673338123363507,8.61111111111111,0.235565127662917,0.534722222222222,0.944444444444444,144
"CFA_Pyrenew-Pyrenew_HE_COVID","09",0.680186776802125,0.562988612188779,7.28735753424658,0.178767546428283,0.734468963759252,0.726088236039554,11.5821917808219,0.27361621477892,0.527397260273973,0.917808219178082,146
"CFA_Pyrenew-Pyrenew_HE_COVID","10",0.708274809672678,0.60049732056065,3.06571627497062,0.218195908842167,0.889964041863224,0.820215799170735,4.77702702702703,0.348606977111425,0.567567567567568,0.952702702702703,148
"CFA_Pyrenew-Pyrenew_HE_COVID","11",0.80318724247926,0.63744018442909,2.99381878881988,0.275809985684289,0.795450784224752,0.694307526631942,4.69285714285714,0.434430258065475,0.521428571428571,0.914285714285714,140
"CFA_Pyrenew-Pyrenew_HE_COVID","12",0.496109019363139,0.402451611866853,37.8146548115942,0.0919573232128426,0.668437545835938,0.647914082470864,58.7666666666667,0.140988373185515,0.453333333333333,0.906666666666667,150
"CFA_Pyrenew-Pyrenew_HE_COVID","13",0.705322752566908,0.535761811409191,16.0540283816425,0.13749963459123,Inf,Inf,25.1319444444444,0.218029160823953,0.430555555555556,0.916666666666667,144
"CFA_Pyrenew-Pyrenew_HE_COVID","15",0.639648926086525,0.662008117221894,2.61712644927536,0.191022002940179,0.739496964614188,0.823002517331582,4.18333333333333,0.313970477137871,0.613333333333333,0.993333333333333,150
"CFA_Pyrenew-Pyrenew_HE_COVID","16",0.606811124387605,0.490783177381742,3.12772027027027,0.255402783502981,0.677492669938019,0.598090534669224,4.81081081081081,0.38216854736983,0.513513513513513,0.945945945945946,148
"CFA_Pyrenew-Pyrenew_HE_COVID","17",0.485692582124811,0.343725945606482,18.5258512753623,0.123924211059511,0.772700462007348,0.773153564404276,29.2033333333333,0.196259278910158,0.42,0.9,150
"CFA_Pyrenew-Pyrenew_HE_COVID","18",0.532524763470906,0.386251157956121,11.9038726474092,0.144269111736248,0.706151089297375,0.694235445844764,19.1575342465753,0.226827015123669,0.452054794520548,0.945205479452055,146
"CFA_Pyrenew-Pyrenew_HE_COVID","19",0.614208156068629,0.501316705600582,6.10015702639752,0.169017350571933,Inf,Inf,9.38392857142857,0.252830457566286,0.517857142857143,0.892857142857143,112
"CFA_Pyrenew-Pyrenew_HE_COVID","20",0.502957594546072,0.461452431269014,4.45381229435958,0.179769076007803,0.703163513278157,0.728643399111099,7.125,0.295397207480339,0.547297297297297,0.966216216216216,148
"CFA_Pyrenew-Pyrenew_HE_COVID","21",0.440913162320353,0.352875020637914,6.57837226086956,0.136431686302145,0.705640636888695,0.680199238580255,10.15,0.213923265637185,0.526666666666667,0.933333333333333,150
"CFA_Pyrenew-Pyrenew_HE_COVID","22",0.997075778601969,0.762590799480792,17.5358391304348,0.211359187245796,1.27191535977562,1.11953309640011,26.8051470588235,0.31956826014491,0.411764705882353,0.845588235294118,136
"CFA_Pyrenew-Pyrenew_HE_COVID","23",0.60998642245727,0.685510857581353,2.08677382491187,0.280646824711802,0.722742973340579,0.781301172390422,3.33108108108108,0.455684259147546,0.533783783783784,0.945945945945946,148
"CFA_Pyrenew-Pyrenew_HE_COVID","24",0.832915351052013,0.596744539209237,10.6182967391304,0.2019421981723,0.96350120498187,0.823423699593613,15.8014705882353,0.298829831833562,0.507352941176471,0.904411764705882,136
"CFA_Pyrenew-Pyrenew_HE_COVID","25",0.553756413833385,0.382605310185674,11.7205509694477,0.138684350563196,0.547885093058965,0.50600309193725,18.7702702702703,0.221083781582272,0.506756756756757,0.932432432432432,148
"CFA_Pyrenew-Pyrenew_HE_COVID","26",0.856976712135342,0.538961075649859,44.1887789309113,0.256831593439947,1.04708963659191,0.993278570663283,58.4417808219178,0.366790567923044,0.424657534246575,0.780821917808219,146
"CFA_Pyrenew-Pyrenew_HE_COVID","27",0.673079933729446,0.468005647419306,8.98185063160987,0.180198086434222,0.796417308736803,0.769023962699399,13.8716216216216,0.285346881919344,0.452702702702703,0.939189189189189,148
"CFA_Pyrenew-Pyrenew_HE_COVID","28",1.01754507834966,0.705829833093437,9.20417829024677,0.195208163248929,1.2202213610908,1.05171650134061,13.8716216216216,0.293636243899661,0.432432432432432,0.837837837837838,148
"CFA_Pyrenew-Pyrenew_HE_COVID","29",0.628032297419809,0.443501485744174,13.6820234319316,0.209645724053193,Inf,Inf,20.7213114754098,0.326497651068686,0.434426229508197,0.89344262295082,122
"CFA_Pyrenew-Pyrenew_HE_COVID","30",0.745696686696894,0.662532617492959,3.31315955296999,0.295485995066865,0.77393559787917,0.719002851820883,4.88732394366197,0.451648625414184,0.47887323943662,0.887323943661972,142
"CFA_Pyrenew-Pyrenew_HE_COVID","31",0.554620465942948,0.540713871746844,3.62800791304348,0.224960514868986,0.728094547723947,0.753713849729077,5.72,0.362282344211632,0.5,0.966666666666667,150
"CFA_Pyrenew-Pyrenew_HE_COVID","32",0.743944360112742,0.539482314408744,3.82078549731983,0.169842399990689,0.896548136988247,0.772070238848305,6.09931506849315,0.26936047376357,0.472602739726027,0.945205479452055,146
"CFA_Pyrenew-Pyrenew_HE_COVID","33",0.664551333495539,0.572842579914117,3.48350688405797,0.230333778342852,0.736486016710319,0.729610012798661,5.49333333333333,0.371340711126938,0.486666666666667,0.946666666666667,150
"CFA_Pyrenew-Pyrenew_HE_COVID","34",0.618965538822997,0.48505479143866,15.5917034782609,0.11947747965273,0.701484186710567,0.654403138563216,23.7785714285714,0.179235621498187,0.478571428571429,0.95,140
"CFA_Pyrenew-Pyrenew_HE_COVID","35",0.769547990639515,0.599438564423959,4.69438589934485,0.207592501216568,0.928167238154534,0.834978297305273,7.66780821917808,0.328084089528195,0.520547945205479,0.910958904109589,146
"CFA_Pyrenew-Pyrenew_HE_COVID","36",0.626934801965844,0.458881363341376,25.878380273208,0.0948102199103562,0.719313968373691,0.64661359388966,39.875,0.144715825652191,0.52027027027027,0.966216216216216,148
"CFA_Pyrenew-Pyrenew_HE_COVID","37",0.766624939519532,0.630253820391882,21.2705279546846,0.130813674128993,0.95095350007849,0.989714395576059,32.2957746478873,0.203280162171322,0.429577464788732,0.887323943661972,142
"CFA_Pyrenew-Pyrenew_HE_COVID","38",0.65151528325527,0.781138388465416,2.7309955346651,0.259352545518771,0.829640777975243,0.88046753457743,4.37162162162162,0.415894737656041,0.527027027027027,0.939189189189189,148
"CFA_Pyrenew-Pyrenew_HE_COVID","39",0.423929311489013,0.383075675696057,18.467565185422,0.165273659862582,0.500478640449719,0.629968794317389,27.1691176470588,0.231107509140574,0.588235294117647,0.904411764705882,136
"CFA_Pyrenew-Pyrenew_HE_COVID","40",0.713610036378905,0.624445645505467,10.7966514640639,0.258234568056698,0.942184994227054,0.934699136935003,16.6020408163265,0.404026154753365,0.299319727891156,0.843537414965986,147
"CFA_Pyrenew-Pyrenew_HE_COVID","41",0.508157754292969,0.413996379340014,4.44372046583851,0.158769614837709,0.546179369395238,0.519905063956618,6.96785714285714,0.244989915165964,0.5,0.942857142857143,140
"CFA_Pyrenew-Pyrenew_HE_COVID","42",0.591821979449776,0.389855057322732,25.2178410363311,0.105503995469006,0.645176019412124,0.686965984024954,36.5924657534247,0.156835378905059,0.582191780821918,0.910958904109589,146
"CFA_Pyrenew-Pyrenew_HE_COVID","44",0.826904184303725,0.697509010533161,4.41137478578229,0.275197148430877,0.899125785422371,0.851695024066488,6.62408759124088,0.429654705218146,0.481751824817518,0.89051094890511,137
"CFA_Pyrenew-Pyrenew_HE_COVID","45",0.803920105869014,0.640549120242201,12.6559007624919,0.193474263542826,1.01846809572368,0.98081714538005,19.0858208955224,0.284287595565629,0.425373134328358,0.858208955223881,134
"CFA_Pyrenew-Pyrenew_HE_COVID","46",0.760370662639021,0.66809767695749,2.87208797601199,0.268882507401567,0.819511855611526,0.763169518887914,4.42068965517241,0.436546826150519,0.544827586206897,0.931034482758621,145
"CFA_Pyrenew-Pyrenew_HE_COVID","47",0.700915090042765,0.541079010256206,9.97051395417156,0.123783478569153,0.862388039635581,0.831580550849923,15.4087837837838,0.188438517210655,0.5,0.945945945945946,148
"CFA_Pyrenew-Pyrenew_HE_COVID","48",0.834727873654071,0.595769253120016,48.6492104802077,0.116697676399502,0.969155051616577,0.851148404477022,72.7761194029851,0.177347649605251,0.462686567164179,0.873134328358209,134
"CFA_Pyrenew-Pyrenew_HE_COVID","49",0.960608592300157,0.70400591786696,5.31860733695652,0.261932235438937,0.99575658189342,0.869241564693859,7.55514705882353,0.391449506705583,0.514705882352941,0.911764705882353,136
"CFA_Pyrenew-Pyrenew_HE_COVID","50",0.750210077848564,0.737931175191969,1.8313828115942,0.311056418719612,0.790877575828322,0.796562952968878,2.84666666666667,0.499566928640152,0.52,0.96,150
"CFA_Pyrenew-Pyrenew_HE_COVID","51",0.675293723260705,0.435152718792157,12.0264258879363,0.14363546819402,0.98099543418555,0.861642915581361,18.3169014084507,0.221596902092191,0.5,0.901408450704225,142
"CFA_Pyrenew-Pyrenew_HE_COVID","53",0.855219806996895,0.653520994789227,8.65981771014493,0.145482877221867,0.905250235014816,0.775266846011606,13.8066666666667,0.230807734584292,0.5,0.92,150
"CFA_Pyrenew-Pyrenew_HE_COVID","54",0.604840978740581,0.481215434057893,5.54782653623188,0.19511737041432,0.756786036381061,0.724199476203932,8.56,0.306196852345116,0.573333333333333,0.966666666666667,150
"CFA_Pyrenew-Pyrenew_HE_COVID","55",0.487575592057201,0.386048481344315,7.75917533333333,0.143008978099941,0.614789788646355,0.595863802502073,12.48,0.221557916880637,0.506666666666667,0.933333333333333,150
"CFA_Pyrenew-Pyrenew_HW_COVID","01",0.989179109993616,0.813633596013669,17.6545525362319,0.157794894950201,1.13750582832551,1.07389601041213,25.8712121212121,0.237843558102586,0.545454545454545,0.893939393939394,66
"CFA_Pyrenew-Pyrenew_HW_COVID","02",0.889331553091454,0.786403041811711,2.63517117918314,0.258046873007198,0.852955174440707,0.831182516618061,3.99242424242424,0.405147148455391,0.560606060606061,0.984848484848485,66
"CFA_Pyrenew-Pyrenew_HW_COVID","04",0.834954226384163,0.553735930274546,17.2126952445652,0.172591208892941,1.22967042296221,1.22617523517204,25.828125,0.269092699550603,0.578125,0.96875,64
"CFA_Pyrenew-Pyrenew_HW_COVID","05",0.964629170883998,0.80380806516147,9.96290318590705,0.339978469195505,1.16099167777949,1.18803251656121,14.301724137931,0.524742617956089,0.431034482758621,0.913793103448276,58
"CFA_Pyrenew-Pyrenew_HW_COVID","06",1.10424242289433,1.02095725939554,100.254122056159,0.151416552276872,1.24739733681612,1.38151881899516,154.364583333333,0.238914640847212,0.333333333333333,0.958333333333333,48
"CFA_Pyrenew-Pyrenew_HW_COVID","08",0.772393047281607,0.61699761226578,7.67194541440217,0.135714814122236,0.912402272126954,0.913393398332669,11.8984375,0.211414817821613,0.578125,1,64
"CFA_Pyrenew-Pyrenew_HW_COVID","09",0.881424781195251,0.698414859507418,10.853503458498,0.207953517912733,0.909168698410565,0.889765543207105,15.5151515151515,0.307857360014146,0.606060606060606,0.954545454545455,66
"CFA_Pyrenew-Pyrenew_HW_COVID","10",0.768601417382721,0.604724923769599,4.06690065876153,0.212017626046463,0.910073680075096,0.785273103311775,6.08333333333333,0.32143089827543,0.681818181818182,0.984848484848485,66
"CFA_Pyrenew-Pyrenew_HW_COVID","11",0.817975418783666,0.843565831163966,3.68925169082126,0.310048389112245,0.798778282584485,0.931009775197983,5.375,0.479201131363396,0.5,0.805555555555556,36
"CFA_Pyrenew-Pyrenew_HW_COVID","12",0.676128249960837,0.601301431863042,75.8965089492754,0.134406719588678,0.912028373864059,0.978710630288567,117.725,0.208268165917871,0.3,0.8,60
"CFA_Pyrenew-Pyrenew_HW_COVID","13",0.776904600089692,0.635552661696641,22.7499696956522,0.144449542288478,Inf,Inf,34.96,0.223671528537029,0.62,0.98,50
"CFA_Pyrenew-Pyrenew_HW_COVID","15",0.795461227853473,0.832059143097683,4.92203639657444,0.19415673843913,0.880378948360994,0.988518066039654,7.59848484848485,0.304526758997126,0.621212121212121,1,66
"CFA_Pyrenew-Pyrenew_HW_COVID","16",0.927985065793734,0.821800049401755,5.4967388339921,0.30417037744229,1.01309593215768,0.998045266226534,8.51515151515152,0.476420702926231,0.409090909090909,0.863636363636364,66
"CFA_Pyrenew-Pyrenew_HW_COVID","17",1.59530062137534,0.703813779682441,70.0059366666667,0.221310274890004,2.39588703386867,1.52933246941022,105.166666666667,0.339945226059508,0.533333333333333,1,30
"CFA_Pyrenew-Pyrenew_HW_COVID","18",0.792503078534798,0.53611267768909,16.2321767391304,0.153358078563698,0.924367497858198,0.882887224941503,22.8583333333333,0.221173062915815,0.766666666666667,1,60
"CFA_Pyrenew-Pyrenew_HW_COVID","19",0.75956033981294,0.674746143159775,6.74245128458498,0.236044967799056,Inf,Inf,10.3484848484848,0.376971378766434,0.5,0.939393939393939,66
"CFA_Pyrenew-Pyrenew_HW_COVID","20",0.795922387058279,0.703566489433405,6.93443001402525,0.232175413072496,1.14611484456464,1.12771533278338,11.491935483871,0.386629095463361,0.419354838709677,0.983870967741935,62
"CFA_Pyrenew-Pyrenew_HW_COVID","21",0.710039248601791,0.5935354011512,11.8281852581522,0.207527745526685,1.12991693764607,1.14630745102483,18.421875,0.327303881861391,0.4375,0.96875,64
"CFA_Pyrenew-Pyrenew_HW_COVID","22",0.93921488088424,0.843042923604234,21.9463355525362,0.248856170650991,1.18563489954488,1.23642299711454,32.3854166666667,0.373375047259459,0.4375,0.770833333333333,48
"CFA_Pyrenew-Pyrenew_HW_COVID","23",0.828530928513845,0.866896810578048,2.71548739809783,0.383039230536609,0.950891176283097,0.972342569417675,4.1484375,0.591642844310637,0.40625,0.9375,64
"CFA_Pyrenew-Pyrenew_HW_COVID","24",0.845458492721398,0.666968293060434,11.4891232542819,0.152644181833286,1.0640384018004,0.987743858704465,19.1818181818182,0.254314757474828,0.46969696969697,1,66
"CFA_Pyrenew-Pyrenew_HW_COVID","25",0.936316673281915,0.693550827886226,24.0569765810277,0.218992022108213,0.899725855621408,0.894919601838801,37.0833333333333,0.34520727329313,0.424242424242424,0.924242424242424,66
"CFA_Pyrenew-Pyrenew_HW_COVID","26",0.803394167783495,0.57719109251289,18.5709724007561,0.190058580619748,0.980054085627739,1.06055485714628,27.8695652173913,0.293253508782315,0.543478260869565,0.934782608695652,46
"CFA_Pyrenew-Pyrenew_HW_COVID","27",0.95874721753965,0.70352458332192,12.6797232608696,0.217809620306549,1.14925854300996,1.21436884892795,19.8916666666667,0.358942404020631,0.583333333333333,0.983333333333333,60
"CFA_Pyrenew-Pyrenew_HW_COVID","28",0.932227777784395,0.734148061690324,8.53365500658762,0.186138317591204,1.09534656584879,1.124853301194,12.5151515151515,0.286188077491231,0.651515151515151,1,66
"CFA_Pyrenew-Pyrenew_HW_COVID","29",0.847217970540323,0.700870569423458,20.1533789473684,0.344594533054861,Inf,Inf,31.2631578947368,0.542476288210081,0.368421052631579,0.894736842105263,38
"CFA_Pyrenew-Pyrenew_HW_COVID","30",0.941880636564575,0.859426712807094,4.15905253623188,0.317749672554307,0.996167600275959,0.940108145550986,6.26515151515152,0.490226272002824,0.53030303030303,0.863636363636364,66
"CFA_Pyrenew-Pyrenew_HW_COVID","31",0.754643208234449,0.707320489118662,5.04477139945652,0.245549444332533,0.965740218934905,0.960981063961403,7.9140625,0.389801246388313,0.53125,0.984375,64
"CFA_Pyrenew-Pyrenew_HW_COVID","32",1.02899504663777,0.778754549112628,6.63510988142292,0.19497815933706,1.2288870455963,1.12088024370274,10.6590909090909,0.313816179581271,0.515151515151515,0.954545454545455,66
"CFA_Pyrenew-Pyrenew_HW_COVID","33",0.797582888211985,0.679364450656386,3.27223623188406,0.20835434373995,0.821587618421018,0.808609984187786,4.91666666666667,0.318438752955892,0.606060606060606,1,66
"CFA_Pyrenew-Pyrenew_HW_COVID","34",0.970545767005994,0.87750263863608,25.7349734257871,0.181375198731186,0.999836742577153,1.12817402393505,34.3275862068966,0.256266028751934,0.620689655172414,0.96551724137931,58
"CFA_Pyrenew-Pyrenew_HW_COVID","35",0.995566633711438,0.879487718135212,7.97649354413702,0.287197931464075,1.14765703588139,1.21383113465767,12.5681818181818,0.462701963003513,0.484848484848485,0.909090909090909,66
"CFA_Pyrenew-Pyrenew_HW_COVID","36",1.07316321286185,0.81446564028929,65.6463406521739,0.126059376550504,1.37492228560851,1.27041109130026,114.9,0.216663236149522,0.3,0.9,10
"CFA_Pyrenew-Pyrenew_HW_COVID","37",0.889789719696597,0.702206247550572,32.6821538819876,0.140041517391412,1.13890616620797,1.12325670385186,52.0625,0.224423298501286,0.571428571428571,0.982142857142857,56
"CFA_Pyrenew-Pyrenew_HW_COVID","39",0.895721090165199,0.689246421197036,32.3907086483932,0.205625786154722,0.994024516716299,1.24089315615211,45.5760869565217,0.326509823026063,0.58695652173913,1,46
"CFA_Pyrenew-Pyrenew_HW_COVID","40",1.02490994809326,0.955029849299608,15.0678354959239,0.386708244203848,1.36885178948107,1.46695513303948,23.78125,0.618764085325676,0.1875,0.828125,64
"CFA_Pyrenew-Pyrenew_HW_COVID","41",1.36805858877829,1.14385539635009,18.492596814093,0.348882563236009,1.38357449096121,1.38931897896209,28.25,0.542638631598994,0.448275862068966,0.931034482758621,58
"CFA_Pyrenew-Pyrenew_HW_COVID","42",0.877369928616874,0.553109490039411,31.8113030797101,0.117120217679517,1.01277735006913,1.05084663025406,43.7916666666667,0.165739458808501,0.770833333333333,0.958333333333333,48
"CFA_Pyrenew-Pyrenew_HW_COVID","44",0.899801895072033,0.759684702152689,5.42823965517241,0.279590908113891,0.939564036354938,0.901211020462003,7.70689655172414,0.418493253786249,0.568965517241379,0.913793103448276,58
"CFA_Pyrenew-Pyrenew_HW_COVID","45",0.825485799069791,0.658638256375832,14.3915355797101,0.150841096093594,1.02299920641462,1.04580330789027,21.7416666666667,0.23639269900333,0.566666666666667,0.966666666666667,60
"CFA_Pyrenew-Pyrenew_HW_COVID","46",1.0975462156783,1.0774909065993,3.98417124505929,0.381477515118491,1.10631736762186,1.18840943224069,5.77272727272727,0.58073075055241,0.484848484848485,0.878787878787879,66
"CFA_Pyrenew-Pyrenew_HW_COVID","48",0.949592789829568,0.677734598188162,71.2970046521739,0.121094431798584,0.932789526794764,0.847708369522051,98.8,0.167403729484669,0.7,0.98,50
"CFA_Pyrenew-Pyrenew_HW_COVID","49",0.865527572127943,0.683932876972219,7.86264265010352,0.236386558758538,0.96387655946027,0.92405437104129,12.1666666666667,0.369019024007439,0.523809523809524,0.928571428571429,42
"CFA_Pyrenew-Pyrenew_HW_COVID","50",0.900471085115152,0.846058655834103,2.40862644927536,0.339766548231823,0.926410492684608,0.919595533347768,3.66666666666667,0.540359563013921,0.545454545454545,0.939393939393939,66
"CFA_Pyrenew-Pyrenew_HW_COVID","51",0.782229977851283,0.564771693765405,15.9942245127436,0.171802669468867,1.10324133657306,1.0890206503402,23.5689655172414,0.257317863628607,0.517241379310345,0.948275862068966,58
"CFA_Pyrenew-Pyrenew_HW_COVID","53",1.26510733899584,0.959270929313469,15.3919184782609,0.170047019541714,1.25463428732452,1.13510820531174,22.2592592592593,0.259141929464653,0.685185185185185,1,54
"CFA_Pyrenew-Pyrenew_HW_COVID","54",0.919485004431105,0.777659816212117,9.36755825407609,0.295499826195816,1.15513732971885,1.2052457369402,14.5703125,0.47768645896344,0.5,0.9375,64
"CFA_Pyrenew-Pyrenew_HW_COVID","55",0.750085666512146,0.588293472679228,11.0131442934783,0.16442652736178,0.890243635569829,0.871806205279705,17.0729166666667,0.255879451460555,0.520833333333333,0.916666666666667,48
"CFA_Pyrenew-Pyrenew_HW_COVID","56",0.749669731564312,0.829320318635639,3.27974758454106,0.266473524849964,0.878734328255526,0.984887590806449,5.19444444444444,0.420845214616442,0.444444444444444,1,18
"CFA_Pyrenew-Pyrenew_H_COVID","01",0.986146564432633,0.790474113023449,15.6823360305958,0.170951674113278,1.11785804133372,1.02349160342429,23.0401234567901,0.25752967657315,0.561728395061728,0.938271604938272,162
"CFA_Pyrenew-Pyrenew_H_COVID","02",1.05911047161337,0.942040256322085,2.36028026246023,0.3086396072175,1.04790049118025,1.01947243530017,3.65853658536585,0.492379592657999,0.579268292682927,0.98780487804878,164
"CFA_Pyrenew-Pyrenew_H_COVID","04",0.866789438095492,0.612057677733643,19.3457960100742,0.196936327451293,1.28343173570024,1.34861316800118,28.7469512195122,0.30395141117909,0.536585365853659,0.939024390243902,164
"CFA_Pyrenew-Pyrenew_H_COVID","05",1.02796607655154,0.881834620446646,10.0949466376812,0.345976178576299,1.31492437934219,1.35144654904996,15.4766666666667,0.543997195837573,0.373333333333333,0.893333333333333,150
"CFA_Pyrenew-Pyrenew_H_COVID","06",1.0718639525098,1.08661356579746,72.370901776246,0.166179119946256,1.23955392440411,1.45126052113701,114.198170731707,0.260708553247311,0.323170731707317,0.810975609756098,164
"CFA_Pyrenew-Pyrenew_H_COVID","08",0.858968643420011,0.748073154938468,10.2183781415695,0.255691321992772,0.986518178774626,1.12305040005937,15.5518292682927,0.404735938014815,0.518292682926829,0.939024390243902,164
"CFA_Pyrenew-Pyrenew_H_COVID","09",1.04943002776185,0.807910931128532,11.8420715780998,0.238379960841071,1.06051043638728,1.03641711621638,17.3611111111111,0.361499289863766,0.592592592592593,0.950617283950617,162
"CFA_Pyrenew-Pyrenew_H_COVID","10",0.987780027929597,0.828880236316678,5.04681892109501,0.318661653961918,1.20762223465773,1.09771808412569,7.72530864197531,0.492679233416452,0.530864197530864,0.962962962962963,162
"CFA_Pyrenew-Pyrenew_H_COVID","11",1.00295354509293,0.859660817812508,3.80989582880435,0.354924943872177,1.00245915018523,0.964497686384121,6.0625,0.576596301718958,0.45625,0.94375,160
"CFA_Pyrenew-Pyrenew_H_COVID","12",0.805342395773102,0.778522181996631,60.1371269088017,0.172638647012221,1.06900236413827,1.25779107077617,92.2408536585366,0.266592040274958,0.335365853658537,0.835365853658537,164
"CFA_Pyrenew-Pyrenew_H_COVID","13",0.920348189595153,0.794230941755216,23.6177747282609,0.209381407467725,Inf,Inf,36.896875,0.327496318573022,0.43125,0.9375,160
"CFA_Pyrenew-Pyrenew_H_COVID","15",0.919079987127567,0.907095592100301,3.67261165164369,0.250638169324763,0.963901972303757,1.05616450315203,5.30792682926829,0.379162472600864,0.682926829268293,0.981707317073171,164
"CFA_Pyrenew-Pyrenew_H_COVID","16",1.21555326897296,1.05594329045355,6.37717476902174,0.469939879126451,1.27363890147485,1.31182159346134,9.425,0.740977072056579,0.3625,0.85,160
"CFA_Pyrenew-Pyrenew_H_COVID","17",0.743289614485613,0.523710386036769,35.5750448470209,0.195602474537604,1.14898059788077,1.14626487009314,54.7808641975309,0.299716502058682,0.5,0.91358024691358,162
"CFA_Pyrenew-Pyrenew_H_COVID","18",0.721830752664173,0.551377227147235,19.9605232900318,0.199611291711773,0.891317348951804,0.971560191646758,29.5823170731707,0.30986951254946,0.548780487804878,0.957317073170732,164
"CFA_Pyrenew-Pyrenew_H_COVID","19",0.799380289789766,0.688290349000857,6.96809931561997,0.248495749014943,Inf,Inf,10.2932098765432,0.388150957952019,0.567901234567901,0.950617283950617,162
"CFA_Pyrenew-Pyrenew_H_COVID","20",0.895907015637302,0.803134605685082,9.36181218186638,0.291937095943265,1.25399433281794,1.23440026900201,15.094512195122,0.459381726163152,0.432926829268293,0.951219512195122,164
"CFA_Pyrenew-Pyrenew_H_COVID","21",0.892056782627368,0.754935591675862,17.3047264846235,0.273107272282445,1.37939557383945,1.45206256530218,25.8079268292683,0.42106309245743,0.439024390243902,0.896341463414634,164
"CFA_Pyrenew-Pyrenew_H_COVID","22",0.985108710484012,0.876250313289759,16.5626009278897,0.23227221741364,1.20649143726289,1.28200987674894,24.9573170731707,0.35513748967176,0.50609756097561,0.902439024390244,164
"CFA_Pyrenew-Pyrenew_H_COVID","23",0.989723406799451,0.916827270520257,3.79352644021739,0.363089529927447,1.12068240816671,1.0416983450336,5.778125,0.584029062113716,0.5375,0.95625,160
"CFA_Pyrenew-Pyrenew_H_COVID","24",1.02599869404068,0.811087019955572,14.8735605911983,0.281100039939457,1.22020607306345,1.17440549634548,22.890243902439,0.439431528316802,0.5,0.932926829268293,164
"CFA_Pyrenew-Pyrenew_H_COVID","25",0.930383347661107,0.672223201916876,22.234173528632,0.235676213509005,0.85735204825706,0.859604987432575,34.3780487804878,0.371431630141103,0.426829268292683,0.920731707317073,164
"CFA_Pyrenew-Pyrenew_H_COVID","26",0.918307180981587,0.625986367365826,58.9057012592789,0.324781506057381,1.24133704589465,1.25762528805624,89.1158536585366,0.504307099807495,0.359756097560976,0.878048780487805,164
"CFA_Pyrenew-Pyrenew_H_COVID","27",0.915417809695972,0.632972715792113,17.6398059782609,0.24040926935204,1.09671797942749,1.0567707809512,26.6128048780488,0.380081059626739,0.469512195121951,0.932926829268293,164
"CFA_Pyrenew-Pyrenew_H_COVID","28",0.962943961054969,0.749967232426952,8.63542161983033,0.190448184075323,1.15035002825959,1.15300940287537,13.4725609756098,0.300834266330663,0.579268292682927,1,164
"CFA_Pyrenew-Pyrenew_H_COVID","29",0.956030062098753,0.785413394497027,21.6759138987883,0.350370761685888,Inf,Inf,30.5,0.514930408808983,0.418032786885246,0.729508196721312,122
"CFA_Pyrenew-Pyrenew_H_COVID","30",0.967143582437126,0.880788160320265,4.44242165861514,0.412430672967916,1.0512818526926,0.997588155723777,6.91666666666667,0.648625504616009,0.425925925925926,0.907407407407407,162
"CFA_Pyrenew-Pyrenew_H_COVID","31",0.812631490956606,0.727985260006152,5.61629477992485,0.291697368803348,1.06128941773972,1.00818061867581,8.68827160493827,0.465482193602013,0.561728395061728,0.962962962962963,162
"CFA_Pyrenew-Pyrenew_H_COVID","32",0.940172231983356,0.778539212956984,5.02997343584305,0.239526308899367,1.05216624801131,1.0795210908519,7.4969512195122,0.371193263647173,0.560975609756098,0.969512195121951,164
"CFA_Pyrenew-Pyrenew_H_COVID","33",0.950384527960949,0.82059984908309,5.45495601902174,0.333517118612426,1.01161534965757,1.02132072546087,8.41875,0.523949760934729,0.45625,0.9375,160
"CFA_Pyrenew-Pyrenew_H_COVID","34",0.935243592137947,0.68568951047757,27.1451563626723,0.167178574734409,0.999653258445065,0.922625234620289,39.9359756097561,0.256518190875269,0.560975609756098,0.951219512195122,164
"CFA_Pyrenew-Pyrenew_H_COVID","35",1.04428848032592,0.879206096979439,6.68946735153765,0.288687202885244,1.19860942105888,1.22177993409296,10.5609756097561,0.461344698926907,0.481707317073171,0.932926829268293,164
"CFA_Pyrenew-Pyrenew_H_COVID","36",1.13418062465754,0.912399530727037,50.9700273860021,0.180468861046624,1.33367683483996,1.3228219353885,81.4725609756098,0.286284495660069,0.317073170731707,0.902439024390244,164
"CFA_Pyrenew-Pyrenew_H_COVID","37",0.926572501495237,0.772296135087575,25.6974381910896,0.154648028359562,1.19756739092995,1.23646554385062,40.6728395061728,0.243418718210331,0.524691358024691,0.969135802469136,162
"CFA_Pyrenew-Pyrenew_H_COVID","38",0.804434835480755,0.861162296444652,3.41570852120236,0.254675832662068,0.996928465660495,0.955938574926958,5.35493827160494,0.404989683345003,0.635802469135803,0.969135802469136,162
"CFA_Pyrenew-Pyrenew_H_COVID","39",0.860195859332848,0.663917691271458,42.5925976935313,0.268813594230255,1.02014933986802,1.1494793091407,61.2378048780488,0.400134730549405,0.463414634146341,0.884146341463415,164
"CFA_Pyrenew-Pyrenew_H_COVID","40",1.05273591652005,0.999759771055852,16.8317237804878,0.387408630060689,1.39068661385032,1.50323708960407,26.2591463414634,0.60434598413523,0.286585365853659,0.786585365853659,164
"CFA_Pyrenew-Pyrenew_H_COVID","41",1.07575503952383,0.888967140457057,9.78361151908802,0.333388829616185,1.12109926513917,1.12651956723352,15.1524390243902,0.528825948427692,0.341463414634146,0.853658536585366,164
"CFA_Pyrenew-Pyrenew_H_COVID","42",0.929471765539345,0.63919759156393,46.294700583245,0.166489396922221,0.94133288312422,1.12021024246519,61.890243902439,0.250021755801054,0.542682926829268,0.939024390243902,164
"CFA_Pyrenew-Pyrenew_H_COVID","44",0.977143865560793,0.85117311719483,5.19086011155606,0.315432614543671,1.06670362120564,1.05100286425879,7.82565789473684,0.497526243041586,0.552631578947368,0.947368421052632,152
"CFA_Pyrenew-Pyrenew_H_COVID","45",0.99335106253978,0.770898729500498,17.8386703837896,0.252755932289619,1.24277255005779,1.21730168588473,27.8395061728395,0.395466837823766,0.469135802469136,0.938271604938272,162
"CFA_Pyrenew-Pyrenew_H_COVID","46",0.982615673659967,0.90261712844876,4.11180213365539,0.344802827252476,1.02354133661575,1.0078114357361,6.20061728395062,0.5441414782211,0.567901234567901,0.907407407407407,162
"CFA_Pyrenew-Pyrenew_H_COVID","47",0.956080721284052,0.684457215620828,15.665838971368,0.157264898732333,1.09003777868298,1.03801971525571,23.5091463414634,0.240266104519527,0.579268292682927,0.963414634146341,164
"CFA_Pyrenew-Pyrenew_H_COVID","48",0.880642784644206,0.811371881160329,50.2520644122383,0.161389935804166,1.10324184175686,1.23577515821555,80.8117283950617,0.256392095100021,0.432098765432099,0.919753086419753,162
"CFA_Pyrenew-Pyrenew_H_COVID","49",0.943607917094603,0.778534353681254,5.48450371853547,0.29199186056754,1.03511120171999,1.03550541598521,8.48026315789474,0.470991294189454,0.532894736842105,0.973684210526316,152
"CFA_Pyrenew-Pyrenew_H_COVID","50",1.02778153384826,0.950084192770099,2.57532695920558,0.372890605679687,1.00931845581216,0.999087673788467,3.76234567901235,0.584877394302083,0.549382716049383,0.91358024691358,162
"CFA_Pyrenew-Pyrenew_H_COVID","51",0.994598962626852,0.72912097758203,22.2667596633086,0.253144878637815,1.46853360718888,1.49094691158085,33.4908536585366,0.393824812723847,0.463414634146341,0.890243902439024,164
"CFA_Pyrenew-Pyrenew_H_COVID","53",1.22734648144225,1.00063573080449,14.3440498939555,0.230297801811996,1.20258149975074,1.17351030450885,21.5213414634146,0.365654878937053,0.49390243902439,0.957317073170732,164
"CFA_Pyrenew-Pyrenew_H_COVID","54",0.948972089050964,0.719613004974757,9.62720091463415,0.283159981462269,1.17044482656778,1.12421247357584,14.390243902439,0.455915480733032,0.536585365853659,0.951219512195122,164
"CFA_Pyrenew-Pyrenew_H_COVID","55",0.836476434249375,0.622589420913992,16.2523549575822,0.230239954119046,1.00000673509296,0.935869974562407,24.8109756097561,0.352379774744535,0.530487804878049,0.920731707317073,164
"CFA_Pyrenew-Pyrenew_H_COVID","56",0.7554802918367,0.776201549473703,2.93646312551272,0.322635733299024,0.883960445588795,0.940106899440402,4.63207547169811,0.535146215972598,0.575471698113208,0.962264150943396,106
"CMU-TimeSeries","01",0.797670597981283,0.618838376911519,18.9257741134081,0.175566870776656,0.930691683064707,0.807338449290337,28.434535112169,0.268331923178411,0.511173184357542,0.96927374301676,358
"CMU-TimeSeries","02",1.02996033124089,0.904922060094655,2.74390575465608,0.338716849488937,0.987654150287282,0.920707133286293,4.09026816875765,0.514386570469939,0.256983240223464,0.773743016759777,358
"CMU-TimeSeries","04",0.833689052688982,0.581170399310109,26.616560725333,0.219249506522279,1.31366488463565,1.31562202226967,42.4121973467755,0.347673388236496,0.460893854748603,0.96927374301676,358
"CMU-TimeSeries","05",0.791004812585058,0.582606924117522,9.59011052534708,0.241840467667777,1.02643199788115,0.905533392725966,15.6504936131634,0.400350881299165,0.399441340782123,0.986033519553073,358
"CMU-TimeSeries","06",0.978720585728442,0.797399325807042,108.162071496138,0.17806080049752,1.05723968809497,1.03999035248109,155.53672788758,0.26843356665679,0.477653631284916,0.935754189944134,358
"CMU-TimeSeries","08",0.813512763670153,0.642638638583024,16.1783874887566,0.27589082106438,0.988405835986988,0.979038905162626,24.5330234092071,0.426268175033986,0.474860335195531,0.972067039106145,358
"CMU-TimeSeries","09",0.835085362949975,0.597254822372615,15.5570139818912,0.233236010848332,0.895311929000517,0.799805301786611,23.8543543917954,0.364679036366608,0.449720670391061,0.941340782122905,358
"CMU-TimeSeries","10",0.72759717347441,0.607087257627418,5.45606591347721,0.286912471003604,0.848943193805313,0.777179502492537,8.25510948557458,0.443668713885504,0.391061452513966,0.85195530726257,358
"CMU-TimeSeries","11",1.037560701849,0.836651012520111,4.33807135473621,0.358936196891574,0.931381817716742,0.858901409732214,6.23689967919064,0.540537153830073,0.32122905027933,0.790502793296089,358
"CMU-TimeSeries","12",0.860375071414331,0.72360214116524,93.8291522709956,0.218267958792254,1.17301375937429,1.18550756397525,139.797564037892,0.333358437506051,0.441340782122905,0.905027932960894,358
"CMU-TimeSeries","13",0.895707430470885,0.660076898019142,33.3060740988992,0.237420174195668,Inf,Inf,45.7235418658377,0.346768188023215,0.564245810055866,0.974860335195531,358
"CMU-TimeSeries","15",1.01578970135185,0.901918157586576,5.84861396752177,0.313243076848795,1.0681431217464,1.0327220025165,8.60582244127194,0.47199625012902,0.329608938547486,0.812849162011173,358
"CMU-TimeSeries","16",0.813367192671892,0.680403626135015,5.62434304212312,0.351287655626954,0.913722437662259,0.854064347344516,8.42393760413387,0.539951229435619,0.332402234636872,0.857541899441341,358
"CMU-TimeSeries","17",0.64263781172141,0.407908438778408,49.8532806732501,0.204830008014555,0.962208263633034,0.816592602648136,77.3219253976238,0.303820085056198,0.61731843575419,0.966480446927374,358
"CMU-TimeSeries","18",0.623127552969006,0.461830739438634,27.401207559278,0.214079462546987,0.789252199676708,0.784334385403778,41.7339801645081,0.324122142103179,0.578212290502793,0.96927374301676,358
"CMU-TimeSeries","19",0.656281715066689,0.539839958985661,9.61938927210738,0.246054056663709,Inf,Inf,14.8937307866947,0.391363822866287,0.505586592178771,0.963687150837989,358
"CMU-TimeSeries","20",0.730044074466406,0.605343109335125,12.0243860227574,0.273160187069857,1.04445174414726,0.945380979393504,19.2124729812969,0.430463955508325,0.458100558659218,0.949720670391061,358
"CMU-TimeSeries","21",0.652580125680088,0.527065442816536,19.844248021067,0.253496320794643,1.04558576552915,1.0184905814797,29.9915629271218,0.396722192946793,0.488826815642458,0.96927374301676,358
"CMU-TimeSeries","22",0.821948696386947,0.684294073530896,18.326677631065,0.234860564038433,1.04399485824623,1.03592004509401,27.5162008569747,0.362097508324522,0.38268156424581,0.924581005586592,358
"CMU-TimeSeries","23",0.754996860342301,0.7437645846436,4.82802034000911,0.344458721859055,0.887036268182381,0.823474117924164,7.70326123075927,0.544860271933998,0.282122905027933,0.82122905027933,358
"CMU-TimeSeries","24",0.775860235439551,0.561342273278696,17.1121609899433,0.243021482327192,0.814048490236079,0.690545481420995,26.6691365042865,0.373243078330192,0.513966480446927,0.972067039106145,358
"CMU-TimeSeries","25",0.708112275613024,0.447322651059525,29.5411298949639,0.218603293309767,0.688396532939175,0.576679252991374,47.5595206187562,0.345175607729585,0.460893854748603,0.94413407821229,358
"CMU-TimeSeries","26",0.749273598167624,0.457360233072688,55.6849573421467,0.264017499087271,0.895041878032485,0.781559669779647,85.7542302322339,0.397941982531277,0.477653631284916,0.905027932960894,358
"CMU-TimeSeries","27",0.731996747631659,0.460398130203391,23.9283809517987,0.227015009424849,0.857575848827267,0.72147473951434,35.2293773371702,0.337484284382189,0.558659217877095,0.941340782122905,358
"CMU-TimeSeries","28",0.832876092581538,0.675278281404887,9.69417850811195,0.219348955901687,0.967677962903105,1.00260926681737,14.7709747210516,0.340441045066655,0.43854748603352,0.902234636871508,358
"CMU-TimeSeries","29",0.849258556915067,0.624271549975111,28.2169812293638,0.307032785024089,Inf,Inf,45.3612697448217,0.527454527339525,0.421787709497207,0.980446927374302,358
"CMU-TimeSeries","30",0.945144413335846,0.899032372271138,5.12094772415523,0.410298559120875,0.997956279238542,0.978370710007685,7.74097817778464,0.627065450109282,0.293296089385475,0.82122905027933,358
"CMU-TimeSeries","31",0.630798720468707,0.554720669442675,7.07534462866696,0.278418216843961,0.816699680575462,0.781138096677418,10.8108043287716,0.435661981631879,0.441340782122905,0.930167597765363,358
"CMU-TimeSeries","32",0.974377095116596,0.747631929029187,7.84822744534946,0.272886485415693,1.07801264668907,1.02880869763378,11.5597011535166,0.427450785325658,0.435754189944134,0.972067039106145,358
"CMU-TimeSeries","33",0.770474262335074,0.599454143165024,6.81520358231874,0.257644619576054,0.781386165159699,0.723801171338021,9.83755360897125,0.403184978263868,0.421787709497207,0.924581005586592,358
"CMU-TimeSeries","34",0.686637223826848,0.47345391409033,33.3815581288684,0.167418156535962,0.72867830510142,0.60842203772394,49.9326821371505,0.249859046277759,0.597765363128492,0.958100558659218,358
"CMU-TimeSeries","35",0.878789085151643,0.757351465643758,7.8367676947547,0.28737721568248,1.01599023030142,1.01926488000025,12.3327665491864,0.451058459377473,0.29608938547486,0.910614525139665,358
"CMU-TimeSeries","36",0.81493628646663,0.546446428150969,63.9173537973976,0.160771210988543,0.741803221098682,0.630114555573038,95.614825356241,0.249999315139509,0.620111731843575,1,358
"CMU-TimeSeries","37",0.786555740909445,0.634302051774289,38.9540123544167,0.196142779777113,1.04633289701881,1.02609912371211,61.056672788769,0.304884806483209,0.458100558659218,0.949720670391061,358
"CMU-TimeSeries","38",0.743673009902019,0.843027308351116,4.17636082335387,0.301223091111881,0.890137470036294,0.905785203703438,6.53902010412191,0.472785522402734,0.310055865921788,0.846368715083799,358
"CMU-TimeSeries","39",0.644932214748314,0.48336490558598,56.7458637471905,0.272530603498707,0.803325905187271,0.825256645393929,85.2376519017104,0.408268606073057,0.544692737430168,0.941340782122905,358
"CMU-TimeSeries","40",0.732632799876209,0.652190525242516,15.4379122008845,0.298550429624686,0.981809786380197,0.990153938492858,24.5346589418011,0.477377229148741,0.343575418994413,0.949720670391061,358
"CMU-TimeSeries","41",0.877991794649213,0.630301935975433,11.3576680585193,0.254164372566465,0.934600629379997,0.815385377528256,17.825799347155,0.407879446224636,0.35195530726257,0.958100558659218,358
"CMU-TimeSeries","42",0.725649156912226,0.463793527041481,71.1825137859281,0.17799264692012,0.83915363837448,0.822313636872452,110.663056270997,0.26547077900998,0.631284916201117,0.93854748603352,358
"CMU-TimeSeries","44",0.829567485448069,0.721083134018256,6.28037888656159,0.296679191421953,0.883785596847088,0.839890300282275,9.6367000280141,0.448382769268855,0.329608938547486,0.787709497206704,358
"CMU-TimeSeries","45",0.759290890335784,0.581088624675844,18.4043328415464,0.229259811326368,0.940698143902673,0.891675770046659,28.3434600750573,0.358002412770531,0.424581005586592,0.94413407821229,358
"CMU-TimeSeries","46",0.970622030771415,0.864943988428654,4.99499275421891,0.350414689154132,1.03163715981452,0.928089777828091,7.75984496365305,0.536252229790148,0.301675977653631,0.849162011173184,358
"CMU-TimeSeries","47",0.808100348240455,0.621207073806341,19.0208377947705,0.186210304985465,0.953557205987979,0.944753015604972,28.6565879583041,0.285348764974906,0.564245810055866,0.966480446927374,358
"CMU-TimeSeries","48",1.05415494789765,0.804382855685503,83.2762985967429,0.202889666936418,1.18333130093235,1.11507882467954,120.361837138591,0.304414544757262,0.511173184357542,0.960893854748603,358
"CMU-TimeSeries","49",0.889435912571006,0.678828310267508,7.58065939048526,0.301844096732979,1.0138319986127,0.922789164168831,11.1308346841011,0.459043010161213,0.407821229050279,0.94413407821229,358
"CMU-TimeSeries","50",0.922187450861148,0.912821244671094,2.74952457239014,0.362686298121622,0.936182239640714,0.91742802087666,4.23002453079326,0.544521502859402,0.240223463687151,0.73463687150838,358
"CMU-TimeSeries","51",0.801362593211878,0.504535236439912,23.0658672112035,0.200653480080407,1.13714469684504,0.960873092108668,34.8658187859147,0.305864040932243,0.55586592178771,0.966480446927374,358
"CMU-TimeSeries","53",1.07140423078514,0.833888522401794,17.5495232663993,0.225137431841046,1.06326861071956,0.979650406347974,27.2163257124609,0.361179783227906,0.402234636871508,0.949720670391061,358
"CMU-TimeSeries","54",0.626382396049351,0.483002809317833,11.0145731836983,0.262814348074962,0.759211920037229,0.691782882034283,17.5820452801871,0.412544293117985,0.480446927374302,0.924581005586592,358
"CMU-TimeSeries","55",0.644469502157252,0.482339870739445,23.3510585125138,0.24016021697347,0.766237311859184,0.701613902306448,35.9799889089731,0.363550856452875,0.544692737430168,0.958100558659218,358
"CMU-TimeSeries","56",0.973189161945961,0.998709846057104,4.6549141483502,0.390166037411488,1.09184096848636,1.10344735686034,6.92456450548784,0.593919510081038,0.332402234636872,0.810055865921788,358
"CMU-TimeSeries","72",0.956444344290674,0.782212432661667,24.2259175654055,0.407438398633342,0.97863516165262,0.909099118286757,37.7909564257252,0.625529287077128,0.270949720670391,0.82122905027933,358
"CMU-TimeSeries_Cal","01",1.32295387095914,1.04512636215344,17.7044591427155,0.183851603572339,1.67614660979019,1.42462940412086,30.5319524682563,0.310621511929215,0.333333333333333,1,3
"CMU-TimeSeries_Cal","02",0.937362907095918,0.736452509724376,1.51533569238943,0.313939389632999,0.951018508993948,0.802679401523667,2.50010942920963,0.520711963473104,0.333333333333333,1,3
"CMU-TimeSeries_Cal","04",1.7829185355254,0.997988728313954,14.4103364086596,0.16011181882529,4.76390856711166,3.9101681763912,28.0661722862949,0.314401553107626,0.333333333333333,1,3
"CMU-TimeSeries_Cal","05",1.27282835319631,0.894356740131633,5.07771243782813,0.255206960320557,1.79969128400797,1.49638309579768,8.68113807148096,0.43995323484722,0.333333333333333,1,3
"CMU-TimeSeries_Cal","06",1.14675679374378,0.978765006302882,147.237535305064,0.16384419288536,1.4040733589374,1.36933610551916,245.414029317015,0.27076329743818,0.333333333333333,0.666666666666667,3
"CMU-TimeSeries_Cal","08",0.607014994029015,0.467724243113029,4.40756504071296,0.114255947514909,0.596714691385077,0.539281132657233,5.19969385007216,0.123977604704033,0.666666666666667,1,3
"CMU-TimeSeries_Cal","09",0.768426479011179,0.571828253050607,12.0274358281073,0.251845299741895,0.898951121324988,0.835727862423865,20.6528429439128,0.434816228695701,0,1,3
"CMU-TimeSeries_Cal","10",0.569428977735617,0.432057450613865,1.12086646846919,0.0961004224152782,0.573444428156743,0.468278365818414,1.48097776732764,0.121892817739745,1,1,3
"CMU-TimeSeries_Cal","11",0.914686137015032,0.652421237706372,2.8252578571732,0.231993390347282,0.810218480596134,0.642012437192763,4.17244317019856,0.332191154327413,0.333333333333333,0.666666666666667,3
"CMU-TimeSeries_Cal","12",1.28497827320704,0.979273886359169,54.4556796266585,0.0879361392898933,2.92559484195883,2.60690268605283,109.2956508383,0.175579148763814,0.666666666666667,1,3
"CMU-TimeSeries_Cal","13",1.85170946203548,1.2372351041786,24.5989965188527,0.212820317737842,Inf,Inf,44.6017839871382,0.388946660845246,0.333333333333333,1,3
"CMU-TimeSeries_Cal","15",1.11215796081518,0.99813814833556,7.16369495867973,0.202845964453352,1.18337971884238,1.13231035965614,11.6830281929726,0.324337396998433,0,0.666666666666667,3
"CMU-TimeSeries_Cal","16",0.936096572171173,0.698173332326516,2.45634343802864,0.17151742515218,1.06415020041014,0.929889811115759,3.74379684157652,0.274835461227678,0.333333333333333,1,3
"CMU-TimeSeries_Cal","17",0.918326483584774,0.559183172744577,9.88066068826111,0.130813081939323,1.65620462168231,1.42062804859623,15.1686020419235,0.206590895725644,0.333333333333333,1,3
"CMU-TimeSeries_Cal","18",0.655115140716221,0.466362959544684,5.11999248551395,0.145765077387557,0.846555230856165,0.823337515094322,8.06658381500651,0.227537738236646,0.666666666666667,1,3
"CMU-TimeSeries_Cal","19",0.890034202894149,0.684408959602058,1.82784779990147,0.102022377864607,Inf,Inf,2.67638163271879,0.149418059436369,1,1,3
"CMU-TimeSeries_Cal","20",1.20648340535802,0.925235848867995,3.34440958520281,0.330012817300507,1.94970319013593,1.56806333400378,5.8377950366153,0.563018179695478,0,1,3
"CMU-TimeSeries_Cal","21",0.986080524147495,0.687318149149424,5.83959301864954,0.212034749684184,1.81031584896092,1.42065616691911,10.4524961782162,0.369048988429379,0.333333333333333,1,3
"CMU-TimeSeries_Cal","22",1.09727042034726,0.817462959651346,10.3078547774103,0.109901140615093,1.84809540873425,1.59987862249449,18.5908508389344,0.199019081583045,0.666666666666667,1,3
"CMU-TimeSeries_Cal","23",0.648195547128098,0.62537224726798,1.08850151571704,0.242975435789069,0.736899030123967,0.670544890092402,1.68885614570815,0.369053267105064,0.333333333333333,1,3
"CMU-TimeSeries_Cal","24",0.566163437247759,0.408451024865888,3.00937950497294,0.0720724886950701,0.286896610012639,0.244714101100478,1.83122247834252,0.043637827895237,1,1,3
"CMU-TimeSeries_Cal","25",0.588703425649281,0.369582013828789,4.18812137132861,0.0782916407366426,0.0811995913041888,0.0712115377208218,0.443392478273561,0.00859257628656085,1,1,3
"CMU-TimeSeries_Cal","26",1.15643113799568,0.662591126660328,8.66550603145038,0.14948314313513,1.68527191733846,1.43411792099739,12.8684981365889,0.230223206678406,0.666666666666667,1,3
"CMU-TimeSeries_Cal","27",0.596728274852862,0.414567395564652,3.1145517883878,0.0952013387822304,0.72707262697669,0.682630243180898,4.14079162878407,0.12250439018129,1,1,3
"CMU-TimeSeries_Cal","28",1.21270552163715,0.849615108681464,6.52700942814959,0.203208939019948,1.13040438868064,0.979258636051764,10.4858808171151,0.317300466964812,0.333333333333333,0.666666666666667,3
"CMU-TimeSeries_Cal","29",1.3348631317045,0.83624405696824,6.34415583085629,0.125299317638955,Inf,Inf,8.51460603609726,0.167478795385667,0.666666666666667,1,3
"CMU-TimeSeries_Cal","30",0.903292348277613,0.852673950849884,2.90533231089607,0.334717107299111,1.06370854945466,0.971798632462781,4.84124549967656,0.531863109330282,0.333333333333333,1,3
"CMU-TimeSeries_Cal","31",0.652470125596474,0.539667236800946,1.13690702093056,0.144574806868376,0.876766044619452,0.781586993787239,1.68287823383358,0.211578326362649,1,1,3
"CMU-TimeSeries_Cal","32",0.737144746305843,0.527769764093573,5.66915959737619,0.137792110407442,0.872107468611939,0.766856485579594,9.03089044538202,0.224153143975359,0.333333333333333,1,3
"CMU-TimeSeries_Cal","33",0.729910009080064,0.575357748423039,3.98265194688238,0.389568734970354,0.752770449628725,0.67919546803528,6.07193297947058,0.619814483453839,0,0.666666666666667,3
"CMU-TimeSeries_Cal","34",0.505829652699867,0.374636305269113,8.3452032279796,0.0572792831711231,0.44516690608504,0.385136518628047,8.81889115308616,0.0562896907312653,0.666666666666667,1,3
"CMU-TimeSeries_Cal","35",1.03260648474372,0.757818658333975,2.86421157375503,0.256190772159927,1.41315542329838,1.17954074494522,5.26902969246001,0.454849466502692,0.666666666666667,1,3
"CMU-TimeSeries_Cal","36",0.73955892296077,0.491367240293284,18.7432394336799,0.059310946009177,0.907992686989084,0.756327345654172,26.4603742457754,0.0833025404371099,1,1,3
"CMU-TimeSeries_Cal","37",1.03967936367285,0.81236158982723,21.6273228930786,0.102673017034243,1.55605504099907,1.45764593909954,38.8551646182478,0.184120740636339,0.333333333333333,1,3
"CMU-TimeSeries_Cal","38",0.617171088585349,0.777697648791245,0.888086396444955,0.459209748679566,0.79575357417006,0.860621300150519,1.48808864375321,0.757986325112192,0,0.333333333333333,3
"CMU-TimeSeries_Cal","39",0.557969215245389,0.40436271795707,9.56742479791241,0.119020700991027,0.640826143085531,0.632042031658338,13.4230441353058,0.162985129195423,1,1,3
"CMU-TimeSeries_Cal","40",1.10134696136774,0.796858249852652,6.02132454045681,0.253161110217282,1.38478094196966,1.08725220298414,10.5006789384497,0.426717233867317,0.333333333333333,1,3
"CMU-TimeSeries_Cal","41",0.574468036650455,0.41075096240232,5.51804391160259,0.101417585002627,0.671537817177752,0.564894920984116,10.8068641778344,0.191176596243061,0,1,3
"CMU-TimeSeries_Cal","42",0.863401025840071,0.568311379375646,28.0771032693575,0.176718841520665,0.998123032672123,1.01729633519512,44.9390175340021,0.285558387125444,0.333333333333333,1,3
"CMU-TimeSeries_Cal","44",0.796279190917915,0.687278405684174,3.17397244782449,0.252635300616448,0.851897471879201,0.816118223308901,5.05640573145039,0.400627561705575,0.333333333333333,1,3
"CMU-TimeSeries_Cal","45",0.743914844716696,0.522013288801021,5.44508470977128,0.0735838518368123,0.907596716174403,0.787004002058951,8.13209161611087,0.107838343277713,1,1,3
"CMU-TimeSeries_Cal","46",1.06039526341125,0.989373292417186,3.32427078942094,0.527127403900774,1.12881780575427,1.10456955051973,5.36770920441498,0.844418960429049,0,0.666666666666667,3
"CMU-TimeSeries_Cal","47",1.14046361660279,0.779302311546874,16.9275106238915,0.227138000749187,1.57772321764932,1.3157402795964,29.914821464725,0.38505911633252,0,1,3
"CMU-TimeSeries_Cal","48",1.96189507144592,1.44480773076897,107.657461513397,0.236820356419619,2.3332332913942,1.98312979009198,179.795182390369,0.387205021899296,0.333333333333333,1,3
"CMU-TimeSeries_Cal","49",0.706407776443516,0.534866305176737,1.86862452472811,0.0790999949121668,0.53792561623891,0.470319120590563,1.68799366356902,0.0698935999918873,1,1,3
"CMU-TimeSeries_Cal","50",0.86300401853793,0.804241191997281,1.9487963080269,0.374704410839335,0.910075417314638,0.899109212676656,3.14481291535515,0.621661571030668,0,0.666666666666667,3
"CMU-TimeSeries_Cal","51",1.5661908304568,0.96366899608374,11.1394358230551,0.187577078983508,2.65052422123189,2.19246748884553,18.3395088233684,0.31634308898891,0,1,3
"CMU-TimeSeries_Cal","53",1.0841978470297,0.79760841892563,19.6583451204476,0.118032541920276,1.17284472041212,0.985664468445647,32.2183587445981,0.190260333421142,0.333333333333333,0.666666666666667,3
"CMU-TimeSeries_Cal","54",0.420749467001725,0.328831314969257,1.80381525071963,0.0907299244654288,0.349221483694049,0.325623866949561,1.64766655262071,0.0798975376675705,1,1,3
"CMU-TimeSeries_Cal","55",0.550175812414567,0.406727500707563,6.32031229491187,0.169144067150697,0.667113224015538,0.593051745900738,10.5966097253633,0.261956596128583,0.333333333333333,1,3
"CMU-TimeSeries_Cal","56",1.33109924867537,1.23021848151655,2.04891051876564,0.585931967134755,1.50636169026679,1.26449402575159,3.37715472185767,0.879591311129803,0,0.666666666666667,3
"CMU-TimeSeries_Cal","72",1.25626703064433,0.999343311754441,14.2964495000597,0.151473254046759,1.24310876473241,1.12718453052495,24.6061952785688,0.265958885563429,0.333333333333333,1,3
"CMU-climate_baseline","01",1.92552912992492,1.25569645503364,57.8148390572938,0.332577610313515,1.41027971453933,0.970894550898801,64.2247018342056,0.331176642003471,0.791666666666667,1,168
"CMU-climate_baseline","02",6.42135872353975,1.71897406567302,24.2601780786813,0.619865092067263,5.10406014385825,2.14540191785233,30.1036498060593,1.14189289997685,0.273809523809524,1,168
"CMU-climate_baseline","04",1.06391720474478,0.529915303689261,52.6522344082215,0.20693442241553,1.22204307840227,1.00824007755623,65.3360346523663,0.278962794643329,0.857142857142857,1,168
"CMU-climate_baseline","05",2.78131971156785,1.05555877098284,45.5916546786994,0.494269328456877,3.37199891754283,1.8785395898293,68.5755369302801,0.902600495333669,0.351190476190476,1,168
"CMU-climate_baseline","06",2.52006312576996,1.60779178019793,366.300080719282,0.301588992342493,3.06926772608112,2.20222819123134,647.960686414438,0.514492154104115,0.577380952380952,0.970238095238095,168
"CMU-climate_baseline","08",2.51479275539092,1.21316564170001,55.6557799029829,0.368817508454563,2.27520560015741,1.54482665722363,73.5850619750977,0.511599478869922,0.619047619047619,0.964285714285714,168
"CMU-climate_baseline","09",2.6050071366927,1.30315066773173,48.7007161796739,0.390968094651759,2.77691271844509,2.0352673030404,73.4168530229759,0.701549388697628,0.398809523809524,0.976190476190476,168
"CMU-climate_baseline","10",3.62002088347903,1.49036461644341,25.8886107150554,0.53613765170842,3.64135878972603,2.2653412322382,32.423237232882,0.947725230428561,0.327380952380952,0.976190476190476,168
"CMU-climate_baseline","11",4.6071266450337,1.54508361586062,26.8055656193791,0.630942451479861,3.84227309937365,1.95145298043482,34.6001972834086,1.12847826389254,0.178571428571429,0.988095238095238,168
"CMU-climate_baseline","12",1.79507179833538,1.26077975826551,277.187251842926,0.378516443485213,2.93007915207356,2.45726227135201,503.908475446364,0.685098092542331,0.488095238095238,0.994047619047619,168
"CMU-climate_baseline","13",2.21790724521417,1.12087356939231,117.859102585678,0.375834211506482,Inf,Inf,174.691233493376,0.530235784643971,0.666666666666667,1,168
"CMU-climate_baseline","15",5.24783943258688,2.06643921072967,39.7527277044129,0.616715548963881,4.20836845145952,2.59015883777816,45.9272479820053,1.01420129676208,0.470238095238095,0.94047619047619,168
"CMU-climate_baseline","16",3.96258031669256,1.24008849696278,31.6218145963592,0.464886963414631,3.79027578651069,1.74938011720132,44.8340945893444,0.854302596491992,0.476190476190476,1,168
"CMU-climate_baseline","17",1.13687459871369,0.620228346316461,99.7410887891342,0.24777293345809,1.5661593166374,1.23072388880833,142.486336538432,0.354223651704783,0.791666666666667,1,168
"CMU-climate_baseline","18",1.2225945538538,0.708164736187741,55.4250424561196,0.266838756919434,1.43500366737538,1.25943940795658,77.0055427793219,0.408787334942567,0.779761904761905,1,168
"CMU-climate_baseline","19",2.85666456677396,1.19797851930433,41.1143869097533,0.447846292335027,Inf,Inf,56.6940783847178,0.778347468717321,0.446428571428571,0.994047619047619,168
"CMU-climate_baseline","20",2.29521551870401,1.18408752765957,39.7732537147962,0.448772919581203,2.82109573464874,2.04553571429305,55.5092512040634,0.788233364902358,0.476190476190476,0.970238095238095,168
"CMU-climate_baseline","21",1.3512971228922,0.673173308047338,48.3392848910014,0.29209664306967,1.51840083993238,1.1574260485684,52.9832988634574,0.399203526907111,0.827380952380952,1,168
"CMU-climate_baseline","22",1.78143696584653,0.931800964518836,50.2355263041542,0.280603438297268,1.40013923348516,0.987137707869203,57.599388539596,0.344170642471483,0.791666666666667,1,168
"CMU-climate_baseline","23",4.98252971813481,2.32158744037579,31.4643792706335,1.0199204254622,4.85501490015486,2.68704832155096,39.6142685588205,1.63410351125367,0.0952380952380952,0.708333333333333,168
"CMU-climate_baseline","24",2.00576553767825,0.970100131246145,56.6739795770383,0.307233270939744,2.09960081221848,1.25710361885905,85.227086843435,0.465706967791583,0.708333333333333,1,168
"CMU-climate_baseline","25",1.25158305266673,0.654270138388222,58.9485691387605,0.240815472495652,0.811964556633939,0.549472380251519,69.4412452508444,0.256450662866973,0.845238095238095,1,168
"CMU-climate_baseline","26",0.834589528025283,0.512696249068815,80.0335230530466,0.257613350911816,1.11322084088012,1.08491613045454,119.754680619185,0.41953766446786,0.535714285714286,1,168
"CMU-climate_baseline","27",1.40421498090971,0.803119108853204,49.1918539923461,0.318675385838305,1.43176921320002,1.18153103359246,67.4570871136885,0.451265969593605,0.720238095238095,1,168
"CMU-climate_baseline","28",2.34477533622096,1.00679150256853,34.9434242474507,0.324911548798745,2.05017693737216,1.45100818899266,40.9324708162418,0.482310678755211,0.773809523809524,1,168
"CMU-climate_baseline","29",1.60913770549333,0.632393245705175,63.5524436116365,0.322672729290832,Inf,Inf,95.642852866985,0.519053490272782,0.696428571428571,1,168
"CMU-climate_baseline","30",5.89425229556679,1.84315071144156,30.0624260914686,0.656714424380828,5.53526472372925,2.34219535752907,40.9457128668059,1.18586095716332,0.154761904761905,0.946428571428571,168
"CMU-climate_baseline","31",3.09247349456832,1.33979758721112,33.0992635098085,0.501698410255946,3.37581041744672,2.09469442996683,44.1300570433969,0.88504350068929,0.44047619047619,0.952380952380952,168
"CMU-climate_baseline","32",5.38966664653342,1.94260369860977,46.8433833884458,0.523727961505373,5.47245275189176,2.72984960678658,66.813151702812,0.83215380347139,0.625,0.898809523809524,168
"CMU-climate_baseline","33",3.35426115574809,1.55241144089081,27.0363689812965,0.523422932901929,2.96477110047261,2.26474366524374,32.641556438342,0.948219216069239,0.220238095238095,0.982142857142857,168
"CMU-climate_baseline","34",1.33785924129108,0.734084665566465,76.2471417801009,0.216511262713156,1.15581101602002,0.799447220210163,104.37498465,0.281008403824952,0.839285714285714,1,168
"CMU-climate_baseline","35",2.33553675404055,1.04374792223296,27.2321922304335,0.375099585170268,1.77958028017949,1.3180376812894,27.8092116835097,0.544535543556821,0.625,0.946428571428571,168
"CMU-climate_baseline","36",2.04074447855446,1.21371291426581,184.05694041841,0.261345509562006,2.37394214945593,1.74738878948745,309.782640386304,0.421428750173085,0.785714285714286,1,168
"CMU-climate_baseline","37",1.37038544006953,1.23774195317646,82.0925750160673,0.333068109441162,1.54820646840401,1.31883219999411,119.424298221003,0.370396199413676,0.880952380952381,1,168
"CMU-climate_baseline","38",4.26014416086097,1.99377436092284,24.5944741490927,0.593968353564026,4.23641432666636,2.6076385808053,30.301055743145,1.09458551941459,0.226190476190476,0.994047619047619,168
"CMU-climate_baseline","39",0.975667532767992,0.623902917342215,85.0296116565301,0.234314875865777,0.911913164218166,0.71462591007231,107.159803984856,0.249812571174498,0.827380952380952,1,168
"CMU-climate_baseline","40",1.89553361297845,0.786508698091349,43.8304301435345,0.324214716209518,1.92832499441908,1.04537920911196,56.8078329031209,0.467977953056666,0.827380952380952,0.994047619047619,168
"CMU-climate_baseline","41",2.61188695522292,1.12704759881818,47.8257641768206,0.393195716317773,1.98368857252986,1.19809456855232,63.7583263910655,0.572846798657444,0.636904761904762,0.904761904761905,168
"CMU-climate_baseline","42",0.866237955733304,0.561906916180861,92.0738327326169,0.175978025673413,0.803033319621704,0.754320234300246,114.470369580468,0.19238695363698,0.869047619047619,1,168
"CMU-climate_baseline","44",2.663103421881,1.06283863680705,22.5504955322596,0.411213373618465,2.1157381821064,1.39199579325878,24.7955000221112,0.684673598893166,0.541666666666667,0.982142857142857,168
"CMU-climate_baseline","45",1.60517812774641,0.910426445948734,48.5199356653584,0.27724244215994,1.33239393376109,1.01758136735195,58.8463239048582,0.344008748689297,0.875,1,168
"CMU-climate_baseline","46",4.70600319211302,1.79105886856048,26.1519918375899,0.656230989610274,4.09653407128595,2.28585701201784,32.3950338766504,1.16252310297676,0.226190476190476,0.952380952380952,168
"CMU-climate_baseline","47",1.93989087265731,0.964222894429053,60.2655345561598,0.28715148806985,1.8108508549045,1.2093560664473,75.7949542866225,0.363064639893659,0.821428571428571,1,168
"CMU-climate_baseline","48",2.70295609357469,2.08682828539101,308.70540177769,0.49636401791838,3.44970676741137,2.62724011365638,538.028939802808,0.705623625212118,0.595238095238095,0.994047619047619,168
"CMU-climate_baseline","49",3.92088403237359,1.59713213017288,45.1673471840869,0.57846798324827,4.05862521460195,2.34227265562107,67.75439534337,0.997876843939027,0.297619047619048,0.910714285714286,168
"CMU-climate_baseline","50",6.52382432249083,2.07258274637881,23.7590291977464,0.8064360144023,5.37846961192511,2.45953809525339,28.3436043775923,1.40157128632485,0.232142857142857,0.946428571428571,168
"CMU-climate_baseline","51",1.83783614741969,0.753722160641337,74.6035275065432,0.290030719481204,2.51538191691392,1.43021884055945,116.214719527926,0.445971967055147,0.654761904761905,1,168
"CMU-climate_baseline","53",3.63177730193067,1.65469796688748,72.6234342332806,0.384121883473635,2.97449603882688,1.70999499513579,109.408278732963,0.58680548903192,0.613095238095238,0.892857142857143,168
"CMU-climate_baseline","54",1.92094519383455,1.01102030092032,28.2864816465166,0.383136178949994,1.79656457251533,1.66472432165772,32.1965225125008,0.647336611756749,0.80952380952381,1,168
"CMU-climate_baseline","55",1.61257612111992,0.872837146998157,54.1399700622884,0.301638940560727,1.59551912213544,1.36708431442642,70.7036092502057,0.477128903589825,0.571428571428571,1,168
"CMU-climate_baseline","56",3.5388039475267,1.58326586447168,23.3916584387612,0.605885249303893,3.21062698909826,2.05315499048609,27.421304152308,1.05024444126606,0.303571428571429,1,168
"CMU-climate_baseline","72",1.06090164166949,0.654903621017711,40.1402159387212,0.348145266084731,1.03332444211637,0.707728734187098,52.7593785418847,0.458675069194544,0.708333333333333,1,168
"CovidHub-baseline","01",1,1,22.0650706488887,0.276096653572762,1,1,31.1714285714286,0.357420165902994,0.562857142857143,0.868571428571429,350
"CovidHub-baseline","02",1,1,2.58339514434747,0.367986783380614,1,1,4.06571233569479,0.547475068402392,0.685714285714286,0.982857142857143,350
"CovidHub-baseline","04",1,1,30.2904496429825,0.354445713116163,1,1,40.1657142857143,0.310107318719139,0.828571428571429,0.968571428571429,350
"CovidHub-baseline","05",1,1,10.879367395861,0.39381667168911,1,1,15.7428556642709,0.478341275179504,0.645714285714286,0.942857142857143,350
"CovidHub-baseline","06",1,1,104.24335825037,0.216724710397309,1,1,138.817142857143,0.243922567021212,0.485714285714286,0.762857142857143,350
"CovidHub-baseline","08",1,1,15.7305578791474,0.346108149810752,1,1,22.1285714285714,0.403209381077131,0.648571428571429,0.948571428571429,350
"CovidHub-baseline","09",1,1,16.1544508120888,0.357288624664687,1,1,22.9457142857143,0.414265324024773,0.654285714285714,0.92,350
"CovidHub-baseline","10",1,1,5.47832343380993,0.356076856130951,1,1,7.75999922142079,0.483464819179758,0.648571428571429,0.954285714285714,350
"CovidHub-baseline","11",1,1,4.06461838982303,0.396284438972169,1,1,6.47142857142857,0.602287046273708,0.597142857142857,0.945714285714286,350
"CovidHub-baseline","12",1,1,90.4692758512056,0.244567957587995,1,1,122.285714285714,0.287456863794925,0.488571428571429,0.78,350
"CovidHub-baseline","13",1,1,31.3750061904346,0.307877721591008,NA,NA,43.7371428571429,0.350307064764006,0.54,0.871428571428571,350
"CovidHub-baseline","15",1,1,5.0934423585839,0.326733773255742,1,1,7.27142852142807,0.43110829629641,0.62,0.908571428571429,350
"CovidHub-baseline","16",1,1,5.88735560068452,0.437211697836103,1,1,9.20285454997407,0.652144474028565,0.608571428571429,0.911428571428571,350
"CovidHub-baseline","17",1,1,62.6433114512763,0.406176696176102,1,1,82.1171428571429,0.380882818529058,0.665714285714286,0.914285714285714,350
"CovidHub-baseline","18",1,1,37.8382245765361,0.406623522409885,1,1,51.9742857142857,0.401091975216142,0.694285714285714,0.917142857142857,350
"CovidHub-baseline","19",1,1,11.1494184376035,0.365605035421902,NA,NA,16.0142857142857,0.441998323152789,0.645714285714286,0.925714285714286,350
"CovidHub-baseline","20",1,1,13.805860870594,0.410585181121834,1,1,18.6885714285714,0.461524683458835,0.697142857142857,0.917142857142857,350
"CovidHub-baseline","21",1,1,23.453060191106,0.404989396102776,1,1,30.3085714285714,0.398584930248749,0.717142857142857,0.928571428571429,350
"CovidHub-baseline","22",1,1,18.7539563808011,0.282639763239495,1,1,26.66,0.340756062699287,0.554285714285714,0.845714285714286,350
"CovidHub-baseline","23",1,1,5.60791034948325,0.429138523061041,1,1,7.737134042769,0.611942059173843,0.745714285714286,0.954285714285714,350
"CovidHub-baseline","24",1,1,17.5617625269014,0.353059615338298,1,1,24.64,0.430060846510847,0.654285714285714,0.948571428571429,350
"CovidHub-baseline","25",1,1,28.9560932013685,0.361224142032755,1,1,42.4285714285714,0.391667325524607,0.677142857142857,0.965714285714286,350
"CovidHub-baseline","26",1,1,57.4294156659699,0.4699622989604,1,1,83.5114285714286,0.445161287678717,0.734285714285714,0.948571428571429,350
"CovidHub-baseline","27",1,1,23.7820834181929,0.384487153235442,1,1,32.6685714285714,0.394557744936494,0.737142857142857,0.962857142857143,350
"CovidHub-baseline","28",1,1,10.5594394774612,0.30103936107571,1,1,15.3714285714286,0.333898645946873,0.671428571428571,0.968571428571429,350
"CovidHub-baseline","29",1,1,29.7005442187724,0.434042209550083,NA,NA,39.4885714285714,0.476306358470099,0.657142857142857,0.9,350
"CovidHub-baseline","30",1,1,4.63654624294373,0.415052101017472,1,1,7.16857142857143,0.625870373076567,0.665714285714286,0.968571428571429,350
"CovidHub-baseline","31",1,1,7.65833407620076,0.376602776844367,1,1,11.0371412785556,0.495579654384491,0.665714285714286,0.934285714285714,350
"CovidHub-baseline","32",1,1,6.27436965840689,0.310458738292214,1,1,8.83428571428571,0.369243605060824,0.757142857142857,0.991428571428571,350
"CovidHub-baseline","33",1,1,7.90307158606729,0.407442127150316,1,1,11.0228571428571,0.493309564140515,0.717142857142857,0.968571428571429,350
"CovidHub-baseline","34",1,1,35.9919966704034,0.269025852777934,1,1,51.16,0.320444304345172,0.571428571428571,0.948571428571429,350
"CovidHub-baseline","35",1,1,8.52177761808407,0.368911358067107,1,1,12.9342857142857,0.459563026101264,0.705714285714286,0.971428571428571,350
"CovidHub-baseline","36",1,1,57.2199988521387,0.228624591457495,1,1,85.4,0.284205068540589,0.525714285714286,0.928571428571429,350
"CovidHub-baseline","37",1,1,41.984587891521,0.270664471605124,1,1,58.88,0.31374291945353,0.56,0.882857142857143,350
"CovidHub-baseline","38",1,1,4.37508150841161,0.343177743499022,1,1,6.29142550711221,0.474205269470257,0.662857142857143,0.945714285714286,350
"CovidHub-baseline","39",1,1,71.7025446574596,0.460094155973024,1,1,95.5742857142857,0.447138090438103,0.657142857142857,0.911428571428571,350
"CovidHub-baseline","40",1,1,18.8715328495732,0.424744520018811,1,1,26.4628571428571,0.501173786983644,0.58,0.874285714285714,350
"CovidHub-baseline","41",1,1,10.82408546873,0.375728538711488,1,1,16,0.472092473036006,0.608571428571429,0.897142857142857,350
"CovidHub-baseline","42",1,1,84.1514584764482,0.364918185521293,1,1,123.305714285714,0.322812362200379,0.651428571428571,0.96,350
"CovidHub-baseline","44",1,1,6.8376305954913,0.365043961473671,1,1,9.79714014283,0.490675241670303,0.7,0.934285714285714,350
"CovidHub-baseline","45",1,1,20.990525136665,0.350246762239507,1,1,29.5028571428571,0.400038627545043,0.617142857142857,0.891428571428571,350
"CovidHub-baseline","46",1,1,5.07137632483753,0.407551671887776,1,1,7.51714502859314,0.582430828533368,0.76,0.962857142857143,350
"CovidHub-baseline","47",1,1,21.3953777776863,0.284027602020603,1,1,31.7771428571429,0.310913900289252,0.645714285714286,0.977142857142857,350
"CovidHub-baseline","48",1,1,78.0338562315506,0.250301814906697,1,1,106.945714285714,0.277244746895183,0.594285714285714,0.828571428571429,350
"CovidHub-baseline","49",1,1,6.6264019498713,0.351651805099172,1,1,9.61428571428571,0.441570063451821,0.711428571428571,0.96,350
"CovidHub-baseline","50",1,1,2.86148796283733,0.380965389800602,1,1,4.31142971429714,0.588048863897678,0.762857142857143,0.988571428571429,350
"CovidHub-baseline","51",1,1,26.5031517494111,0.373697724135811,1,1,36.1171428571429,0.373868766045943,0.694285714285714,0.94,350
"CovidHub-baseline","53",1,1,14.5920414817473,0.271519613467524,1,1,22.5942857142857,0.354772052308907,0.588571428571429,0.928571428571429,350
"CovidHub-baseline","54",1,1,12.9208015453299,0.416747166637384,1,1,18.1628547356902,0.50018307932619,0.757142857142857,0.977142857142857,350
"CovidHub-baseline","55",1,1,28.8089312517406,0.402149256082977,1,1,39.0914285714286,0.445729669236389,0.685714285714286,0.911428571428571,350
"CovidHub-baseline","56",1,1,5.00872376770103,0.425659202728469,1,1,6.63142744284586,0.525794741993639,0.842857142857143,0.985714285714286,350
"CovidHub-baseline","72",1,1,23.2393933136687,0.486184376493239,1,1,35.02,0.619587798370708,0.56,0.888571428571429,350
"CovidHub-ensemble","01",0.722631877354405,0.583413281666984,17.0824260126372,0.164959251255736,0.882680585565733,0.774050281300245,27.4191704094576,0.256155050797886,0.542857142857143,0.971428571428571,350
"CovidHub-ensemble","02",0.862531179160215,0.754656262787867,2.18657027026136,0.269920432224956,0.890156357170496,0.819528411374806,3.54508068491246,0.439692106956321,0.474285714285714,0.954285714285714,350
"CovidHub-ensemble","04",0.624861588345413,0.424704700181574,23.0474645723288,0.174251182173746,0.779203797409136,0.768413038883899,34.7369332096048,0.268692520013185,0.582857142857143,0.971428571428571,350
"CovidHub-ensemble","05",0.673678607644642,0.515887361911256,8.59053981607367,0.223383002009185,0.915832144123438,0.811011502680546,14.3212056302647,0.361501110145439,0.494285714285714,0.965714285714286,350
"CovidHub-ensemble","06",0.779970088523424,0.662011945336016,77.5707024686766,0.132361304552774,0.885671275389437,0.880171726670687,119.826166748488,0.204769038353669,0.54,0.957142857142857,350
"CovidHub-ensemble","08",0.709844964369756,0.560530804078025,12.7723897395159,0.223837415991008,0.891932589982767,0.860604686372418,20.0513455091087,0.338611558047238,0.545714285714286,0.951428571428571,350
"CovidHub-ensemble","09",0.812086327311955,0.624525481735522,12.2423016090635,0.208181246332395,0.849111627380111,0.810171552951586,19.2512328449157,0.328401089735883,0.525714285714286,0.962857142857143,350
"CovidHub-ensemble","10",0.705743184143863,0.604471662550385,4.4134043410025,0.251203923226979,0.86339977132219,0.803547382011508,6.86984967458894,0.396306562080777,0.534285714285714,0.905714285714286,350
"CovidHub-ensemble","11",0.912151838793453,0.737634861418949,3.74969997728397,0.2999384587505,0.910008596472383,0.81188482365639,5.89015648455231,0.472921369104156,0.46,0.905714285714286,350
"CovidHub-ensemble","12",0.648316395813166,0.548021617176824,69.3026517586879,0.160926444401715,0.832433926458197,0.823300570541248,109.354896541979,0.248855804967769,0.517142857142857,0.962857142857143,350
"CovidHub-ensemble","13",0.560712866390854,0.442708330848542,23.0015748051655,0.168293291317038,Inf,Inf,36.4372791475517,0.259941862306653,0.488571428571429,0.985714285714286,350
"CovidHub-ensemble","15",0.86068028276539,0.786847799679652,4.44191693120772,0.255407888281823,0.95545017469263,0.944635402102071,6.8884863282238,0.402969216801672,0.548571428571429,0.94,350
"CovidHub-ensemble","16",0.744211629247758,0.632412958175809,4.85893588300234,0.310550128707031,0.840933859011594,0.778271156591215,7.77738232272596,0.491208233035842,0.374285714285714,0.911428571428571,350
"CovidHub-ensemble","17",0.544011797190713,0.352975312646325,44.5509240412448,0.177480070037978,0.781727439337197,0.695087270188889,67.3014453131714,0.266758536658342,0.571428571428571,0.94,350
"CovidHub-ensemble","18",0.593295149357157,0.408052532882325,26.7208564324405,0.185639714298801,0.77126108544547,0.711897469789179,40.8260016337813,0.282129609899415,0.528571428571429,0.948571428571429,350
"CovidHub-ensemble","19",0.598139557405156,0.50027273976012,8.09938693160456,0.216672801792436,NA,NA,12.7470521050653,0.33179285467356,0.557142857142857,0.968571428571429,350
"CovidHub-ensemble","20",0.690624920643844,0.559341170831314,11.454405265281,0.251047620043135,0.953869579326241,0.842016722983537,17.8020778314687,0.384287739554307,0.534285714285714,0.92,350
"CovidHub-ensemble","21",0.563771231470428,0.425819341090838,17.3870195415912,0.19826420159627,0.893862855027711,0.80618095458401,26.2999350576604,0.304785269968889,0.588571428571429,0.942857142857143,350
"CovidHub-ensemble","22",0.682887696655098,0.580427432147381,15.2091958115547,0.191907000372593,0.85521082978469,0.84007137230832,23.8942099616891,0.295574760233183,0.497142857142857,0.928571428571429,350
"CovidHub-ensemble","23",0.766088438503684,0.749058117671597,4.74354720217712,0.339296699644212,0.880679444761548,0.855390145662127,7.13356997471058,0.549774557742867,0.42,0.914285714285714,350
"CovidHub-ensemble","24",0.714947444255529,0.571601871348723,14.8162152291207,0.235642795479608,0.868355359839495,0.811643427873925,22.7212057081098,0.362365373848229,0.494285714285714,0.94,350
"CovidHub-ensemble","25",0.691276154722173,0.479491044400275,23.8986883497237,0.199058846699332,0.853089975018634,0.78884814881936,37.6500456036368,0.317839850203624,0.485714285714286,0.945714285714286,350
"CovidHub-ensemble","26",0.683444598553261,0.425441351011679,55.2111054539906,0.2494657819926,0.84894229714084,0.756999009922856,82.2967667306194,0.364500265635774,0.5,0.874285714285714,350
"CovidHub-ensemble","27",0.648248258105748,0.456260836731502,18.3175637083746,0.20435954624656,0.817154934308069,0.768316692440619,27.4256239270504,0.308060119963183,0.54,0.931428571428571,350
"CovidHub-ensemble","28",0.696800500058806,0.543156483074054,7.96967379146598,0.169186766014236,0.846871328681833,0.823972386624808,12.74361530863,0.264512360621185,0.568571428571429,0.982857142857143,350
"CovidHub-ensemble","29",0.667519324648341,0.483150311207286,24.8000063013234,0.252562022754468,NA,NA,37.4843346234006,0.401469863933626,0.422857142857143,0.905714285714286,350
"CovidHub-ensemble","30",0.74638591137177,0.679819205714012,3.82822819291286,0.309688787383592,0.836479961686297,0.767014308559911,6.17596279144565,0.492616437998216,0.465714285714286,0.9,350
"CovidHub-ensemble","31",0.624889374622147,0.568122083571422,6.01429157329914,0.255087169577435,0.809463837970408,0.790196901969495,9.30372232779522,0.407980991730439,0.497142857142857,0.94,350
"CovidHub-ensemble","32",0.774643197248953,0.624497557569197,5.15389075541185,0.203295735459958,0.901705627508382,0.867290585257512,8.03303934540624,0.319712474975693,0.56,0.974285714285714,350
"CovidHub-ensemble","33",0.743778718642258,0.600373382384889,6.09136917939217,0.247522090666951,0.798474582092253,0.735470840083331,9.39854830544932,0.387067277912751,0.5,0.931428571428571,350
"CovidHub-ensemble","34",0.731201187652333,0.548883629455462,26.7761566431655,0.151334136207474,0.848887400174264,0.765958487118611,41.483933338207,0.229152072345468,0.634285714285714,0.974285714285714,350
"CovidHub-ensemble","35",0.777781117851328,0.641989321298651,6.93373188160682,0.242093213442873,0.896868211896947,0.859437432981053,11.0509159057353,0.377558846656411,0.522857142857143,0.94,350
"CovidHub-ensemble","36",0.756274106368429,0.557157656761523,47.4122738391465,0.134740705126252,0.909557244345576,0.818960679101726,77.3965500306184,0.21882113200683,0.494285714285714,0.994285714285714,350
"CovidHub-ensemble","37",0.705289710780452,0.569508398308284,32.0814280543975,0.164448135900323,0.914842557344724,0.893249630388939,51.7979345649345,0.260819998842586,0.462857142857143,0.962857142857143,350
"CovidHub-ensemble","38",0.70896337743087,0.806514118151306,3.50855599602073,0.267160493778188,0.861402885527549,0.869879705243806,5.56384779965233,0.423221953200107,0.482857142857143,0.914285714285714,350
"CovidHub-ensemble","39",0.58972169662103,0.43302809758871,47.4189684026683,0.227062361970882,0.742982670477018,0.732746527960104,70.7402574953209,0.329649599109895,0.542857142857143,0.931428571428571,350
"CovidHub-ensemble","40",0.73840650516601,0.600786618152003,15.6574800394881,0.265960868617904,0.967760053580132,0.892523449180472,24.2015418543493,0.409858301311627,0.38,0.888571428571429,350
"CovidHub-ensemble","41",0.805792827667919,0.634329618125936,8.40511612776082,0.226460663290916,0.85090588680064,0.794264459952084,13.3042437993424,0.354206776794193,0.488571428571429,0.96,350
"CovidHub-ensemble","42",0.624278161690335,0.400781165365484,56.7375145169475,0.144608869557529,0.721939513470091,0.7053334007692,84.7561242548609,0.21118381102555,0.64,0.977142857142857,350
"CovidHub-ensemble","44",0.790873417023466,0.6855106835341,5.51421576549897,0.26302146043909,0.881642906815653,0.832121811664141,8.78146171610341,0.413695874394471,0.445714285714286,0.885714285714286,350
"CovidHub-ensemble","45",0.659523635981192,0.529501375900993,15.8292389748257,0.208911286050107,0.806841548308183,0.784980012853576,24.9300274335054,0.322982587857717,0.508571428571429,0.917142857142857,350
"CovidHub-ensemble","46",0.761339293441965,0.699339157591539,3.92833875126688,0.290272956804649,0.817917490257203,0.778401038807396,6.11337966822561,0.459130323462131,0.482857142857143,0.925714285714286,350
"CovidHub-ensemble","47",0.68131162649043,0.504777246157975,16.0817105458093,0.147875654152451,0.829367270287258,0.76883125075824,25.6163090699513,0.227049170795585,0.634285714285714,0.977142857142857,350
"CovidHub-ensemble","48",0.741909372772648,0.607833902798093,61.0138573103894,0.155729888773252,0.916263740202608,0.885702894336286,96.7390690371157,0.237785178609395,0.568571428571429,0.98,350
"CovidHub-ensemble","49",0.808546731941135,0.671911945219417,6.21855418325492,0.270208993724331,0.874013703099709,0.841984072119689,9.64665612601468,0.414127356303249,0.517142857142857,0.94,350
"CovidHub-ensemble","50",0.821326333073334,0.791110904288222,2.38588457842028,0.302709275923906,0.874643833752655,0.857110462340997,3.77701451646045,0.489480088617355,0.448571428571429,0.931428571428571,350
"CovidHub-ensemble","51",0.609483892173925,0.431813432853186,19.1754695588271,0.184057475663758,0.867352874642132,0.802744597901006,29.1517004361577,0.273290907022407,0.571428571428571,0.948571428571429,350
"CovidHub-ensemble","53",0.90677273288611,0.749572806362117,13.1265035065476,0.190852575791484,0.899025715601962,0.872578105006731,20.1001539346319,0.299121185657677,0.494285714285714,0.965714285714286,350
"CovidHub-ensemble","54",0.649693830606641,0.535310166252036,9.09196124611784,0.246992313928495,0.794825699575544,0.794981083522369,14.0565231828807,0.388831533948948,0.505714285714286,0.931428571428571,350
"CovidHub-ensemble","55",0.6784716637961,0.490395275069089,20.868587743237,0.209372672287089,0.794063402728737,0.725009899636859,31.575495226852,0.322533175174742,0.554285714285714,0.922857142857143,350
"CovidHub-ensemble","56",0.695109551240173,0.695251427012302,3.57564139769492,0.285288126518232,0.801452146345372,0.802796948133634,5.46777365524536,0.447105359660592,0.502857142857143,0.928571428571429,350
"CovidHub-ensemble","72",0.937492619992519,0.755966095022576,23.0453339996663,0.374381602449092,0.948902917122222,0.886605694915266,34.1544085843057,0.559322005098552,0.36,0.802857142857143,350
"Google_SAI-Ensemble","01",0.804823530145795,0.690844827611201,12.3165909141185,0.18356783712427,0.921893251444776,0.859449917527728,18.9731860208623,0.277164927815984,0.47196261682243,0.957943925233645,214
"Google_SAI-Ensemble","02",0.952434207581651,0.781376368927307,1.74536464499886,0.281934691278813,0.927495589932353,0.848302645565857,2.52543974318229,0.439282363747286,0.55607476635514,0.94392523364486,214
"Google_SAI-Ensemble","04",0.682449792182658,0.489385103369903,10.886660965814,0.1836085480128,1.01895867567675,1.05514479173944,16.3828062563356,0.277037970262232,0.448598130841121,0.953271028037383,214
"Google_SAI-Ensemble","05",0.673524095103716,0.529946954606906,5.2107610330859,0.220205485293271,0.882360469661702,0.821407931432177,8.18575764591149,0.349673344558112,0.5,0.976635514018692,214
"Google_SAI-Ensemble","06",0.999948247593663,0.893891291245532,69.6248095042316,0.175121741598029,1.10559821263544,1.16474093874076,103.656736583021,0.2652189256688,0.401869158878505,0.901869158878505,214
"Google_SAI-Ensemble","08",0.740692213539663,0.638472499873369,7.75883508114889,0.263082297710447,0.906277230605416,0.972071602289997,11.4422562284852,0.383064942268574,0.518691588785047,0.91588785046729,214
"Google_SAI-Ensemble","09",0.806883090905724,0.679053373527777,8.31246820216517,0.221436375210377,0.805518349632509,0.861230825695883,12.5502696970971,0.341584009450359,0.52803738317757,0.948598130841122,214
"Google_SAI-Ensemble","10",0.67292336965629,0.593215447300446,2.40924202861986,0.230044503258736,0.722436770339362,0.715437511331836,3.49887260067867,0.351325957977309,0.542056074766355,0.957943925233645,214
"Google_SAI-Ensemble","11",1.05903718489235,0.811791963575148,2.9088868478035,0.310443279297145,0.967645964773556,0.851373367721464,4.37290244891921,0.479853889917356,0.448598130841121,0.91588785046729,214
"Google_SAI-Ensemble","12",1.00228420455107,0.912457713853197,52.9005940245212,0.197640043195541,1.43262884277125,1.56853976407243,82.3929660614929,0.311332579117121,0.322429906542056,0.957943925233645,214
"Google_SAI-Ensemble","13",0.59698536389994,0.531886482885869,12.9341840919661,0.165886775190018,Inf,Inf,19.2219938221089,0.246870807970554,0.55607476635514,0.990654205607477,214
"Google_SAI-Ensemble","15",1.06886940778482,0.997198641045981,3.57454580394418,0.339023419813348,1.18912688762302,1.19788653557464,5.65756727082253,0.534328409317241,0.429906542056075,0.897196261682243,214
"Google_SAI-Ensemble","16",0.814234117584112,0.681969836375175,3.65402613978948,0.338241864660169,0.935732274067114,0.863041795727236,5.77306128529343,0.537977730382602,0.401869158878505,0.925233644859813,214
"Google_SAI-Ensemble","17",0.555569302479466,0.429235759222628,24.9149035399056,0.188045601380776,0.796364283925748,0.844918132432202,37.0613717798467,0.274108554492714,0.504672897196262,0.939252336448598,214
"Google_SAI-Ensemble","18",0.587171804079461,0.46993095989981,13.8711026725456,0.191361502245116,0.731228071010328,0.77775753979487,21.6219390769904,0.286742696921977,0.47196261682243,0.953271028037383,214
"Google_SAI-Ensemble","19",0.592200843018117,0.506347784799207,5.51086861540007,0.212000702258061,Inf,Inf,8.55598838215096,0.318254218227113,0.542056074766355,0.967289719626168,214
"Google_SAI-Ensemble","20",0.570412124471034,0.524347561061669,5.22375194144592,0.233572172323131,0.731011410557669,0.752615630125056,7.89051217777574,0.343919128680928,0.579439252336449,0.953271028037383,214
"Google_SAI-Ensemble","21",0.542102081749003,0.447719962160569,8.15052394374571,0.180382027956606,0.814253653729906,0.811003020901024,12.5966824548301,0.274652604146197,0.542056074766355,0.97196261682243,214
"Google_SAI-Ensemble","22",0.771086733481124,0.708790168096618,10.3250100071234,0.199951798551848,0.956611849876606,1.01806021875435,15.6789621828468,0.301015205345965,0.5,0.925233644859813,214
"Google_SAI-Ensemble","23",0.817354556675081,0.835461448866712,2.97216093530178,0.378782561479105,0.879176558748055,0.910424282079758,4.41235061564021,0.587715467021843,0.392523364485981,0.831775700934579,214
"Google_SAI-Ensemble","24",0.85922563459827,0.716905171549017,9.4864299368263,0.280729473206411,1.06596507412849,1.0370523288192,14.5667301709718,0.424133861216286,0.401869158878505,0.925233644859813,214
"Google_SAI-Ensemble","25",0.717622129529367,0.575970887719616,13.9832863506689,0.220899421995922,0.869132849485727,0.898145937744588,21.9523667692224,0.33448674123752,0.44392523364486,0.976635514018692,214
"Google_SAI-Ensemble","26",0.669661191479421,0.473570679694995,36.2757662629806,0.272606396044705,0.842801575635098,0.855685036943786,52.181897530967,0.39700362420773,0.44392523364486,0.869158878504673,214
"Google_SAI-Ensemble","27",0.615674324082795,0.507567462913222,8.69997129169984,0.216454246158236,0.791865420994057,0.863467978581557,13.5464405797815,0.328358267291989,0.52803738317757,0.94392523364486,214
"Google_SAI-Ensemble","28",0.748249873594937,0.600750534666331,5.96072489577926,0.176390008504954,0.885969832365125,0.905784071040827,9.14444068008367,0.269555793703637,0.514018691588785,0.976635514018692,214
"Google_SAI-Ensemble","29",0.655554894159778,0.498921627731267,14.0261308802678,0.244997428330389,Inf,Inf,21.2838581824349,0.37604036316565,0.41588785046729,0.948598130841122,214
"Google_SAI-Ensemble","30",0.775961414503243,0.704605118458338,3.17528432566478,0.347343058086255,0.806876303936612,0.7729789079337,4.78136012295329,0.534569195923318,0.448598130841121,0.897196261682243,214
"Google_SAI-Ensemble","31",0.65876238856185,0.606809916157656,4.33042198072045,0.280302779155328,0.822411525073533,0.818456496542615,6.64181975600021,0.444280716701863,0.44392523364486,0.948598130841122,214
"Google_SAI-Ensemble","32",0.982208554013972,0.769359580520763,4.57278935052625,0.247038789202857,1.10252706811291,1.05060887399641,6.8970905021304,0.383727389294824,0.462616822429907,0.953271028037383,214
"Google_SAI-Ensemble","33",0.772263214154819,0.62180852985554,4.10726648496593,0.277704578783414,0.780049955511785,0.762402492618035,6.21107875575614,0.435209524117271,0.453271028037383,0.911214953271028,214
"Google_SAI-Ensemble","34",0.840992916026483,0.730308184444009,19.7969223672211,0.183471828366457,0.928191493939072,0.977704658722128,29.2697723703716,0.270093147441329,0.490654205607477,0.939252336448598,214
"Google_SAI-Ensemble","35",0.819191298889301,0.711827818635067,4.2253653878021,0.276353640733309,0.923498040232815,0.938150477903351,6.55162316813701,0.417547143784597,0.490654205607477,0.962616822429907,214
"Google_SAI-Ensemble","36",0.865839035399971,0.731547156253319,35.2466482482563,0.170135086258682,0.989440254764969,1.04916498222648,53.9873687891409,0.26757234445875,0.406542056074766,0.97196261682243,214
"Google_SAI-Ensemble","37",0.824528925042245,0.764383350972044,19.9425325568215,0.172739143073036,1.04348330730521,1.151465400823,30.5593212637263,0.254527871463946,0.453271028037383,0.967289719626168,214
"Google_SAI-Ensemble","38",0.839367906420131,0.915018042216334,3.32340509641646,0.316110276455945,0.95339057739255,0.957531167910324,5.00992445809406,0.491996284457082,0.429906542056075,0.897196261682243,214
"Google_SAI-Ensemble","39",0.556900894338168,0.520857692071928,24.3616000690066,0.255848215473316,0.67846588124921,0.852138586474172,35.4736199800193,0.352335193783237,0.485981308411215,0.94392523364486,214
"Google_SAI-Ensemble","40",0.78001144539739,0.641645730007562,13.4006685639474,0.29088567415381,1.03141924637929,0.971064058825229,20.3156353491402,0.444275002226339,0.383177570093458,0.901869158878505,214
"Google_SAI-Ensemble","41",0.990087839889411,0.763496998336031,5.98117277779206,0.274400593866397,0.995048411489748,0.926919291408471,9.17133104007408,0.422122747428811,0.481308411214953,0.934579439252336,214
"Google_SAI-Ensemble","42",0.675892494466189,0.507903156163985,32.9233085517912,0.162656290137977,0.778986595391974,0.899143189613832,50.488373613023,0.241612168136791,0.462616822429907,0.953271028037383,214
"Google_SAI-Ensemble","44",0.748936487680539,0.69970826383362,3.35442130943237,0.252449137134674,0.801345661975583,0.827674296258395,5.06613716780782,0.384325662833583,0.523364485981308,0.929906542056075,214
"Google_SAI-Ensemble","45",0.702123692424788,0.623168029540525,10.0962359902528,0.226177862561423,0.905476192794633,0.963650428466673,15.5014890182625,0.338435490785695,0.44392523364486,0.934579439252336,214
"Google_SAI-Ensemble","46",0.760536072632595,0.700721402158437,2.79104771365863,0.302809551679378,0.787872932209404,0.77671190684548,4.24040842265278,0.475874890324968,0.457943925233645,0.920560747663551,214
"Google_SAI-Ensemble","47",0.750413191553666,0.58815697619886,11.1246540137806,0.158704706508437,0.858928819938155,0.857169881436096,16.6028822992773,0.232669754367937,0.532710280373832,0.957943925233645,214
"Google_SAI-Ensemble","48",0.735180395748052,0.716037994065992,37.7545397871975,0.175939325137478,0.822754674115515,0.969348765589026,57.095054357192,0.262005254946192,0.532710280373832,0.976635514018692,214
"Google_SAI-Ensemble","49",0.903104907872439,0.750426951469703,3.72979372463441,0.289867333024351,1.04639208172328,1.04328883458779,5.4197637786434,0.439948222103798,0.5,0.934579439252336,214
"Google_SAI-Ensemble","50",0.897299340994436,0.839631264073762,1.91177959981551,0.337787982004882,0.897200343136844,0.885854014475569,2.88650161092318,0.533706856360161,0.439252336448598,0.892523364485981,214
"Google_SAI-Ensemble","51",0.594359101526218,0.463979249161129,10.9031640927655,0.186980125582399,0.823417569468325,0.82941362905521,16.776176929221,0.273408098628431,0.490654205607477,0.97196261682243,214
"Google_SAI-Ensemble","53",1.17218704267956,0.974545168966296,12.3979486841831,0.247609843265344,1.12419624382713,1.08487827925275,18.5129663065524,0.378027677072035,0.383177570093458,0.934579439252336,214
"Google_SAI-Ensemble","54",0.645994390016012,0.534390559874917,6.45813732447868,0.262337170952515,0.77051849895974,0.758501258603145,9.8749422158703,0.398103662528657,0.5,0.911214953271028,214
"Google_SAI-Ensemble","55",0.656983177682221,0.539121303946629,12.6373840978104,0.232034115235375,0.754953365484469,0.779800699384859,19.4995289557001,0.358245126226115,0.453271028037383,0.94392523364486,214
"Google_SAI-Ensemble","56",0.735807664628002,0.74495770391038,2.47340126180329,0.30839911494647,0.826217657496375,0.844880192852714,3.69627098807588,0.469534177926896,0.490654205607477,0.892523364485981,214
"Google_SAI-Ensemble","72",1.0380179160902,0.807610731819713,18.1544208389339,0.386451417491403,0.950585317510674,0.887294255202305,25.380155600181,0.568452869425625,0.331775700934579,0.85981308411215,214
"JHU_CSSE-CSSE_Ensemble","01",1.32745581595152,0.787006149860975,46.4510545690662,0.206281517426554,1.42944860015293,0.952631444840575,66.1953829388333,0.300275739192356,0.397058823529412,0.823529411764706,68
"JHU_CSSE-CSSE_Ensemble","02",1.02797482556599,0.811766498721238,4.196904022503,0.303793510311629,1.03619329515828,0.848767877843127,6.58527465088121,0.459432496447059,0.470588235294118,0.897058823529412,68
"JHU_CSSE-CSSE_Ensemble","04",1.46363027861879,0.542243946923366,145.380129947648,0.226676976947757,1.85326802707652,1.02105205751797,176.362246258644,0.287412227814303,0.486111111111111,0.861111111111111,72
"JHU_CSSE-CSSE_Ensemble","05",0.714460253241796,0.646700093289901,15.8361225244376,0.311467550969857,0.928151743636193,0.940471685360349,25.5418185555833,0.464857742581194,0.485294117647059,0.941176470588235,68
"JHU_CSSE-CSSE_Ensemble","06",1.7864460861747,1.24485568347353,232.150454211372,0.237298148062714,2.04621975688803,1.62570261355407,348.286916879999,0.355917190374984,0.367647058823529,0.911764705882353,68
"JHU_CSSE-CSSE_Ensemble","08",1.12536861528941,0.781389579939138,46.3763693882038,0.335091126595365,1.15345380066479,0.965865311732854,62.6126758944893,0.432733783930618,0.569444444444444,0.763888888888889,72
"JHU_CSSE-CSSE_Ensemble","09",1.12018595941384,0.943383863405482,21.6537383621879,0.271193322454755,1.20045734594958,1.26911373043096,32.364930403263,0.39409220107637,0.455882352941176,0.897058823529412,68
"JHU_CSSE-CSSE_Ensemble","10",0.766907138632819,0.665553986604148,6.14414200600853,0.216886087441095,0.946221030390968,0.840306369887712,9.68092027659866,0.316979072761549,0.486111111111111,0.930555555555556,72
"JHU_CSSE-CSSE_Ensemble","11",1.07212797796873,0.801097965015079,6.50347046479212,0.336277228216793,0.927752931719096,0.765829770760248,8.69181945658561,0.451347918072139,0.516666666666667,0.766666666666667,60
"JHU_CSSE-CSSE_Ensemble","12",1.4297800124902,0.961434085114683,168.051401235811,0.294775598854934,2.22569239447217,1.68110478633536,249.614403470233,0.426276855999101,0.441176470588235,0.911764705882353,68
"JHU_CSSE-CSSE_Ensemble","13",1.03664350273183,0.663668086611917,57.1583650737011,0.231238474871505,Inf,Inf,83.7238563706133,0.335101518730692,0.426470588235294,0.926470588235294,68
"JHU_CSSE-CSSE_Ensemble","15",1.41766094988125,1.13503263441575,7.58325864411034,0.357453362929169,1.39743365766861,1.20916377335857,10.3072651917923,0.478986525522411,0.5,0.764705882352941,68
"JHU_CSSE-CSSE_Ensemble","16",1.89891587296378,0.902254696369502,20.5186570089312,0.319888932080295,1.74709566462889,0.957420038397667,25.1974480391869,0.417105701112594,0.458333333333333,0.777777777777778,72
"JHU_CSSE-CSSE_Ensemble","17",0.663943343440191,0.506108421308391,100.324235241854,0.263530238946544,0.930050844462298,0.95160858963302,130.678120449263,0.339536061398699,0.680555555555556,0.847222222222222,72
"JHU_CSSE-CSSE_Ensemble","18",0.846351246253078,0.672166418125369,73.8784652516067,0.335869450797899,1.04589862858612,1.15840858632084,94.4494789717843,0.444670092470605,0.447368421052632,0.815789473684211,76
"JHU_CSSE-CSSE_Ensemble","19",0.971706679108682,0.867576454488853,18.138843021873,0.318907207094134,Inf,Inf,27.6359283481972,0.469676410940408,0.347222222222222,0.833333333333333,72
"JHU_CSSE-CSSE_Ensemble","20",0.827662445637487,0.702551100252885,23.8473183514064,0.310451279140041,1.03083347037723,0.942602163408366,32.166957441653,0.416592748350515,0.539473684210526,0.842105263157895,76
"JHU_CSSE-CSSE_Ensemble","21",0.717284392660696,0.567260777964196,43.2491731128132,0.300839692740139,1.03594091829757,0.942377945080339,58.4285159237563,0.396982009043347,0.513157894736842,0.855263157894737,76
"JHU_CSSE-CSSE_Ensemble","22",1.47385420284591,0.865254840034222,41.3376770119365,0.225367756237818,1.63342981086166,1.15006521339453,57.1186718855966,0.316338138825406,0.367647058823529,0.779411764705882,68
"JHU_CSSE-CSSE_Ensemble","23",0.940462695192249,0.99009465741919,8.45189852007726,0.406557234966442,1.07254193132471,1.07091574126639,12.6325659248637,0.609171957167191,0.416666666666667,0.833333333333333,72
"JHU_CSSE-CSSE_Ensemble","24",0.917774637010338,0.606995770057269,34.8481938077115,0.216671024746698,0.955599390420352,0.73168288435979,46.0188179582011,0.290944184297583,0.597222222222222,0.902777777777778,72
"JHU_CSSE-CSSE_Ensemble","25",0.95696235329011,0.761753622955324,60.2250247556015,0.306086904959199,0.887785487336656,0.917460579832279,92.6524589921296,0.451469717940118,0.323529411764706,0.867647058823529,68
"JHU_CSSE-CSSE_Ensemble","26",0.959142526146726,0.673556233790905,183.03581882189,0.505426611964395,1.17349501764774,1.18102888750663,247.904481412335,0.66800043609284,0.180555555555556,0.444444444444444,72
"JHU_CSSE-CSSE_Ensemble","27",1.05839291018319,0.685259537187005,56.1123987103059,0.31339028267306,1.20721653103567,1.03005372077136,83.6317596630191,0.443989702954918,0.470588235294118,0.838235294117647,68
"JHU_CSSE-CSSE_Ensemble","28",0.802238451881266,0.572449655636475,12.7813375545438,0.185870770501448,0.91755791196302,0.841784323961336,18.8545217132092,0.273909559037903,0.397058823529412,0.852941176470588,68
"JHU_CSSE-CSSE_Ensemble","29",0.883918656214086,0.752437845710568,51.7496143977528,0.351382830575318,Inf,Inf,78.865193725755,0.528257945317224,0.368421052631579,0.842105263157895,76
"JHU_CSSE-CSSE_Ensemble","30",1.14085998535716,1.03664400551115,6.18454281399376,0.355513764082945,1.23307755047904,1.10992213533608,9.62398088230136,0.526622685694868,0.402777777777778,0.847222222222222,72
"JHU_CSSE-CSSE_Ensemble","31",0.915078041191595,0.761418855283725,13.4948696174832,0.292845556624211,1.15656249261274,1.03720712084655,20.0078671791103,0.438805217629479,0.411764705882353,0.852941176470588,68
"JHU_CSSE-CSSE_Ensemble","32",1.33537053662977,0.78675592240805,14.1033888748304,0.249003738009886,1.40343974449003,0.996700376776592,18.8163503516171,0.327784571554354,0.544117647058823,0.897058823529412,68
"JHU_CSSE-CSSE_Ensemble","33",0.835575441244657,0.67912662855942,8.83587505870887,0.236936846205557,0.869589761449252,0.823827111385975,12.5760985669378,0.349827595744364,0.527777777777778,0.902777777777778,72
"JHU_CSSE-CSSE_Ensemble","34",1.05244206388732,0.86461995485345,66.0762033448841,0.304533786210652,1.00820531456847,0.972810243020899,91.194170771096,0.404458927387996,0.470588235294118,0.779411764705882,68
"JHU_CSSE-CSSE_Ensemble","35",1.31057673789728,0.801042822069452,18.3253351970417,0.296827967767624,1.4727555291826,1.03964084895272,28.2328373336282,0.444507017322176,0.416666666666667,0.833333333333333,72
"JHU_CSSE-CSSE_Ensemble","36",1.1814722450658,0.847712921055701,132.444748428288,0.217459184452506,1.34549249059162,1.17727828893186,213.332081566722,0.3400031527089,0.176470588235294,0.764705882352941,68
"JHU_CSSE-CSSE_Ensemble","37",0.724276850052323,0.607959728413228,36.2380804577765,0.148749155472857,1.01346042235458,1.01377676414624,60.2055440728265,0.236782167025996,0.426470588235294,0.985294117647059,68
"JHU_CSSE-CSSE_Ensemble","38",0.888848241777341,0.986912688837374,5.60898366955092,0.317814468548782,1.01511150966489,0.981571329076407,8.44886781414785,0.455478615315518,0.444444444444444,0.861111111111111,72
"JHU_CSSE-CSSE_Ensemble","39",0.804442609721281,0.673564975266964,111.919542733258,0.290786260052421,0.947039267917565,1.06508881979446,135.788690947489,0.365583186295408,0.430555555555556,0.875,72
"JHU_CSSE-CSSE_Ensemble","40",0.942783365284948,0.710897137355358,28.9419456896238,0.278874052231604,1.09551813765251,0.945142947816209,39.5049017797369,0.378190244182116,0.402777777777778,0.722222222222222,72
"JHU_CSSE-CSSE_Ensemble","41",1.8423149903654,0.87457274696455,37.7102546907203,0.309056222599274,1.54367145341263,0.866413803933431,43.3949415842279,0.356476901073745,0.661764705882353,0.867647058823529,68
"JHU_CSSE-CSSE_Ensemble","42",0.753701985654537,0.520809124158074,129.861398669196,0.197809911835859,0.690558058278228,0.684369554586088,175.322935915511,0.254732921429011,0.638888888888889,0.902777777777778,72
"JHU_CSSE-CSSE_Ensemble","44",0.837805351514074,0.693711203727783,9.33940363169944,0.290740994676641,0.897623471709813,0.796109208770787,14.8629443624755,0.431428439285647,0.382352941176471,0.75,68
"JHU_CSSE-CSSE_Ensemble","45",0.69616442514341,0.52843924785395,23.0424491996987,0.168259200557059,0.829216339754309,0.742148582411546,38.0278540922094,0.263671076533046,0.441176470588235,0.985294117647059,68
"JHU_CSSE-CSSE_Ensemble","46",0.915696070761605,0.8775589165568,5.89766714922404,0.29245653751837,0.889011980000743,0.875674230828901,8.48758163980799,0.403062349675223,0.470588235294118,0.867647058823529,68
"JHU_CSSE-CSSE_Ensemble","47",1.13679835667018,0.620873558601677,47.3780801828971,0.195439931471569,1.25723849493565,0.856834967061953,67.6749840300043,0.272808802160112,0.609375,0.890625,64
"JHU_CSSE-CSSE_Ensemble","48",1.41993160523494,1.01117413636119,140.497547705112,0.229992154534605,1.67852436598991,1.28922594266176,207.422981906529,0.303530087859143,0.691176470588235,0.926470588235294,68
"JHU_CSSE-CSSE_Ensemble","49",1.25125651177667,0.799796340399193,15.4291561867585,0.240327298533901,1.21224132515065,0.905536934764396,20.7614063442846,0.32551010517007,0.588235294117647,0.911764705882353,68
"JHU_CSSE-CSSE_Ensemble","50",0.945414496187371,0.902410345126015,3.8591674550729,0.308472537854674,1.01518647680836,0.955063337663114,6.43384598397806,0.487034192652003,0.323529411764706,0.882352941176471,68
"JHU_CSSE-CSSE_Ensemble","51",0.713194774278751,0.479196574977824,57.2116241545894,0.226813234649822,1.0355458605649,0.893618792078082,90.9305555555556,0.355583109662112,0.416666666666667,0.958333333333333,24
"JHU_CSSE-CSSE_Ensemble","53",1.65505174060915,0.981201892547962,40.9780482283331,0.272794218583772,1.5408306171136,1.04170137525929,56.6432195885635,0.373332209817993,0.484375,0.890625,64
"JHU_CSSE-CSSE_Ensemble","54",0.841661098765313,0.728854257110738,16.1967853044995,0.246802740501806,0.955796316672634,0.963076158256143,22.3801651202342,0.324550740851618,0.552631578947368,0.921052631578947,76
"JHU_CSSE-CSSE_Ensemble","55",0.812552186644653,0.717388685446477,47.7092861762008,0.32844665754545,0.870382481479369,0.978532117167333,59.5236426094417,0.415067130167775,0.588235294117647,0.882352941176471,68
"JHU_CSSE-CSSE_Ensemble","56",1.02206658196951,0.942431749617743,9.0468480924108,0.381010199046326,1.07389962709789,1.04304946867681,12.2186848613374,0.542386307857237,0.444444444444444,0.805555555555556,72
"MOBS-GLEAM_COVID","01",1.06462143843129,1.03943151535196,25.0615860307346,0.243814614127895,1.25888843606927,1.36424756908886,39.1971379310345,0.372464050988119,0.301724137931034,0.78448275862069,116
"MOBS-GLEAM_COVID","02",1.17027069431879,1.08295640035163,4.03127302018634,0.39438071013548,1.06806164915076,1.09273892273615,5.654,0.572537426171136,0.25,0.607142857142857,112
"MOBS-GLEAM_COVID","04",1.07910788870593,1.10460486962727,63.8990361169415,0.480583070562592,1.40314263891419,2.11360546244149,83.212724137931,0.635253439928278,0.163793103448276,0.508620689655172,116
"MOBS-GLEAM_COVID","05",0.958265235138101,1.09488875692935,16.6203491041979,0.521216975367949,1.02969522872712,1.39419884326699,22.2136034482759,0.676175134147902,0.293103448275862,0.560344827586207,116
"MOBS-GLEAM_COVID","06",1.62242516425135,1.59543399913819,150.129495704648,0.264051016277296,1.81321861362661,2.07341452205068,224.959172413793,0.398804277430926,0.267241379310345,0.698275862068966,116
"MOBS-GLEAM_COVID","08",1.04453897956284,0.950426629629565,25.6447863905547,0.307498045566107,1.13574671245409,1.3414997359148,36.4237844827586,0.449352530574444,0.293103448275862,0.672413793103448,116
"MOBS-GLEAM_COVID","09",1.11578221708074,0.915180679776454,22.2860252548726,0.256677703141575,1.10281655184358,1.17914490275774,31.670025862069,0.375476566290909,0.353448275862069,0.741379310344828,116
"MOBS-GLEAM_COVID","10",0.940508585961985,0.846343001049042,7.04787930512422,0.294365016026319,1.14279885731543,1.17042932583473,10.7837678571429,0.46344430515891,0.205357142857143,0.75,112
"MOBS-GLEAM_COVID","11",1.16072803542266,1.06919265829974,4.87038736865942,0.350935391797314,1.04301041551107,1.06845364029682,6.89561458333333,0.504559866556934,0.34375,0.697916666666667,96
"MOBS-GLEAM_COVID","12",1.19504367457703,1.05872633582661,127.093626262542,0.30533789514431,1.59024266109193,1.72408279592246,178.178288461538,0.442926234105818,0.153846153846154,0.653846153846154,104
"MOBS-GLEAM_COVID","13",0.8782839455669,0.889690746201972,36.8856908395802,0.284447059572379,Inf,Inf,55.1861120689655,0.410990596342233,0.293103448275862,0.698275862068966,116
"MOBS-GLEAM_COVID","15",1.12769629349929,1.1029556671573,7.23377186723603,0.388385864366742,1.12857978634943,1.20471798889542,9.98773214285714,0.538118613883917,0.3125,0.651785714285714,112
"MOBS-GLEAM_COVID","16",1.36667301812238,1.41465214683651,9.37614695277361,0.496766796578451,1.26449916443792,1.45632678266823,12.5940603448276,0.650836822483009,0.301724137931034,0.543103448275862,116
"MOBS-GLEAM_COVID","17",0.865521572806881,0.727003824748004,79.476658511994,0.277919148340564,1.34399916626617,1.55311723504722,118.350232758621,0.408965159561655,0.21551724137931,0.689655172413793,116
"MOBS-GLEAM_COVID","18",0.803685889022764,0.730882459907674,46.0029357233883,0.28683309050683,1.02783281609368,1.27349393095771,67.004525862069,0.416592438964083,0.310344827586207,0.706896551724138,116
"MOBS-GLEAM_COVID","19",0.900002311234705,0.758387678874462,14.0424682298137,0.285500770535608,Inf,Inf,21.2276160714286,0.423783445740521,0.321428571428571,0.758928571428571,112
"MOBS-GLEAM_COVID","20",0.913651563819182,0.847214719656173,18.2193888793103,0.322332499711744,1.15851062765644,1.15846320883475,26.3580603448276,0.449977258488298,0.353448275862069,0.689655172413793,116
"MOBS-GLEAM_COVID","21",0.918215347286543,0.999945571292052,34.5346522451274,0.423970752184217,1.39717336959543,1.78125668829038,49.7490517241379,0.591525584407294,0.120689655172414,0.568965517241379,116
"MOBS-GLEAM_COVID","22",1.10525151375243,1.12979305924363,23.332014583958,0.306557513431595,1.25938728010268,1.49728917881386,33.6978534482759,0.425453685622634,0.336206896551724,0.741379310344828,116
"MOBS-GLEAM_COVID","23",1.11455828554406,1.03914275323625,10.995690493311,0.53535637561424,1.12964309096005,1.0698669037048,14.4683461538462,0.749675424347029,0.259615384615385,0.548076923076923,104
"MOBS-GLEAM_COVID","24",1.09244268412502,0.976790002494866,30.3706811994003,0.310078377997856,1.18302636512246,1.27229560516479,42.1881551724138,0.443869311033702,0.275862068965517,0.655172413793103,116
"MOBS-GLEAM_COVID","25",1.22981319208068,0.934779156819617,59.6599673835404,0.361215075534061,1.00029653987938,1.06757696834404,80.1333839285714,0.511929512726473,0.214285714285714,0.535714285714286,112
"MOBS-GLEAM_COVID","26",1.23421266115425,0.910510206558101,165.657234137931,0.514362579206545,1.35628586240759,1.52866977160996,204.824560344828,0.666383509932453,0.137931034482759,0.362068965517241,116
"MOBS-GLEAM_COVID","27",0.929961958126263,0.830322301945528,40.0040392391304,0.334459116358984,1.09021923641339,1.32531591262051,58.4503879310345,0.481419478330059,0.224137931034483,0.646551724137931,116
"MOBS-GLEAM_COVID","28",0.963830333331416,0.887829329140581,14.4104838905547,0.291965009218491,1.06343037992168,1.27755271387411,21.1035689655172,0.421969104164766,0.310344827586207,0.698275862068966,116
"MOBS-GLEAM_COVID","29",1.13522380277818,1.11778760663224,53.0299047601199,0.588170656623334,Inf,Inf,72.0658620689655,0.771788067631391,0.0689655172413793,0.396551724137931,116
"MOBS-GLEAM_COVID","30",1.08290641323881,1.14673565046286,5.07527946026986,0.411024701602789,1.03630957992368,1.12225992520611,7.08214655172414,0.563495223645084,0.327586206896552,0.672413793103448,116
"MOBS-GLEAM_COVID","31",0.817593229008066,0.85650193103936,8.39621733133433,0.310850235754575,1.00175492025162,1.09148150474466,12.6664913793103,0.451115777650674,0.353448275862069,0.741379310344828,116
"MOBS-GLEAM_COVID","32",1.09299378761807,0.934306500797502,8.1303635832084,0.248112339156318,1.23938658831844,1.3171603168188,12.1246637931034,0.377061199659185,0.336206896551724,0.775862068965517,116
"MOBS-GLEAM_COVID","33",0.936410484769069,0.942303812758094,10.8055357142857,0.361309997427061,1.03742152944006,1.18506034067597,15.7146696428571,0.547455663874985,0.267857142857143,0.723214285714286,112
"MOBS-GLEAM_COVID","34",0.899588779178859,0.684101862341343,56.7412948913043,0.231278664105374,1.01907715338672,0.933679424692753,85.319625,0.346663024153962,0.339285714285714,0.785714285714286,112
"MOBS-GLEAM_COVID","35",1.2712520221115,1.21551938946885,14.1149565740741,0.424559233921865,1.26382291941391,1.44425345245047,19.5585925925926,0.590836317403669,0.203703703703704,0.564814814814815,108
"MOBS-GLEAM_COVID","36",1.33578283850503,1.04671299597128,126.452317728636,0.245436770736322,1.47785101830757,1.43442489607408,190.252224137931,0.366711819789344,0.310344827586207,0.75,116
"MOBS-GLEAM_COVID","37",1.15228649655274,1.0887271587859,50.6903789842579,0.268860767232766,1.44044647925161,1.70982647672728,75.4106637931035,0.40370094732653,0.241379310344828,0.698275862068966,116
"MOBS-GLEAM_COVID","38",0.823587354900661,1.13111951139639,4.64937170031056,0.337529784648461,0.920245253161991,1.12808642521854,6.67415178571429,0.474174411218378,0.321428571428571,0.678571428571429,112
"MOBS-GLEAM_COVID","39",0.895121583937502,0.927100625370567,86.2651231034483,0.342139914903645,1.11000973168041,1.52412699653494,121.758387931034,0.470843861676002,0.310344827586207,0.637931034482759,116
"MOBS-GLEAM_COVID","40",1.13330565810919,1.04304474880961,27.215741680602,0.393179230016402,1.38580899859525,1.45564186479037,39.8663076923077,0.559100772718701,0.163461538461538,0.567307692307692,104
"MOBS-GLEAM_COVID","41",1.28424577916456,1.17928189570077,19.8229884482759,0.415937001596402,1.16808444892479,1.30026058898025,26.9006034482759,0.568475842042595,0.189655172413793,0.508620689655172,116
"MOBS-GLEAM_COVID","42",1.47170172829979,1.20641374112311,175.161665704648,0.391472261197431,1.64045524755226,2.16429861336525,241.014379310345,0.552702433990512,0.0775862068965517,0.508620689655172,116
"MOBS-GLEAM_COVID","44",1.09067226406819,1.01875312605026,9.97374136806597,0.433425370462113,1.0999488227109,1.14328283770854,13.9343017241379,0.613036948709648,0.189655172413793,0.629310344827586,116
"MOBS-GLEAM_COVID","45",0.940482981654642,0.899445721151915,25.0205475524738,0.27085699967558,1.14586181527103,1.36916336937909,37.6951637931034,0.404612628503491,0.258620689655172,0.758620689655172,116
"MOBS-GLEAM_COVID","46",1.03359703187746,1.02483836317361,6.81613132045089,0.412791212604807,0.995003853423811,1.04923760406133,9.28589814814815,0.580280375372421,0.287037037037037,0.675925925925926,108
"MOBS-GLEAM_COVID","47",0.773114749784521,0.828677182580433,25.0623686694153,0.265407145297732,0.858232693900343,1.14788128881247,36.1967068965517,0.36843099746283,0.456896551724138,0.75,116
"MOBS-GLEAM_COVID","48",1.21114720264514,1.18208584075355,99.8869804385307,0.270284670703541,1.50191000688942,1.73750169361085,149.586094827586,0.403273387616808,0.25,0.71551724137931,116
"MOBS-GLEAM_COVID","49",1.09023352893858,0.942947499116544,11.0047400712144,0.289620449369906,1.13256139948939,1.13142941473047,16.4530172413793,0.421946517431573,0.353448275862069,0.71551724137931,116
"MOBS-GLEAM_COVID","50",1.15326859472105,1.08322820880582,4.49790510481366,0.395601410925287,1.09029881991792,1.06595585828937,6.20103571428571,0.569253648025016,0.3125,0.714285714285714,112
"MOBS-GLEAM_COVID","51",1.04195181186352,0.897601700640276,39.1931222488756,0.342213585788468,1.51673191925572,1.68925423764925,57.378,0.486210722570349,0.21551724137931,0.637931034482759,116
"MOBS-GLEAM_COVID","53",1.35844654094738,1.20031317601695,25.4088309782609,0.29707749344469,1.28524852236544,1.33868760303366,37.5649913793103,0.439389200971996,0.189655172413793,0.655172413793103,116
"MOBS-GLEAM_COVID","54",0.778990217258118,0.632007549619959,13.0619611568323,0.231532521061523,0.929526731611591,0.91175692078589,18.7548303571429,0.344286301101125,0.383928571428571,0.821428571428571,112
"MOBS-GLEAM_COVID","55",0.932677200522001,0.874985540263106,34.186491844078,0.294087023232788,1.070122142023,1.27498468872314,49.227724137931,0.423188587294969,0.327586206896552,0.698275862068966,116
"MOBS-GLEAM_COVID","56",0.79005866748861,0.944882623654701,5.73367439440994,0.406385727051934,0.841258187341941,1.03510886058856,7.86892857142857,0.583191783692686,0.258928571428571,0.651785714285714,112
"NEU_ISI-AdaptiveEnsemble","01",0.89994837152646,0.809192473267875,28.619763015488,0.239353837448486,1.06342107145192,1.04523772844966,43.7768240343348,0.363677623050972,0.40343347639485,0.798283261802575,233
"NEU_ISI-AdaptiveEnsemble","02",1.14037069469754,1.04441850732882,3.2939987458194,0.350544757137446,1.02741162252484,0.990401902426314,4.72115384615385,0.501694639917033,0.341346153846154,0.711538461538462,208
"NEU_ISI-AdaptiveEnsemble","04",0.800198485153427,0.496901526580384,39.4565553687245,0.217350543628675,1.16908862705554,1.04310453876992,62.646408839779,0.342116292213493,0.392265193370166,0.856353591160221,181
"NEU_ISI-AdaptiveEnsemble","05",0.70358198833222,0.68590895057992,11.0867241033861,0.30329787794753,0.861979464776749,0.975954052378541,17.1382488479263,0.468384267931348,0.373271889400922,0.792626728110599,217
"NEU_ISI-AdaptiveEnsemble","06",1.00832231739724,0.89369145703103,109.199122670807,0.173581935884935,1.11330904196125,1.17958597040135,162.267857142857,0.263082356413843,0.526785714285714,0.928571428571429,224
"NEU_ISI-AdaptiveEnsemble","08",0.962523147142783,0.713890696538873,22.5185166240409,0.271303484327739,1.14259396365135,1.06234155055346,32.4621848739496,0.387176413875145,0.331932773109244,0.747899159663866,238
"NEU_ISI-AdaptiveEnsemble","09",1.09181803967036,0.889155604036823,18.3732872200264,0.247245410326508,1.00569392342227,1.03474392249426,27.0606060606061,0.357281790392433,0.247474747474747,0.767676767676768,198
"NEU_ISI-AdaptiveEnsemble","10",1.10507675354734,0.989155887485471,7.02220124223602,0.314942825023016,1.24185806087804,1.19755076877566,10.2,0.44331702834461,0.377142857142857,0.697142857142857,175
"NEU_ISI-AdaptiveEnsemble","11",1.2550063565446,1.10206578660628,5.25587852980726,0.35953044430277,1.09050811462534,1.08516664947869,7.42268041237113,0.518477839346629,0.314432989690722,0.664948453608247,194
"NEU_ISI-AdaptiveEnsemble","12",0.763496426764659,0.613055817066065,89.5907894209577,0.164539054456085,1.10691898375954,1.0445007087717,141.184331797235,0.254171859991582,0.3963133640553,0.894009216589862,217
"NEU_ISI-AdaptiveEnsemble","13",0.635817496352747,0.570553909755573,33.6705445335585,0.221979701900895,Inf,Inf,49.7135922330097,0.33510671606234,0.378640776699029,0.757281553398058,206
"NEU_ISI-AdaptiveEnsemble","15",1.10623227301861,1.02635019504745,6.1602587136184,0.32954106184446,1.07692654774999,1.02316269785067,8.53719008264463,0.437956001456691,0.355371900826446,0.619834710743802,121
"NEU_ISI-AdaptiveEnsemble","16",0.927340475729802,0.754711417333958,7.3237354882768,0.309079858719293,0.938707318137421,0.860514253198885,10.5130890052356,0.452175384404253,0.287958115183246,0.670157068062827,191
"NEU_ISI-AdaptiveEnsemble","17",0.560787691512999,0.37782548199072,67.629095371669,0.205010983049589,0.883361766897662,0.814195106971256,104.685483870968,0.319947688114385,0.346774193548387,0.850806451612903,248
"NEU_ISI-AdaptiveEnsemble","18",0.581298238819255,0.410462673546919,34.0801981065919,0.177299283719119,0.741456894937935,0.697938679528317,52.3185483870968,0.270192005678854,0.443548387096774,0.810483870967742,248
"NEU_ISI-AdaptiveEnsemble","19",0.739262210559182,0.637443752389342,14.8127048864948,0.298487502524098,NA,NA,22.4336283185841,0.442183934362429,0.380530973451327,0.792035398230089,226
"NEU_ISI-AdaptiveEnsemble","20",0.810832698269743,0.693030374833673,17.2205016722408,0.307393829831494,1.04560396596719,0.972097476082253,26.1794871794872,0.459104723359125,0.303418803418803,0.773504273504274,234
"NEU_ISI-AdaptiveEnsemble","21",0.660426933952281,0.539388401379987,22.4210778224333,0.222174965084509,1.09004186718162,1.04719901198591,35.0084033613445,0.345611453285653,0.357142857142857,0.80672268907563,238
"NEU_ISI-AdaptiveEnsemble","22",0.887315499523904,0.81920095716792,17.9752153010033,0.218681633095548,1.15191757043252,1.20337982756276,27.9230769230769,0.325908957365632,0.466346153846154,0.826923076923077,208
"NEU_ISI-AdaptiveEnsemble","23",0.920997209294172,0.901490347557642,7.99225038234652,0.394646529250332,0.890609396099251,0.86308103144168,10.6482412060301,0.549425541336951,0.316582914572864,0.703517587939699,199
"NEU_ISI-AdaptiveEnsemble","24",0.781478125613177,0.63209441700041,22.0438751393534,0.247167940641462,0.890218035710548,0.850517289314166,31.9128205128205,0.353929695204434,0.307692307692308,0.748717948717949,195
"NEU_ISI-AdaptiveEnsemble","25",1.01735489077627,0.763997365216772,37.4091758034026,0.249177475275014,1.15769122616623,1.1520104427166,57.5,0.381405594206447,0.282608695652174,0.778260869565217,230
"NEU_ISI-AdaptiveEnsemble","26",0.739874264392754,0.450870695203355,91.8724117761747,0.268246665895677,0.941093727783332,0.812575249313261,135.829596412556,0.389533433527047,0.322869955156951,0.704035874439462,223
"NEU_ISI-AdaptiveEnsemble","27",0.972792796963509,0.747463743720394,33.8400169395822,0.293994706821625,1.13953872877958,1.20498395694266,49.8787878787879,0.444385370582029,0.307359307359307,0.783549783549784,231
"NEU_ISI-AdaptiveEnsemble","28",0.748003692863443,0.599602214348281,12.3229417630634,0.201543426170941,0.866611656827009,0.856430574964924,18.0137614678899,0.290524716979321,0.467889908256881,0.848623853211009,218
"NEU_ISI-AdaptiveEnsemble","29",0.732787436212648,0.625952433735191,34.4942279561154,0.330830230139249,Inf,Inf,51.7710280373832,0.493225894200978,0.303738317757009,0.747663551401869,214
"NEU_ISI-AdaptiveEnsemble","30",0.95188504716558,0.927224950120906,5.89440217391304,0.311800466343101,0.957011703069763,0.966372561442857,8.6578947368421,0.461489377914632,0.269736842105263,0.710526315789474,152
"NEU_ISI-AdaptiveEnsemble","31",0.890014766470482,0.793537544492494,10.5689361292805,0.320149092101277,1.13704983502962,1.09223262931363,15.5619469026549,0.475149020009882,0.31858407079646,0.783185840707965,226
"NEU_ISI-AdaptiveEnsemble","32",1.11936114720556,0.901011558011772,7.49291506145661,0.256433962489469,1.2389708387067,1.18232566523517,11.6793248945148,0.393960230410269,0.341772151898734,0.835443037974684,237
"NEU_ISI-AdaptiveEnsemble","33",0.805817034909043,0.710460152359486,7.78630157261795,0.261541839855844,0.797698725559779,0.795309353204437,11.3404255319149,0.379628815910036,0.374468085106383,0.774468085106383,235
"NEU_ISI-AdaptiveEnsemble","34",1.08563953720099,0.860411030666498,43.9120564042303,0.190890391518934,1.20296042801533,1.17793243833629,68.463963963964,0.300589523195642,0.5,0.891891891891892,222
"NEU_ISI-AdaptiveEnsemble","35",1.06734565731996,0.885630671068983,10.5813330779544,0.310714887701458,1.12957445079844,1.07875700107012,15.9911894273128,0.456882957320018,0.361233480176211,0.784140969162996,227
"NEU_ISI-AdaptiveEnsemble","36",1.05295265311794,0.734302456021009,81.9852763819095,0.168319453283722,1.13179073377163,0.992596377139403,121.94472361809,0.254292047621281,0.467336683417085,0.804020100502513,199
"NEU_ISI-AdaptiveEnsemble","37",1.15008265232967,1.03683870368606,45.3968375513736,0.230167419592192,1.42616474841442,1.54775152250566,72.3781094527363,0.357893750742283,0.378109452736318,0.850746268656716,201
"NEU_ISI-AdaptiveEnsemble","38",1.08381747161364,1.19259433558611,6.10087180636486,0.312523397289971,1.16751635980442,1.10259623715741,8.74742268041237,0.434930360379643,0.335051546391753,0.72680412371134,194
"NEU_ISI-AdaptiveEnsemble","39",0.737113669919227,0.536991220453371,81.2464965864175,0.287878065867275,0.940932327694864,0.9062184496092,127.528925619835,0.421178160608434,0.272727272727273,0.805785123966942,242
"NEU_ISI-AdaptiveEnsemble","40",0.83686488910833,0.723843514556974,21.8307749597423,0.282437297961693,0.995975427781779,0.965002291770527,32.25,0.410359715700058,0.296296296296296,0.652777777777778,216
"NEU_ISI-AdaptiveEnsemble","41",0.841336598950714,0.729272456453976,9.42329647676162,0.221308534050535,0.872176812577296,0.899894317147908,14.3448275862069,0.331988606717824,0.439655172413793,0.788793103448276,232
"NEU_ISI-AdaptiveEnsemble","42",0.613282548922248,0.383770766823259,62.6611731943945,0.118547197263349,0.70293782610511,0.668047546658101,98.8760330578512,0.175423286160851,0.553719008264463,0.909090909090909,242
"NEU_ISI-AdaptiveEnsemble","44",1.00922223447672,0.916258631752929,8.03801607599562,0.291241313680451,0.997592443213153,1.00278694769749,12.0042016806723,0.432479725044477,0.30672268907563,0.76890756302521,238
"NEU_ISI-AdaptiveEnsemble","45",0.829534344947514,0.65585651605254,23.7122739130435,0.235395553552153,1.15691291384171,1.12231966150169,34.61,0.343205096609171,0.335,0.685,200
"NEU_ISI-AdaptiveEnsemble","46",0.962922151125607,0.898224734618467,6.19015683938852,0.350896894576613,0.961384062203387,0.912157016251672,9.0958904109589,0.503827321847167,0.328767123287671,0.712328767123288,219
"NEU_ISI-AdaptiveEnsemble","47",0.815464988307862,0.58075524101563,26.2427251227943,0.175427619746025,0.942821060558703,0.870341006013635,39.7322175732218,0.276398915052131,0.506276150627615,0.866108786610879,239
"NEU_ISI-AdaptiveEnsemble","48",0.855661850229487,0.742920586626988,90.8889161940769,0.195566737540367,1.04308251400658,1.09878907314941,143.932367149758,0.310852875111901,0.463768115942029,0.917874396135266,207
"NEU_ISI-AdaptiveEnsemble","49",1.02775366486713,0.942324457958233,10.2645652173913,0.409938623001664,1.05316080118563,1.09490895478404,14.7164948453608,0.567633481297419,0.38659793814433,0.783505154639175,194
"NEU_ISI-AdaptiveEnsemble","50",1.08857669716414,1.03065022433503,3.96957987298486,0.343660716111491,0.999500602823602,0.97472173091776,5.67415730337079,0.498802076691842,0.303370786516854,0.719101123595506,178
"NEU_ISI-AdaptiveEnsemble","51",0.673584289824941,0.534367843111465,27.2362867715079,0.228800587747691,0.885804167436996,0.914632668918825,40.4212765957447,0.335694820223793,0.425531914893617,0.817021276595745,235
"NEU_ISI-AdaptiveEnsemble","53",0.793416091631717,0.667832535511222,16.4068370080363,0.182726978521545,0.65971843149949,0.629772397742165,23.0473933649289,0.255751018088917,0.52132701421801,0.848341232227488,211
"NEU_ISI-AdaptiveEnsemble","54",0.939377184505647,0.721252419666077,16.8003827573393,0.281711315958989,1.15268842968182,1.05514963745273,25.7521367521368,0.43248251265409,0.252136752136752,0.713675213675214,234
"NEU_ISI-AdaptiveEnsemble","55",0.899760321494654,0.71406401045031,32.61233546071,0.260371474170122,0.981416527066752,1.00262233580061,48.9633027522936,0.39506762108908,0.41743119266055,0.770642201834862,218
"NEU_ISI-AdaptiveEnsemble","56",0.823359356796663,0.956279356735986,5.46228426395939,0.389904094901564,0.884397562418468,1.01254427683074,7.87309644670051,0.559365154122839,0.309644670050761,0.695431472081218,197
"NEU_ISI-AdaptiveEnsemble","72",1.84781026441427,1.62162621962076,67.8024275362319,1.27062185851487,1.48876108023155,1.41083543050804,74.0833333333333,1.39729795329246,0.0833333333333333,0.166666666666667,12
"OHT_JHU-nbxd","01",0.929040014932221,0.773080515970635,24.1830055714658,0.238270867326359,1.04792586836085,0.974290757463821,34.2441017964072,0.345060758976446,0.404191616766467,0.817365269461078,334
"OHT_JHU-nbxd","02",1.19856973027291,1.04343548239031,2.85989371257485,0.357751331096702,1.04455980544286,0.945973816480227,4.06802395209581,0.501825515476929,0.167664670658683,0.553892215568862,334
"OHT_JHU-nbxd","04",0.668359736060866,0.492734728039201,26.1100769721427,0.2177743577634,1.03189817106305,1.09605229995988,39.6558682634731,0.331755599466296,0.380239520958084,0.850299401197605,334
"OHT_JHU-nbxd","05",0.719297285754829,0.522794894426108,10.4107353293413,0.254175805822936,0.879755244210232,0.773027477314106,15.3811676646707,0.38929881837629,0.347305389221557,0.790419161676647,334
"OHT_JHU-nbxd","06",1.20551628358177,1.02373319496996,119.651519291851,0.211658825723625,1.33564874522345,1.33463363965614,180.442934131737,0.319963729079317,0.431137724550898,0.850299401197605,334
"OHT_JHU-nbxd","08",0.949492010784933,0.798217533983869,15.5425872168706,0.29390819979642,1.1048627732007,1.17322419136475,22.3526946107784,0.418509943449913,0.353293413173653,0.745508982035928,334
"OHT_JHU-nbxd","09",0.932909750183623,0.849676688863731,12.9794173131997,0.267085579824008,0.87703998644191,0.984863059806521,19.0817664670659,0.38703690610745,0.392215568862275,0.75748502994012,334
"OHT_JHU-nbxd","10",1.0311593493912,0.96483359954487,5.73450781046602,0.357691720855216,1.12560283134925,1.12682822889808,8.3098502994012,0.503237706369882,0.248502994011976,0.661676646706587,334
"OHT_JHU-nbxd","11",1.40784307938453,1.16821040363595,4.90484855506379,0.402862307573665,1.13363474609453,1.03651969487025,6.76505988023952,0.543175908358702,0.206586826347305,0.568862275449102,334
"OHT_JHU-nbxd","12",0.958310323883463,0.809685287730078,100.522806287425,0.235814742172177,1.35726323252079,1.35931033808137,155.068652694611,0.362201621659128,0.31437125748503,0.793413173652695,334
"OHT_JHU-nbxd","13",0.694079705117108,0.549450376458211,27.9553099973965,0.20816581183694,Inf,Inf,42.6128143712575,0.318541027336212,0.395209580838323,0.826347305389222,334
"OHT_JHU-nbxd","15",1.49583065888666,1.40371219187815,7.54782266336891,0.479866776580577,1.3847287098936,1.39060658326729,10.0343113772455,0.635719331738932,0.158682634730539,0.461077844311377,334
"OHT_JHU-nbxd","16",0.724864532393641,0.630014314897555,5.31838669617287,0.36487696580409,0.755800193400318,0.708676113517921,7.7502994011976,0.50915358378159,0.25748502994012,0.676646706586826,334
"OHT_JHU-nbxd","17",0.704059174203231,0.557062196446395,53.1194822181724,0.277769456103228,1.08653080776045,1.19075000817128,80.2593413173653,0.418970413060178,0.356287425149701,0.769461077844311,334
"OHT_JHU-nbxd","18",0.742368202179545,0.595487910485025,31.6233747461599,0.287733204829638,0.904856168307562,0.989549121303934,47.2950598802395,0.425869144034102,0.341317365269461,0.74251497005988,334
"OHT_JHU-nbxd","19",0.612697077235353,0.603798623517112,8.67567128351992,0.302425891828712,Inf,Inf,13.5064670658683,0.446360476456545,0.317365269461078,0.763473053892216,334
"OHT_JHU-nbxd","20",0.77572524199969,0.679407047472954,14.4555708279094,0.3403928942018,0.973102746482909,0.953323615174597,20.1324251497006,0.486359102885971,0.305389221556886,0.68562874251497,334
"OHT_JHU-nbxd","21",0.62441093348453,0.46572899861178,22.6635832205155,0.257645084545416,0.943644243878343,0.859975856910389,32.0953592814371,0.387277057251414,0.350299401197605,0.787425149700599,334
"OHT_JHU-nbxd","22",0.884899112392168,0.757641576480474,18.6922104009373,0.247597103238434,1.11502426282174,1.10209042000555,28.0492215568862,0.364239847810549,0.395209580838323,0.772455089820359,334
"OHT_JHU-nbxd","23",0.941862005405337,1.02923070227025,6.06909192918511,0.4910969679251,0.88624821726166,0.938068894506489,7.86302395209581,0.643878058342803,0.182634730538922,0.5,334
"OHT_JHU-nbxd","24",0.992423920504281,0.839927501067315,18.8221146055715,0.333877002518175,1.1399388661729,1.12417462600434,27.3912874251497,0.46776385807422,0.31437125748503,0.694610778443114,334
"OHT_JHU-nbxd","25",1.1871882332022,0.793552871670314,37.1911483207498,0.281047828557479,1.21509840894082,1.14031656625414,49.7251497005988,0.402902462096441,0.320359281437126,0.736526946107784,334
"OHT_JHU-nbxd","26",0.934828763353706,0.666183976657051,67.6201607133559,0.369087508810952,1.19536363605712,1.24975058251929,99.1224550898204,0.53562163717277,0.251497005988024,0.676646706586826,334
"OHT_JHU-nbxd","27",0.880018271951941,0.676206304164505,22.5915343660505,0.299122260298139,0.986449717945139,1.0546359491464,30.9695508982036,0.425101416795682,0.332335329341317,0.730538922155689,334
"OHT_JHU-nbxd","28",0.82994015683481,0.589950690259048,10.8072369565217,0.201882881165261,0.85804994769596,0.783996854968925,16.3218562874251,0.313382285127731,0.401197604790419,0.865269461077844,334
"OHT_JHU-nbxd","29",0.817557222417135,0.632061696548603,29.5273168575892,0.314894421404726,Inf,Inf,40.9840718562874,0.459341398793409,0.332335329341317,0.733532934131736,334
"OHT_JHU-nbxd","30",0.939941372615468,0.861876268758025,4.862285173132,0.408485538433188,0.921960181670289,0.840047600253669,6.98449101796407,0.559185891931759,0.248502994011976,0.622754491017964,334
"OHT_JHU-nbxd","31",0.858715969478285,0.851159709369071,7.37199472793543,0.355619769054267,1.03311611166692,1.04829143660228,11.0212874251497,0.499947444527859,0.281437125748503,0.67065868263473,334
"OHT_JHU-nbxd","32",1.13709708030437,0.919512467754202,7.43930762822182,0.30124778938566,1.15691526626069,1.12646104075267,10.3761976047904,0.423478146256893,0.296407185628743,0.682634730538922,334
"OHT_JHU-nbxd","33",1.00671436133694,0.954666584370404,7.89117567039833,0.369121387819041,0.924081771019354,1.00718846916427,10.8073652694611,0.509483356921827,0.272455089820359,0.652694610778443,334
"OHT_JHU-nbxd","34",0.914008437962305,0.717645449863147,31.5061603488675,0.191263004044313,1.00918833788831,0.978990860270216,49.2645808383234,0.296496279333145,0.413173652694611,0.868263473053892,334
"OHT_JHU-nbxd","35",1.16696667179163,0.852378608108272,9.45782910700338,0.299840230099344,1.17926682605008,1.01106475190412,13.7457185628743,0.430031490127382,0.29940119760479,0.730538922155689,334
"OHT_JHU-nbxd","36",1.20631043549199,0.852099319444617,68.7509136422807,0.177776374486737,1.3430620241075,1.19034669883483,107.035988023952,0.279851249164625,0.425149700598802,0.892215568862275,334
"OHT_JHU-nbxd","37",1.02701516683231,0.810339089251739,51.0067563915647,0.251599187269833,1.20162293304199,1.16738184878384,72.0399700598802,0.361731991168304,0.365269461077844,0.739520958083832,334
"OHT_JHU-nbxd","38",0.947657084871675,1.14417009332638,5.10875563655298,0.419153147509415,0.964698073736767,1.02635391700994,6.99844311377246,0.565302247593771,0.197604790419162,0.574850299401198,334
"OHT_JHU-nbxd","39",0.782716342842246,0.625138085819576,62.5856614032804,0.347822796804293,0.94272721502413,1.01246520852598,91.2812874251497,0.483907702520421,0.335329341317365,0.745508982035928,334
"OHT_JHU-nbxd","40",0.967328431238257,0.760350538257745,23.4302155688623,0.372548171295971,1.13495176410982,1.03826613362664,32.0190718562874,0.533119875636867,0.233532934131737,0.62874251497006,334
"OHT_JHU-nbxd","41",1.25290966011988,0.985837529129864,11.1682256443634,0.315278003410338,1.14664150875978,1.0826214592337,16.4338023952096,0.457519655149152,0.329341317365269,0.712574850299401,334
"OHT_JHU-nbxd","42",0.758686639901851,0.517856523625259,78.3396979822963,0.216569739482032,0.88934133410986,0.946290816137815,122.346107784431,0.331929246541064,0.395209580838323,0.883233532934132,334
"OHT_JHU-nbxd","44",0.914964151937507,0.817784473660272,6.71883138505598,0.350751135244173,0.892527470171404,0.865939123545784,9.75488023952096,0.489554667798298,0.281437125748503,0.643712574850299,334
"OHT_JHU-nbxd","45",0.868743769974929,0.721322820987324,20.1948887919813,0.284992331761079,1.06622480577483,1.07357826559704,30.3435628742515,0.41266970752359,0.350299401197605,0.724550898203593,334
"OHT_JHU-nbxd","46",1.00076121556789,0.954051267906196,5.38245788857069,0.422092990520919,0.923132952056648,0.892547516064133,7.3572754491018,0.566009192127495,0.224550898203593,0.580838323353293,334
"OHT_JHU-nbxd","47",0.860695892504418,0.59735759100693,23.6186185368394,0.199842930806393,0.952331632232021,0.86370208576231,35.1170359281437,0.304307834334691,0.42814371257485,0.82934131736527,334
"OHT_JHU-nbxd","48",0.959265695735641,0.789157017715794,96.939685055975,0.251253534613588,1.12916419054532,1.13721644296511,141.331556886228,0.373527578960898,0.275449101796407,0.736526946107784,334
"OHT_JHU-nbxd","49",0.993701414690433,0.878468180009297,6.5441585524603,0.322486349920596,1.18083359660009,1.18565787607817,9.55703592814371,0.444488722016529,0.305389221556886,0.67065868263473,334
"OHT_JHU-nbxd","50",1.08725414895873,1.07859237016391,3.54496016662328,0.460965247630534,0.934045766614968,0.933407359053218,4.61601796407186,0.59862455639163,0.188622754491018,0.497005988023952,334
"OHT_JHU-nbxd","51",0.738278599686133,0.522848640752293,22.4289342228586,0.224359195731956,1.04768155066308,0.98812126843087,33.7962874251497,0.338174379491869,0.422155688622754,0.820359281437126,334
"OHT_JHU-nbxd","53",1.48701350881599,1.1899256300584,19.8409311897943,0.264304953803554,1.34423589484693,1.25093123300466,29.4028443113772,0.391322134667888,0.332335329341317,0.778443113772455,334
"OHT_JHU-nbxd","54",1.0585839563818,0.942054446286726,14.7172634990888,0.43248751861151,1.15038688363152,1.25400152583563,19.4404191616766,0.581911561495522,0.248502994011976,0.562874251497006,334
"OHT_JHU-nbxd","55",0.845788198394289,0.731837622251674,22.241055636553,0.310949974185371,0.925696594568859,0.98965891144049,34.2467964071856,0.444872116216711,0.356287425149701,0.778443113772455,334
"OHT_JHU-nbxd","56",0.748586654762759,0.833747043733113,4.34812294975267,0.385320426569259,0.779233836461017,0.847929740847489,6.07458083832335,0.527395936740808,0.248502994011976,0.616766467065868,334
"OHT_JHU-nbxd","72",1.34005236478301,1.2361888552767,32.4681113772455,0.630462057329493,1.19087285984095,1.2766866897539,41.9840718562874,0.823704045283226,0.140718562874251,0.407185628742515,334
"UGA_flucast-INFLAenza","01",0.787051072290614,0.676801153450987,15.7388663707268,0.215675588702737,0.930837037782165,0.849758917051217,23.0324427480916,0.295838076028088,0.568702290076336,0.946564885496183,262
"UGA_flucast-INFLAenza","02",0.780283570554623,0.683882040674842,1.78233945403253,0.248631944175815,0.835602913206819,0.752253282436828,2.91603053435115,0.401230627777086,0.629770992366412,1,262
"UGA_flucast-INFLAenza","04",0.555258947542624,0.366683467301309,10.0243468635911,0.135486364401352,0.785269780712749,0.755356092300442,15.6946564885496,0.215658410321357,0.519083969465649,0.977099236641221,262
"UGA_flucast-INFLAenza","05",0.613240584656378,0.444651327665986,5.78759194324593,0.191950885878443,0.793806265614497,0.680678944078848,8.8263358778626,0.30204683371316,0.50381679389313,0.931297709923664,262
"UGA_flucast-INFLAenza","06",0.780116697677814,0.645064004977333,66.2960066959841,0.132975704457092,0.940332499264691,0.9025661539942,109.354961832061,0.216716095739508,0.49236641221374,0.965648854961832,262
"UGA_flucast-INFLAenza","08",0.720708167712875,0.60146170579467,7.68534733654165,0.208330460047378,0.920781275332896,0.942612961453087,11.8568702290076,0.309775097246287,0.458015267175573,0.919847328244275,262
"UGA_flucast-INFLAenza","09",0.813654122860371,0.67606344012598,9.23000032359774,0.215000754846504,0.791638242083572,0.825528961944284,13.7328244274809,0.328395777960155,0.515267175572519,0.935114503816794,262
"UGA_flucast-INFLAenza","10",0.666867418599378,0.584873692357753,3.32738963657484,0.236667048125548,0.792149958755531,0.742261928292736,5.09732824427481,0.367730540678712,0.583969465648855,0.927480916030534,262
"UGA_flucast-INFLAenza","11",0.939868318590742,0.779791301170206,3.25430765847992,0.299301187565361,0.884943294186584,0.82245430898794,4.9236641221374,0.460110530584343,0.461832061068702,0.877862595419847,262
"UGA_flucast-INFLAenza","12",0.641485602680429,0.543689316750611,53.0249134251576,0.140279949907437,0.846690374697389,0.85716145994477,85.6335877862595,0.225990810373851,0.545801526717557,0.973282442748092,262
"UGA_flucast-INFLAenza","13",0.559836886622491,0.415923696935382,18.0512927149021,0.148273388242023,NA,NA,29.3091603053435,0.24035631176676,0.454198473282443,0.961832061068702,262
"UGA_flucast-INFLAenza","15",0.821526070543474,0.776746043329396,3.96485032359774,0.252286421450902,0.924469827737541,0.916817371988964,6.22519083969466,0.39431415987527,0.557251908396947,1,262
"UGA_flucast-INFLAenza","16",0.796557993234269,0.642039437002754,4.61688464155327,0.329412970074225,0.878370210698116,0.771118417230546,6.91984732824428,0.49876086493129,0.32824427480916,0.809160305343511,262
"UGA_flucast-INFLAenza","17",0.593685977831835,0.394161926143889,33.8535506969798,0.184739127946503,0.898907003432861,0.843382855375979,50.1641221374046,0.2855009625959,0.423664122137405,0.877862595419847,262
"UGA_flucast-INFLAenza","18",0.631935056497839,0.437987168282784,18.1754032193827,0.184278974416192,0.834805820170525,0.791586321899182,29.1812977099237,0.296171989744854,0.404580152671756,0.923664122137405,262
"UGA_flucast-INFLAenza","19",0.670215651428242,0.549428472588227,7.25464793395287,0.224453840957114,Inf,Inf,11.3339694656489,0.352703752490668,0.427480916030534,0.874045801526718,262
"UGA_flucast-INFLAenza","20",0.605772489879881,0.50424861741086,7.3841562313309,0.235592229022012,0.754202392230043,0.72162824084105,10.706106870229,0.356401173031886,0.480916030534351,0.881679389312977,262
"UGA_flucast-INFLAenza","21",0.51843953313984,0.374016964025414,10.5008975439761,0.169248740923393,0.800289273043593,0.6967750028048,16.618320610687,0.271528865196689,0.423664122137405,0.927480916030534,262
"UGA_flucast-INFLAenza","22",0.726655644826882,0.602694271507769,13.1465817540657,0.196234519478161,0.909652089765424,0.867023141214663,20.6870229007634,0.308721880691341,0.427480916030534,0.889312977099237,262
"UGA_flucast-INFLAenza","23",0.688431027070748,0.720819346433259,2.79017387155659,0.31623321814467,0.795723403901951,0.813338860440578,4.47709923664122,0.515825167575305,0.50763358778626,0.942748091603053,262
"UGA_flucast-INFLAenza","24",0.860247216745956,0.67730860628187,10.3177107451045,0.226788463569228,1.10158867834603,1.01062784632842,16.3473282442748,0.350652312311973,0.374045801526718,0.893129770992366,262
"UGA_flucast-INFLAenza","25",0.67720711058418,0.493841143862479,16.2867789578493,0.194116178981835,0.860360268510265,0.822836639250679,25.7900763358779,0.306278147901666,0.408396946564886,0.912213740458015,262
"UGA_flucast-INFLAenza","26",0.70826631309363,0.437618524375848,43.8619299452373,0.251072932489297,0.92250428735577,0.837976840066895,61.3320610687023,0.369954802291029,0.393129770992366,0.793893129770992,262
"UGA_flucast-INFLAenza","27",0.660536794191565,0.485471452442622,10.334226294391,0.200964346219539,0.856121472133048,0.836962911461339,16.6278625954198,0.315662972179768,0.408396946564886,0.931297709923664,262
"UGA_flucast-INFLAenza","28",0.652575892920305,0.487537662545865,6.40950906073681,0.152450979481417,0,0,10.0534351145038,0.24032880828242,0.568702290076336,0.965648854961832,262
"UGA_flucast-INFLAenza","29",0.628361068427173,0.420980627968895,17.0550885745105,0.212702602191407,Inf,Inf,24.5171755725191,0.325963335040299,0.362595419847328,0.858778625954199,262
"UGA_flucast-INFLAenza","30",0.666860364104445,0.61048497036713,3.19425179223365,0.288090497623157,0.751128271298698,0.692732366979875,5.05343511450382,0.452867011964623,0.423664122137405,0.900763358778626,262
"UGA_flucast-INFLAenza","31",0.608979086838728,0.546901834806182,5.00190220710256,0.258837368372752,0.794444208689511,0.754639663868869,7.61832061068702,0.40535898427241,0.446564885496183,0.896946564885496,262
"UGA_flucast-INFLAenza","32",0.741742291826896,0.58434754202433,3.94310233156323,0.187562107230626,0.862728336203307,0.803282510125443,6.2175572519084,0.295571005706653,0.534351145038168,0.958015267175573,262
"UGA_flucast-INFLAenza","33",0.685332564855082,0.577097750836721,3.90315908562894,0.240585755274967,0.68703803915547,0.670785574727235,5.99427480916031,0.374894113400028,0.526717557251908,0.904580152671756,262
"UGA_flucast-INFLAenza","34",0.801778452509167,0.630128931564484,21.1523361765682,0.157239913334913,0.894419985160377,0.855717185009071,31.2461832061069,0.234261575654511,0.583969465648855,0.961832061068702,262
"UGA_flucast-INFLAenza","35",0.722606230508344,0.56010577218149,5.12346634583472,0.212686611521881,0.809029483256582,0.717007557695632,8.08206106870229,0.322309624609467,0.541984732824427,0.908396946564885,262
"UGA_flucast-INFLAenza","36",0.865007625953795,0.624072827774659,40.1761450796548,0.136097423025091,1.0555711115469,0.935635538788836,65.6851145038168,0.223720728707195,0.461832061068702,0.965648854961832,262
"UGA_flucast-INFLAenza","37",0.755919522841873,0.578868770995741,27.9869417938931,0.158033329508544,1.02599875651492,0.962516296362501,45.4503816793893,0.25876324398384,0.400763358778626,0.942748091603053,262
"UGA_flucast-INFLAenza","38",0.732269432936726,0.802481953488416,3.37132782940591,0.270109798608724,0.860211155118166,0.85394646653886,5.05343511450382,0.421820264361582,0.541984732824427,0.946564885496183,262
"UGA_flucast-INFLAenza","39",0.62994724364998,0.455103468390132,33.4732977928974,0.233920951859563,0.785737352473621,0.776753036214781,50.4599236641221,0.337443002237771,0.423664122137405,0.874045801526718,262
"UGA_flucast-INFLAenza","40",0.716152464042532,0.518801130273838,15.1032523813475,0.258642342351336,0.884967385177156,0.734643700283933,21.2480916030534,0.377388019227569,0.438931297709924,0.770992366412214,262
"UGA_flucast-INFLAenza","41",1.05991726468475,0.779585368792269,8.19801064553601,0.247824079434274,1.08542137472156,0.95965616020429,12.9618320610687,0.393290646394792,0.320610687022901,0.877862595419847,262
"UGA_flucast-INFLAenza","42",0.647153428037504,0.418939417105699,38.723441702622,0.147876457973867,0.791673726147474,0.797523803346299,63.3416030534351,0.240571777143767,0.408396946564886,0.946564885496183,262
"UGA_flucast-INFLAenza","44",0.784847337981189,0.689786786729626,4.44721905077995,0.25603283620278,0.846518551529414,0.81994628814368,6.84732824427481,0.400134427268171,0.519083969465649,0.896946564885496,262
"UGA_flucast-INFLAenza","45",0.702324806034058,0.537239714746683,13.7536721871888,0.208214842024714,0.884552416901502,0.823791693237685,20.9484732824427,0.316069967617894,0.522900763358779,0.896946564885496,262
"UGA_flucast-INFLAenza","46",0.751137157798601,0.694381938404014,3.05025787421175,0.278246326072175,0.79650264345182,0.760760236128736,4.78435114503817,0.443210263779576,0.465648854961832,0.919847328244275,262
"UGA_flucast-INFLAenza","47",0.695719289715569,0.495577383927669,12.284370170926,0.134359585317367,0.867976838973203,0.779620253811174,19.7213740458015,0.212297782505834,0.50763358778626,0.950381679389313,262
"UGA_flucast-INFLAenza","48",0.645309042601451,0.51038819236402,43.4227084965151,0.129268814622763,0.793908570488099,0.75750051414125,70.8282442748092,0.20560771784175,0.515267175572519,0.954198473282443,262
"UGA_flucast-INFLAenza","49",0.78718353291014,0.690464270699139,4.14222989545304,0.251983562714459,1.06012847241712,1.05711867862298,6.44274809160305,0.383353545877382,0.480916030534351,0.916030534351145,262
"UGA_flucast-INFLAenza","50",0.711241575716256,0.711079731205663,1.78237842681713,0.300179118573148,0.759676571981951,0.772464561027015,2.89503816793893,0.49091741527035,0.480916030534351,0.954198473282443,262
"UGA_flucast-INFLAenza","51",0.612104641393473,0.409537177582892,14.585796971457,0.17685980891061,0.838416131838567,0.737040655903675,23.1660305343511,0.280300115903973,0.396946564885496,0.893129770992366,262
"UGA_flucast-INFLAenza","53",0.965225613393206,0.780352994581859,10.2623770992366,0.17108343710222,0.910894969623716,0.878252756321125,14.9904580152672,0.261940476490105,0.561068702290076,0.950381679389313,262
"UGA_flucast-INFLAenza","54",0.76637798864759,0.651807964295175,8.51430019083969,0.287810360871843,0.957006386002369,0.983702071664613,12.6946564885496,0.438741828870478,0.400763358778626,0.83587786259542,262
"UGA_flucast-INFLAenza","55",0.746653125482183,0.549614721697134,15.1547110106206,0.218956571804533,0.855029692377237,0.808112504619961,23.2003816793893,0.337252622216023,0.461832061068702,0.870229007633588,262
"UGA_flucast-INFLAenza","56",0.614034403059387,0.625617308586374,2.40153603551278,0.258477714809461,0.710440414745668,0.732008438181769,3.64885496183206,0.403918939445477,0.519083969465649,0.935114503816794,262
"UGA_flucast-INFLAenza","72",0.83791504876532,0.692194322906424,17.329033977763,0.310383625402657,0,0,26.2538167938931,0.47791906947574,0.450381679389313,0.885496183206107,262
"UM-DeepOutbreak","01",1.10529838868089,1.20504365034377,23.8066827352352,0.316075518055929,1.20502694648976,1.10469540451247,35.5007029208974,0.356834923390947,0.583333333333333,0.985294117647059,204
"UM-DeepOutbreak","02",1.11142458770114,1.0135079018445,3.04109347661445,0.372044394070224,1.06116947069803,0.89974327740311,4.60872669374773,0.500674383354827,0.681372549019608,0.995098039215686,204
"UM-DeepOutbreak","04",1.23496584116383,0.995466208423188,64.6427136380085,0.417915270314664,1.71532455277139,1.55184267359428,92.0263024522291,0.465430020289963,0.725490196078431,0.916666666666667,204
"UM-DeepOutbreak","05",1.00457995394033,1.02260830032059,15.6802005065276,0.424097818985368,1.23096078903667,1.09987013884427,24.0978460901237,0.481588256722436,0.691176470588235,0.96078431372549,204
"UM-DeepOutbreak","06",1.19903102841154,1.55641659372146,92.9227081967853,0.316476767618248,1.12090518338935,1.12029775647904,118.702212386278,0.264098405919762,0.862745098039216,0.995098039215686,204
"UM-DeepOutbreak","08",0.964670218129383,0.898155341596974,23.7030514679845,0.389153738940703,1.05218029468043,1.06096332545248,34.7736682958983,0.5063515143457,0.549019607843137,0.911764705882353,204
"UM-DeepOutbreak","09",1.16326809765899,1.05620838623784,24.9894664195473,0.364163136632719,1.14135112049423,1.12325764753864,37.3260935963652,0.475208767591212,0.642156862745098,0.897058823529412,204
"UM-DeepOutbreak","10",1.01937428817577,0.980212305596605,6.89383758965314,0.328878017526806,1.19585259191353,1.07021357675522,10.2812796216398,0.414270687532464,0.696078431372549,0.955882352941177,204
"UM-DeepOutbreak","11",1.14558132618534,0.983900541101158,5.26682827087367,0.420903505998777,1.05847135118859,0.877197247254462,7.9078401851356,0.545287620565574,0.71078431372549,0.96078431372549,204
"UM-DeepOutbreak","12",1.28643396227391,1.61148049100301,94.8014140714672,0.464042173246337,1.5441642391008,1.43727631762786,123.999740266172,0.379325377533738,0.852941176470588,0.990196078431373,204
"UM-DeepOutbreak","13",1.3011270647351,1.49626568300349,45.6532661111148,0.470445172082612,Inf,Inf,68.0966441460907,0.497272509947582,0.67156862745098,0.985294117647059,204
"UM-DeepOutbreak","15",1.2806002945147,1.07540597405902,4.47431561409528,0.402659271950414,1.27374098001175,1.13217523517512,6.50289231298616,0.579843891382122,0.774509803921569,0.970588235294118,204
"UM-DeepOutbreak","16",0.936672957139462,1.03306760625769,6.24499816784704,0.399644449370268,0.983185482916086,0.983556979718154,9.39333223550473,0.483172372517841,0.656862745098039,0.980392156862745,204
"UM-DeepOutbreak","17",0.798759541927993,0.77915517167232,87.2244432320852,0.370583607897967,1.07630016477251,1.08212597123305,119.486003483086,0.381371729241626,0.627450980392157,0.887254901960784,204
"UM-DeepOutbreak","18",0.905068787818014,0.940516853637907,58.2895420338697,0.408770950947545,1.04782937736795,1.1827133982822,81.8611479086734,0.449096931002711,0.558823529411765,0.799019607843137,204
"UM-DeepOutbreak","19",0.809681117895097,0.857770972475341,13.4130034860244,0.328479509720357,Inf,Inf,20.8818134406312,0.417270373542273,0.637254901960784,0.946078431372549,204
"UM-DeepOutbreak","20",0.993587429775067,0.993227369972365,21.3665185454368,0.425635983325331,1.16040041900234,1.03289714023799,29.2092238386332,0.473581647428404,0.637254901960784,0.872549019607843,204
"UM-DeepOutbreak","21",0.895184842258137,1.01106882018094,33.3743572815171,0.427148863396474,1.32052933761061,1.2843740168316,48.04059034568,0.440668108838014,0.627450980392157,0.946078431372549,204
"UM-DeepOutbreak","22",1.01964336807251,1.09807348297963,19.6934518720635,0.357705400039779,1.08311752040881,1.05906301138176,27.2128724102315,0.376490111941672,0.735294117647059,0.995098039215686,204
"UM-DeepOutbreak","23",0.990760606478488,1.06390779542609,8.45142963840553,0.444704495977017,1.00171619252621,1.01654170848394,11.8098998618504,0.612811951658413,0.612745098039216,0.877450980392157,204
"UM-DeepOutbreak","24",1.02535481558804,0.959694885010967,25.7695874706967,0.374137847785927,1.07892094957746,0.987867378252007,37.0692113009436,0.440668116973783,0.651960784313726,0.96078431372549,204
"UM-DeepOutbreak","25",0.93676969846286,0.813343030432135,48.7016486513699,0.3575437857848,0.785423196714461,0.736857170455636,70.6707287680521,0.427131084397795,0.529411764705882,0.877450980392157,204
"UM-DeepOutbreak","26",0.785937021892446,0.682011574854993,87.0506280532255,0.37280483297648,1.03510540052629,0.954947862332182,131.656841490605,0.401044858010267,0.553921568627451,0.92156862745098,204
"UM-DeepOutbreak","27",0.754029561910084,0.671190022522721,30.9483705558182,0.300981660672868,0.832773022451633,0.83661265586805,46.1657084581549,0.374266746658907,0.612745098039216,0.936274509803922,204
"UM-DeepOutbreak","28",1.07452027127772,1.14941920257924,13.4673937705888,0.321170599694241,1.18357517358963,1.21684157170921,19.9597435977875,0.359534322276945,0.583333333333333,0.941176470588235,204
"UM-DeepOutbreak","29",0.8319627258668,0.867926046732303,41.402596147773,0.438407094542608,Inf,Inf,56.4914618518261,0.413555702772062,0.656862745098039,0.911764705882353,204
"UM-DeepOutbreak","30",1.00235758277677,0.965266919526925,5.67397421695918,0.362522855799866,0.994155567099796,0.862785396251309,8.44144023892932,0.466454220142606,0.67156862745098,0.970588235294118,204
"UM-DeepOutbreak","31",0.878203106652734,0.883412665987929,10.5219747003676,0.353907168044938,1.11534136960579,1.06382109452661,16.101624180113,0.488196895300357,0.642156862745098,0.946078431372549,204
"UM-DeepOutbreak","32",1.43466271855811,1.30595888568475,9.98147624918033,0.427742609501423,1.68412977880919,1.59407313834004,16.2366918171765,0.604362212447527,0.602941176470588,0.970588235294118,204
"UM-DeepOutbreak","33",1.0188540205726,0.937907155867295,11.7111327430274,0.368934994893255,1.0124577087984,0.958883621858399,16.2210393672192,0.464849226359595,0.529411764705882,0.862745098039216,204
"UM-DeepOutbreak","34",1.03129289147139,0.926548318846954,56.3613471839517,0.306949536297737,0.993979914741388,0.867622547501467,75.1675701662863,0.315722130104633,0.700980392156863,0.931372549019608,204
"UM-DeepOutbreak","35",1.04214220153151,0.924346285546231,11.9433280194868,0.339677437972103,1.14733895054074,1.04728858579522,18.1713483080095,0.455784772572329,0.573529411764706,0.955882352941177,204
"UM-DeepOutbreak","36",1.02486137458848,1.0550375149987,83.7007543807985,0.258090630080933,0.98526966948781,0.979670288642254,112.471979871698,0.270256237906346,0.71078431372549,0.965686274509804,204
"UM-DeepOutbreak","37",1.08177359644012,1.13985605577818,42.9812928039343,0.292963458716847,1.27618874945584,1.29402410145881,61.1666044726179,0.315582596243877,0.642156862745098,0.980392156862745,204
"UM-DeepOutbreak","38",0.791581131805414,0.961676069906496,5.51499660161012,0.304542824270767,0.92546653550011,0.928513437333261,8.36528045551515,0.42448255250616,0.642156862745098,0.955882352941177,204
"UM-DeepOutbreak","39",0.822584461601925,0.742433033881345,93.3389415036106,0.397316900431466,0.936634917548882,1.01286718508616,128.662701383995,0.483734960450257,0.647058823529412,0.872549019607843,204
"UM-DeepOutbreak","40",0.932762228249783,0.963649770338872,25.5637992486857,0.418384227834895,1.14977196219759,1.1011016006352,36.9742518032119,0.499839837259253,0.549019607843137,0.848039215686274,204
"UM-DeepOutbreak","41",0.859215041611257,0.853785822698807,9.21333437981172,0.345600623874066,0.782085499198794,0.73781985031384,12.6504310049062,0.371131271623536,0.799019607843137,0.995098039215686,204
"UM-DeepOutbreak","42",0.923354957822112,0.881094493946696,106.966064868588,0.290194178873544,0.939634927518965,1.12237332188345,142.438139422841,0.31059065997999,0.666666666666667,0.936274509803922,204
"UM-DeepOutbreak","44",1.02635241609443,1.0377967570709,9.31507513160533,0.368459834382696,1.05398358784556,0.991538807959841,13.5286635603853,0.444925184985832,0.558823529411765,0.867647058823529,204
"UM-DeepOutbreak","45",0.957901489002997,0.935853035246123,23.5481237117125,0.354647591943708,1.1168491155674,1.04269802109586,35.5526208271917,0.409875119187116,0.656862745098039,0.985294117647059,204
"UM-DeepOutbreak","46",1.04513995432044,1.03494999592468,6.652560883026,0.358134817848145,1.05427092728137,1.0011873129727,9.92923730608188,0.498353965392118,0.632352941176471,0.931372549019608,204
"UM-DeepOutbreak","47",1.1234408678053,1.09481900064384,32.4751007839826,0.30815006987751,1.19136342502777,1.16832299270176,45.6112160521254,0.335325118917587,0.651960784313726,0.897058823529412,204
"UM-DeepOutbreak","48",1.33813903736621,1.71360284178683,86.5831057736386,0.397177292902077,1.43138534506606,1.45270438668466,117.077678992694,0.357789982026956,0.745098039215686,0.995098039215686,204
"UM-DeepOutbreak","49",1.21223160606737,1.04897083979834,9.3109901621183,0.39401445171884,1.30708064326515,1.15752627220215,14.4485005046193,0.536094121843936,0.681372549019608,1,204
"UM-DeepOutbreak","50",1.04343926279122,1.03292667555008,3.72048532195802,0.364721255230915,1.07468319857811,1.04713087524063,5.70170953514363,0.544474035704609,0.617647058823529,0.931372549019608,204
"UM-DeepOutbreak","51",1.00118121767058,0.907773785508756,37.0339628327558,0.361706797392316,1.2127768468,1.11339081316474,48.390216578961,0.376715714219163,0.656862745098039,0.931372549019608,204
"UM-DeepOutbreak","53",1.10295791782857,1.14794271513108,16.7161260875057,0.305534465321715,0.98702881109468,0.921790112934189,23.7775556874959,0.334914365564758,0.730392156862745,1,204
"UM-DeepOutbreak","54",0.99419465960623,0.96971067953028,17.3562906467558,0.376760655605607,1.16899516534185,1.20844639112351,24.5920249873542,0.47217052413866,0.661764705882353,0.931372549019608,204
"UM-DeepOutbreak","55",0.925285654995937,0.918320558019211,39.5904160689408,0.352125493115212,1.05537953492035,1.08865732389802,58.0526503200391,0.429680347273988,0.593137254901961,0.872549019607843,204
"UM-DeepOutbreak","56",1.01455301772708,0.972887412588529,7.67831588025517,0.417341333851469,1.06126909025923,0.940410377080691,10.7249273699001,0.550917019855873,0.612745098039216,0.882352941176471,204
"UM-DeepOutbreak","72",1.21176181405105,1.10762305875218,24.9671697402948,0.585729660785293,1.17248354257273,1.13483463391352,34.8717095580226,0.738522545396913,0.568627450980392,0.862745098039216,204
"UMass-ar6_pooled","01",0.846754604970357,0.75040164241174,18.0068183591138,0.225057132452875,0.961339268862768,0.959678107623502,26.926666967925,0.341383066823142,0.582278481012658,0.962025316455696,316
"UMass-ar6_pooled","02",1.03326705217052,0.928212891019097,2.58542177243409,0.339999105407444,1.05115159298235,1.00795486812452,4.06639216216134,0.550561193362307,0.585443037974684,0.968354430379747,316
"UMass-ar6_pooled","04",0.834094355928356,0.571471120043436,29.3160852446886,0.228475880572246,0.972216747558688,0.988425133395457,40.3810865385043,0.329280597261526,0.680379746835443,0.965189873417722,316
"UMass-ar6_pooled","05",0.827729184277934,0.649807381119134,10.4818516850331,0.285075175655581,1.06939696389083,0.947272009375683,16.5931211604082,0.421631480055551,0.582278481012658,0.958860759493671,316
"UMass-ar6_pooled","06",0.802660643578343,0.687903464878247,66.2554440588481,0.130210978160769,0.902235016136668,0.8940117816868,103.084998803388,0.201658977097867,0.582278481012658,0.958860759493671,316
"UMass-ar6_pooled","08",0.778861419659173,0.609913574411892,14.8377947391149,0.271246328060989,0.94602531456973,0.885783003120577,23.7935720248118,0.408259940058581,0.54746835443038,0.968354430379747,316
"UMass-ar6_pooled","09",0.956599312350659,0.755557217037417,16.4867664580238,0.29191822804412,0.998550454650785,0.970052208691301,25.1099503612103,0.4417543468649,0.664556962025316,0.987341772151899,316
"UMass-ar6_pooled","10",0.891653605732541,0.759033608609842,5.15413711024343,0.293474431632341,1.07943437051274,0.995867744543622,7.8820173403592,0.453955299261067,0.623417721518987,0.962025316455696,316
"UMass-ar6_pooled","11",1.01442300929612,0.846852451896513,4.11420962998106,0.365803554835846,1.01101097023628,0.924686924426302,6.48643920332852,0.579800770281826,0.525316455696203,0.939873417721519,316
"UMass-ar6_pooled","12",0.819085087534504,0.714471353425575,68.1074107590683,0.193032241595618,1.00678742207934,0.947530125165019,94.1766176359332,0.228979544106345,0.841772151898734,1,316
"UMass-ar6_pooled","13",0.629590769973719,0.506549585929159,22.1148794627175,0.188724619607415,Inf,Inf,35.5823833095866,0.290429404212822,0.556962025316456,0.993670886075949,316
"UMass-ar6_pooled","15",0.937988053059637,0.869760561734191,4.09125220470526,0.282585578823026,1.02491102205075,1.02454381918751,6.37876002157537,0.436206596913755,0.632911392405063,0.974683544303797,316
"UMass-ar6_pooled","16",0.890939352637527,0.774806503219861,5.37725169437379,0.368871105729663,1.02560492942891,0.980105272958207,8.47586418198853,0.581376317711021,0.462025316455696,0.920886075949367,316
"UMass-ar6_pooled","17",0.731942798902349,0.473480955765979,55.7807063821819,0.239401495639193,1.09649079662194,0.992552776784102,83.6196145317953,0.367605363421346,0.509493670886076,0.905063291139241,316
"UMass-ar6_pooled","18",0.737194458016139,0.531540573262695,33.2211598662681,0.25036526490865,0.978375315316925,0.934615402801461,53.6578016035587,0.396021109489609,0.477848101265823,0.958860759493671,316
"UMass-ar6_pooled","19",0.779242585617351,0.660573923587302,9.91562309699263,0.282028239202971,Inf,Inf,15.3384176642583,0.431379535986785,0.629746835443038,0.981012658227848,316
"UMass-ar6_pooled","20",0.807864913215296,0.686062438877396,13.2681341372777,0.313385119609454,1.1051050149408,1.01372532532186,21.0564985025267,0.486069787995026,0.537974683544304,0.958860759493671,316
"UMass-ar6_pooled","21",0.653855191985173,0.522842698382983,19.5782059902509,0.242346731258346,0.986146340513913,0.916610314761053,28.9801006294937,0.346139141440536,0.642405063291139,0.943037974683544,316
"UMass-ar6_pooled","22",0.767999407160063,0.647808369691005,14.6935525243067,0.205495114279917,0.993600049937199,0.974609125195872,23.077343804977,0.314499357453204,0.569620253164557,0.971518987341772,316
"UMass-ar6_pooled","23",0.913272397664329,0.877152913423195,5.52372162891697,0.381617181982886,1.03947855655292,0.992157798158948,8.30697516380387,0.622059521168683,0.563291139240506,0.943037974683544,316
"UMass-ar6_pooled","24",0.816131986584681,0.644700299120624,16.6787678282502,0.284638293956871,0.907976157197083,0.830027564296411,25.0494023988573,0.418698054222132,0.55379746835443,0.936708860759494,316
"UMass-ar6_pooled","25",0.771757304226757,0.564643377128801,28.6069565651034,0.260901629007728,0.860512754454242,0.826949394235726,45.7427906448628,0.414039668670803,0.481012658227848,0.94620253164557,316
"UMass-ar6_pooled","26",0.792464238540744,0.547205561964656,59.9956694744419,0.311412100073015,0.937491227602395,0.880099111993087,94.1635908604203,0.462479802106467,0.575949367088608,0.930379746835443,316
"UMass-ar6_pooled","27",0.728205803259784,0.517063572830132,23.012094155243,0.263959195448661,0.79106125215966,0.749476372254072,34.5616183823214,0.396435330484239,0.572784810126582,0.927215189873418,316
"UMass-ar6_pooled","28",0.828198447321796,0.659725682048568,9.26485319101629,0.211789246893966,0.982104550865224,0.946746894421331,14.3621498983328,0.303655004037029,0.655063291139241,0.993670886075949,316
"UMass-ar6_pooled","29",0.798630441453395,0.575963265529195,28.0578714119875,0.289241202728688,Inf,Inf,41.2787438684541,0.444449600168025,0.471518987341772,0.882911392405063,316
"UMass-ar6_pooled","30",0.9709382186574,0.863475497415851,4.93497895728791,0.392833312162805,1.06073707666836,0.981674121208804,7.6413679309858,0.622021024094169,0.522151898734177,0.943037974683544,316
"UMass-ar6_pooled","31",0.775593299375316,0.707668175156851,7.51352802155271,0.321289070291059,0.891484329375162,0.853215814941188,11.559268677789,0.50534483306278,0.60126582278481,0.968354430379747,316
"UMass-ar6_pooled","32",0.937814740449608,0.73453261828124,5.94234448505948,0.246603068822273,1.08211687082551,1.01033933079418,9.10039798937707,0.377765244630358,0.604430379746835,0.981012658227848,316
"UMass-ar6_pooled","33",0.985731901987357,0.828602906240801,8.12657997243,0.336918047687197,1.03056866125101,0.976056878346433,12.1091768717328,0.499845895790893,0.563291139240506,0.933544303797468,316
"UMass-ar6_pooled","34",0.891301019951738,0.705583140353154,37.4905569280276,0.226551177247981,0.865656613609039,0.838318016208305,54.0901112211269,0.325992064520055,0.689873417721519,0.971518987341772,316
"UMass-ar6_pooled","35",0.891850131966275,0.749775035928212,7.66793427576098,0.286256540696118,1.00334301849798,0.992474777121912,11.7630720266236,0.438953620365589,0.598101265822785,0.971518987341772,316
"UMass-ar6_pooled","36",0.736779343104919,0.554881474282161,51.0227265802484,0.154258709716683,0.751027354751816,0.693733161484014,80.9375810574413,0.241022584562117,0.528481012658228,0.977848101265823,316
"UMass-ar6_pooled","37",0.789514709508671,0.617912746668029,33.3643626686517,0.183657133904575,0.969001280922296,0.918809201810591,51.0597866994557,0.27761458377726,0.556962025316456,0.933544303797468,316
"UMass-ar6_pooled","38",0.868345102767637,0.930646210788505,4.26916647657433,0.306460713375242,1.04686660923076,1.02944371101683,6.55564281994636,0.490461176796177,0.575949367088608,0.943037974683544,316
"UMass-ar6_pooled","39",0.721057821813893,0.523806666272666,63.132073678518,0.306942628567978,0.890944096661736,0.867308962054057,93.3540977441757,0.445214774542028,0.528481012658228,0.892405063291139,316
"UMass-ar6_pooled","40",0.791879160137625,0.665336551012004,16.9551750828423,0.304721117120995,1.02858014350244,0.955880402045935,25.965110243951,0.448271288568536,0.468354430379747,0.876582278481013,316
"UMass-ar6_pooled","41",0.814325953745455,0.677634061844453,8.2839529056482,0.265011546034053,0.842689320866415,0.815186814740057,12.8807532457264,0.393381003120239,0.579113924050633,0.968354430379747,316
"UMass-ar6_pooled","42",0.85661183858711,0.5531117996186,77.8964539536609,0.207032537334357,0.958775207685081,0.94968170123108,116.357677027201,0.298130115249688,0.686708860759494,0.974683544303797,316
"UMass-ar6_pooled","44",0.941195884518702,0.82217344185264,6.724002377489,0.323679393476271,1.02066017793865,0.986807656323949,10.5236491956439,0.512034996010786,0.563291139240506,0.974683544303797,316
"UMass-ar6_pooled","45",0.805508880151245,0.635410825949477,16.923777141154,0.248025437480132,0.986674088801739,0.938499010264257,26.0191939259291,0.367318148721712,0.512658227848101,0.939873417721519,316
"UMass-ar6_pooled","46",0.947588971035138,0.849717347316346,5.05852886156756,0.356066229873792,0.983966892544435,0.945500178716013,7.58040437003569,0.557602640081062,0.613924050632911,0.971518987341772,316
"UMass-ar6_pooled","47",0.86550579833648,0.646814865509812,20.0574064987388,0.19388432386708,1.04293945537054,0.978092068522167,31.3246033456339,0.289401044702138,0.655063291139241,0.990506329113924,316
"UMass-ar6_pooled","48",0.874036702332432,0.716811960117761,59.8970109630638,0.180657140126827,0.95699883563413,0.896382817563014,83.0483531144526,0.23005026045543,0.794303797468354,1,316
"UMass-ar6_pooled","49",0.91246154795342,0.730504464506907,6.03331984461208,0.286301625992317,1.14086562803156,1.04677425183926,9.19132114449559,0.422945355266941,0.680379746835443,0.993670886075949,316
"UMass-ar6_pooled","50",1.06481211224858,0.970409513741029,3.04056100940472,0.35824275789452,1.06594785771149,1.02612419081753,4.46236952643545,0.569185239020525,0.588607594936709,0.962025316455696,316
"UMass-ar6_pooled","51",0.730294223398242,0.522177376411897,22.2460323069361,0.226674954141532,1.01171257628664,0.944729643825148,33.4776795505468,0.329571307046427,0.629746835443038,0.936708860759494,316
"UMass-ar6_pooled","53",0.99063551563524,0.819122444085603,14.4505454157994,0.223734787038743,0.994606468308365,0.9502657357321,22.866839141055,0.352293605836278,0.477848101265823,0.968354430379747,316
"UMass-ar6_pooled","54",0.792199055150503,0.608024656508073,11.7934882463973,0.300302990764687,1.02514704987572,0.960387880647043,18.4425803854021,0.48477687986633,0.525316455696203,0.94620253164557,316
"UMass-ar6_pooled","55",0.734103272759313,0.571777944467842,25.3504026245802,0.276876055030484,0.876405530587174,0.833956702336145,39.3671305096793,0.427835488271639,0.60126582278481,0.955696202531646,316
"UMass-ar6_pooled","56",0.928643970720689,0.876421026973522,4.81798695618059,0.36298238332072,1.02753285696468,1.01736522581673,6.94949334815756,0.556619784736703,0.651898734177215,0.984177215189873,316
"UMass-ar6_pooled","72",1.00577259658949,0.892510772525989,21.6172604176344,0.441757337339204,1.02824501456964,1.07079884589587,32.7849857640415,0.674424889783372,0.455696202531646,0.867088607594937,316
"UMass-gbqr","01",0.884500615259285,0.709063823089925,18.6439505335869,0.197523270526846,1.00502743880623,0.886329713337357,28.5498179096684,0.296604050544023,0.452229299363057,0.910828025477707,314
"UMass-gbqr","02",0.899521960993419,0.777835198112673,2.27363468996749,0.294808961810691,0.93310196244582,0.845382607566618,3.55961310521704,0.466869960952582,0.401273885350318,0.885350318471338,314
"UMass-gbqr","04",0.762168622892107,0.524255880301734,25.9160267339547,0.204636327798259,1.08707548257638,1.08804904624149,38.2676964219141,0.316032708201838,0.471337579617834,0.936305732484076,314
"UMass-gbqr","05",0.802903868644701,0.591671362432354,10.534905430264,0.265774145801215,1.00797366588973,0.883615114782958,15.9589850971945,0.410685096405185,0.414012738853503,0.907643312101911,314
"UMass-gbqr","06",0.850430697423369,0.723486291957648,73.243815159773,0.142130223873385,0.943286425311572,0.933540977449575,114.224890843538,0.22165931047047,0.452229299363057,0.945859872611465,314
"UMass-gbqr","08",0.806789718970213,0.61939627961791,15.7452626864477,0.274177478430108,1.04215901858331,0.991428420751397,23.9812359909992,0.414822195542577,0.464968152866242,0.904458598726115,314
"UMass-gbqr","09",0.937366001134504,0.741330158596468,14.9275776433265,0.26833164011689,0.929260620481365,0.938590221571944,22.1370229301964,0.40714265457294,0.426751592356688,0.89171974522293,314
"UMass-gbqr","10",0.827803692398396,0.699758004344832,4.93573987081773,0.284976892096631,1.03540173060745,0.959891445046771,7.48357163180082,0.442751054681091,0.449044585987261,0.882165605095541,314
"UMass-gbqr","11",0.878477401676457,0.717471455127563,3.54370327796803,0.318076691853377,0.861406077535169,0.774479270182255,5.58478841113104,0.505033375613038,0.414012738853503,0.872611464968153,314
"UMass-gbqr","12",0.703886749077111,0.566224978643008,69.3990620181687,0.169571648235792,0.942480010331944,0.902374610675932,106.069558771016,0.261322981297156,0.39171974522293,0.914012738853503,314
"UMass-gbqr","13",0.667411018307361,0.541177378545156,24.8048367528469,0.207157572297545,Inf,Inf,39.5037996831938,0.322868572761494,0.410828025477707,0.942675159235669,314
"UMass-gbqr","15",0.951481792876822,0.847701666333092,4.29431072377222,0.279062667153097,1.03988656672661,1.00581689665458,6.62486654243734,0.437021521656191,0.496815286624204,0.926751592356688,314
"UMass-gbqr","16",0.855689387881314,0.714625673545272,5.11185757439829,0.332630131045758,0.98169582362206,0.899989210696169,7.80978615813383,0.508668846263957,0.410828025477707,0.882165605095541,314
"UMass-gbqr","17",0.71505358709836,0.465661696603954,56.0078419602973,0.23968049967046,1.03121584198708,0.954537334411649,78.1939515447603,0.35389059950068,0.468152866242038,0.85031847133758,314
"UMass-gbqr","18",0.702689031202413,0.491749950823781,33.8531485515931,0.241051636147088,0.878592677108668,0.873014333722584,48.3474901417032,0.375053809050698,0.442675159235669,0.847133757961783,314
"UMass-gbqr","19",0.760664092305864,0.616482565833075,10.4055057615948,0.276094732170712,Inf,Inf,15.0018806409915,0.417380257757429,0.509554140127389,0.888535031847134,314
"UMass-gbqr","20",0.790298536103761,0.641585024162961,13.6082695930449,0.303776837051298,1.06662283436067,0.962301728735596,20.0320132676918,0.452229263410385,0.45859872611465,0.882165605095541,314
"UMass-gbqr","21",0.661181278961291,0.486369121722802,20.8879282685606,0.232414662142414,1.01190027283122,0.924611128861925,29.384751580183,0.353149524508248,0.468152866242038,0.872611464968153,314
"UMass-gbqr","22",0.842877877518296,0.694713341212954,16.3104108649732,0.21785105790935,1.09630766499623,1.05751123583018,25.3562577413236,0.335839044376818,0.404458598726115,0.888535031847134,314
"UMass-gbqr","23",0.904268061169971,0.874901983750182,5.91609383557574,0.399982384958489,0.98692631628543,0.965976591180094,8.40128429341893,0.62678802572535,0.394904458598726,0.882165605095541,314
"UMass-gbqr","24",0.837649583927725,0.66786750591442,17.2618103711577,0.294072599251397,1.05370621546238,1.00207101719757,25.2550369150951,0.440338065867482,0.445859872611465,0.894904458598726,314
"UMass-gbqr","25",0.773728560606824,0.549663161196372,29.1732162302246,0.256306281363958,0.778821720351731,0.736629923882597,44.3716011173141,0.392245842803094,0.410828025477707,0.885350318471338,314
"UMass-gbqr","26",0.819012347603963,0.522324527071978,68.9411065290571,0.313178964276266,1.09737799320627,1.03446885011094,96.3636161723007,0.449002084320703,0.356687898089172,0.738853503184713,314
"UMass-gbqr","27",0.6772725988537,0.487737215203581,22.1035629567923,0.257644937611008,0.77535558575682,0.766361687481434,32.6589017212305,0.397917698322476,0.401273885350318,0.863057324840764,314
"UMass-gbqr","28",0.876594262723996,0.680678294694082,9.7581374897545,0.212124878360024,1.11501489823354,1.10206719299223,15.1123648009623,0.329270435192493,0.442675159235669,0.926751592356688,314
"UMass-gbqr","29",0.839986134820704,0.585477262373043,29.4910372592498,0.295291650403267,Inf,Inf,41.3974758862608,0.442918174235459,0.388535031847134,0.834394904458599,314
"UMass-gbqr","30",0.821218487969793,0.727377292380557,4.34820911027074,0.349094400004362,0.902778159269681,0.808849281230684,6.87562493735556,0.539651392292521,0.39171974522293,0.882165605095541,314
"UMass-gbqr","31",0.709936137061978,0.637095555934141,7.34529626693374,0.313985764011181,0.821545816807072,0.805154703851266,10.7553537762256,0.482425213470463,0.471337579617834,0.888535031847134,314
"UMass-gbqr","32",0.886456241209886,0.711692550276594,5.63306241706934,0.238311672354046,1.02681955889834,0.974849261344414,8.82844326191743,0.371725170919805,0.525477707006369,0.977707006369427,314
"UMass-gbqr","33",0.845605890647632,0.69044163812849,7.18424913463246,0.298841933488735,0.912747140832856,0.858213050113909,10.9100590534624,0.464424801396886,0.414012738853503,0.863057324840764,314
"UMass-gbqr","34",0.713935252203092,0.536364506925686,34.1080241019753,0.195178982218728,0.711027083495228,0.646258115666382,51.2018597129015,0.295179217883766,0.43312101910828,0.917197452229299,314
"UMass-gbqr","35",0.83577813943622,0.688087969877235,7.10592624681511,0.267744293865015,0.92299630162997,0.883205193387417,11.2666513920949,0.416492494403422,0.445859872611465,0.923566878980892,314
"UMass-gbqr","36",0.888027812512474,0.673108483057848,64.8172579057497,0.196167557507712,1.04963802661817,0.974961516153354,105.524073437221,0.31807041696537,0.292993630573248,0.955414012738854,314
"UMass-gbqr","37",0.851726869685919,0.683203813398762,37.4095155378361,0.208559034118717,1.02954106151848,1.02037874078982,55.4972701331003,0.314478989649212,0.398089171974522,0.834394904458599,314
"UMass-gbqr","38",0.772379646833599,0.863438076370262,3.99275532614466,0.291817004119763,0.910474637972661,0.923636946685952,6.01785040963257,0.44991439273352,0.43312101910828,0.856687898089172,314
"UMass-gbqr","39",0.698691531878895,0.497332530446835,62.6905741647049,0.289300082968958,0.844840991464345,0.850974947115,85.9308012968606,0.414910375899316,0.414012738853503,0.843949044585987,314
"UMass-gbqr","40",0.870382624355153,0.66772326149945,18.6612005216788,0.300622703219106,1.05909559718687,0.931389786690947,26.3066249929371,0.435750876660749,0.378980891719745,0.796178343949045,314
"UMass-gbqr","41",0.817749444031917,0.658824005280107,8.36896646178431,0.254536597696466,0.830286900327298,0.798891188115717,12.8278238138749,0.388913220239678,0.493630573248408,0.914012738853503,314
"UMass-gbqr","42",0.852588034891916,0.541230681703315,78.2208911200593,0.198495089319358,0.928230249541769,0.939579976763132,108.956568681745,0.291567475550446,0.404458598726115,0.828025477707006,314
"UMass-gbqr","44",0.934081834558334,0.791534761772593,6.76921683627829,0.310816923538957,0.942883416304996,0.91231214922617,9.5909781194163,0.468175246508681,0.394904458598726,0.821656050955414,314
"UMass-gbqr","45",0.856146430700138,0.67647391348304,17.8576628164659,0.255545667771098,1.1227459188266,1.10190140523284,26.659721465705,0.383161681058169,0.426751592356688,0.853503184713376,314
"UMass-gbqr","46",0.821325936857379,0.758875420224002,4.48124283971764,0.333835756640299,0.880084262458791,0.847602669452848,6.85336804136506,0.525026903852284,0.442675159235669,0.872611464968153,314
"UMass-gbqr","47",0.851408386399223,0.636617226744003,19.3414682050159,0.182990589032531,1.03370209559181,0.999742973701394,30.6512671594383,0.292708347188354,0.401273885350318,0.926751592356688,314
"UMass-gbqr","48",0.857118989684427,0.688083889265133,59.5141594435963,0.168654561814815,1.09293062476303,1.04580283114486,94.2444896099138,0.266853916877677,0.375796178343949,0.939490445859873,314
"UMass-gbqr","49",0.925124054129597,0.737472916873357,6.35193566267675,0.296443872751725,1.37635921903113,1.26500289918252,10.419710314087,0.471944477136953,0.461783439490446,0.945859872611465,314
"UMass-gbqr","50",0.996544055884438,0.926236850149124,2.81327682893892,0.33988471211617,1.02133167585692,0.967002180945501,4.18510460041935,0.53045318629834,0.417197452229299,0.866242038216561,314
"UMass-gbqr","51",0.758468168499199,0.538984212786504,23.8044025155492,0.237156393625275,1.0860695331841,1.03392719509409,35.1135083809842,0.354453422535451,0.490445859872611,0.859872611464968,314
"UMass-gbqr","53",0.993957590524999,0.829827991559782,14.5670809386474,0.229088629796495,0.97943587046124,0.947257496813736,23.038955012623,0.362278880962928,0.404458598726115,0.920382165605096,314
"UMass-gbqr","54",0.776703375258175,0.643901835892595,11.0731311522312,0.311001879735373,0.959680068423306,0.967797293891141,16.7751888751004,0.473920602082782,0.414012738853503,0.89171974522293,314
"UMass-gbqr","55",0.740814200914441,0.554429534401573,25.9529224912076,0.268310574256108,0.818626581056041,0.803541629365807,36.0599593500059,0.398470763491111,0.464968152866242,0.843949044585987,314
"UMass-gbqr","56",0.745201432315175,0.738698806684775,3.88590168846807,0.302188739860161,0.85768051862513,0.849928067996871,5.86606486676009,0.474856602449873,0.375796178343949,0.85031847133758,314
"UMass-gbqr","72",0.920542668066781,0.704520113309395,21.0699724529976,0.369756548522294,0.944285200500627,0.841627921116864,30.4420190531454,0.540724073410282,0.334394904458599,0.745222929936306,314
"ZJU_LeiLab-MPUDE_ens","01",0.947275857986092,0.72160421620227,12.2030188405797,0.120453166593826,0.902867789811822,0.841453158394298,14.4583333333333,0.16049255496877,0.666666666666667,1,6
"ZJU_LeiLab-MPUDE_ens","02",0.808279948272183,0.629003206944291,1.62407463768116,0.310805035746734,0.814149995869824,0.709939232755206,2.45833333333333,0.506814124546766,0.333333333333333,1,6
"ZJU_LeiLab-MPUDE_ens","04",0.523171401496388,0.366049141361107,5.79792898550725,0.0745914384246413,0.323261700142648,0.333725992736431,3.79166666666667,0.0503426650436339,1,1,6
"ZJU_LeiLab-MPUDE_ens","05",0.864031253034619,0.635137473287762,2.98360724637681,0.155928560271882,1.13141839124755,1.03459859642125,4.375,0.244693515298592,0.5,1,6
"ZJU_LeiLab-MPUDE_ens","06",0.848197872931717,0.734824099424167,106.220223913043,0.118080426416213,1.05667294235288,1.07075528111242,179.25,0.20162241432857,0.333333333333333,1,6
"ZJU_LeiLab-MPUDE_ens","08",0.805005194783644,0.646002215687802,6.50963115942029,0.18466613234572,1.10699687216502,1.086531208029,10.5616666666667,0.287743592403115,0.666666666666667,1,6
"ZJU_LeiLab-MPUDE_ens","09",1.08756105095299,0.849477307721868,17.5068449275362,0.470340246182187,1.1245904580064,1.1409840689745,26.6666666666667,0.748598431607935,0.166666666666667,0.666666666666667,6
"ZJU_LeiLab-MPUDE_ens","10",0.709704084182611,0.696838698859821,1.91864202898551,0.189729833716672,0.715638793280999,0.767046284981317,2.70833333333333,0.269556318932101,0.666666666666667,1,6
"ZJU_LeiLab-MPUDE_ens","11",0.977054926488889,0.764766788972943,3.5214268115942,0.331620122015174,1.07420921161657,0.936470707643418,6.41666666666667,0.592276821148902,0.333333333333333,1,6
"ZJU_LeiLab-MPUDE_ens","12",0.98077404257194,0.74706299126157,43.5690710144927,0.070846447465675,1.56676891244465,1.47934152553548,59.8116666666667,0.102253619275197,0.833333333333333,1,6
"ZJU_LeiLab-MPUDE_ens","13",1.15645168724537,0.787954144646124,15.662015942029,0.141580792738709,Inf,Inf,25.875,0.246569619743841,0.333333333333333,1,6
"ZJU_LeiLab-MPUDE_ens","15",1.12814490362242,0.879695470045978,7.44220942028985,0.188227804450328,1.16650034363005,1.06963743514341,11.2916666666667,0.303857331437169,0.666666666666667,1,6
"ZJU_LeiLab-MPUDE_ens","16",1.01648918524918,0.791523594965288,2.64181376811594,0.188855582238333,0.892225927811765,0.806811780605057,2.875,0.214205532689336,1,1,6
"ZJU_LeiLab-MPUDE_ens","17",0.580403370176622,0.415141664951562,6.16803188405797,0.102144910939983,0.624220136077165,0.614663955174614,6.625,0.109270612641372,1,1,6
"ZJU_LeiLab-MPUDE_ens","18",0.500150373403047,0.37457663184961,4.77795797101449,0.136853652343664,0.662709150345614,0.680079440471373,7.54166666666667,0.22080218245675,0.333333333333333,1,6
"ZJU_LeiLab-MPUDE_ens","19",0.690091253690067,0.643933657481803,1.72335652173913,0.111822615518685,NA,NA,1.83333333333333,0.116944543382663,1,1,6
"ZJU_LeiLab-MPUDE_ens","20",0.815413594040557,0.633338288664395,3.08844057971015,0.286063513560478,1.0959846820418,0.967153790801367,4.83333333333333,0.474365487061086,0.333333333333333,1,6
"ZJU_LeiLab-MPUDE_ens","21",0.39884590585626,0.317009575274639,2.60487028985507,0.101245065998456,0.52384718645568,0.501381115819056,3.125,0.129657162334178,0.666666666666667,1,6
"ZJU_LeiLab-MPUDE_ens","22",0.855363457833212,0.607303623141617,9.53857391304348,0.102532867583513,0.710409009164125,0.633714016823187,8.79166666666667,0.101879943634445,1,1,6
"ZJU_LeiLab-MPUDE_ens","23",0.811068504388854,0.879245215956171,1.46357101449275,0.377634966487866,0.8901802236513,0.975674233364475,2.125,0.581059198333744,0.5,0.666666666666667,6
"ZJU_LeiLab-MPUDE_ens","24",1.58059261026992,1.4119775573879,10.7583905797101,0.360668795631327,2.39378484230082,2.50962675768458,19.2083333333333,0.637140019689106,0,1,6
"ZJU_LeiLab-MPUDE_ens","25",1.00740716892878,0.768693275366917,8.78607753623188,0.221550827564088,1.8772225040062,1.853882287464,16.875,0.412800193439024,0,1,6
"ZJU_LeiLab-MPUDE_ens","26",0.803216557603351,0.590166226178119,7.00531086956522,0.175007317963906,1.38878349226146,1.3923405967524,12.7916666666667,0.304183077534205,0.666666666666667,1,6
"ZJU_LeiLab-MPUDE_ens","27",1.07600324709095,0.844200593857375,6.01712536231884,0.226846083388685,1.67941312504782,1.80314678257038,11.48,0.421617655099879,0,1,6
"ZJU_LeiLab-MPUDE_ens","28",1.68207318505588,1.12396364872464,10.2365007246377,0.283037481821524,2.1870066234386,1.87358037921218,17.25,0.487425267917431,0,1,6
"ZJU_LeiLab-MPUDE_ens","29",0.560897013119841,0.445409973980395,4.38243405797101,0.0997819788760512,NA,NA,3.66666666666667,0.0868699620183123,1,1,6
"ZJU_LeiLab-MPUDE_ens","30",0.752280507933218,0.719929575031233,2.36374782608696,0.270898646688523,0.917670512168714,0.890000615144791,4,0.465386036813017,0.666666666666667,1,6
"ZJU_LeiLab-MPUDE_ens","31",0.595677980319562,0.52889166973201,1.04076666666667,0.143292109413821,0.780959965381931,0.722228523343488,1.41666666666667,0.194087248936276,1,1,6
"ZJU_LeiLab-MPUDE_ens","32",0.818515331263535,0.621895807252037,5.87951304347826,0.147641175000586,1.00119717614469,0.903404632152995,9.08333333333333,0.227797608082839,0.833333333333333,1,6
"ZJU_LeiLab-MPUDE_ens","33",0.739100303714329,0.615778451836491,3.44919565217391,0.356846784928099,0.659252344962685,0.640285166634244,5.16666666666667,0.557952035531417,0.5,0.833333333333333,6
"ZJU_LeiLab-MPUDE_ens","34",0.960112898798041,0.739030062693183,16.7489956521739,0.125824597324136,1.34439500649843,1.27846062869295,31.5416666666667,0.23089554040027,0.333333333333333,1,6
"ZJU_LeiLab-MPUDE_ens","35",0.949141249861565,0.694932181553609,5.16345797101449,0.382900934727366,1.08302962999993,0.975716555276858,8.20833333333333,0.626917858831707,0.166666666666667,0.833333333333333,6
"ZJU_LeiLab-MPUDE_ens","36",0.898791085623074,0.684362229357954,28.9865797101449,0.112408943549201,1.31613310695475,1.22141847709945,54.5616666666667,0.20442198080574,0.333333333333333,1,6
"ZJU_LeiLab-MPUDE_ens","37",0.679768138539497,0.572218634481223,14.4911942028986,0.0752406328756222,0.603446708369713,0.615838022957255,13.2083333333333,0.0688416679239832,1,1,6
"ZJU_LeiLab-MPUDE_ens","38",0.591807098919625,0.722319217178184,0.762596376811594,0.362968896273514,0.783384135461406,0.84464790445603,1.29166666666667,0.63706847445641,0.166666666666667,1,6
"ZJU_LeiLab-MPUDE_ens","39",0.628191038368459,0.487442212451778,10.8656594202899,0.141316757169305,0.666329063749455,0.702687830441884,13.1666666666667,0.1709975251998,0.833333333333333,1,6
"ZJU_LeiLab-MPUDE_ens","40",0.731466985085215,0.554208832066138,5.12632826086957,0.207216240879644,0.898658634341868,0.852950657313416,7.58333333333333,0.342764841287113,0.666666666666667,1,6
"ZJU_LeiLab-MPUDE_ens","41",0.9674654444904,0.742211106236607,14.5015731884058,0.329924778468992,1.08866817361602,0.988062960118839,25.4583333333333,0.573316214689653,0,1,6
"ZJU_LeiLab-MPUDE_ens","42",0.705725008257573,0.533011467005589,23.2585760869565,0.169827605608529,0.824949528192903,0.964571105931848,36.2916666666667,0.264513664146195,0.5,1,6
"ZJU_LeiLab-MPUDE_ens","44",0.764180691241314,0.668206910848683,3.23992753623188,0.257637400925936,0.905355159392045,0.886961109834924,5.625,0.446357967860521,0.333333333333333,1,6
"ZJU_LeiLab-MPUDE_ens","45",0.758722295809157,0.588326222908084,8.14349057971014,0.111434065950435,0.571693143541631,0.578958783252026,7.25,0.106276432571108,1,1,6
"ZJU_LeiLab-MPUDE_ens","46",0.813554132721129,0.723984999500344,2.19634710144928,0.334478631384373,0.963505548695349,0.901477997615967,3.75,0.582063974047103,0.166666666666667,1,6
"ZJU_LeiLab-MPUDE_ens","47",0.656469049668289,0.479593492414782,10.598534057971,0.145308070678689,0.727723546590209,0.693673278010643,14.9166666666667,0.211821936448446,0.666666666666667,1,6
"ZJU_LeiLab-MPUDE_ens","48",1.60511784145239,1.23724313227177,95.7824644927536,0.206064161955981,2.03895239054903,1.8442049950295,162.376666666667,0.353481498052855,0,1,6
"ZJU_LeiLab-MPUDE_ens","49",1.27044689841178,1.13097159727097,4.90541811594203,0.283472725126897,2.23089123079001,2.27356718225362,9.08333333333333,0.508265401321703,0.5,1,6
"ZJU_LeiLab-MPUDE_ens","50",0.791863883579404,0.72463395564899,1.61452971014493,0.299451434054035,0.905173763450744,0.892769113464291,2.79166666666667,0.542212875264256,0.333333333333333,1,6
"ZJU_LeiLab-MPUDE_ens","51",0.600015261637514,0.429591660705789,5.32664492753623,0.108975024069103,0.78589379589199,0.731186737798543,7.58333333333333,0.151258748390974,0.666666666666667,1,6
"ZJU_LeiLab-MPUDE_ens","53",1.10353921535631,0.94536471480175,28.3446405797101,0.21764826447496,1.15888003127527,1.13004844746574,49.8966666666667,0.376787769486954,0.333333333333333,1,6
"ZJU_LeiLab-MPUDE_ens","54",1.09178695659211,1.05733570716374,5.82390797101449,0.411547512388554,1.55804150259904,1.83137503830431,10.0416666666667,0.707483439362395,0.166666666666667,1,6
"ZJU_LeiLab-MPUDE_ens","55",0.81878682659048,0.655780914903635,8.24209347826087,0.250719597438919,1.07843951178484,1.10116737793197,14.5616666666667,0.430761976117934,0.333333333333333,1,6
"ZJU_LeiLab-MPUDE_ens","56",0.621771855223916,0.644642046968804,1.18703188405797,0.390147407690808,0.75355984347652,0.797091055887926,2,0.667414705516707,0.166666666666667,0.833333333333333,6
"ZJU_LeiLab-MPUDE_ens","72",1.60600669339961,1.10550342180344,19.6520507246377,0.182261501198318,1.32339461203476,1.19163323686402,23.875,0.262128943373951,1,1,6
"docxology-analog","01",0.949123022752953,0.780300353153105,13.6102152204982,0.154128116415377,1.132919723376,1.02542151197157,23.9108337928017,0.273544785862685,0,1,1
"docxology-analog","02",1.48880599186594,1.29030070053147,3.47153003676667,0.775115398688379,1.21756826043507,1.18983955898284,4.71265186725683,1.11851702314932,0,0,1
"docxology-analog","04",0.698084601549882,0.475043404569279,4.11249344212795,0.0581101133111302,3.16837946045428,3.14454906296238,7.29911495686535,0.102388860688249,1,1,1
"docxology-analog","05",0.818580624426977,0.644294325078851,3.63048403881359,0.208358919482034,1.20695671088868,1.09317979498379,7.01892765289517,0.406366018970609,0,1,1
"docxology-analog","06",0.801828701903768,0.734573387708453,123.045131004883,0.151702031665736,0.844456139880214,0.878008396764829,178.589227999078,0.217776836170156,0,0,1
"docxology-analog","08",0.813471093362426,0.563418173129392,2.74528382984757,0.0711616586526221,Inf,Inf,0.560507788671792,0.0154496972202507,1,1,1
"docxology-analog","09",1.0183341754563,0.779267989858556,22.7281441519853,0.463705422644461,1.03306987481019,1.03026464133493,33.0105441465259,0.708980925973407,0,0,1
"docxology-analog","10",1.42003312769656,0.999346487306365,2.07005154601909,0.141811776581124,2.99369920109046,2.39937048884751,3.98831925279591,0.286951759137664,1,1,1
"docxology-analog","11",0.710381814941887,0.542561027969891,2.15582420941701,0.167286666236656,0.839362861930776,0.692385713651979,4.38705843823126,0.320468594127912,1,1,1
"docxology-analog","12",0.60674990245298,0.508656813072587,16.5500091678758,0.0310012842377879,0.364537688013746,0.359681983065489,6.67570394059271,0.012485998295511,1,1,1
"docxology-analog","13",0.93368820025663,0.863949316929984,7.38353460526262,0.098791586878907,Inf,Inf,15.3264448426855,0.198830420225519,1,1,1
"docxology-analog","15",1.36038134157976,1.14832943595316,10.9708472082969,0.30289138905157,1.45693552515339,1.34214486887855,17.688170365753,0.489634900075368,0,1,1
"docxology-analog","16",2.08521059538598,1.45244521394003,5.52185958040375,0.354879446079507,2.08243347278149,1.64617669909748,8.39833524307675,0.567291977376295,0,1,1
"docxology-analog","17",0.847630265764511,0.534197863707184,6.90986541288023,0.0957936336263359,2.08447959433503,1.87445818534937,11.6379610105109,0.169514512123174,0,1,1
"docxology-analog","18",0.755912130839192,0.567922507117012,7.76361007178857,0.234530737152678,1.23329495829925,1.28768912323903,16.0512614178185,0.4815466194028,0,1,1
"docxology-analog","19",1.02416385041761,0.786380910006752,1.7558637412272,0.100349216785549,Inf,Inf,0.873655077858468,0.0531648122528026,1,1,1
"docxology-analog","20",0.719977685410597,0.64863364561875,1.29939630574125,0.163485156205849,1.10014639058489,1.01805486375159,2.21668365398789,0.250602580074842,1,1,1
"docxology-analog","21",1.40481531974642,1.25275116061101,6.38556968132997,0.334574336902777,2.50650369021283,2.77783830641413,11.1581068373879,0.591176094827393,0,1,1
"docxology-analog","22",0.704438932946509,0.574558197378036,4.45525598574552,0.0542853454596877,0.636995931625684,0.610879296177479,4.05659024852142,0.0507003075298904,1,1,1
"docxology-analog","23",0.628234240492838,0.648903300181958,1.03620267044266,0.253630452401647,0.782839052019292,0.800847096111415,1.87638167119314,0.485791195357842,0,1,1
"docxology-analog","24",1.16151618445745,0.751990653082528,4.44951952156862,0.0906009754333261,1.61561017341443,1.33879418887472,5.74221343650188,0.125345344613548,1,1,1
"docxology-analog","25",0.514005814022959,0.360287488149849,2.88968394867582,0.0558159289312794,Inf,Inf,0.378997943395667,0.00699396553749665,1,1,1
"docxology-analog","26",0.594467771058257,0.391421180056941,3.61142555594722,0.0732876498145655,0.99005165102661,0.943417358793586,5.12788633080339,0.101758756762826,1,1,1
"docxology-analog","27",0.595194097709649,0.408179766706951,2.97366634187422,0.087849884594578,0.409679647123871,0.373651118298961,2.36922685267153,0.0661752285383552,1,1,1
"docxology-analog","28",0.904218115049763,0.697583895306223,2.08438429844786,0.0798336333057063,Inf,Inf,2.37299145463339,0.0885576935301509,1,1,1
"docxology-analog","29",0.556179364379257,0.40544256882455,2.35172146675305,0.0540084355405426,Inf,Inf,0.364768259758854,0.00844720448205072,1,1,1
"docxology-analog","30",1.06262640434888,1.01292113053675,2.43388699791371,0.289252497343419,1.13458129139907,1.08752655811185,3.72230501385938,0.413081083508234,0,1,1
"docxology-analog","31",0.725615412512856,0.701413672068643,1.30472860000141,0.188444315811048,Inf,Inf,2.50686341838085,0.326478868821011,1,1,1
"docxology-analog","32",1.23146179510029,0.94636247560871,11.9383434961503,0.301379320152499,1.58954039335177,1.50770462996479,20.3883394624445,0.523854784591394,0,1,1
"docxology-analog","33",0.779079915581737,0.587797164588418,2.48522408584707,0.190228711835701,1.23929452253111,1.09319989902918,5.0929554194964,0.411643013458377,0,1,1
"docxology-analog","34",0.407722089664493,0.282746420755047,6.74362032116733,0.0411307319868728,Inf,Inf,5.57760114177256,0.0343881976032288,1,1,1
"docxology-analog","35",1.01832565057697,0.862616017040336,2.06829959342355,0.224013062599479,1.46764340286648,1.4158412314693,3.99868772158292,0.405301086758266,0,1,1
"docxology-analog","36",0.588185016665322,0.441266957087872,10.5564067958139,0.0368415689269688,0.837409632458508,0.766679766022768,14.5846012312173,0.0494984655940103,1,1,1
"docxology-analog","37",1.47593649620278,1.27508994245932,19.691223263101,0.111828249093484,3.02471897054141,3.18471181891754,40.3104995051276,0.226355358833362,0,1,1
"docxology-analog","38",0.741902001769334,0.882583412525632,1.3196160971125,0.706121848735552,0.936064463138026,0.97211529125532,2.10441904887039,1.13282659606664,0,1,1
"docxology-analog","39",0.725497686081309,0.548571099704107,16.0815204677714,0.210564328908043,0.873388140583629,0.910522574212812,26.6245153234563,0.341641240901092,0,1,1
"docxology-analog","40",1.02555516357824,0.927679478027688,3.23682784482863,0.186996164933174,1.93376389515985,1.930613315088,6.88232526983838,0.375177882121192,0,1,1
"docxology-analog","41",0.935939860416955,0.719202466166382,7.15536325285752,0.129889995317081,1.14958616330188,1.04623669083343,13.6089025328455,0.239068561441057,0,1,1
"docxology-analog","42",1.46786720831264,0.965720105260163,59.6348528536575,0.377419744393543,1.40197940135543,1.35509467439064,79.8270076599448,0.490754140393844,0,0,1
"docxology-analog","44",0.670971519783059,0.559730229427629,2.53862194434193,0.189455135809408,0.902288652851958,0.827008215062639,5.70129578937562,0.408525296539376,1,1,1
"docxology-analog","45",0.70232113498949,0.575713016809105,3.98138847209441,0.0635035933346254,0.793754726242077,0.773051872285249,4.00509949868349,0.0607043046579578,1,1,1
"docxology-analog","46",1.13812424661412,1.12029249665321,5.07796607311886,0.770995602416177,1.13563368988735,1.16817837930257,7.45262390594046,1.13168707103507,0,1,1
"docxology-analog","47",0.69256117689082,0.507659404997982,6.74492226909139,0.0992127385256044,0.889632419227125,0.797607139536877,11.6870238191322,0.16232322947983,0,1,1
"docxology-analog","48",0.500975265950406,0.437350380378339,24.1772318112988,0.0681874507903096,0.595496112679047,0.610675027524411,42.4173634791376,0.120578355664787,0,1,1
"docxology-analog","49",0.979349385137654,0.739274518512024,1.91027337552612,0.0815629773186075,Inf,Inf,0.0836559359621774,0.00363061593767977,1,1,1
"docxology-analog","50",1.85081625881204,1.39819195316754,4.258798346083,0.748448075827823,1.97551848785227,1.49789731172122,7.21720518335877,1.22546079328418,0,1,1
"docxology-analog","51",1.06942569560174,0.709492266006251,5.62573724598554,0.108996869596875,2.70892695029109,2.36991228439748,10.9947782146502,0.218595950450174,0,1,1
"docxology-analog","53",1.50559781211487,1.11691740400757,27.0892180088309,0.15159479371859,1.6988605259725,1.44570886850879,45.9506505944213,0.258167356316574,0,1,1
"docxology-analog","54",2.640169678903,1.63741552030176,7.62788280912005,0.290456026479569,4.03467800625719,3.19173485345833,11.6924166575794,0.460345156552681,0,1,1
"docxology-analog","55",0.476875356158809,0.344893143768148,6.36212272966378,0.153640664503959,0.617294454794508,0.557323617172885,11.7170429819918,0.273283992286253,0,1,1
"docxology-analog","56",0.363718411477138,0.420567624363188,0.735697040444571,0.256440286618988,0.410242969904268,0.524671604700929,1.23949731160421,0.48227098646773,0,1,1
"docxology-analog","72",1.348331982838,1.05859563714207,8.86578822779179,0.104788323323207,Inf,Inf,16.0350550178196,0.19613400148858,0,1,1
