"model_id","location","wis_scaled_relative_skill","wis_scaled_relative_skill__log","wis","wis__log","ae_median_scaled_relative_skill","ae_median_scaled_relative_skill__log","ae_median","ae_median__log","interval_coverage_50","interval_coverage_95","n"
"CFA-EpiAutoGP","01",0.564389003239441,0.563911106309697,0.000514419926768387,0.000511397724729632,0.639253375397748,0.638733933880359,0.000752514782767892,0.000748284685240301,0.666666666666667,1,3
"CFA-EpiAutoGP","02",1.13820317912476,1.13729013576775,0.00108522544674436,0.00107960528652781,1.45529402845526,1.4549332155015,0.00179896921695371,0.00179150919939871,0.333333333333333,1,3
"CFA-EpiAutoGP","04",0.927033272607358,0.926587976409131,0.00049878339680339,0.00049605440430483,1.14574486000868,1.14557501013703,0.00072216122013605,0.000718549864531517,0.666666666666667,1,3
"CFA-EpiAutoGP","05",1.00118802586665,1.00160093135876,0.000476841009402319,0.000475046535323107,2.8867842578468,2.88794248625399,0.000905560790649946,0.000902105194336778,0.666666666666667,1,3
"CFA-EpiAutoGP","06",2.21741136045523,2.21263936007183,0.00223077007905608,0.00220953828867789,2.65961092490284,2.65437621281602,0.00369459594294827,0.00366034969241952,0,1,3
"CFA-EpiAutoGP","08",0.787534403145849,0.787405494288969,0.000462554712652281,0.000461354036773111,1.08080519901237,1.08079720592377,0.00086640794742255,0.000864152925385811,0.333333333333333,1,3
"CFA-EpiAutoGP","10",0.475404839646552,0.475350950371979,0.000407228927788821,0.000405588522455603,0.584340515398657,0.584357879615229,0.000586364205914845,0.000584134975951269,0.666666666666667,1,3
"CFA-EpiAutoGP","11",0.919921058916062,0.919288147895137,0.000767121009160938,0.000764851612574715,0.93471020365978,0.934548412005195,0.00140019207608202,0.00139651765255906,0.666666666666667,1,3
"CFA-EpiAutoGP","12",0.516642964446673,0.517235588213366,0.000624295951703792,0.000619539786362635,0.933516976198227,0.934763176176721,0.00122508203939565,0.00121568871019817,0,1,3
"CFA-EpiAutoGP","13",1.67402428175841,1.67487980821829,0.000881477617593483,0.000877959157884882,2.46282612693821,2.46410211413829,0.00148068910652927,0.00147484159454116,0,1,3
"CFA-EpiAutoGP","15",1.06110529445857,1.05983444475542,0.00195271933717916,0.00192244649348809,1.30760563081295,1.30790896198593,0.00264966913208962,0.00261029067192261,1,1,3
"CFA-EpiAutoGP","16",0.753578971849681,0.753033228623737,0.000503793881445376,0.000500728909236769,1.02987157297568,1.02972642733325,0.000636307384648386,0.000632838522551918,0.666666666666667,1,3
"CFA-EpiAutoGP","17",0.791500153477902,0.791352757470333,0.000237527308063069,0.000237103163313084,3.9178947897832,3.91738005670054,0.000431782322261374,0.000431010569803588,0.333333333333333,1,3
"CFA-EpiAutoGP","18",0.633873951419475,0.633660992348076,0.000239540747361657,0.000239146247852291,1.11842292505094,1.11837472807631,0.000406450561051104,0.000405785348466958,0.333333333333333,1,3
"CFA-EpiAutoGP","20",0.585925851928242,0.585927024974957,0.000298338662269315,0.000297801435124692,0.772979945386682,0.773078291123489,0.000392471273262821,0.000391831575945958,0.666666666666667,1,3
"CFA-EpiAutoGP","21",0.870725841610281,0.870780934805708,0.000356332854128592,0.000355350247115641,1.36207673040581,1.36227221550239,0.000526284430184703,0.000524859413911334,0.666666666666667,1,3
"CFA-EpiAutoGP","22",0.538317387137099,0.538634067341746,0.000630341727477532,0.000625284443205785,0.561000652635257,0.561133273599605,0.000834313378215633,0.000827320837217767,0.666666666666667,1,3
"CFA-EpiAutoGP","23",0.6334951049583,0.633798618976564,0.000512643914163624,0.000511717813280017,0.855848768821893,0.856073561876152,0.00100355002561843,0.00100184839526796,0.333333333333333,1,3
"CFA-EpiAutoGP","24",0.44381014080193,0.443962456416325,0.000293796083993056,0.00029278894528991,1.97719815651667,1.97768061595546,0.000404799471760763,0.000403428377858815,1,1,3
"CFA-EpiAutoGP","25",0.897549678030775,0.897251788559365,0.000891396424790401,0.000888575179574391,0.979017447737083,0.978910110546307,0.00143941379735492,0.00143493803206193,0,0.666666666666667,3
"CFA-EpiAutoGP","26",0.647318449656417,0.647022668785384,0.0002648575572202,0.000264329549815896,1.26859270858018,1.26843263464704,0.000384457522227341,0.000383781931698488,0.666666666666667,1,3
"CFA-EpiAutoGP","27",0.700791002359372,0.700300650624147,0.000376259227938457,0.000375036479247662,0.663098454822355,0.663085975888694,0.000305224279921739,0.000304389047475025,1,1,3
"CFA-EpiAutoGP","28",0.514869646630979,0.51518339358028,0.000349928902444315,0.000348379441836735,0.671259454842668,0.671561441978108,0.000485064369573724,0.000482983188965797,1,1,3
"CFA-EpiAutoGP","29",1.03436305629078,1.03392771850378,0.000389906414194017,0.000388703354853483,0.923968705419223,0.923817878749997,0.000476493502132326,0.000475196458053992,1,1,3
"CFA-EpiAutoGP","30",0.906168837778346,0.906086563730586,0.000868914315610681,0.000866458446817115,1.11241940876628,1.11253718260502,0.00165808928136106,0.00165379599073094,0.666666666666667,1,3
"CFA-EpiAutoGP","31",0.673685379098811,0.673477165303722,0.000244130001954072,0.000243762822122344,0.954016850880176,0.953868227152195,0.000337322471964994,0.000336939085884802,1,1,3
"CFA-EpiAutoGP","32",0.953447675067061,0.952820192357393,0.000650556126116094,0.000646079716784343,0.932721537123763,0.932771152054671,0.000864003308790376,0.000858569181135089,0.666666666666667,1,3
"CFA-EpiAutoGP","33",0.787509067743066,0.787029734362082,0.000929890705588136,0.000926682407828219,1.02577672667381,1.02564087605473,0.00184005613435395,0.00183413989690127,0.333333333333333,1,3
"CFA-EpiAutoGP","34",0.334213585243278,0.334024722680644,0.000258957414676203,0.00025745697052412,0.253508581812214,0.253410727919365,0.000189258400010425,0.000188191546308927,1,1,3
"CFA-EpiAutoGP","35",0.664572899263295,0.664423246084259,0.000420733014614748,0.000419374585207429,0.724700912971715,0.724808925422111,0.000479843659738414,0.000478491101232035,0.666666666666667,1,3
"CFA-EpiAutoGP","36",0.624820908030191,0.624320456959442,0.000366869923909587,0.000364801946826796,0.812621303564981,0.812313894994168,0.00047755060182701,0.000475048030174528,1,1,3
"CFA-EpiAutoGP","37",0.308498249791842,0.308708735097202,0.000405597263496249,0.000402673645970425,0.334438186437921,0.334652406957885,0.000569242958415561,0.000565249804971386,1,1,3
"CFA-EpiAutoGP","38",0.529921495318253,0.529735113287114,0.000147155588575799,0.00014700439063692,0.54264624429966,0.542503926312402,0.000131766670096559,0.000131655660636721,1,1,3
"CFA-EpiAutoGP","39",0.529480425539521,0.529338216294158,0.000226265624864455,0.000225858442583253,0.925543972838402,0.925489875377081,0.000372851691327782,0.000372184698191273,0.666666666666667,1,3
"CFA-EpiAutoGP","40",0.630506957572514,0.630233329674995,0.000247854945545404,0.000247240692041271,0.558326597932285,0.558282482585476,0.000192945840986393,0.000192532800986345,1,1,3
"CFA-EpiAutoGP","41",0.528282895498122,0.528180185537117,0.00124135556338816,0.00123148310083727,0.699447584094376,0.69931338286246,0.00228885096952616,0.00227035796525978,0.666666666666667,1,3
"CFA-EpiAutoGP","42",0.568780955712042,0.568266238185916,0.000291162912000208,0.000290294250711294,1.37051912414455,1.36985075960379,0.000460689746526222,0.000459473774746705,1,1,3
"CFA-EpiAutoGP","44",0.790176380765649,0.789607621675695,0.000596609033006328,0.000594064840147994,0.497072934371848,0.49709644470084,0.000390673662987987,0.000389396169492729,1,1,3
"CFA-EpiAutoGP","45",0.589209589032976,0.589139943358047,0.000522989373646318,0.000519727362470884,0.365962409305477,0.365918797103291,0.000333419578418326,0.000331463050786225,1,1,3
"CFA-EpiAutoGP","46",1.185029634673,1.18242774316643,0.000820724548237446,0.000817010185937385,1.17630002608988,1.17574368225568,0.000850848905231443,0.000848822852771104,0.666666666666667,1,3
"CFA-EpiAutoGP","47",0.816361211221529,0.816617336719903,0.000407010409471993,0.000405516572141475,1.28138598503532,1.28168108025181,0.000712724489855529,0.000710091816223544,0.333333333333333,1,3
"CFA-EpiAutoGP","48",0.156139375880179,0.156242897092329,0.000310026185644967,0.000307649651210862,0.0835444639818613,0.0836182776293279,0.000242130815043582,0.00024022146899905,1,1,3
"CFA-EpiAutoGP","49",0.715572014693697,0.715548756612915,0.000413858662488975,0.000412373073779314,1.26277067151255,1.26279664500625,0.000601255275045951,0.000599173134781194,1,1,3
"CFA-EpiAutoGP","50",1.02750790039889,1.02634162117813,0.000420237163862193,0.000419018243103119,0.654704764959783,0.654618669600029,0.000245654451376093,0.00024521375098118,1,1,3
"CFA-EpiAutoGP","51",0.941237694937862,0.940684543949388,0.000719825760108845,0.000715736026371853,1.35198478424914,1.35146298884417,0.00110936261122365,0.00110362890801342,0.333333333333333,1,3
"CFA-EpiAutoGP","53",0.785237886493519,0.78331010984531,0.00115509729302068,0.00114044663461662,0.747028756824039,0.746339043919413,0.00116773797864439,0.00115452923496244,1,1,3
"CFA-EpiAutoGP","54",0.806981932028069,0.806862092236954,0.000536706254265737,0.000535081546685015,1.35512761722253,1.35500912429106,0.000935785902578914,0.000933039020017594,0.666666666666667,1,3
"CFA-EpiAutoGP","55",0.516784149307602,0.516262706552271,0.000189025263396333,0.000188613014847194,0.508462913188611,0.508261293805645,0.000179811014210648,0.000179482487240293,0.666666666666667,1,3
"CFA-EpiAutoGP","56",0.772744301161686,0.772638434195823,0.000557127849797655,0.00055397785696195,0.934487672580119,0.934453105458487,0.00060670615743991,0.000603319148364053,1,1,3
"CFA-NowcastAutoGP","01",0.655803668292529,0.65501088160934,0.000433973590551405,0.000431815375594292,0.84072692586845,0.839883959477396,0.000746521036100237,0.000743049577468922,0.666666666666667,1,3
"CFA-NowcastAutoGP","02",0.99836387001309,0.99772589465961,0.000355075101902494,0.000353721508933438,1.20885892270981,1.20845564960128,0.000308034093816228,0.000306989227099563,1,1,3
"CFA-NowcastAutoGP","04",0.731285465772574,0.730881611709925,0.000584204821780393,0.000581238816159799,0.898486907799626,0.898263499214666,0.000892000330261375,0.000887748850711844,0.333333333333333,1,3
"CFA-NowcastAutoGP","05",1.18487711470415,1.18535531244081,0.000557477850224629,0.000555566159846327,3.50495121867732,3.50633954547064,0.00107892236347147,0.00107517859505495,0,1,3
"CFA-NowcastAutoGP","06",2.65998738511237,2.65390266883815,0.00203776303115298,0.00201952878776477,3.65625948805213,3.64865275975219,0.00333110028457004,0.00330207300087881,0,1,3
"CFA-NowcastAutoGP","08",0.887051467013045,0.886853095838852,0.000347245094380467,0.000346248762517763,1.39261081208471,1.39261598202658,0.000558082069361724,0.000556551230649341,1,1,3
"CFA-NowcastAutoGP","10",0.75042521728748,0.749969452471814,0.000409902077403061,0.00040834484423402,1.10491143590529,1.10452433020704,0.000742752412410469,0.000739886410185852,0.333333333333333,1,3
"CFA-NowcastAutoGP","11",1.1054873923256,1.10509754945619,0.000700800215293624,0.000698424180520579,1.21641711156998,1.21670436397053,0.00108318124086954,0.00107995893420636,0.666666666666667,1,3
"CFA-NowcastAutoGP","12",0.750000948760129,0.75058298705617,0.00047064506078751,0.000467159790617022,1.2815034332204,1.28282570749079,0.000826707009972456,0.00082053872837961,0.333333333333333,1,3
"CFA-NowcastAutoGP","13",1.94879235359074,1.94886326430453,0.000821018693489128,0.000817624807777751,3.3686737213517,3.36931010759279,0.00136657574462188,0.00136096774238459,0,1,3
"CFA-NowcastAutoGP","15",1.56221520898835,1.56064222271539,0.00193982828467113,0.00190974481829536,2.24556399503568,2.24731934352009,0.00227336237936527,0.00224112366244492,1,1,3
"CFA-NowcastAutoGP","16",0.55217954471901,0.551757799789385,0.000477721159509224,0.000475056756309504,0.678685779486636,0.678459775464358,0.00083205491857695,0.000827371996857963,0.666666666666667,1,3
"CFA-NowcastAutoGP","17",0.969847415274164,0.969512719163482,0.000368336588718271,0.000367678224818311,2.82622118861075,2.82564026529794,0.000561125227106908,0.000560134988642974,0,0.666666666666667,3
"CFA-NowcastAutoGP","18",1.15523361913257,1.15484756728255,0.000469714312183662,0.00046892514727918,1.53265502770268,1.53271538573081,0.000692265918081369,0.000691133810385992,0,0.333333333333333,3
"CFA-NowcastAutoGP","20",0.767600927603337,0.767590594298691,0.000337696270478739,0.000337205035887973,1.04960877062881,1.04970909802795,0.000555146888398556,0.000554349777423683,0,0.666666666666667,3
"CFA-NowcastAutoGP","21",1.07063698301,1.07038846888997,0.000878740596522103,0.000876414733329982,1.30810810442483,1.30813497671964,0.00119453681995034,0.00119147883749739,0,0.333333333333333,3
"CFA-NowcastAutoGP","22",0.541178976912162,0.541354542614462,0.000400921800968075,0.000397991617797109,0.523940803821536,0.523998625528261,0.000472130080723879,0.000468645971164089,1,1,3
"CFA-NowcastAutoGP","23",1.20641393132066,1.20570500141989,0.000456407038641105,0.000455451458115088,1.9538476405812,1.95346203767542,0.000736938986624436,0.000735642027304433,0.666666666666667,1,3
"CFA-NowcastAutoGP","24",0.741049674229247,0.740964270757517,0.000271498236648097,0.000270562406524139,4.78190862763496,4.78145674300406,0.000400389735921035,0.000399002858655903,1,1,3
"CFA-NowcastAutoGP","25",0.808676382988557,0.808236762302116,0.000501862598505512,0.000500129859678122,1.00784643224826,1.00763575793844,0.000828133499608017,0.000825293670505143,0.333333333333333,1,3
"CFA-NowcastAutoGP","26",0.777363167101931,0.77721781479993,0.000280830884552202,0.000280397833896322,1.28017345873249,1.28025536708819,0.00048131719794978,0.00048058422801286,0,1,3
"CFA-NowcastAutoGP","27",0.793107333336984,0.792326205184722,0.000396417589451289,0.000394900705696223,1.02142122739416,1.0212537653563,0.000321318193352566,0.000320329379170209,1,1,3
"CFA-NowcastAutoGP","28",0.949740242969424,0.949595918254291,0.000336807438128939,0.000335369079764607,2.6946491982928,2.69403588661259,0.000607813570237636,0.000605169805203038,0.666666666666667,1,3
"CFA-NowcastAutoGP","29",1.51222434875146,1.51114349958874,0.000417560413856829,0.0004162556521081,1.35061018893886,1.35035042799244,0.000520875792019891,0.000519529717935046,0.666666666666667,1,3
"CFA-NowcastAutoGP","30",0.856479653758413,0.855673300810802,0.000631152165951768,0.000628334117036369,0.434707428494624,0.434814042460995,0.000450662880073697,0.000449284872986149,1,1,3
"CFA-NowcastAutoGP","31",0.668205546811255,0.667963361758699,0.000241296063521303,0.000240963595677928,0.882012405943404,0.881866374092422,0.000354894584093033,0.000354492435647739,0.333333333333333,1,3
"CFA-NowcastAutoGP","32",1.07814575517692,1.07788731552373,0.000865958159677707,0.00086053703072454,1.27706938479405,1.27710775805253,0.00148223612720963,0.00147306982267003,0.333333333333333,1,3
"CFA-NowcastAutoGP","33",1.19482975037335,1.19460400917942,0.000799953154318197,0.000796854002706637,1.66915688764607,1.66943680983039,0.00150476509216673,0.0014992221315792,1,1,3
"CFA-NowcastAutoGP","34",0.504740059859111,0.504409057456581,0.000270434601911567,0.000268944359156684,0.636727647302257,0.636393782885478,0.000422948827794742,0.000420605246273135,0.666666666666667,1,3
"CFA-NowcastAutoGP","35",0.521487344306799,0.521354388110686,0.000341657030071907,0.000340808518872693,0.692322396825555,0.692303318494223,0.00064348470953941,0.0006418774990717,0.666666666666667,1,3
"CFA-NowcastAutoGP","36",0.707646037165772,0.707180566282689,0.000338613446926717,0.000336839241392771,0.963441974187458,0.963068204614236,0.00054128739631385,0.000538543712696203,0.666666666666667,1,3
"CFA-NowcastAutoGP","37",1.16984128618961,1.17066705737367,0.000719614605714613,0.000715461477547155,1.54892782763772,1.54987442729996,0.00114790440742056,0.00114133428924622,0.333333333333333,0.666666666666667,3
"CFA-NowcastAutoGP","38",0.63120440786542,0.631007513688931,0.000184071432026548,0.000183874581277904,0.839507422425348,0.839353572420382,0.000227733424948163,0.000227543813077217,0.666666666666667,1,3
"CFA-NowcastAutoGP","39",1.19371406863651,1.19339472548411,0.000395961454815814,0.000395319062143614,1.85598797575835,1.85614877375982,0.00059083753649055,0.000589896354544624,0,0.666666666666667,3
"CFA-NowcastAutoGP","40",0.658022629121818,0.657839826282357,0.00025094616629525,0.000250370274260611,0.977927043580765,0.977837582644597,0.000355451855360615,0.000354691150781803,1,1,3
"CFA-NowcastAutoGP","41",0.41674146507883,0.416158601483229,0.000646150147117631,0.000639589315918119,0.423204415813795,0.422978788553411,0.000770383321850674,0.000763086789519184,1,1,3
"CFA-NowcastAutoGP","42",0.408285132679722,0.408004721550477,0.000102729292839961,0.000102479223976995,0.673547155550307,0.673272823508069,6.3219102755328e-05,6.30707278586833e-05,1,1,3
"CFA-NowcastAutoGP","44",0.905952408192221,0.904860039755359,0.00054386194684685,0.000541952555833782,0.827039853294542,0.826657694793865,0.000721002384148118,0.000718664233869702,1,1,3
"CFA-NowcastAutoGP","45",0.694004576213242,0.694136436038772,0.000376061627950978,0.000374063259043064,0.929157386607799,0.929125052797278,0.000480882159211181,0.000478340684752186,1,1,3
"CFA-NowcastAutoGP","46",1.15476191762716,1.1530740299077,0.00052770365508714,0.000526365102122758,1.26516412879366,1.26455741702353,0.000694556690981595,0.000693309712036413,0.333333333333333,1,3
"CFA-NowcastAutoGP","47",1.02306576081059,1.0229753913566,0.000598814999610765,0.000596668286011094,1.40523866018321,1.40525712603378,0.0009630299507922,0.000959615296460315,0.333333333333333,0.666666666666667,3
"CFA-NowcastAutoGP","48",0.392292892711617,0.391978551357827,0.000541706351143459,0.00053743679294315,0.433561320084477,0.433528287448199,0.000865918258821149,0.000859588346474755,0.666666666666667,1,3
"CFA-NowcastAutoGP","49",0.828247725838873,0.827397343467052,0.000443385463982841,0.000441385930090365,0.583110058572405,0.582853164159398,0.000200308484326464,0.000199523104041641,1,1,3
"CFA-NowcastAutoGP","50",0.72112609181446,0.720507401387263,0.000331609689028675,0.000330773196629127,0.654423369607803,0.6542383263268,0.000346715949657835,0.000346008635888196,1,1,3
"CFA-NowcastAutoGP","51",0.876146244717523,0.876016251393677,0.000604058365421911,0.000601500759522626,1.31751976692846,1.31738075589887,0.000952466030305753,0.000948466687837327,0.333333333333333,1,3
"CFA-NowcastAutoGP","53",0.956359831279369,0.954463913401969,0.00102141838630534,0.00100962189744536,1.24541530782491,1.24429149365773,0.0016090892324488,0.0015914831336086,0.333333333333333,1,3
"CFA-NowcastAutoGP","54",0.647442632849463,0.646799859484452,0.000406402145024056,0.000404910738247234,0.414667212799026,0.414419010600778,0.000295635519373088,0.000294631167302812,1,1,3
"CFA-NowcastAutoGP","55",0.702102471827287,0.701550968828086,0.000445769504608914,0.000444970655704095,0.78198632166951,0.781659731687746,0.000745636251301535,0.000744320381041472,0,1,3
"CFA-NowcastAutoGP","56",0.981835342030318,0.981956110368818,0.00109678884073599,0.00109109055094956,1.3476486770875,1.34795265898575,0.00196810192101156,0.00195789033233122,0.333333333333333,1,3
"CFA-PyRenew_E","01",0.630521218147529,0.63043250438516,0.000481388149869995,0.000479177475770179,0.710623912941418,0.710331652849922,0.000734133758150131,0.000730741653482986,0.5,1,6
"CFA-PyRenew_E","02",0.833104240491238,0.832933864887012,0.000565925308033035,0.000563473611647136,1.06154492753849,1.06148425769993,0.000827816738937511,0.000824643544095376,0.666666666666667,1,6
"CFA-PyRenew_E","04",1.15720908883988,1.1577205810166,0.000785051795077692,0.000781662048184379,1.49313123594473,1.49376467324588,0.00121930656354211,0.00121415382467288,0.333333333333333,0.833333333333333,6
"CFA-PyRenew_E","05",1.46019022629681,1.46095187166815,0.00070289318577648,0.000700458292101695,3.72476848575332,3.72689517553576,0.00125044831789668,0.00124611884902896,0.166666666666667,1,6
"CFA-PyRenew_E","06",1.59138557743261,1.58881167515971,0.00155353668098523,0.00153987724197237,1.98673430118076,1.9840289791456,0.00256233513122546,0.00254049189242045,0,0.666666666666667,6
"CFA-PyRenew_E","08",0.458884429648263,0.458494807136438,0.000231183856670001,0.00023040724737264,0.417565542786605,0.417395073972244,0.00027056864477821,0.000269743833774425,1,1,6
"CFA-PyRenew_E","10",0.967646753678326,0.966402698419915,0.000716090927095291,0.000712494656209268,1.12953046975966,1.12850548027329,0.00110959215043753,0.00110439045994206,0.5,1,6
"CFA-PyRenew_E","11",0.733459357923724,0.732777904097464,0.000546924777931721,0.000544998476736227,0.677600588661411,0.677174316253171,0.000843041764364571,0.000840290757559372,0.666666666666667,1,6
"CFA-PyRenew_E","12",0.995352977314758,0.996449288560703,0.000947414075393968,0.000940464511402378,1.46663296119973,1.46882843643169,0.00155300152825454,0.00154176522792825,0.166666666666667,0.833333333333333,6
"CFA-PyRenew_E","13",0.806014015051455,0.805935684122813,0.000414728530340933,0.000412910698311066,1.24856039300241,1.24855381961757,0.00072131839397629,0.00071818672105572,0.833333333333333,1,6
"CFA-PyRenew_E","15",1.10044681976011,1.10080870349261,0.00176215953777587,0.00173716430053448,1.89115724011282,1.89259319293489,0.00301807632471759,0.00297506840345085,0.5,1,6
"CFA-PyRenew_E","16",0.760777035791027,0.760389858808787,0.000567805487630662,0.000564637394774697,0.894607395234792,0.8946168903188,0.000834966216445628,0.000830537735908953,0.666666666666667,1,6
"CFA-PyRenew_E","17",0.661102051916781,0.660878998935423,0.000239753804697502,0.000239318295439005,1.86229786556969,1.8618824883152,0.000358416264215447,0.000357774508959409,0.5,1,6
"CFA-PyRenew_E","18",0.794793692291734,0.794604621122015,0.000323974778452789,0.000323474618400545,1.31659857115226,1.31672287523311,0.000566478078587662,0.000565616016445476,0.333333333333333,1,6
"CFA-PyRenew_E","20",0.744599756606552,0.744467037804713,0.000362314914572631,0.000361650797477451,1.18540226142394,1.18529482548272,0.00062736551900976,0.000626264366051388,0,1,6
"CFA-PyRenew_E","21",0.887756359273518,0.887708816552998,0.000588236380362149,0.000586733688949136,1.19832239406063,1.19846329890532,0.000831189296991769,0.000829125147711226,0.5,0.666666666666667,6
"CFA-PyRenew_E","22",0.580180209819951,0.580344582329539,0.000542375525512472,0.000538144076279298,0.546395997575676,0.546526439342797,0.000647180842862037,0.000642052016357845,0.666666666666667,1,6
"CFA-PyRenew_E","23",1.66884996795298,1.66252663946543,0.00107305248339921,0.00106643830131369,1.80039162560997,1.7963923967392,0.0016015613718704,0.00159473479305735,0.666666666666667,1,6
"CFA-PyRenew_E","24",0.868259432439811,0.867407124167693,0.000479521810920396,0.000477285102703195,2.89109883144499,2.88876371221633,0.000710552955985404,0.000707383643152909,0.5,1,6
"CFA-PyRenew_E","25",0.317732407181158,0.317314153884265,0.000265469427326913,0.000264365119590805,0.238636859140851,0.238475908169084,0.000288937089533298,0.00028785725213366,0.666666666666667,1,6
"CFA-PyRenew_E","26",0.350202433536169,0.350084435131472,0.000139867197517332,0.000139617513544342,0.42959130130797,0.429564075572046,0.000156480574986369,0.000156218439811537,1,1,6
"CFA-PyRenew_E","27",1.13868591313236,1.13712527272026,0.000588118980154879,0.000585709556849301,2.5360148007592,2.53407180394104,0.00102831370816051,0.00102464246203344,0.333333333333333,1,6
"CFA-PyRenew_E","28",0.964693527884431,0.963685364475813,0.000502973648022061,0.000500092600121861,1.39685337734219,1.39586018162271,0.00072642421574389,0.000722597708428303,0.666666666666667,1,6
"CFA-PyRenew_E","29",0.752024985087047,0.75197741772177,0.000258599018076566,0.000257905291041374,0.684490831517849,0.684348349697263,0.000323282811151107,0.000322409681768823,0.666666666666667,1,6
"CFA-PyRenew_E","30",0.764748013517075,0.763777012686542,0.000656104389053816,0.000653244276566018,0.815736359417796,0.815100052108031,0.00102642119769621,0.00102260178926268,0.333333333333333,1,6
"CFA-PyRenew_E","31",0.727412844634655,0.726982370053339,0.00026278443095364,0.000262334604613509,0.886457788111279,0.886221190101285,0.000337548331411097,0.000337130454318244,0.666666666666667,1,6
"CFA-PyRenew_E","32",0.651703829300562,0.651666790406889,0.000500925069425966,0.00049781588184678,0.693987335891741,0.693966982930312,0.000748680193631019,0.000743960592801676,0.666666666666667,1,6
"CFA-PyRenew_E","33",1.04679756301828,1.04656036267946,0.00100895731095319,0.00100562816274813,1.16461222346636,1.16474638420495,0.00167487592131327,0.00166959211575268,0.5,0.833333333333333,6
"CFA-PyRenew_E","34",0.75715795123402,0.756229181371791,0.000496439906777772,0.00049327152093468,1.18764809689562,1.18642686893916,0.000848773433108422,0.000843458338905209,0.5,1,6
"CFA-PyRenew_E","35",0.841410316031531,0.841536103424838,0.000549442614699725,0.000548100444521409,0.995898384390133,0.996243741795804,0.000821256367632529,0.000819357265280918,0.333333333333333,1,6
"CFA-PyRenew_E","36",1.55825253362972,1.55651946528333,0.000801231004173535,0.000796528180522591,2.39863087759945,2.39631767258806,0.0013524438131228,0.00134465531298706,0,0.833333333333333,6
"CFA-PyRenew_E","37",0.985747989572212,0.985149564564538,0.00105788524693722,0.00104934540063675,1.18606219455576,1.18509695154196,0.00166193375246232,0.00164840896817106,0.166666666666667,0.833333333333333,6
"CFA-PyRenew_E","38",0.910429107943167,0.910471994203546,0.000257993134463377,0.000257818095699595,1.91033735387044,1.91028604360917,0.000476882874312957,0.000476577511958813,0.333333333333333,1,6
"CFA-PyRenew_E","39",0.377355351745482,0.377169158312981,0.000153907363577791,0.00015361064712977,0.470367898112608,0.470310737167384,0.000193267902286578,0.000192916942637806,0.666666666666667,1,6
"CFA-PyRenew_E","40",0.696223473773668,0.695935662940791,0.000267126065309471,0.000266478870714648,0.686226731232692,0.686182976242692,0.000254251824108689,0.000253718755080498,1,1,6
"CFA-PyRenew_E","41",0.611033674551265,0.609045633232887,0.00113651433389765,0.00112360721176549,0.793156982841464,0.791363986153167,0.00191198753578991,0.00189188078661335,0.5,1,6
"CFA-PyRenew_E","42",0.602564167559393,0.602095534639596,0.000229169950577637,0.000228529161936515,1.63801817559806,1.63706127043371,0.000368155917010832,0.000367152656131644,0.666666666666667,1,6
"CFA-PyRenew_E","44",1.31847626990788,1.31619250659834,0.00093517102854463,0.000930512166319235,1.90621450134363,1.90417245190945,0.00161380967648878,0.00160692693853566,0.166666666666667,1,6
"CFA-PyRenew_E","45",0.761462726561417,0.76220768261655,0.000544025303304866,0.000541365516979032,1.41065842991159,1.41153057460342,0.00101298052161845,0.00100798346068201,0.5,1,6
"CFA-PyRenew_E","46",1.17261658601262,1.17078190776171,0.000720334449880477,0.000717695583390462,1.62641575107735,1.62494572748219,0.00109843295570417,0.00109551340183009,0.333333333333333,1,6
"CFA-PyRenew_E","47",0.691665955759576,0.691677140786116,0.000389713855337046,0.000388279553205049,0.913401136114635,0.913424289911535,0.000612971443615267,0.000610717514099286,0.666666666666667,1,6
"CFA-PyRenew_E","48",0.666380137972546,0.667340087833748,0.00108223529946493,0.00107531401304041,0.790988835173662,0.792479728407748,0.00180528461184724,0.00179386725820001,0,0.833333333333333,6
"CFA-PyRenew_E","49",0.710482889030641,0.710101368558031,0.000397985171971804,0.000396358862602814,1.51849176156957,1.51800017187496,0.000608408069042171,0.00060610458576536,0.833333333333333,1,6
"CFA-PyRenew_E","50",0.600762452052456,0.600624577882699,0.000270395201081577,0.000269849458052619,0.615916784314783,0.615829777820319,0.00028335950904312,0.000282836186864298,1,1,6
"CFA-PyRenew_E","51",0.653705973071714,0.653759942099511,0.00049959905230686,0.000497334104953585,0.981784637763951,0.981811873161193,0.000823207269485469,0.000819568816603484,0.166666666666667,1,6
"CFA-PyRenew_E","53",0.813258349764741,0.81178490997256,0.00104929001665931,0.00103675171660225,1.22387346421873,1.22236402078079,0.00176955775518678,0.00174907042972589,0.5,1,6
"CFA-PyRenew_E","54",0.583933563119226,0.583409890861416,0.000378728787556134,0.000377339363311671,0.614200467537265,0.613878760478386,0.000438916392084107,0.000437461062590572,0.833333333333333,1,6
"CFA-PyRenew_E","55",0.515796209658986,0.515406550985526,0.000259878580457154,0.000259401052692739,0.641596052535501,0.641297452487111,0.000413766548349602,0.000413012063797326,0.5,1,6
"CFA-PyRenew_HE","01",0.859057538274078,0.858731738459196,0.000568475448369644,0.000566118180000949,1.15724379998235,1.15666761521791,0.0010275712767151,0.0010233096763682,0.333333333333333,1,3
"CFA-PyRenew_HE","02",0.84233467923073,0.842246611709656,0.000572480548465953,0.000570049192735756,1.07829890839779,1.07829555887209,0.000842795995489883,0.000839588241013552,0.666666666666667,1,6
"CFA-PyRenew_HE","04",1.15167623973085,1.15219055871085,0.000781494827574396,0.000778124171888033,1.49514670167073,1.49578096436051,0.00122149727341109,0.00121633633347443,0.333333333333333,0.833333333333333,6
"CFA-PyRenew_HE","05",1.65916798028019,1.66009757878115,0.000798654895240128,0.000795919624124289,4.09865915340551,4.10126013619026,0.00137595091602982,0.00137127415586054,0.166666666666667,0.833333333333333,6
"CFA-PyRenew_HE","06",1.65856941336002,1.65584634224429,0.00161914156475365,0.00160486629829075,2.05953222815227,2.05663065656719,0.00265659993136012,0.00263382661661879,0,0.666666666666667,6
"CFA-PyRenew_HE","08",0.453077363221754,0.452710844612174,0.000228236565395315,0.000227479652798571,0.407213456906944,0.407050199321561,0.000263139644179016,0.000262340377973048,1,1,6
"CFA-PyRenew_HE","10",1.09471636700771,1.09324817521708,0.000814577395869851,0.000810421404980899,1.3889411976988,1.38757185400373,0.00132969579800849,0.0013233233416987,0.5,1,6
"CFA-PyRenew_HE","11",0.724864213424914,0.724398922558863,0.00054361149202796,0.000541860844549456,0.746504632069433,0.746209233603803,0.000930670600543976,0.000927835931018255,0.666666666666667,1,6
"CFA-PyRenew_HE","12",0.996347235715869,0.997455045876004,0.000948242883470355,0.000941296287892671,1.46909216715547,1.47129167230396,0.00155459719202065,0.00154334831465314,0.166666666666667,0.666666666666667,6
"CFA-PyRenew_HE","13",0.84540694652382,0.845305133859245,0.000435062060509517,0.000433145126068113,1.26641137362626,1.26640690221368,0.000731804318617459,0.000728628546344385,0.833333333333333,1,6
"CFA-PyRenew_HE","15",1.06861862379553,1.06893000644594,0.00171225355425578,0.00168790271736874,1.84781428075551,1.84914605854803,0.00295216990705218,0.00290999136635302,0.5,1,6
"CFA-PyRenew_HE","16",0.994223924056167,0.993980984795615,0.000751977011491356,0.000748005675613396,1.1235933552781,1.12396705303274,0.00107602548403641,0.00107069465032301,0.5,0.833333333333333,6
"CFA-PyRenew_HE","17",0.783312685606771,0.783084952131404,0.000278419082705265,0.000277923791712729,2.7942708728718,2.79375502641009,0.00050701292770132,0.000506116796256595,0,1,6
"CFA-PyRenew_HE","18",0.768721595103202,0.768530909302686,0.000312692351359752,0.000312206000946023,1.29551793845715,1.29562661208123,0.000556635589848932,0.000555782009289109,0.333333333333333,1,6
"CFA-PyRenew_HE","20",0.714387338418307,0.714297666167865,0.000345165238345732,0.000344553199006008,1.13133509945429,1.13128364889337,0.000595762276499226,0.00059474640244704,0,1,6
"CFA-PyRenew_HE","21",0.928428518673878,0.928374124213629,0.000615823286676971,0.000614250836707589,1.2225841016156,1.22273283783554,0.000849449635084099,0.000847345529239552,0.5,0.666666666666667,6
"CFA-PyRenew_HE","22",0.573669374324939,0.573703698574446,0.000424991672860037,0.000421773985730529,0.55861398006394,0.558706429921523,0.000503374544561927,0.000499687412695459,0.666666666666667,1,3
"CFA-PyRenew_HE","23",2.04950083116957,2.04019190663265,0.00132110979831497,0.00131188815092053,2.27708343052844,2.27100819828639,0.00199473967489474,0.00198530738194935,0.666666666666667,1,6
"CFA-PyRenew_HE","24",0.901467058199418,0.900574006158252,0.000495294937246047,0.000492984318141004,3.00618870456538,3.00369872576918,0.000729157350649489,0.000725891103983315,0.5,1,6
"CFA-PyRenew_HE","25",0.339885668577483,0.339410353615386,0.000284227285299578,0.000283021861753315,0.231372655316195,0.231209797664375,0.000283454917544675,0.000282386783300957,0.666666666666667,1,6
"CFA-PyRenew_HE","26",0.34820279728846,0.348084995488066,0.000139012418734721,0.000138764084084896,0.408818831204442,0.408792230786117,0.000149059812724149,0.000148809689416081,1,1,6
"CFA-PyRenew_HE","27",1.02373313805913,1.02224558748927,0.000528232309959437,0.000526025232465912,2.08855742350325,2.08718036973046,0.000845484507605886,0.000842557962245499,0.666666666666667,1,6
"CFA-PyRenew_HE","28",1.04188533135204,1.04063364309195,0.000547703699332128,0.000544467036918553,1.52259914894031,1.52141623661602,0.00080675946689482,0.000802441148342469,0.666666666666667,1,6
"CFA-PyRenew_HE","29",0.748916045588092,0.748792298294634,0.000256885680589211,0.000256169508935297,0.7407186711107,0.740599203738458,0.000347543765912051,0.000346621417854913,0.833333333333333,1,6
"CFA-PyRenew_HE","30",0.788164675074293,0.787153688669744,0.000675803500384359,0.000672849324364022,0.874588458150769,0.873877082136805,0.00109597430137111,0.0010918649049797,0.333333333333333,1,6
"CFA-PyRenew_HE","31",0.62918379820106,0.628931962450118,0.000226704523810178,0.000226361994348329,0.684776868447557,0.684662931727591,0.000260410667994604,0.000260114658427702,0.666666666666667,1,6
"CFA-PyRenew_HE","32",0.743199256993554,0.743341329140682,0.000573740563074516,0.000570326181706055,0.720346531656386,0.720318129694878,0.000776250423544887,0.000771346830686516,0.666666666666667,1,6
"CFA-PyRenew_HE","33",1.10914389825408,1.10885662015501,0.00106247955309921,0.00105893641549742,1.27442663648795,1.27457511290333,0.00181749352908874,0.00181175727800456,0.333333333333333,0.833333333333333,6
"CFA-PyRenew_HE","34",0.675180571077051,0.674400287550722,0.000437315107285675,0.000434560370577503,1.05017916231821,1.04922825378675,0.000739019500192172,0.000734494465465834,0.166666666666667,1,6
"CFA-PyRenew_HE","35",0.922781692271929,0.922976884357261,0.000607796523102928,0.000606353418123743,1.04801341140973,1.04844446530879,0.000874605021168134,0.000872644678455617,0.333333333333333,0.833333333333333,6
"CFA-PyRenew_HE","36",1.54835627408028,1.54654670718943,0.000796923615590745,0.000792198614600131,2.39397920478338,2.39161591039542,0.00135222759052585,0.00134440473748823,0,0.833333333333333,6
"CFA-PyRenew_HE","37",1.02499344504726,1.02433518525351,0.00110011770025489,0.00109119422219421,1.22701954361313,1.22602164867221,0.00170578753220643,0.00169190790913579,0.166666666666667,0.666666666666667,6
"CFA-PyRenew_HE","38",0.850505313237984,0.850533821995705,0.000241248341413541,0.000241081497322534,1.67983747551071,1.67973958640147,0.0004210105483048,0.000420728497894441,0.333333333333333,1,6
"CFA-PyRenew_HE","39",0.40185170859028,0.401640785652115,0.000163840932503239,0.000163519215497098,0.534280512460766,0.534203019994349,0.000217334141972016,0.000216934238647796,0.833333333333333,1,6
"CFA-PyRenew_HE","40",0.694205562378716,0.693903753086211,0.000266091753640622,0.00026544034888416,0.68961602122799,0.689517768135422,0.00024646035215645,0.000245922714259995,1,1,6
"CFA-PyRenew_HE","41",0.628179369457094,0.626061425921135,0.00116844596457305,0.00115503829634232,0.807594314375356,0.805719143640743,0.00194677474488048,0.0019261833865122,0.5,1,6
"CFA-PyRenew_HE","42",0.631445264236477,0.63093782737074,0.00024035829910975,0.000239679657988871,1.68525265581801,1.6842506448268,0.000379726704445897,0.0003786876035579,0.5,1,6
"CFA-PyRenew_HE","44",1.24283335312838,1.24058922759422,0.000877065051958775,0.000872639142241998,1.72981789122026,1.72810370526919,0.0014602048429214,0.00145411613710891,0.333333333333333,1,6
"CFA-PyRenew_HE","45",0.756613951182817,0.757351385187149,0.000537270241095906,0.000534638419522419,1.41571101518369,1.41655494842406,0.00100767038277693,0.00100266794268229,0.5,1,6
"CFA-PyRenew_HE","46",1.17030837494322,1.16876823283217,0.000712154220370917,0.000709739866880427,1.67609106637379,1.67477179902446,0.00111782808701045,0.00111500608379025,0.5,1,6
"CFA-PyRenew_HE","47",0.681330629736524,0.68132618578141,0.000384334136402302,0.000382911940569887,0.907556370348424,0.907574650047921,0.000612760378042947,0.000610507235904387,0.666666666666667,1,6
"CFA-PyRenew_HE","48",0.65624026228702,0.657181376725212,0.00106595281879812,0.00105912895198211,0.785462778579832,0.786936403118699,0.00179284167937541,0.00178148865242343,0,0.833333333333333,6
"CFA-PyRenew_HE","49",0.688347207650913,0.687912154878479,0.000385754840486889,0.00038413917051494,1.4200263957376,1.41943506372386,0.000567648640269493,0.000565441687726775,1,1,6
"CFA-PyRenew_HE","50",0.588708041805314,0.588568264672925,0.000265227077455745,0.000264689031326172,0.606982105361554,0.606884875113699,0.000277062048288947,0.000276543631621911,1,1,6
"CFA-PyRenew_HE","51",0.64649089050209,0.646521256311313,0.000493622719551508,0.000491366181418995,0.949514291313739,0.949530859657218,0.000796355515516521,0.000792826916038613,0.333333333333333,1,6
"CFA-PyRenew_HE","53",0.795645045269484,0.794171701432435,0.00102633595343859,0.00101403005524739,1.17320094024237,1.17180931995394,0.00169720878074847,0.00167763486400274,0.5,1,6
"CFA-PyRenew_HE","54",0.587939341661383,0.587335357160729,0.000381416653471615,0.000379966046957536,0.574787937692034,0.574457722114992,0.00040991563834396,0.000408534314621325,0.833333333333333,1,6
"CFA-PyRenew_HE","55",0.540267310394795,0.539873648427997,0.00027134700277611,0.000270855174404675,0.685035223236609,0.684728552368867,0.000438932976372631,0.00043814023405063,0.5,1,6
"CFA_Pyrenew-PyrenewHEW_COVID","01",0.592678121665449,0.592035237939594,0.000333620755931437,0.000332307586438882,0.706644761804228,0.705972144071033,0.000462275834139087,0.000460648654246996,0.75,1,8
"CFA_Pyrenew-PyrenewHEW_COVID","02",0.950496823599454,0.950006991978882,0.000814344289991275,0.000810913153589775,1.30449286565656,1.30412066756322,0.00128147833533256,0.00127646264783161,0.5,1,8
"CFA_Pyrenew-PyrenewHEW_COVID","04",0.817272712728261,0.817519916660033,0.000567944928603522,0.000565731108239447,0.991325082825156,0.991674103799484,0.000840030565443264,0.000836829746088069,0.375,0.75,8
"CFA_Pyrenew-PyrenewHEW_COVID","06",0.630125678432797,0.629448733484024,0.00013262175930091,0.000132443629626722,0.822885103331068,0.822175278880008,0.000189644646664488,0.000189399613900208,0.5,0.875,8
"CFA_Pyrenew-PyrenewHEW_COVID","08",0.538393462721933,0.537874495528679,0.000363055545160974,0.000360805575586374,0.491868167476546,0.491514783201392,0.000375162976062188,0.000372871523517756,0.75,1,8
"CFA_Pyrenew-PyrenewHEW_COVID","09",1.65403515135683,1.65503199067101,0.00199534272517664,0.00198337819534137,1.65205295368873,1.65372155012459,0.00302807394092578,0.00301004260299411,0,0.5,8
"CFA_Pyrenew-PyrenewHEW_COVID","10",0.826765386930467,0.826266848144877,0.000738794902646701,0.000735621608493885,1.06008896667003,1.05977258480469,0.00119901172366433,0.00119400423408949,0.5,1,8
"CFA_Pyrenew-PyrenewHEW_COVID","11",1.13625276560748,1.13466371766946,0.000614073152170659,0.000612124087715183,0.879303653122739,0.879199949816451,0.000713775925746788,0.000712455741743894,0.625,0.875,8
"CFA_Pyrenew-PyrenewHEW_COVID","12",0.644226793710699,0.644622576179096,0.000283850529372984,0.000283264515482843,1.07399331803462,1.0750325981823,0.000436732357716258,0.000435863768336843,0.375,0.875,8
"CFA_Pyrenew-PyrenewHEW_COVID","15",0.556256308016905,0.556269200771208,0.000190467088791882,0.000190208357344874,0.903647544752389,0.904231814823102,0.000247762833844318,0.000247445329642961,0.75,1,8
"CFA_Pyrenew-PyrenewHEW_COVID","16",0.864209962835158,0.864102160930975,0.00076033545191181,0.000756390711120584,1.00382080042806,1.00419481993066,0.0011738054100912,0.00116788555854585,0.625,1,8
"CFA_Pyrenew-PyrenewHEW_COVID","17",0.53631073587062,0.535881567722247,0.000940448711862493,0.000933689979241644,1.30398700567598,1.30316024653976,0.00172022547000259,0.00170781580194409,0,1,8
"CFA_Pyrenew-PyrenewHEW_COVID","18",0.618504016480348,0.617833083546312,0.000981362690372065,0.000971884367811629,0.832391067372042,0.831789628873742,0.00154048100018345,0.00152554656481769,0.5,1,8
"CFA_Pyrenew-PyrenewHEW_COVID","19",0.902327726471147,0.901621558422954,0.00113243219931631,0.00112534998978228,0.828689778121201,0.828160956568745,0.0016093704867484,0.00159982347341396,0.5,0.75,8
"CFA_Pyrenew-PyrenewHEW_COVID","20",0.542889860590328,0.542811395671869,0.000636964492326467,0.000633323105785333,0.793189710135216,0.793140106161356,0.00111182752118239,0.00110531296373848,0.5,1,8
"CFA_Pyrenew-PyrenewHEW_COVID","21",0.612154690832802,0.611897015088429,0.000553596190563662,0.000549386536769786,0.825610647019914,0.825369198660547,0.000939383297831104,0.000931987746241951,0.5,1,8
"CFA_Pyrenew-PyrenewHEW_COVID","22",0.607360865344576,0.607391588080873,0.000500265177963583,0.000498880512216403,0.641312169230897,0.641460357003502,0.000834421460127612,0.000832230203750196,0.375,1,8
"CFA_Pyrenew-PyrenewHEW_COVID","23",1.22182775257499,1.22082528351393,0.00174679604021396,0.00173803682085845,1.32741510498182,1.32690766598988,0.00255114985982585,0.00253812264928682,0.125,0.5,8
"CFA_Pyrenew-PyrenewHEW_COVID","24",0.685951541844271,0.685714941377253,0.000407677278332045,0.000406251317789291,2.04734580880119,2.04692108574235,0.000700648642551754,0.000698271845661856,0.375,1,8
"CFA_Pyrenew-PyrenewHEW_COVID","25",0.510391652270973,0.509713733322664,0.000631661751883943,0.000627064325294322,0.508867135908972,0.508426739037274,0.00102479117193391,0.00101748245358516,0.5,1,8
"CFA_Pyrenew-PyrenewHEW_COVID","26",0.353741194345717,0.353482388025085,0.000605759720863502,0.00060118092281793,0.475447339787848,0.475243790540149,0.000977364146652117,0.000969977698186865,0.625,1,8
"CFA_Pyrenew-PyrenewHEW_COVID","27",0.744506303443674,0.74386651533783,0.000715282327696047,0.000710806010388667,1.09651107983675,1.09613809372033,0.00129483853507492,0.00128670183147514,0.125,1,8
"CFA_Pyrenew-PyrenewHEW_COVID","28",1.27260943335147,1.27110687158341,0.00156778650276166,0.00155447500020666,2.08206311050113,2.08001463359481,0.00265710872828409,0.0026353431708939,0.125,0.875,8
"CFA_Pyrenew-PyrenewHEW_COVID","29",0.93186143780291,0.931699063667128,0.0012207563013107,0.00121353705178395,0.921632828447827,0.921516862816206,0.00169036109941058,0.00168024360120331,0.5,0.75,8
"CFA_Pyrenew-PyrenewHEW_COVID","30",0.906636506759326,0.906277850031728,0.00107723092420313,0.00107057408205123,0.982639914190599,0.982538562545582,0.00186200339651881,0.00185046093396314,0.375,1,8
"CFA_Pyrenew-PyrenewHEW_COVID","31",0.661131495886702,0.660758112393773,0.0004881037018703,0.000486100528355573,0.817976008838497,0.817664697242612,0.00069859079113294,0.000695822973031618,0.625,1,8
"CFA_Pyrenew-PyrenewHEW_COVID","32",0.782877826054935,0.782913165450742,0.00036278967558663,0.000361955498757135,0.965751518974062,0.96592817701997,0.000624730238122489,0.000623286218542518,0.25,1,8
"CFA_Pyrenew-PyrenewHEW_COVID","33",1.14578923946462,1.14585213382902,0.000907033008081027,0.000901858550940196,1.33249381396135,1.33335568840107,0.0014306356967293,0.00142272935138314,0.5,1,8
"CFA_Pyrenew-PyrenewHEW_COVID","34",0.545059620783619,0.544590736751087,0.000278062593523812,0.000276719874373645,0.633055560670001,0.632576189197364,0.000345812556463658,0.000344115077137496,0.875,1,8
"CFA_Pyrenew-PyrenewHEW_COVID","35",0.699569778796576,0.699368553124889,0.00103720230622212,0.00102705121535009,0.782048571725814,0.782073318102602,0.00163795513140477,0.00162187307212471,0.625,1,8
"CFA_Pyrenew-PyrenewHEW_COVID","36",1.0384757278207,1.03774189061231,0.000490342230610699,0.000488242789607393,1.37535086640577,1.37477307818065,0.000768807446290319,0.000765648072267795,0.5,0.833333333333333,6
"CFA_Pyrenew-PyrenewHEW_COVID","37",0.701768507887035,0.701723393124607,0.000449444128425858,0.000447826601302747,0.857397824083195,0.857360555253176,0.000645611335976142,0.000643333363814486,0.5,0.875,8
"CFA_Pyrenew-PyrenewHEW_COVID","39",0.521598194366225,0.521235906454452,0.00062323507125369,0.000618347840882585,0.776081653936045,0.775713663940638,0.00110303068192101,0.00109415954432102,0.666666666666667,1,6
"CFA_Pyrenew-PyrenewHEW_COVID","40",0.664059934159282,0.663686229971202,0.000716251644360771,0.000712602751196321,0.824532345025998,0.8243798718096,0.00122644345002967,0.00122030820624477,0.5,1,8
"CFA_Pyrenew-PyrenewHEW_COVID","41",0.421910288282631,0.421586771950752,0.000195584555180537,0.000195151552642032,0.53961514672612,0.539469042589583,0.000276903674330561,0.000276317336419387,0.75,1,8
"CFA_Pyrenew-PyrenewHEW_COVID","42",0.503214858344755,0.502581845175533,0.000444291457194985,0.000441445248305477,0.841012350055509,0.840247460717623,0.00065038388681406,0.000646248593471708,0.375,1,8
"CFA_Pyrenew-PyrenewHEW_COVID","44",0.755945459081593,0.754424487398065,0.00074217215048038,0.000736525289490691,0.728597958630999,0.727818891123292,0.000977459416640974,0.000970920757821697,1,1,2
"CFA_Pyrenew-PyrenewHEW_COVID","45",0.589079010503518,0.589038866372337,0.000378186888241016,0.000376713663021968,0.787958612356052,0.787885191874771,0.000595008832840255,0.000592939849694927,0.75,1,8
"CFA_Pyrenew-PyrenewHEW_COVID","46",0.992574430863173,0.991532246382041,0.000887083725331431,0.000881877660101745,1.2830063070661,1.28236406494706,0.00148774988717317,0.00147930074445386,0.5,1,8
"CFA_Pyrenew-PyrenewHEW_COVID","48",0.521153760012315,0.52109666615902,0.000372914345055299,0.000371823811438859,0.646524488112051,0.646756179094684,0.000598255175607506,0.000596534644905707,0.5,0.875,8
"CFA_Pyrenew-PyrenewHEW_COVID","50",0.758877014143046,0.758117275183373,0.000992639703222018,0.000984668980692609,0.858664491206863,0.858155585410942,0.00165240645691353,0.00163967629544927,0.375,1,8
"CFA_Pyrenew-PyrenewHEW_COVID","51",0.604902560030498,0.604767762509254,0.000270582913818143,0.000269537033560854,0.856488707703047,0.856317211121921,0.000332576113308823,0.000331314769293228,0.75,1,8
"CFA_Pyrenew-PyrenewHEW_COVID","53",0.582768288916338,0.582362017800617,0.000229788780265559,0.000229314729095421,0.882879464454749,0.88279570057915,0.00037009255805856,0.000369332012002162,0.625,1,8
"CFA_Pyrenew-PyrenewHEW_COVID","54",0.617786242637638,0.616965875580366,0.000998939039654066,0.000988106843177537,0.602568385450707,0.601935746606465,0.00132961043960517,0.00131517997239983,0.75,1,8
"CFA_Pyrenew-PyrenewHEW_COVID","55",0.466245564820607,0.465779189382974,0.000427492765222574,0.000424935873157813,0.498700824410656,0.498342114313817,0.000656135223770616,0.000652048199329856,0.75,1,8
"CFA_Pyrenew-Pyrenew_E_COVID","01",0.949499857632799,0.946849743803142,0.000967300666115921,0.000958850566975349,1.14035955286204,1.13731653704883,0.00147034095332917,0.0014577303786089,0.465909090909091,0.909090909090909,88
"CFA_Pyrenew-Pyrenew_E_COVID","02",0.838238657913552,0.838072482101822,0.00060195063302635,0.000599932651605666,1.12241350485026,1.1222726263981,0.000962943646929556,0.000959861210623926,0.488888888888889,0.966666666666667,90
"CFA_Pyrenew-Pyrenew_E_COVID","04",0.848201708815076,0.847759296584417,0.000383340547814195,0.000381546591962909,1.08205431765354,1.08179369472623,0.000585961367775082,0.000583412051380725,0.566666666666667,0.944444444444444,90
"CFA_Pyrenew-Pyrenew_E_COVID","05",1.12952434563426,1.13013102065723,0.000788063168860251,0.000784111398897618,2.29200660814744,2.29359771039218,0.00123529534255612,0.00122929747275727,0.447368421052632,0.921052631578947,76
"CFA_Pyrenew-Pyrenew_E_COVID","06",1.35486645147578,1.35020242081092,0.00050108595429989,0.000497206486143644,1.67783688936828,1.67272834097936,0.000781863511995143,0.000775908461205751,0.355555555555556,0.855555555555556,90
"CFA_Pyrenew-Pyrenew_E_COVID","08",0.684825506483425,0.684384865290457,0.000359506993369421,0.000357719158491083,0.825984869735914,0.825755695430218,0.000549255596723267,0.000546638059676381,0.544444444444444,0.977777777777778,90
"CFA_Pyrenew-Pyrenew_E_COVID","09",2.09530150397657,2.09760692710097,0.00226140019351882,0.00224381644952893,2.16151144065826,2.16479402029902,0.00329375473851625,0.00326876325430946,0.0416666666666667,0.458333333333333,24
"CFA_Pyrenew-Pyrenew_E_COVID","10",0.781650650583283,0.781043994818149,0.000690246765424013,0.000685501334436687,0.974399381772388,0.974083395159765,0.00107636237056478,0.00106930576388499,0.622222222222222,0.966666666666667,90
"CFA_Pyrenew-Pyrenew_E_COVID","11",0.91275078080366,0.912204764285589,0.000654944416836842,0.000652554285776091,0.969414251237557,0.969020059779659,0.000989278800509827,0.000986103025040771,0.569767441860465,0.965116279069767,86
"CFA_Pyrenew-Pyrenew_E_COVID","12",0.609502137258798,0.6097736087995,0.000385853719964829,0.00038354338699353,0.842861739967771,0.84374335249606,0.000611752416538145,0.000608145133949892,0.388888888888889,0.922222222222222,90
"CFA_Pyrenew-Pyrenew_E_COVID","13",1.17439865507661,1.17254584861233,0.00073440091866281,0.000729337986417924,1.6703180316945,1.66802258314585,0.00113359722740002,0.00112592068499511,0.590909090909091,0.931818181818182,88
"CFA_Pyrenew-Pyrenew_E_COVID","15",1.03990554902398,1.03904088586471,0.00072138783365063,0.000715557363300539,1.53726482596551,1.53780685253589,0.00112140192410184,0.00111280815953344,0.433333333333333,0.9,90
"CFA_Pyrenew-Pyrenew_E_COVID","16",0.823358881389262,0.822873673619979,0.000536449547571675,0.000534011759636617,1.02290048611336,1.0228264080455,0.000843423702231826,0.000839689203337912,0.534090909090909,0.954545454545455,88
"CFA_Pyrenew-Pyrenew_E_COVID","17",0.722651712666004,0.721943273108188,0.000757084852501387,0.00074848451703161,1.70894603691378,1.70779775818814,0.00118363019431389,0.00117052649768286,0.255555555555556,0.811111111111111,90
"CFA_Pyrenew-Pyrenew_E_COVID","18",0.696950603757888,0.696083078948726,0.000659025279147043,0.000651485396788481,0.996326978446832,0.995367374518062,0.00104405083381907,0.0010322787281888,0.453488372093023,0.953488372093023,86
"CFA_Pyrenew-Pyrenew_E_COVID","19",0.801749545010791,0.801144807344613,0.00102901182154044,0.00101751162777534,0.806887844739542,0.806152871777854,0.00158163785139236,0.00156389490051012,0.480769230769231,0.884615384615385,52
"CFA_Pyrenew-Pyrenew_E_COVID","20",0.605003355132601,0.604933413825239,0.000379923204200379,0.000377685971401665,0.850685869604687,0.850699420478863,0.000587595844089144,0.000584203115245867,0.633333333333333,1,90
"CFA_Pyrenew-Pyrenew_E_COVID","21",0.712834546726677,0.712365879935798,0.000553619817538644,0.000548788444056558,0.949923880273669,0.949639372360326,0.000896882953486072,0.000889196438069241,0.466666666666667,0.966666666666667,90
"CFA_Pyrenew-Pyrenew_E_COVID","22",0.676540265205438,0.676009081206224,0.000772343906151531,0.000765789894556409,0.699912152827248,0.699687462278015,0.00121896604847811,0.00120916462930607,0.444444444444444,0.955555555555556,90
"CFA_Pyrenew-Pyrenew_E_COVID","23",1.1183699991671,1.11712132981153,0.000940625989477703,0.000932722706320237,1.35521667006953,1.35439053190525,0.00146626425929429,0.00145419985239586,0.4,0.855555555555556,90
"CFA_Pyrenew-Pyrenew_E_COVID","24",0.643907788854867,0.643631899650427,0.000345799090075945,0.000344090033125679,1.73425871475648,1.73372301369773,0.000510169640266932,0.00050769330015115,0.555555555555556,0.977777777777778,90
"CFA_Pyrenew-Pyrenew_E_COVID","25",0.618979725613825,0.618462198754391,0.000436235424805273,0.000433329840325531,0.657622926694875,0.657331648802231,0.000685176164362664,0.000680648136203385,0.511111111111111,0.955555555555556,90
"CFA_Pyrenew-Pyrenew_E_COVID","26",0.433708171417337,0.433439483503656,0.000401110154248943,0.000397205901945722,0.635866151130705,0.635698310347355,0.000656862526672382,0.000650563976081667,0.5,0.977777777777778,90
"CFA_Pyrenew-Pyrenew_E_COVID","27",0.869562894071329,0.868784912451079,0.000513269836457869,0.000509768244876629,1.30667966945837,1.30642355676079,0.000804176243743881,0.000798979980590946,0.433333333333333,0.966666666666667,90
"CFA_Pyrenew-Pyrenew_E_COVID","28",0.894628620935249,0.893627205853947,0.000891122349603739,0.000883884257219071,1.32438644169987,1.3231098379655,0.00139917312448857,0.0013880281304164,0.420454545454545,0.920454545454545,88
"CFA_Pyrenew-Pyrenew_E_COVID","29",0.928902216746591,0.928491902219611,0.00063715811743246,0.000632799315264155,0.901809584709494,0.901580450321293,0.00095815268345142,0.000951876353081455,0.411111111111111,0.877777777777778,90
"CFA_Pyrenew-Pyrenew_E_COVID","30",0.835318051808125,0.834848948856003,0.000517796577348996,0.000514949573068298,0.866711591928279,0.866652897271095,0.000833532122904579,0.000829113276062771,0.444444444444444,0.977777777777778,90
"CFA_Pyrenew-Pyrenew_E_COVID","31",0.681300551195642,0.680810441602175,0.000510421688727163,0.000507054990279656,0.883682113215207,0.88320489138379,0.000827662389026918,0.000822242193129249,0.566666666666667,0.988888888888889,90
"CFA_Pyrenew-Pyrenew_E_COVID","32",0.838043802809985,0.837784468961275,0.000354160604531412,0.000352925035956479,0.95350840176982,0.953535770325338,0.000543082366292591,0.000541329402489888,0.533333333333333,0.955555555555556,90
"CFA_Pyrenew-Pyrenew_E_COVID","33",1.07868862114421,1.07737201992267,0.000700636493165438,0.000694755649137884,1.27292471459273,1.27186806736755,0.00110613948522344,0.00109690829588572,0.566666666666667,1,90
"CFA_Pyrenew-Pyrenew_E_COVID","34",0.579720010957563,0.579182387224714,0.000312364293578705,0.000310688707901909,0.703037817462717,0.702494960936295,0.000489659282843955,0.000487023580969841,0.633333333333333,0.988888888888889,90
"CFA_Pyrenew-Pyrenew_E_COVID","35",0.762903386330562,0.762663929935501,0.000668500214261301,0.000662878143131211,0.954376217762085,0.954355192479057,0.00104685555889413,0.00103802911891671,0.5,0.965909090909091,88
"CFA_Pyrenew-Pyrenew_E_COVID","36",0.960904336589077,0.960029032617719,0.000352439780608553,0.000350848582396029,1.23101961295925,1.23019206774419,0.000553627858894789,0.000551166825852711,0.544444444444444,0.922222222222222,90
"CFA_Pyrenew-Pyrenew_E_COVID","37",0.655877169346189,0.655559764546735,0.000464903470909469,0.00046211781521721,0.802923701262843,0.802709874472122,0.000715495605649595,0.000711423403532156,0.522222222222222,0.966666666666667,90
"CFA_Pyrenew-Pyrenew_E_COVID","38",0.647426695157213,0.646965018687325,0.000793667941611917,0.000787609482636935,0.984801092079255,0.984442529804846,0.00125184459151717,0.00124281574715305,0.522222222222222,0.977777777777778,90
"CFA_Pyrenew-Pyrenew_E_COVID","39",0.532708554309291,0.532164041919309,0.000526567362268783,0.000520520058014946,0.751324255774793,0.751029966787433,0.000818074608689887,0.000809007814139463,0.566666666666667,0.944444444444444,90
"CFA_Pyrenew-Pyrenew_E_COVID","40",0.786711517227222,0.785559898839022,0.000747329372237345,0.000741014478019573,0.919125660862972,0.918501747326773,0.00116536665467059,0.00115650688694084,0.540229885057471,0.988505747126437,87
"CFA_Pyrenew-Pyrenew_E_COVID","41",0.610693989272949,0.609973197653914,0.000310500707955635,0.000309354865945232,0.746951579302048,0.746542586934092,0.000465180063165631,0.000463502875074164,0.533333333333333,0.933333333333333,90
"CFA_Pyrenew-Pyrenew_E_COVID","42",0.585758131476476,0.585000950886128,0.000418257437827629,0.000414780124731734,1.1156466158545,1.11446690232608,0.000628758492116774,0.000623552528154165,0.522222222222222,0.944444444444444,90
"CFA_Pyrenew-Pyrenew_E_COVID","44",0.985905576822797,0.984979145914453,0.000631224742676989,0.000627948785005418,1.11600835154318,1.11570413490928,0.00099398142066443,0.000989183177906124,0.402439024390244,0.951219512195122,82
"CFA_Pyrenew-Pyrenew_E_COVID","45",0.840882252964478,0.840109663445115,0.000739139473323145,0.000734388066908135,1.08332166517051,1.08219782165393,0.00116136077820523,0.00115413054285384,0.444444444444444,0.9,90
"CFA_Pyrenew-Pyrenew_E_COVID","46",1.00409968467665,1.00233510490836,0.000917525865275934,0.000908156172111084,1.25766829669803,1.25657802759288,0.00143604873370695,0.00142203543060868,0.409090909090909,0.909090909090909,88
"CFA_Pyrenew-Pyrenew_E_COVID","47",0.779432194916007,0.778670477033431,0.00057399676421921,0.000569784311622523,1.03834980543223,1.0376701862168,0.00088063819301214,0.000874376845642955,0.488888888888889,0.944444444444444,90
"CFA_Pyrenew-Pyrenew_E_COVID","48",0.502956079608136,0.501790811130596,0.000580614972064806,0.000573565317682588,0.5273789601946,0.526638054401018,0.000878970668509275,0.00086850274512221,0.466666666666667,0.922222222222222,90
"CFA_Pyrenew-Pyrenew_E_COVID","49",0.833332755545667,0.832784095871555,0.00036895197395422,0.000367878340820022,1.32077192767468,1.32021917187525,0.000600482435327002,0.000598892072440069,0.448717948717949,0.987179487179487,78
"CFA_Pyrenew-Pyrenew_E_COVID","50",0.72031753604319,0.720076429702561,0.00077262539309145,0.000767830833147485,0.827681425285216,0.827668714472725,0.00123999317911797,0.00123249215858591,0.466666666666667,0.966666666666667,90
"CFA_Pyrenew-Pyrenew_E_COVID","51",0.734594664405457,0.733967963593178,0.00050036788761092,0.000497093608963929,1.05997379598927,1.05915953385087,0.00079744244352443,0.000792282123045525,0.5,0.955555555555556,90
"CFA_Pyrenew-Pyrenew_E_COVID","53",0.656007942740504,0.655449756715995,0.000298633036965873,0.000297351083770379,0.827444141951984,0.827428261221331,0.000459241094544187,0.000457376015189629,0.488888888888889,0.977777777777778,90
"CFA_Pyrenew-Pyrenew_E_COVID","54",0.660414336213723,0.659971085639615,0.00104289184053532,0.00102847684187392,0.74528677169366,0.744897718867552,0.00161114066382553,0.0015891487787003,0.4,0.922222222222222,90
"CFA_Pyrenew-Pyrenew_E_COVID","55",0.477286096805111,0.476601075276054,0.000372080566951438,0.000368340036360015,0.541212460621086,0.540624967169537,0.000571935391886707,0.00056614849556024,0.588888888888889,0.988888888888889,90
"CFA_Pyrenew-Pyrenew_HE_COVID","01",0.913539715404302,0.911050377161654,0.000935245159896815,0.000927121390583841,1.09512119837131,1.09233992475281,0.00142132071199982,0.00140930297986874,0.488636363636364,0.920454545454545,88
"CFA_Pyrenew-Pyrenew_HE_COVID","02",0.830077491924005,0.830011470608817,0.000607443563259749,0.000605472797527099,1.11438862480571,1.11437857056263,0.000970434641120032,0.000967417972100655,0.476744186046512,0.953488372093023,86
"CFA_Pyrenew-Pyrenew_HE_COVID","04",0.842585582710015,0.842417709383889,0.000379661299277913,0.000378015171862143,1.08278418900586,1.0826748898968,0.00058689647390176,0.000584430321015926,0.555555555555556,0.955555555555556,90
"CFA_Pyrenew-Pyrenew_HE_COVID","05",1.17632813310148,1.17689340038534,0.000821827400053995,0.000817650792586068,2.41223214880901,2.41384471694994,0.00130256310541623,0.0012961875205128,0.394736842105263,0.921052631578947,76
"CFA_Pyrenew-Pyrenew_HE_COVID","06",1.3752065099749,1.36995250302216,0.000499332713173662,0.000495255509406599,1.66787388904428,1.66213639818189,0.000771499839832454,0.00076527823870666,0.411111111111111,0.866666666666667,90
"CFA_Pyrenew-Pyrenew_HE_COVID","08",0.696592285943185,0.696151853885807,0.000369819291744997,0.00036796747912379,0.831707562282892,0.831508865607222,0.000565594614253066,0.000562901579806091,0.523255813953488,0.988372093023256,86
"CFA_Pyrenew-Pyrenew_HE_COVID","09",2.07907332706731,2.08138239485569,0.00220182356390516,0.00218494379314142,2.14314622468624,2.14637648269191,0.0032499067961588,0.003225500802194,0.0384615384615385,0.461538461538462,26
"CFA_Pyrenew-Pyrenew_HE_COVID","10",0.845959409978945,0.845269346927247,0.000758317895214808,0.0007530639200767,1.03283549731442,1.03253551896309,0.00115592827489351,0.00114838041740229,0.533333333333333,0.955555555555556,90
"CFA_Pyrenew-Pyrenew_HE_COVID","11",0.869677962821754,0.868698329928839,0.00059636230034784,0.000593873070685836,0.978344227227935,0.977786041268226,0.000971164843640058,0.000967855635408084,0.54320987654321,0.962962962962963,81
"CFA_Pyrenew-Pyrenew_HE_COVID","12",0.634497159791511,0.634758411033035,0.000397901503425925,0.000395506016987166,0.879740287730654,0.880595015532452,0.000635394159004213,0.000631595666497574,0.4,0.944444444444444,90
"CFA_Pyrenew-Pyrenew_HE_COVID","13",1.16207376264821,1.16012339583153,0.000728812028503298,0.000723707267939693,1.64271220909237,1.64044301508646,0.0011163476369202,0.00110876735137878,0.590909090909091,0.943181818181818,88
"CFA_Pyrenew-Pyrenew_HE_COVID","15",1.01709038352672,1.01652257363349,0.000704446074182066,0.000698972509462164,1.48933501587132,1.49016976587245,0.00106577084937472,0.00105785648303435,0.466666666666667,0.9,90
"CFA_Pyrenew-Pyrenew_HE_COVID","16",0.901349748220745,0.900870930046652,0.000581704471472817,0.000579082036728642,1.10553103543366,1.10557727376219,0.00090518349979012,0.000901263202636462,0.579545454545455,0.954545454545455,88
"CFA_Pyrenew-Pyrenew_HE_COVID","17",0.748690642917009,0.747919051664435,0.000778053259803572,0.000769161358749329,1.75651298328141,1.75523917812015,0.00120660559423994,0.00119316816415544,0.277777777777778,0.811111111111111,90
"CFA_Pyrenew-Pyrenew_HE_COVID","18",0.728552564680618,0.727328697927254,0.000700610811981113,0.000692173564832602,1.06546958820942,1.0640693979921,0.0011280109496906,0.00111475387552917,0.511627906976744,0.941860465116279,86
"CFA_Pyrenew-Pyrenew_HE_COVID","19",0.818092828464016,0.81698526035952,0.00108135416643873,0.00106845929050842,0.829407652987659,0.828118595571255,0.00166730738783074,0.00164729577853706,0.442307692307692,0.865384615384615,52
"CFA_Pyrenew-Pyrenew_HE_COVID","20",0.62766795923389,0.627595283558465,0.000405490911608233,0.000403078417971855,0.900149776951029,0.900200210374812,0.000637411969193627,0.000633741383055815,0.568181818181818,0.988636363636364,88
"CFA_Pyrenew-Pyrenew_HE_COVID","21",0.726396009678772,0.726029909589763,0.000566008914864569,0.000561178686538455,0.95547533973164,0.955327906757134,0.000907315189013469,0.000899683292055392,0.422222222222222,0.955555555555556,90
"CFA_Pyrenew-Pyrenew_HE_COVID","22",0.686081137391023,0.685517561832178,0.000815827272258337,0.000808390323797643,0.700745601977846,0.70046960294913,0.00127037497495267,0.00125927016169272,0.447368421052632,0.947368421052632,76
"CFA_Pyrenew-Pyrenew_HE_COVID","23",1.12172949173544,1.12063957888028,0.000938905142908884,0.00093117903260458,1.36682123015898,1.36610985677619,0.0014763205039375,0.00146433436965222,0.377777777777778,0.866666666666667,90
"CFA_Pyrenew-Pyrenew_HE_COVID","24",0.670399316681163,0.670112458474762,0.000379469781536852,0.000377471469904297,1.77947747292496,1.7790604310422,0.000542572717775222,0.000539773740415786,0.592105263157895,0.960526315789474,76
"CFA_Pyrenew-Pyrenew_HE_COVID","25",0.619021911855634,0.618470648974198,0.00044623833107702,0.000443217131072394,0.658680050985729,0.658381081903437,0.00070473228989916,0.000700050404892757,0.454545454545455,0.931818181818182,88
"CFA_Pyrenew-Pyrenew_HE_COVID","26",0.447340485946046,0.447031417898581,0.000431239103351503,0.000426978349679151,0.655909202965489,0.655718821704098,0.00070562764951761,0.000698831853044082,0.5,0.965116279069767,86
"CFA_Pyrenew-Pyrenew_HE_COVID","27",0.896294715861246,0.895424899846171,0.00054716554790876,0.000543356658005337,1.33983915908385,1.33949454800364,0.000851478825430514,0.000845879675087502,0.443181818181818,0.965909090909091,88
"CFA_Pyrenew-Pyrenew_HE_COVID","28",0.940756944351224,0.939593803452061,0.000928505697495736,0.000920867778103574,1.390603006257,1.38915118005425,0.00145655495469954,0.00144486388419622,0.454545454545455,0.920454545454545,88
"CFA_Pyrenew-Pyrenew_HE_COVID","29",0.943983134630804,0.943605001157218,0.000679992494281666,0.000675138234884513,0.911731101218221,0.911481782345029,0.00101531771906333,0.00100826785150951,0.366666666666667,0.855555555555556,90
"CFA_Pyrenew-Pyrenew_HE_COVID","30",0.868075692057213,0.867515715533213,0.000561746384699556,0.000558558363974114,0.882431692836456,0.882367369220703,0.000885387608997323,0.000880629842559508,0.464285714285714,0.952380952380952,84
"CFA_Pyrenew-Pyrenew_HE_COVID","31",0.733322140226925,0.732947851448059,0.000547857505985739,0.000544360280055286,0.963046420068965,0.962660545535322,0.000894863002927822,0.000889136899902134,0.488888888888889,0.944444444444444,90
"CFA_Pyrenew-Pyrenew_HE_COVID","32",0.835263852289635,0.835052347078195,0.000356369773610235,0.000355147850159436,0.922845158972412,0.922885250869742,0.000532607411604752,0.000530895665217798,0.511111111111111,0.955555555555556,90
"CFA_Pyrenew-Pyrenew_HE_COVID","33",1.1700395239534,1.16865615191074,0.000761342143306601,0.000755013743908222,1.40109973364591,1.40023627770969,0.00122099537701244,0.00121114868379532,0.455555555555556,1,90
"CFA_Pyrenew-Pyrenew_HE_COVID","34",0.601415580428412,0.600872443806004,0.000351268861224845,0.000349340079948904,0.739006380420178,0.738443135968373,0.000563381884080444,0.000560274077633321,0.675,0.9875,80
"CFA_Pyrenew-Pyrenew_HE_COVID","35",0.755942090946952,0.755679892810876,0.00068137133047777,0.000675532498249499,0.936601988735114,0.936664631711792,0.00107046106670518,0.00106140916962421,0.534883720930233,0.976744186046512,86
"CFA_Pyrenew-Pyrenew_HE_COVID","36",1.01029739339515,1.00943570523607,0.000375362502090455,0.000373689475040245,1.25397211594645,1.25325784260294,0.000573112243251343,0.000570616795335567,0.566666666666667,0.911111111111111,90
"CFA_Pyrenew-Pyrenew_HE_COVID","37",0.644031172426599,0.643820098255238,0.000473555971191507,0.000470761982430125,0.761707857428289,0.761622752420571,0.000714094486636128,0.000710099914837591,0.51219512195122,0.975609756097561,82
"CFA_Pyrenew-Pyrenew_HE_COVID","38",0.681553603077416,0.680878154584353,0.000849587683737489,0.000842821395027436,1.04599715241501,1.0453163140732,0.0013538600221817,0.00134363983606485,0.511363636363636,0.931818181818182,88
"CFA_Pyrenew-Pyrenew_HE_COVID","39",0.56634871902299,0.565600531975768,0.000655508890607606,0.000647477957771414,0.78450835784697,0.783953549166579,0.000999768740650434,0.000988003135662253,0.513157894736842,0.947368421052632,76
"CFA_Pyrenew-Pyrenew_HE_COVID","40",0.810573704539582,0.809228038661488,0.000770371825888562,0.000763696926871938,0.940397128748329,0.939846762722826,0.00118424724842777,0.00117536112271325,0.597701149425287,0.942528735632184,87
"CFA_Pyrenew-Pyrenew_HE_COVID","41",0.645975222688647,0.645280095993817,0.000352847034076806,0.000351536007915608,0.791729192091989,0.791391555753955,0.000527949536245323,0.000526046359127714,0.475,0.9125,80
"CFA_Pyrenew-Pyrenew_HE_COVID","42",0.614599324666698,0.613805475699805,0.000455363516937105,0.000451562531444721,1.17074097214595,1.16946819299555,0.00068840922183113,0.000682686414785465,0.5,0.965116279069767,86
"CFA_Pyrenew-Pyrenew_HE_COVID","44",0.988493157269382,0.987398358842888,0.000605376947637082,0.000602080109232374,1.1165854112399,1.11600721378488,0.000960700096551817,0.0009556921453525,0.443037974683544,0.949367088607595,79
"CFA_Pyrenew-Pyrenew_HE_COVID","45",0.812609586091068,0.81198203168517,0.000789663477132421,0.000784550947593004,1.03231623852384,1.03151532620428,0.0012503758261079,0.00124269037351925,0.394736842105263,0.907894736842105,76
"CFA_Pyrenew-Pyrenew_HE_COVID","46",1.10888835749631,1.107444644425,0.0010609519904674,0.00105062775978824,1.33340905656117,1.33240203927665,0.00156500159935294,0.00154992084880988,0.470588235294118,0.835294117647059,85
"CFA_Pyrenew-Pyrenew_HE_COVID","47",0.812749564118705,0.811810121744381,0.000611430007122554,0.000606794407194921,1.08504651994324,1.08415420176913,0.000940977395394905,0.000934077587520217,0.454545454545455,0.943181818181818,88
"CFA_Pyrenew-Pyrenew_HE_COVID","48",0.507163378533049,0.506047149923879,0.000679912026972888,0.0006714883703749,0.541426592556751,0.540667968816554,0.0010397185203555,0.0010270349731411,0.459459459459459,0.891891891891892,74
"CFA_Pyrenew-Pyrenew_HE_COVID","49",0.86407757042021,0.863587264445937,0.000382874848542415,0.000381793588087785,1.39990186581392,1.39938687359024,0.00063788115884178,0.00063622051307677,0.423076923076923,0.948717948717949,78
"CFA_Pyrenew-Pyrenew_HE_COVID","50",0.765490895996484,0.765276075738765,0.000841132852497221,0.00083599035799799,0.854009541396988,0.854092173525825,0.00131340223667471,0.00130565865560261,0.466666666666667,0.922222222222222,90
"CFA_Pyrenew-Pyrenew_HE_COVID","51",0.7454150723316,0.744637467424591,0.000527058419385591,0.000523416889912994,1.06091169471313,1.05993016739159,0.000831189995681273,0.000825522968852003,0.48780487804878,0.963414634146341,82
"CFA_Pyrenew-Pyrenew_HE_COVID","53",0.674719283299976,0.674153806255408,0.000307601105455696,0.000306284534651051,0.839894888880744,0.839914532375912,0.000466185488937337,0.000464316908668864,0.544444444444444,0.977777777777778,90
"CFA_Pyrenew-Pyrenew_HE_COVID","54",0.674078968778273,0.673686832809028,0.0010584065056856,0.00104388268208186,0.764831709469287,0.764521950956524,0.00163896383419837,0.00161679497213417,0.433333333333333,0.911111111111111,90
"CFA_Pyrenew-Pyrenew_HE_COVID","55",0.507932403212693,0.507126602301929,0.000400267172000945,0.000396174548605551,0.56776317913291,0.567098074034593,0.000607095161095153,0.000600893415155824,0.611111111111111,0.988888888888889,90
"CMU-TimeSeries","01",0.777562029864772,0.777525825989156,0.000829433521219164,0.000825155292922041,0.954982701100595,0.954953305151957,0.00129184498800346,0.00128548062420229,0.403225806451613,0.913978494623656,186
"CMU-TimeSeries","02",0.867198381088809,0.867293963013619,0.000870006746578501,0.000866693183759808,1.23004061572045,1.22998188795692,0.00133341851708126,0.00132866502333233,0.28494623655914,0.849462365591398,186
"CMU-TimeSeries","04",0.819717670622948,0.819543646372583,0.000554521874459858,0.000552065446977726,1.04748614382174,1.0473394812287,0.000829684317536075,0.000826399062634609,0.543010752688172,0.973118279569892,186
"CMU-TimeSeries","05",0.677388360822612,0.677236353613909,0.000887819412856503,0.000882425285692295,1.05368473678279,1.05358599102528,0.00133682576235478,0.00132896322743697,0.360215053763441,0.849462365591398,186
"CMU-TimeSeries","06",0.80555842757282,0.805033229679331,0.000491482007714682,0.000489257884476941,0.927668717209885,0.927528700699041,0.00076092332935743,0.000757682443737307,0.510752688172043,0.989247311827957,186
"CMU-TimeSeries","08",0.886055371453827,0.885653955621042,0.000587485525276295,0.000584533294872871,1.16355921608569,1.16336550746837,0.000902408208812589,0.000898216139504783,0.413978494623656,0.935483870967742,186
"CMU-TimeSeries","09",0.793221891536524,0.792875615193165,0.00107157208315464,0.00106302437002108,0.887176071992713,0.887087955332187,0.00159206823370954,0.00157930902811779,0.576923076923077,0.934065934065934,182
"CMU-TimeSeries","10",0.926807875245265,0.92622692313043,0.00130943373287622,0.00129973512007277,1.20078139779915,1.20036883207692,0.00199023226924615,0.0019755825024067,0.327956989247312,0.854838709677419,186
"CMU-TimeSeries","11",0.937406830625665,0.937379685927753,0.000890567298915354,0.000887949929158175,0.903505098603921,0.903413374075808,0.00119274553180893,0.00118947450447393,0.338709677419355,0.790322580645161,186
"CMU-TimeSeries","12",0.698563482927756,0.697889599085797,0.000672264218235084,0.000667579257435075,0.831684321944029,0.831351810381062,0.00107707665284578,0.00106960556066164,0.532258064516129,0.994623655913978,186
"CMU-TimeSeries","13",0.838013693087849,0.837627040271131,0.000751361552612682,0.000747651158959365,1.15288770159434,1.15257141308974,0.00113355409807237,0.00112814916388527,0.43010752688172,0.897849462365591,186
"CMU-TimeSeries","15",0.945501558796025,0.944469715103844,0.000959372319924396,0.000951504841474424,1.26107857650986,1.26076215552389,0.00150417279668121,0.00149219675225183,0.370967741935484,0.887096774193548,186
"CMU-TimeSeries","16",0.920419488055187,0.919894555320455,0.000714511033502199,0.000710982127275309,1.14743945424577,1.14723103276478,0.00108481713957657,0.00107979222559689,0.440860215053763,0.919354838709677,186
"CMU-TimeSeries","17",0.687483170296736,0.687018819012593,0.0011787868914488,0.00116645028108643,1.23650328529905,1.23625600048189,0.0017453645567682,0.00172835216716784,0.446236559139785,0.887096774193548,186
"CMU-TimeSeries","18",0.640008556858943,0.639774471810768,0.00103483001785138,0.00102437708420801,0.777058856962824,0.777184034578074,0.00160876159117259,0.00159301313454238,0.435483870967742,0.919354838709677,186
"CMU-TimeSeries","19",0.949903646499145,0.949378822317289,0.00194499178889866,0.00192491563946079,0.930407952562569,0.930188171695602,0.00282179075539503,0.00279427187700384,0.223076923076923,0.715384615384615,130
"CMU-TimeSeries","20",0.774589965622989,0.774414939453381,0.000758495130229526,0.000753653770224463,0.995281977266849,0.99534440214883,0.00113821582714691,0.00113138789692501,0.440860215053763,0.913978494623656,186
"CMU-TimeSeries","21",0.722859446503307,0.722413681723174,0.000913574350786923,0.00090610130065413,0.952423709154771,0.95216448310981,0.00142922559774912,0.00141788167717537,0.387096774193548,0.908602150537634,186
"CMU-TimeSeries","22",0.778519498220289,0.777917666695325,0.00101836428865161,0.00101020387764966,0.826182697465926,0.825959071171233,0.0015217433483293,0.00151000087903299,0.419354838709677,0.913978494623656,186
"CMU-TimeSeries","23",0.855399579330998,0.855044332098619,0.00125572183186714,0.0012451276654155,0.921826180282709,0.921674312641998,0.00180220513451822,0.0017880982032963,0.360215053763441,0.801075268817204,186
"CMU-TimeSeries","24",0.712054903891781,0.711741169744855,0.000633065699383323,0.000629815898852238,1.61862162227939,1.61829707341561,0.000973521157092333,0.000968910038991622,0.510752688172043,0.967741935483871,186
"CMU-TimeSeries","25",0.805704214473629,0.805286474271973,0.000836354694970383,0.00083064008712549,0.866302853439225,0.866213082079358,0.00129043311422699,0.00128209395473856,0.456989247311828,0.940860215053763,186
"CMU-TimeSeries","26",0.716904750884161,0.716510745414441,0.00123575313537537,0.00122422319857833,1.06884825674037,1.06875127370686,0.00185025485736281,0.00183345315061212,0.446236559139785,0.844086021505376,186
"CMU-TimeSeries","27",0.702749215789518,0.702312303532825,0.000892251809308774,0.000885986113058648,1.11293626285583,1.11264659065457,0.00138070957533417,0.00137129146388958,0.381720430107527,0.919354838709677,186
"CMU-TimeSeries","28",0.819465457517592,0.819140153211974,0.00105924939842235,0.00105238959828532,1.11252841769459,1.11220650981389,0.00166936209521178,0.00165889676297425,0.327956989247312,0.876344086021505,186
"CMU-TimeSeries","29",0.94551503621288,0.945691491568823,0.000414280782818246,0.000413592478612482,1.04467346356212,1.04475457933811,0.000710670043718159,0.000709527657077036,0.225806451612903,1,62
"CMU-TimeSeries","30",1.09441274774362,1.09418335308812,0.000800091368954637,0.00079573397928225,1.17818749092746,1.1780683636684,0.00118743820770188,0.00118116259244764,0.28494623655914,0.758064516129032,186
"CMU-TimeSeries","31",0.854403987807383,0.854030259091745,0.000788934006557385,0.000783839906234687,1.12455265359084,1.12430900492915,0.00118199147956396,0.00117478365337145,0.43010752688172,0.919354838709677,186
"CMU-TimeSeries","32",0.893166537957324,0.89308538620821,0.000487754142475978,0.000486073395389961,1.01805557401443,1.0182316846939,0.000742736552323229,0.000740364397048502,0.435483870967742,0.946236559139785,186
"CMU-TimeSeries","33",0.786578996452886,0.786135740773015,0.000942613737374917,0.00093569674759376,0.807085486690918,0.806892459415107,0.0014706327568214,0.0014601744139413,0.344086021505376,0.870967741935484,186
"CMU-TimeSeries","34",0.759909105381956,0.759524106993029,0.000703793381502322,0.000699836440063277,0.810399971329725,0.810250953892965,0.0010735811320226,0.0010678455181982,0.553763440860215,0.951612903225806,186
"CMU-TimeSeries","35",0.83958288848788,0.839151233403843,0.000938781016053572,0.000930649590220281,1.12141136718926,1.12127960558526,0.00143077317626299,0.00141896644467907,0.413978494623656,0.935483870967742,186
"CMU-TimeSeries","36",0.804150958307856,0.803830659045861,0.000595987310764866,0.000593169792032154,0.886818257204779,0.886732536307569,0.000949786188162523,0.000945517218075032,0.521505376344086,0.962365591397849,186
"CMU-TimeSeries","37",0.779446784553185,0.779282175622534,0.000749691033438721,0.000745666280079961,0.960112683724426,0.960001799916866,0.00116764352878742,0.00116172614905877,0.483870967741935,0.983870967741935,186
"CMU-TimeSeries","38",0.679621194084115,0.679317739757421,0.00118442011236652,0.0011755584280952,1.08021951198593,1.07982793480964,0.00181193894138593,0.00179903213960503,0.349462365591398,0.811827956989247,186
"CMU-TimeSeries","39",0.691142522019892,0.690670284985759,0.00101820623541543,0.00100786457601359,0.975955380961246,0.975691960021423,0.00161671715032839,0.00160070096317145,0.510752688172043,0.876344086021505,186
"CMU-TimeSeries","40",0.763765899158422,0.763465107136302,0.00100606796535732,0.000999284105675526,1.04504025646499,1.04483800342047,0.00153972150725924,0.00152975809982179,0.39247311827957,0.833333333333333,186
"CMU-TimeSeries","41",0.679254865145123,0.679030074260276,0.000657371795236827,0.000653314136410098,0.86225382324029,0.862307728252667,0.00102521471638675,0.0010189816136955,0.408602150537634,0.924731182795699,186
"CMU-TimeSeries","42",0.72736821354399,0.726925220768024,0.00081331466260001,0.000807389398129442,1.36198033589065,1.36175358075559,0.00127706346506116,0.00126814882339682,0.467741935483871,0.908602150537634,186
"CMU-TimeSeries","44",0.942595968362243,0.942261915278572,0.00103546370689717,0.0010292599115998,1.14401934443627,1.14385824586529,0.00157867165393685,0.00156971775599121,0.290322580645161,0.801075268817204,186
"CMU-TimeSeries","45",0.746064547682496,0.745943900616002,0.000762475192286873,0.000758578365542591,0.976983234133757,0.976693537808886,0.00116651180732574,0.00116089432672949,0.467741935483871,0.946236559139785,186
"CMU-TimeSeries","46",1.10241386132962,1.10189226725456,0.00157108270169485,0.00155659504029823,1.42132441223786,1.42073465256448,0.00221316519900853,0.00219341395113982,0.28494623655914,0.806451612903226,186
"CMU-TimeSeries","47",0.774451944027397,0.774256649167842,0.0007682055251815,0.00076366122570716,1.00694846036717,1.00693227161281,0.00121669105899667,0.00120980606436676,0.435483870967742,0.946236559139785,186
"CMU-TimeSeries","48",0.751480917487699,0.750656420041303,0.00104494599488341,0.00103511669797121,0.815351552071134,0.814991189417935,0.0015432579993257,0.00152882872448465,0.564516129032258,0.887096774193548,186
"CMU-TimeSeries","49",0.655281676953513,0.655147013125996,0.000461852222690206,0.000460349796517948,0.724005971745567,0.723939614757612,0.000676255816046801,0.000674365557430007,0.5,0.983870967741935,186
"CMU-TimeSeries","50",0.806971363214468,0.806855681218663,0.00112957745571413,0.00112224764366912,1.03129556512167,1.03127071120816,0.0017118792289285,0.00170112520371543,0.306451612903226,0.758064516129032,186
"CMU-TimeSeries","51",0.765670673271122,0.765428098767645,0.000684004102077298,0.00068017429407462,1.13105909238496,1.13085689590294,0.00107829149230486,0.00107274242590112,0.510752688172043,0.989247311827957,186
"CMU-TimeSeries","53",0.746072787493432,0.745661661601028,0.000742932056832704,0.000738376563606115,0.859239141242037,0.859216369091155,0.00113093867950791,0.0011241377710476,0.473118279569892,0.951612903225806,186
"CMU-TimeSeries","54",0.723938133148404,0.723431252297595,0.00169779178532004,0.00167440690128638,0.840985799956614,0.84074179692261,0.00251399118309796,0.0024816905362011,0.306451612903226,0.881720430107527,186
"CMU-TimeSeries","55",0.648007230223443,0.647468260473712,0.00113132397309127,0.00112165159154271,0.715424244647294,0.715201132184556,0.0016502496148875,0.00163650270804372,0.435483870967742,0.849462365591398,186
"CMU-TimeSeries","56",0.735465204327103,0.735554850437232,0.000749594378066945,0.000746165815392535,1.19802653994325,1.19810308584172,0.00115946828566305,0.00115438809497582,0.481481481481481,0.944444444444444,54
"CovidHub-baseline","01",1,1,0.00103426008739112,0.00102939465282268,1,1,0.00128820224719101,0.00128216644714353,0.876404494382023,1,178
"CovidHub-baseline","02",1,1,0.000844912997310432,0.000841987947823673,1,1,0.00104325842696629,0.00104006228937865,0.943820224719101,1,178
"CovidHub-baseline","04",1,1,0.000677948739688801,0.000675452972230736,1,1,0.000767977528089888,0.000765193375176661,0.893258426966292,1,178
"CovidHub-baseline","05",1,1,0.00101851730468394,0.00101285374438337,1,1,0.00144269662921348,0.0014345007426823,0.780898876404494,1,178
"CovidHub-baseline","06",1,1,0.000629602137663047,0.000627381501250038,1,1,0.000729775280898876,0.000726813994590264,0.814606741573034,1,178
"CovidHub-baseline","08",1,1,0.000634829937820336,0.000632138017135671,1,1,0.000869101123595506,0.000865246384864703,0.803370786516854,1,178
"CovidHub-baseline","09",1,1,0.000945899798516769,0.000940182315895988,1,1,0.00129101123595506,0.00128281621215028,0.792134831460674,1,178
"CovidHub-baseline","10",1,1,0.00105478627560005,0.00104859382526656,1,1,0.00150224719101124,0.00149326987775112,0.775280898876405,1,178
"CovidHub-baseline","11",1,1,0.000854764025338079,0.00085217367309538,1,1,0.0012117974887614,0.00120853053993571,0.870786516853933,0.99438202247191,178
"CovidHub-baseline","12",1,1,0.00085724873379375,0.000852742777861135,1,1,0.00097752808988764,0.000971407059093472,0.887640449438202,1,178
"CovidHub-baseline","13",1,1,0.000818940257248713,0.000815560180859066,1,1,0.00106404494382022,0.00105953006891802,0.803370786516854,1,178
"CovidHub-baseline","15",1,1,0.00110293171301797,0.00109577988268764,1,1,0.00130393258426966,0.00129415407896713,0.859550561797753,1,178
"CovidHub-baseline","16",1,1,0.000772254835411666,0.000769125960935367,1,1,0.000924719101123595,0.000920817221841273,0.853932584269663,1,178
"CovidHub-baseline","17",1,1,0.00133852660724513,0.00132573935921723,1,1,0.00184438202247191,0.00182655915015229,0.724719101123595,0.955056179775281,178
"CovidHub-baseline","18",1,1,0.00125505485064594,0.00124335879479412,1,1,0.00184101123595506,0.00182286742252303,0.696629213483146,0.97752808988764,178
"CovidHub-baseline","19",1,1,0.00172510138785839,0.00170767904236695,1,1,0.00258360870493951,0.0025584676041694,0.647540983606557,0.934426229508197,122
"CovidHub-baseline","20",1,1,0.000910770262735578,0.000905407391273607,1,1,0.00124325842696629,0.0012355550079608,0.797752808988764,0.98876404494382,178
"CovidHub-baseline","21",1,1,0.00111230560767981,0.00110426621838172,1,1,0.00157247191011236,0.00156052112004121,0.803370786516854,1,178
"CovidHub-baseline","22",1,1,0.00114189365073722,0.00113449807871168,1,1,0.00143651685393258,0.00142638015583999,0.820224719101124,1,178
"CovidHub-baseline","23",1,1,0.00122217353532748,0.00121273307218785,1,1,0.0016533707106734,0.0016404327204209,0.814606741573034,0.966292134831461,178
"CovidHub-baseline","24",1,1,0.000781223371710256,0.000777695817127534,1,1,0.00104887640449438,0.00104415044652593,0.876404494382023,1,178
"CovidHub-baseline","25",1,1,0.000885460589593781,0.000880291088732059,1,1,0.00121292134831461,0.00120544494115061,0.859550561797753,1,178
"CovidHub-baseline","26",1,1,0.00124228937378475,0.00123125384652481,1,1,0.00179662921348315,0.00177999562999128,0.685393258426966,0.966292134831461,178
"CovidHub-baseline","27",1,1,0.000894272389763333,0.00088865951217566,1,1,0.00130280898876404,0.00129429483324999,0.808988764044944,1,178
"CovidHub-baseline","28",1,1,0.00107618370695376,0.00106986562491871,1,1,0.00142303370786517,0.00141469309819569,0.831460674157303,1,178
"CovidHub-baseline","29",1,1,0.000399163787411366,0.000398394547522008,1,1,0.00062258064516129,0.000621497436086904,0.403225806451613,1,62
"CovidHub-baseline","30",1,1,0.000844842481695884,0.000840388429631783,1,1,0.00122022430196212,0.00121367376986113,0.797752808988764,1,178
"CovidHub-baseline","31",1,1,0.000889581841368817,0.000884587523000376,1,1,0.0012252808988764,0.00121817969816501,0.775280898876405,0.97752808988764,178
"CovidHub-baseline","32",1,1,0.000563824312894423,0.000562060420814665,1,1,0.000719101123595506,0.000716618946567352,0.842696629213483,1,178
"CovidHub-baseline","33",1,1,0.00102715637126004,0.00102042578765314,1,1,0.00144831460674157,0.00143850018512909,0.842696629213483,1,178
"CovidHub-baseline","34",1,1,0.000716816350937007,0.000713612453689796,1,1,0.000949438202247191,0.000945199587424146,0.837078651685393,1,178
"CovidHub-baseline","35",1,1,0.0010835756211429,0.00107541217782814,1,1,0.0014376404494382,0.00142582198684921,0.859550561797753,0.99438202247191,178
"CovidHub-baseline","36",1,1,0.000596521376086734,0.000594323202070659,1,1,0.000837640449438202,0.000834536737380584,0.820224719101124,1,178
"CovidHub-baseline","37",1,1,0.00099253216917698,0.000987670135492585,1,1,0.00123033707865169,0.00122441995067169,0.865168539325843,1,178
"CovidHub-baseline","38",1,1,0.00115947329208922,0.00115210585847778,1,1,0.00167303370786517,0.00166180387195251,0.764044943820225,0.98314606741573,178
"CovidHub-baseline","39",1,1,0.00124765217853896,0.00123589777193187,1,1,0.00177865168539326,0.00176107577392647,0.696629213483146,0.960674157303371,178
"CovidHub-baseline","40",1,1,0.0010452382041384,0.00103864418532424,1,1,0.00152865168539326,0.00151879254632488,0.752808988764045,1,178
"CovidHub-baseline","41",1,1,0.000651510304763514,0.000649297084048061,1,1,0.000712359550561798,0.000709555582465486,0.904494382022472,1,178
"CovidHub-baseline","42",1,1,0.000898034124186454,0.000892102698453252,1,1,0.00130505617977528,0.00129608722258147,0.719101123595506,0.960674157303371,178
"CovidHub-baseline","44",1,1,0.000963029606072184,0.00095778478788456,1,1,0.00140393248314506,0.00139617427859917,0.764044943820225,0.99438202247191,178
"CovidHub-baseline","45",1,1,0.000978110017318126,0.000973508641021236,1,1,0.00112191011235955,0.0011170778855993,0.887640449438202,1,178
"CovidHub-baseline","46",1,1,0.00134694789792219,0.00133547827904316,1,1,0.00191966292134831,0.00190285771882669,0.741573033707865,0.966292134831461,178
"CovidHub-baseline","47",1,1,0.000922538908270983,0.000917581885138077,1,1,0.00124044943820225,0.00123344080389312,0.820224719101124,1,178
"CovidHub-baseline","48",1,1,0.00120722855786303,0.00119839566083149,1,1,0.00151460674157303,0.00150191569788915,0.752808988764045,1,178
"CovidHub-baseline","49",1,1,0.000612157204876116,0.000610432987650384,1,1,0.000596067415730337,0.000594530225352886,0.97752808988764,1,178
"CovidHub-baseline","50",1,1,0.0010260164540412,0.00102015818322783,1,1,0.00133820110953919,0.00133005957017112,0.831460674157303,1,178
"CovidHub-baseline","51",1,1,0.000919997396586435,0.000915328614578457,1,1,0.00114550561797753,0.00113981195302647,0.904494382022472,1,178
"CovidHub-baseline","53",1,1,0.000727531278135241,0.000724579783407974,1,1,0.000852808988764045,0.000848864634143289,0.842696629213483,0.97752808988764,178
"CovidHub-baseline","54",1,1,0.00177740408639507,0.00175490590886963,1,1,0.00250730337078652,0.00247546256162152,0.735955056179775,0.960674157303371,178
"CovidHub-baseline","55",1,1,0.0011334075246123,0.00112453245632366,1,1,0.00162977528089888,0.00161650846128154,0.713483146067416,0.955056179775281,178
"CovidHub-baseline","56",1,1,0.00182091066688157,0.00181037981105895,1,1,0.00247921000698771,0.00246663868608957,0.758426966292135,0.97752808988764,178
"CovidHub-ensemble","01",0.53105180134254,0.530913507100374,0.00061023059010079,0.000606920484894598,0.657341641102317,0.657143397741242,0.000970068931130138,0.000964865256802895,0.561643835616438,0.979452054794521,146
"CovidHub-ensemble","02",0.747888228549674,0.747912779017479,0.00060878560182148,0.000606919043170881,1.0625962700185,1.06252938954483,0.000956875864614769,0.000954053369871365,0.383561643835616,0.897260273972603,146
"CovidHub-ensemble","04",0.65055136273891,0.650424225571534,0.000369170086523187,0.000367705973865601,0.828747570967465,0.828593298594514,0.000574138336469285,0.000571926018468373,0.698630136986301,1,146
"CovidHub-ensemble","05",0.685247014988203,0.685313163512618,0.000562235750599475,0.000559642542666925,1.39707907631858,1.39724401570973,0.000908517158234355,0.000904403581182163,0.417808219178082,0.958904109589041,146
"CovidHub-ensemble","06",0.74615781008095,0.745654489813795,0.000403300700099458,0.000401340144547216,0.955339236563904,0.955138209183561,0.000665138931562016,0.00066198342170692,0.527397260273973,0.993150684931507,146
"CovidHub-ensemble","08",0.619865974604463,0.619689908279084,0.000311173955004356,0.000310155313324551,0.723462109411249,0.723431866999999,0.000473284233357285,0.000471859396851961,0.602739726027397,0.972602739726027,146
"CovidHub-ensemble","09",0.557825316286297,0.557747412492005,0.000417842311229802,0.000415876282768445,0.571448101141438,0.571515975032394,0.000625657657072717,0.000622914146932257,0.671232876712329,0.979452054794521,146
"CovidHub-ensemble","10",0.721567760363243,0.721277942964319,0.000625065556600694,0.000621418806343918,0.907348074584043,0.907228083366526,0.000968717901714562,0.00096333508683885,0.5,0.938356164383562,146
"CovidHub-ensemble","11",0.807242128018084,0.807143296462602,0.000692279031817586,0.000690241997142985,0.836785238415867,0.836693166730491,0.0009578170754895,0.00095513670595263,0.397260273972603,0.821917808219178,146
"CovidHub-ensemble","12",0.496790149305453,0.496798042235782,0.000503615603385854,0.000500268372732521,0.593728074544154,0.594011140675177,0.000822970293253037,0.000817467153749965,0.575342465753425,1,146
"CovidHub-ensemble","13",0.722506831692167,0.722350844573866,0.000589764753026574,0.000586801519949423,1.01063800320866,1.01054382787687,0.000897558374235678,0.000893172736539693,0.547945205479452,0.917808219178082,146
"CovidHub-ensemble","15",0.851017253114948,0.850873484006806,0.000810702652780777,0.000803921866677433,1.31047028767614,1.31119415991613,0.00129922182671096,0.00128871425627856,0.417808219178082,0.945205479452055,146
"CovidHub-ensemble","16",0.761802446888925,0.761511909450372,0.000473962234660397,0.000472057770507206,0.905945189486563,0.905976479823602,0.000716643852683613,0.000713853278636183,0.616438356164384,0.945205479452055,146
"CovidHub-ensemble","17",0.498588193841719,0.498374373060733,0.000404637873823683,0.000402064941354372,1.10823533616448,1.10790887001788,0.000622236728377336,0.000618405689379672,0.527397260273973,0.979452054794521,146
"CovidHub-ensemble","18",0.576384376279093,0.576262527156152,0.000441930935307227,0.00043965543329732,0.780230219308082,0.780657175100717,0.000623009111318633,0.000620401107103337,0.541095890410959,0.917808219178082,146
"CovidHub-ensemble","19",0.729275545529919,0.729380258787199,0.000703123031313932,0.0006982167367518,0.726739719535494,0.726825433348054,0.00108117474511432,0.00107375290787031,0.244444444444444,0.7,90
"CovidHub-ensemble","20",0.570027854712633,0.570085179630989,0.000328240830263229,0.000327029931397459,0.743284534278979,0.743650754033695,0.000446086648483136,0.000444781910186866,0.602739726027397,0.993150684931507,146
"CovidHub-ensemble","21",0.617676826662941,0.617437347525972,0.000526679584793333,0.000523628622416774,0.890506000642059,0.890329207595349,0.000844707329172012,0.000839976678001741,0.397260273972603,0.945205479452055,146
"CovidHub-ensemble","22",0.521931481731483,0.521874339801853,0.000767476403378859,0.000761460460302752,0.455787850909003,0.455946738184605,0.00119665042965792,0.0011875147792241,0.506849315068493,0.952054794520548,146
"CovidHub-ensemble","23",0.709877364644459,0.70977319584342,0.000515621856491466,0.000512872366194498,0.816851672013109,0.816713716684614,0.000800362073657268,0.000796029961028754,0.472602739726027,0.856164383561644,146
"CovidHub-ensemble","24",0.54299307132115,0.542916664056406,0.000384353776115252,0.000382720802905688,0.985086642857212,0.985093810969795,0.00054603184718612,0.000543845135864663,0.63013698630137,0.986301369863014,146
"CovidHub-ensemble","25",0.608375073266895,0.608072978645096,0.000309651871249913,0.000308399510692574,0.696064508983121,0.695939236705732,0.000457151790714357,0.000455464766573292,0.636986301369863,1,146
"CovidHub-ensemble","26",0.486046933210188,0.485990224139726,0.000425882604206312,0.000423378326933234,0.690818094956444,0.69104843733237,0.000619119699374424,0.00061581540797192,0.534246575342466,0.917808219178082,146
"CovidHub-ensemble","27",0.590508066632991,0.590294755840052,0.000358971792750923,0.000357357507877977,0.839724330847454,0.839817353166833,0.000522375790591981,0.00052032297586287,0.561643835616438,0.965753424657534,146
"CovidHub-ensemble","28",0.740729178392103,0.740347777335059,0.000788514516923517,0.00078346247293023,1.06796435323876,1.06744903966553,0.00129477426040453,0.00128658170436912,0.424657534246575,0.952054794520548,146
"CovidHub-ensemble","29",0.839169546025154,0.839134885666802,0.000493052910722703,0.000490791629539064,0.872267076037993,0.872182768141712,0.000783231283562488,0.000779817591566335,0.346153846153846,0.951923076923077,104
"CovidHub-ensemble","30",0.824376894157088,0.824282524861915,0.000472751759889765,0.00047105287120703,0.955751954064039,0.955704892105557,0.000736628406890418,0.000734023803276338,0.404109589041096,0.856164383561644,146
"CovidHub-ensemble","31",0.653518398961137,0.653338658782229,0.000397940885148804,0.000396227008149727,0.804561493197527,0.804457901946929,0.000617916337071612,0.000615283189865682,0.513698630136986,0.931506849315068,146
"CovidHub-ensemble","32",0.754618611005323,0.754565579275402,0.000379705813698829,0.000378376800533097,0.897315606096871,0.897476094231419,0.000610890704559827,0.000608800947840346,0.486301369863014,0.979452054794521,146
"CovidHub-ensemble","33",0.791222336241685,0.791084075298815,0.000501408695021211,0.000498900479798097,0.92259963392977,0.922726445856448,0.000778973316637323,0.00077525701438203,0.493150684931507,0.931506849315068,146
"CovidHub-ensemble","34",0.571661661809434,0.571407745675297,0.000339649436449533,0.000338232491158163,0.612264724638751,0.612065025663908,0.000501609790502664,0.000499607520255422,0.684931506849315,1,146
"CovidHub-ensemble","35",0.601507763186955,0.601465976642033,0.000439311667866555,0.000437500997425061,0.77032885308804,0.770480814774639,0.000669985703874361,0.000667458001289887,0.513698630136986,0.972602739726027,146
"CovidHub-ensemble","36",0.686648945353738,0.686363525107796,0.000315005721706253,0.000313889938590479,0.770853581336894,0.770699301546612,0.00049896739066182,0.000497253512026921,0.643835616438356,1,146
"CovidHub-ensemble","37",0.563799541427806,0.563784002908701,0.000545634820944127,0.000542723321339593,0.718455755589336,0.71839100488071,0.000893400310772977,0.000888668723235547,0.520547945205479,1,146
"CovidHub-ensemble","38",0.554052959127916,0.553961469954371,0.000657086385973309,0.000653153984296631,0.849204072943393,0.849121234691809,0.00102040842368692,0.00101447678540612,0.424657534246575,0.897260273972603,146
"CovidHub-ensemble","39",0.52601587617868,0.525823735301916,0.000384948585794923,0.000382861404043362,0.768387999926704,0.768501458975319,0.00056927475898669,0.000566412889037482,0.60958904109589,0.938356164383562,146
"CovidHub-ensemble","40",0.587065021453795,0.587037974460606,0.000586122982378585,0.000582772275411383,0.727295699978656,0.727352355611473,0.000935613850265009,0.000930380414482746,0.417808219178082,0.924657534246575,146
"CovidHub-ensemble","41",0.611624514292052,0.611317038697691,0.000374369463691004,0.00037275300780213,0.74939180016998,0.749321744915804,0.000591903055417788,0.000589359072442997,0.561643835616438,0.979452054794521,146
"CovidHub-ensemble","42",0.51278303095364,0.512516489509498,0.00029201065546739,0.000290781451059668,0.829589156180699,0.82949317151973,0.000414628453516509,0.000413063999110137,0.664383561643836,0.986301369863014,146
"CovidHub-ensemble","44",0.739092778510844,0.738825284115316,0.000426666811530536,0.000425299455068735,0.81279853622787,0.812772013247675,0.000652609624855799,0.000650620238157031,0.438356164383562,0.89041095890411,146
"CovidHub-ensemble","45",0.553415082725612,0.553485545315078,0.000583613249994824,0.000580780300335735,0.649096261447885,0.649036617877063,0.000890804050142788,0.000886626524184634,0.513698630136986,0.965753424657534,146
"CovidHub-ensemble","46",0.880183370919046,0.879370820075742,0.000705720630277099,0.000701063291327725,1.1142129699559,1.11343321432649,0.00106593194904848,0.00105895045260755,0.424657534246575,0.876712328767123,146
"CovidHub-ensemble","47",0.616294693676201,0.616073984731862,0.000426857510455412,0.000424954578430299,0.79910104425309,0.798885674112879,0.000675296274736331,0.000672351831723096,0.602739726027397,0.993150684931507,146
"CovidHub-ensemble","48",0.463775312273763,0.463649815098094,0.000813141572022315,0.000805615959505041,0.535690219620253,0.535892421389485,0.00125752687618061,0.00124576743523562,0.616438356164384,0.952054794520548,146
"CovidHub-ensemble","49",0.59029934208459,0.59026455582432,0.000274779206989461,0.0002741220099958,0.882211137004022,0.882180253791433,0.000395185116080534,0.000394333720643743,0.678082191780822,1,146
"CovidHub-ensemble","50",0.645838441733735,0.645710557332026,0.000645427594959628,0.00064247747022342,0.855140895441268,0.85504419228641,0.000982748871033588,0.00097839539987676,0.397260273972603,0.801369863013699,146
"CovidHub-ensemble","51",0.637336152867771,0.637248405818214,0.000492619370606133,0.000490081584069656,0.896975372143294,0.896849411562389,0.000769257650397971,0.000765429226617836,0.547945205479452,0.993150684931507,146
"CovidHub-ensemble","53",0.68339222883307,0.682834139241419,0.000421180335396824,0.000418987901970715,0.810339119355747,0.810129514548921,0.000669445665219242,0.000666022746559958,0.595890410958904,0.986301369863014,146
"CovidHub-ensemble","54",0.613604524047359,0.613276578029693,0.000645345816918577,0.000640070867431405,0.779705108648896,0.779403572009804,0.00105067211092414,0.00104219003821159,0.410958904109589,0.979452054794521,146
"CovidHub-ensemble","55",0.59561269178849,0.595188571691323,0.000469863005148646,0.000466877049232104,0.679077481619818,0.678855874870703,0.000699847525535903,0.000695635446369357,0.493150684931507,0.924657534246575,146
"CovidHub-ensemble","56",0.757364491143831,0.757445907618983,0.000755948527203303,0.000752485597515868,1.1788966736793,1.17894603292568,0.00116164836913229,0.00115655460045072,0.5,0.944444444444444,54
"UGA_flucast-INFLAenza","01",0.467393300272933,0.467374764881938,0.00045493790171957,0.000452670338888593,0.567379405696259,0.567286452544094,0.000708842947154992,0.000705228057988321,0.679012345679012,1,162
"UGA_flucast-INFLAenza","02",0.568557081697842,0.568719916009917,0.000572039162122061,0.000570103500148522,0.805814090364585,0.805846849148859,0.000901070198202134,0.000898074247388319,0.407407407407407,0.851851851851852,162
"UGA_flucast-INFLAenza","04",0.670560068537727,0.670375304824884,0.000437314268243148,0.000435435106572821,0.86523964783887,0.864932629245925,0.000699540471040962,0.000696568834419578,0.567901234567901,0.981481481481482,162
"UGA_flucast-INFLAenza","05",0.585480597605653,0.585441436317134,0.000620183887893874,0.000616418692392776,1.12382401523545,1.12380982564286,0.00100715693119425,0.00100113395472153,0.493827160493827,0.95679012345679,162
"UGA_flucast-INFLAenza","06",0.727075311172892,0.727329078815593,0.00045258859453093,0.000451128041344435,0.812150373102574,0.812482617025333,0.000749663573297877,0.000747192754543652,0.345679012345679,0.932098765432099,162
"UGA_flucast-INFLAenza","08",0.663993726202397,0.663965450107156,0.000326520541109533,0.000325054020004709,0.87255898107264,0.872676051044121,0.000482114453371916,0.000480019987268501,0.703703703703704,0.993827160493827,162
"UGA_flucast-INFLAenza","09",0.543246383499675,0.543321715725592,0.000497036971717291,0.000494050772125234,0.590229215039549,0.590455208273766,0.000794492584313874,0.000789806586518487,0.567901234567901,1,162
"UGA_flucast-INFLAenza","10",0.782669748549032,0.782614120975153,0.000753025070637866,0.00074819478105898,0.988821356083823,0.988829779023861,0.00119047564012416,0.00118292445369518,0.407407407407407,0.895061728395062,162
"UGA_flucast-INFLAenza","11",0.991569319151051,0.991532717753777,0.00072057707218766,0.000718340035565876,0.95346998868727,0.953408875513517,0.00103247296420722,0.0010294249317211,0.265432098765432,0.740740740740741,162
"UGA_flucast-INFLAenza","12",0.529976989706112,0.530166808676024,0.000416806228316205,0.000414777886214971,0.541839284079186,0.542423516930706,0.000621870869296848,0.000619192761459002,0.623456790123457,1,162
"UGA_flucast-INFLAenza","13",0.666655231189687,0.666549821687927,0.000477531809037268,0.00047539579641107,0.948787539015139,0.948714321737713,0.000762099092351782,0.000758712027301215,0.58641975308642,0.962962962962963,162
"UGA_flucast-INFLAenza","15",1.04756826943657,1.04807366008162,0.000685587481765772,0.000681318104844922,1.70732414708866,1.70863095170608,0.00107722032664505,0.00107004733151455,0.41358024691358,0.839506172839506,162
"UGA_flucast-INFLAenza","16",0.975731478154077,0.975540702194057,0.000523669384455741,0.000521255445443634,1.25940477581376,1.25953877506113,0.00084026886917741,0.000836420447587943,0.487654320987654,0.944444444444444,162
"UGA_flucast-INFLAenza","17",0.581545313130897,0.581219651701893,0.00105316342991072,0.00104143813974134,1.21152346349524,1.21112582655287,0.00154134309757988,0.00152500641552613,0.493827160493827,0.907407407407407,162
"UGA_flucast-INFLAenza","18",0.606554095673518,0.606659734990918,0.000774396658773431,0.000766882558691385,0.822560566291499,0.823055239229715,0.0011643992386739,0.00115345221753665,0.462962962962963,0.91358024691358,162
"UGA_flucast-INFLAenza","19",0.780927555454835,0.780525024051421,0.00151955107847054,0.00150315357722513,0.777264939508449,0.776950535302007,0.0021931759963331,0.00217074260813489,0.226086956521739,0.68695652173913,115
"UGA_flucast-INFLAenza","20",0.584627137305395,0.584501531246733,0.000606981161638189,0.000602821882723728,0.781457695370846,0.781490998802661,0.000862433991088954,0.000856891259317318,0.518518518518518,0.932098765432099,162
"UGA_flucast-INFLAenza","21",0.59883580932754,0.598672282763117,0.000674407214420028,0.000669007580288292,0.856272743348462,0.856221938586426,0.00110056830290018,0.00109184935906169,0.469135802469136,0.993827160493827,162
"UGA_flucast-INFLAenza","22",0.502378779473541,0.502464540638988,0.000569294740242294,0.000565696297085347,0.518268381350942,0.518537754717298,0.0009257697621249,0.000919907899954134,0.555555555555556,0.962962962962963,162
"UGA_flucast-INFLAenza","23",0.939828380987688,0.939474690763578,0.000984734683355565,0.000975961642314339,1.04259383822911,1.04232720504634,0.00144679582629365,0.00143447791861958,0.351851851851852,0.753086419753086,162
"UGA_flucast-INFLAenza","24",0.707438046132078,0.707477430402849,0.000503975375324072,0.000501585822017682,1.99249881385859,1.9924508244857,0.000795214775317418,0.000791412745050553,0.469135802469136,0.962962962962963,162
"UGA_flucast-INFLAenza","25",0.759533026859492,0.759306274130854,0.000468714588397251,0.000465682423110135,0.812749458973634,0.812696371781599,0.000721300971420506,0.000716597473020485,0.623456790123457,0.975308641975309,162
"UGA_flucast-INFLAenza","26",0.589992580357469,0.589986087898502,0.000900532101257508,0.000891845666914927,0.925023443359869,0.925394306640137,0.00135856187540989,0.00134622665674645,0.382716049382716,0.888888888888889,162
"UGA_flucast-INFLAenza","27",0.70232465926015,0.702370055299087,0.000513013799165621,0.000509608486596693,1.20296392925732,1.20319808099472,0.000785664061332015,0.000780428376722187,0.555555555555556,0.95679012345679,162
"UGA_flucast-INFLAenza","28",0.631679401780515,0.631390264076349,0.000615898945359999,0.000611935241549404,0.91593131996808,0.915533009229444,0.00098887082163867,0.000982646060461487,0.537037037037037,0.987654320987654,162
"UGA_flucast-INFLAenza","29",0.756972317401395,0.756946211485394,0.000233959648627997,0.00023349684137817,0.837408761130628,0.83721384446137,0.000366739035031247,0.00036598996327051,0.58,1,50
"UGA_flucast-INFLAenza","30",0.88148148775431,0.881422937190667,0.000584578492275734,0.000581313014633504,0.954543953272634,0.954451808014016,0.000948450711549508,0.000942999725793692,0.401234567901235,0.858024691358025,162
"UGA_flucast-INFLAenza","31",0.651612989096171,0.651551068595517,0.00069394424890279,0.000689550863126453,0.919434167594151,0.919454778586691,0.00102073924316892,0.00101468764293704,0.401234567901235,0.864197530864197,162
"UGA_flucast-INFLAenza","32",0.693229535644217,0.693148581345364,0.000331199221776047,0.000330114001278708,0.818660890500478,0.818677910026613,0.000545218058248056,0.000543446260383799,0.58641975308642,1,162
"UGA_flucast-INFLAenza","33",0.851629194284538,0.851560656661766,0.000615881966456521,0.000611668794459497,0.894204671615827,0.894262407159875,0.000987457809317992,0.000980514870415398,0.5,0.91358024691358,162
"UGA_flucast-INFLAenza","34",0.873297692579394,0.873335461662511,0.00041605009084349,0.000414113188263651,1.06527366182772,1.06540411122005,0.000638388693440007,0.000635401489540687,0.672839506172839,0.993827160493827,162
"UGA_flucast-INFLAenza","35",0.523029133231876,0.522936241723238,0.00054009170739746,0.000535543337110989,0.662272627513278,0.662318555505294,0.000838692864747714,0.000831638198162305,0.611111111111111,1,162
"UGA_flucast-INFLAenza","36",0.905114041295257,0.905093161572375,0.000354913033781787,0.000353541771243749,1.18851724810998,1.18855443325059,0.000562203301866365,0.00056003119559042,0.592592592592593,1,162
"UGA_flucast-INFLAenza","37",0.521667877405663,0.52170763727615,0.000548102477763218,0.000545327026136179,0.587468476470355,0.587477671406461,0.000886297047790421,0.000881799496866522,0.530864197530864,0.981481481481482,162
"UGA_flucast-INFLAenza","38",0.516722813302885,0.516710960935998,0.0010299850017368,0.00102263835759167,0.811945587373819,0.811966701479598,0.00153638625837193,0.00152587045675619,0.265432098765432,0.753086419753086,162
"UGA_flucast-INFLAenza","39",0.641045465287737,0.641147189930319,0.000840819257289997,0.000832454300316534,0.962077618137847,0.962663117976441,0.00128878520032418,0.00127666631604876,0.401234567901235,0.895061728395062,162
"UGA_flucast-INFLAenza","40",0.5827736482389,0.582621453461427,0.000820776259386777,0.000814859709220987,0.803596041211218,0.803394625579915,0.00131651677885246,0.00130714524870344,0.358024691358025,0.91358024691358,162
"UGA_flucast-INFLAenza","41",1.36236399893888,1.36163443503404,0.000557291625990328,0.000554814059041871,1.54666149436365,1.54654460113948,0.00078948374254271,0.000786123994163088,0.604938271604938,0.87037037037037,162
"UGA_flucast-INFLAenza","42",0.676087787517658,0.676076838737855,0.000558689303820898,0.00055463011188032,1.50323073650997,1.50356861611381,0.000857931326202385,0.000851920404761831,0.481481481481481,0.962962962962963,162
"UGA_flucast-INFLAenza","44",0.859695248149319,0.859721365482677,0.000664796121735806,0.000660784066178472,1.04084634775467,1.0410274641602,0.00101105886827838,0.00100518511861302,0.388888888888889,0.814814814814815,162
"UGA_flucast-INFLAenza","45",0.500976435294079,0.501195298478965,0.00050054802550712,0.000498332536570722,0.642003693743424,0.642061878101941,0.000802278125459449,0.000798777228664888,0.524691358024691,0.962962962962963,162
"UGA_flucast-INFLAenza","46",0.719387701521177,0.719276762473477,0.00114359601271842,0.00113270972273045,0.981542645394276,0.981529076964788,0.00166503231798891,0.00165005926830576,0.364197530864198,0.808641975308642,162
"UGA_flucast-INFLAenza","47",0.526595375159587,0.526516115965025,0.000437658898630348,0.000435036409537711,0.683984386695632,0.683853694787577,0.000664584290729009,0.000660456953049986,0.709876543209877,1,162
"UGA_flucast-INFLAenza","48",0.519670777785229,0.519701709037114,0.00056122297615858,0.000557051526791957,0.62593261676019,0.626332499863861,0.000917849067529478,0.00091090540344581,0.555555555555556,1,162
"UGA_flucast-INFLAenza","49",0.694380453912461,0.694497542755405,0.000288966498011518,0.000288130807704365,1.25756353841239,1.25768366884998,0.000438116614882384,0.000436886681581044,0.691358024691358,0.993827160493827,162
"UGA_flucast-INFLAenza","50",0.602563529713791,0.602504473763276,0.000646794771395395,0.000642720637063967,0.822934104698842,0.822894805823015,0.0010143933565858,0.00100797441713263,0.45679012345679,0.839506172839506,162
"UGA_flucast-INFLAenza","51",0.622660876367619,0.622714324544136,0.00056740291562542,0.000564298127469532,0.886039067621592,0.886023183727783,0.000938489172953346,0.000933353831996416,0.530864197530864,0.987654320987654,162
"UGA_flucast-INFLAenza","53",1.31378177476482,1.31334525461144,0.000546866730570199,0.000544146717324409,1.67769676740561,1.67812433981856,0.000821844245233235,0.000817932899816241,0.537037037037037,0.901234567901235,162
"UGA_flucast-INFLAenza","54",0.815708516818611,0.815284280234171,0.00135403266372148,0.00133438012857196,1.0586397363979,1.05846544793396,0.00201925694824002,0.00199186664647606,0.308641975308642,0.87037037037037,162
"UGA_flucast-INFLAenza","55",0.841865773338663,0.841457297279503,0.000939613624673386,0.000931195673383096,1.01670998053624,1.01667189202324,0.00145060637650546,0.0014381870096188,0.290123456790123,0.864197530864197,162
