"model_id","reference_date","wis_scaled_relative_skill","wis_scaled_relative_skill__log","wis","wis__log","ae_median_scaled_relative_skill","ae_median_scaled_relative_skill__log","ae_median","ae_median__log","interval_coverage_50","interval_coverage_95","n"
"CEPH-Rtrend_covid",2024-11-30,0.430700487200866,0.42599199743165,977.988913043478,0.109226490589292,0.631586662262016,0.585980958576356,1549.5,0.164632914621727,1,1,4
"CEPH-Rtrend_covid",2024-12-07,0.454696849077492,0.46023903480147,1717.85673913044,0.179164030282527,0.821122128514566,0.780824111254836,3339.25,0.332944345885084,0.25,1,4
"CEPH-Rtrend_covid",2024-12-14,0.513010093278189,0.499219481980939,2636.46315217391,0.220639859766723,0.869129836577855,0.827077741433419,4740.75,0.395300771356046,0,1,4
"CEPH-Rtrend_covid",2024-12-21,0.386069412551702,0.365814347157799,1912.24413043478,0.140886563799753,0.632954719664665,0.569015783213011,3487.5,0.249914822808807,0.5,1,4
"CEPH-Rtrend_covid",2024-12-28,0.448423746819105,0.417124051955749,2680.17858695652,0.197421999600038,0.643424281983243,0.575374737503535,4331,0.315135892750241,0.5,1,4
"CEPH-Rtrend_covid",2025-01-04,1.39023530737568,1.24962436920215,2365.45554347826,0.136524292174569,1.64202589830736,1.55890694206279,3510,0.216737086603862,0.75,1,4
"CEPH-Rtrend_covid",2025-01-11,2.32854026761205,1.92413580702377,4684.93760869565,0.243403758868162,2.37444527284665,2.0721668801234,8221,0.45285438337894,0,1,4
"CEPH-Rtrend_covid",2025-01-18,1.95739780877977,2.19488889756343,1423.70380434783,0.115821954520653,2.34967801640542,2.60960194780128,1634.75,0.132467204640165,1,1,4
"CEPH-Rtrend_covid",2025-02-01,1.99113973095772,2.40880691750437,2109.78282608696,0.222733460236235,2.71629517804124,3.24447818920022,4127.75,0.409228809854095,0.25,1,4
"CEPH-Rtrend_covid",2025-02-08,1.85780985590232,2.29069896478391,1427.46445652174,0.148858132421125,2.1772792783389,2.52151204584869,2180.75,0.213480096757898,1,1,4
"CEPH-Rtrend_covid",2025-02-15,1.8739499774321,2.1255444654465,1265.46108695652,0.130883605885981,1.14535507442635,1.29766361098378,1048.5,0.108933398809542,1,1,4
"CEPH-Rtrend_covid",2025-02-22,1.95679207195573,2.44759980391992,1171.48597826087,0.145054714265604,4.04008820145886,4.83300994614795,2216.25,0.261795710489341,0.5,1,4
"CEPH-Rtrend_covid",2025-03-01,2.39103332859807,2.93454031997752,1522.81576086957,0.202691575996952,4.391655294687,5.42940650133311,2897.25,0.373987296950034,0,1,4
"CEPH-Rtrend_covid",2025-03-08,1.85981787399504,2.30108625935329,1061.78402173913,0.14660748675823,3.52078688647439,4.1629492276306,2069.75,0.272291502376609,0.25,1,4
"CEPH-Rtrend_covid",2025-03-15,1.3764171296803,1.63816516416908,806.591521739131,0.117411419810507,2.26326291746159,2.55502549891969,1494.25,0.206201700262849,1,1,4
"CEPH-Rtrend_covid",2025-03-22,1.17070028971689,1.42421167677525,719.688695652174,0.114767282898716,1.70218454572199,1.9363530835461,1318.25,0.199233694559544,1,1,4
"CEPH-Rtrend_covid",2025-03-29,1.25549723957788,1.48623217924586,749.392391304348,0.132515955087489,1.80329836178979,2.10475871591794,1422.75,0.240384649360586,0.5,1,4
"CEPH-Rtrend_covid",2025-04-05,0.83351632006616,1.04834915876443,521.185108695652,0.0990211508349904,0.801697444478168,0.969790416960208,799.75,0.148967263143228,1,1,4
"CEPH-Rtrend_covid",2025-04-12,1.23467935821949,1.51907779793415,646.935869565217,0.143380172705364,2.28001685618152,2.6982065646833,1254.5,0.264628276321521,0.25,1,4
"CEPH-Rtrend_covid",2025-04-19,1.6519396110172,1.88861957103403,846.5975,0.211431448728149,2.49566769271841,3.05523702648349,1582.5,0.386981827813405,0,1,4
"CEPH-Rtrend_covid",2025-04-26,0.818519547527956,0.93630923885647,423.220108695652,0.108579515978445,0.963840168841391,1.10329884409805,713,0.174647125093626,0.75,1,4
"CEPH-Rtrend_covid",2025-05-03,0.654701274081897,0.724725472015694,331.110108695652,0.0934110246344227,0.601454602864605,0.714872090188427,423.5,0.119255953571134,1,1,4
"CEPH-Rtrend_covid",2025-05-10,1.00873404616913,1.11484566394099,480.688152173913,0.155851937526403,1.65516788381511,2.12333046515604,848.25,0.270614038753501,0.5,1,4
"CEPH-Rtrend_covid",2025-05-17,1.86663743618323,1.75511515754063,780.086847826087,0.27160887235499,13.5083318981052,17.4389188167123,1355,0.468410557314667,0,1,4
"CEPH-Rtrend_covid",2025-05-24,1.91968170691904,1.69292007421068,800.983913043478,0.285571299694898,4.01551455589097,4.99612445048979,1389.25,0.492787276622459,0,1,4
"CEPH-Rtrend_covid",2025-05-31,1.8284742314954,1.50418162707255,841.658586956522,0.294561286304941,2.34119625168201,2.79629489716517,1430.75,0.500820383449695,0,1,4
"CEPH-Rtrend_covid",2025-06-07,1.38185765993828,1.15069552599653,550.495760869565,0.18452525148578,3.19819717096068,3.70364751419669,1015,0.33360935982445,0,1,4
"CEPH-Rtrend_covid",2025-06-14,0.913408486890686,0.684819988339716,380.436086956522,0.119203330884882,1.34812655002199,1.40018557672619,729.5,0.218712786019085,0.5,1,4
"CEPH-Rtrend_covid",2025-06-21,1.14650877309239,0.876465720123982,546.876847826087,0.16555663037458,1.36711876361456,1.43933871872979,1023.75,0.303917382832667,0,1,4
"CEPH-Rtrend_covid",2025-06-28,1.23690436812826,0.963700388108086,631.176630434783,0.180886657897717,1.38033480107623,1.46279921625818,1143.5,0.324239727624199,0,1,4
"CEPH-Rtrend_covid",2025-07-05,0.919630469587452,0.71896335331764,669.224347826087,0.173954824119053,0.945037564035291,0.936467672038255,1253,0.319878612869142,0,1,4
"CEPH-Rtrend_covid",2025-07-12,1.12254280652321,0.945307145389202,1117.39543478261,0.266471823080199,1.05961261742232,1.0776343183055,1873.75,0.449862059422446,0,1,4
"CEPH-Rtrend_covid",2025-07-19,0.896290043314144,0.781419023871824,1084.47815217391,0.21686721902097,0.909666334681406,0.889204101961235,1873.25,0.375676402969546,0,1,4
"CEPH-Rtrend_covid",2025-07-26,0.8888214532266,0.805112399283327,1479.40913043478,0.261552834282729,0.898629376076082,0.872354620256609,2400.25,0.430263592051196,0,0.75,4
"CEPH-Rtrend_covid",2025-08-02,0.711289439797637,0.65948148047519,1403.24434782609,0.208577297969306,0.786742813509005,0.739848300327189,2404,0.3568863989035,0,1,4
"CEPH-Rtrend_covid",2025-08-09,0.283332758315321,0.251098462898718,606.693260869565,0.0731097458290836,0.32383360300017,0.278631726371671,1054.75,0.123079021460809,0.75,1,4
"CEPH-Rtrend_covid",2025-08-16,0.236991316567996,0.19851303400655,534.949782608696,0.053771629251202,0.103505460509799,0.0897865092277812,313,0.033068011038663,1,1,4
"CEPH-Rtrend_covid",2025-08-23,0.311179707907445,0.256239536588795,639.759347826087,0.0578494081858765,0.205427888297795,0.174926386876002,661.5,0.0618858128916266,1,1,4
"CEPH-Rtrend_covid",2025-08-30,0.60584092169225,0.50110297684117,893.591956521739,0.0776487960787722,0.54255346982408,0.468686549345907,1400.75,0.126481825138395,0.75,1,4
"CEPH-Rtrend_covid",2025-09-06,1.24482178008631,1.09955882518967,1300.22163043478,0.121299753112343,1.33297921038948,1.20679135145053,2252.75,0.215794488298609,0.5,1,4
"CEPH-Rtrend_covid",2025-09-13,2.86555006507786,2.44444741891158,2680.92413043478,0.264983310528721,2.94474745650063,2.50354528572589,4361.25,0.425695251524684,0,0.75,4
"CEPH-Rtrend_covid",2025-09-20,2.18343609344045,1.88784976037669,2938.91326086957,0.333686511771573,2.23157108913985,1.91216383869646,4662.75,0.519034017811737,0,0.5,4
"CEPH-Rtrend_covid",2025-09-27,1.47044623652788,1.33416063419043,2614.09,0.351266582717791,1.48780250220474,1.36313312569688,4185.25,0.555586737386255,0,0.5,4
"CEPH-Rtrend_covid",2025-11-29,0.754242022310668,0.63267501470619,637.082826086957,0.159303687645777,0.787222002991825,0.74873072139004,1207.75,0.287258575433497,0.5,1,4
"CEPH-Rtrend_covid",2025-12-06,0.883921652547137,0.806997503143808,1384.1772826087,0.301090941468333,0.950762484060411,0.934851016420684,2415,0.525394631082238,0,1,4
"CEPH-Rtrend_covid",2025-12-13,0.856980361112469,0.829097386008173,1833.85293478261,0.316280758793569,0.969274270031637,0.957038550885191,3087.5,0.538507364567133,0,1,4
"CEPH-Rtrend_covid",2025-12-20,0.557098697088504,0.513803394820284,1565.15858695652,0.236390946858403,0.719205402908273,0.643763373560134,2871.75,0.422813908609225,0,1,4
"CEPH-Rtrend_covid",2025-12-27,0.623357024840116,0.589977744784041,1414.94760869565,0.193545266552294,0.68141791590885,0.629574415806156,2213.25,0.29798770532182,0.25,0.75,4
"CEPH-Rtrend_covid",2026-01-03,1.07218828700329,1.00780097881785,1155.48891304348,0.136268202295614,1.15428361367699,1.13297012869572,1696.25,0.207268475134736,0.75,0.75,4
"CEPH-Rtrend_covid",2026-01-10,2.175938664132,1.93807124920553,1722.67260869565,0.189639717134236,2.10388241283459,1.88814822895717,2904,0.327512672461844,0.25,1,4
"CEPH-Rtrend_covid",2026-01-17,1.37067178301692,1.29627674771992,935.674130434783,0.116570589354677,1.33341040017274,1.29457193455494,1653,0.216117512497973,0.25,1,4
"CEPH-Rtrend_covid",2026-01-24,1.39824006285905,1.42630931163554,485.051847826087,0.0758160244859271,1.94696071809379,1.98487686355783,510,0.0787824910626393,1,1,4
"CEPH-Rtrend_covid",2026-01-31,1.77873195808034,1.95903086427704,867.433043478261,0.169213926257065,2.28248822747485,2.58094342134116,1680.25,0.315776793951676,0,1,4
"CEPH-Rtrend_covid",2026-02-07,2.01763432556908,2.3194518436966,732.470326086956,0.144680522818687,4.04247470966978,4.62403313036339,1430.75,0.270013022886276,0.25,1,4
"CEPH-Rtrend_covid",2026-02-14,1.61416150822414,1.82814177870024,717.584891304348,0.149371819649016,2.27072936085577,2.56918953314859,1375,0.272689487120396,0.5,1,4
"CEPH-Rtrend_covid",2026-02-21,1.04417085811222,1.13387143942324,466.653804347826,0.0960516459039565,0.828711060443994,0.838057425712147,491.75,0.093639286706213,0.75,1,4
"CEPH-Rtrend_covid",2026-02-28,0.838447533322579,0.852563342957495,453.2375,0.0906656637534885,0.412742527930411,0.436338139596104,363.25,0.0781095605304611,1,1,4
"CEPH-Rtrend_covid",2026-03-07,0.728035118361018,0.715151075530737,544.092391304348,0.134264392168069,0.629298683331837,0.681642279573663,806,0.221165666092557,0.75,1,4
"CEPH-Rtrend_covid",2026-03-14,0.596277304425679,0.607328162380642,450.410760869565,0.140162579479807,0.438312966357078,0.503751151325275,618,0.222934539546739,0.75,1,4
"CEPH-Rtrend_covid",2026-03-21,0.544872924449759,0.562439754843058,442.651304347826,0.161800920419904,0.499031309952811,0.566778486465296,683.5,0.276555219119425,0.5,1,4
"CEPH-Rtrend_covid",2026-03-28,0.605164735394571,0.627303651311979,557.864456521739,0.220773918762351,0.54574669534533,0.604270947183009,890.25,0.371891718648495,0.25,0.75,4
"CEPH-Rtrend_covid",2026-04-04,0.808691078652234,0.583123196265581,251.332826086957,0.15046502232055,1.70895107179451,1.84025120357918,288.5,0.173075996698195,1,1,4
"CEPH-Rtrend_covid",2026-04-11,0.887209333908915,0.76189649199418,274.468369565217,0.218402520022237,7.39461243133496,9.30651108280822,504.5,0.378303503441417,1,1,4
"CEPH-Rtrend_covid",2026-04-18,1.0184249655985,0.719711750600775,301.043043478261,0.252838880110898,3.58575225208647,4.42526301811321,588.75,0.463111548562694,0.5,1,4
"CEPH-Rtrend_covid",2026-04-25,0.789746045089299,0.492329924129319,234.415543478261,0.170119921501354,1.7949553804737,1.94225253308785,261,0.18403256197515,1,1,4
"CEPH-Rtrend_covid",2026-05-02,0.67277167926041,0.381125782464204,208.263043478261,0.123135027780082,1.38108289542849,1.34237533675429,260,0.172517106913557,1,1,4
"CEPH-Rtrend_covid",2026-05-09,0.553792806685234,0.319813523167413,164.935543478261,0.112028411835103,0.945185127037215,0.943597241720172,196.25,0.145771837009058,1,1,4
"CEPH-Rtrend_covid",2026-05-16,0.526660792708256,0.307710983636088,151.38347826087,0.118050349579536,0.668810034568685,0.668646979639261,93.25,0.0778199888171573,1,1,4
"CEPH-Rtrend_covid",2026-05-23,0.513292705376212,0.305585012656111,143.732717391304,0.129942812208638,0.285854426171356,0.306386201364101,41.75,0.0399573084432698,1,1,4
"CEPH-Rtrend_covid",2026-05-30,0.627719099372692,0.338888875952264,162.881413043478,0.159508700438209,0.690220783783191,0.714325331510847,66.5,0.0684112878251009,1,1,4
"CEPH-Rtrend_covid",2026-06-06,0.4176368389001,0.237171370700873,108.099891304348,0.126396306981388,1.74098243163959,1.91672260718594,96.25,0.113441126699584,1,1,4
"CEPH-Rtrend_covid",2026-06-13,0.450496401790975,0.240772308826372,116.576630434783,0.145199799655154,2.49272145888536,2.73898296948504,167,0.199351189606243,1,1,4
"CEPH-Rtrend_covid",2026-06-20,0.505483391571613,0.251539042384323,135.133804347826,0.164010968382998,1.58927381907833,1.70688870758821,224,0.256379990793573,1,1,4
"CEPH-Rtrend_covid",2026-06-27,0.555397479559023,0.255214258413088,155.814130434783,0.170637139767357,0.938419737511833,0.935376345587143,280,0.28646251212114,0.75,1,4
"CEPH-Rtrend_covid",2026-07-04,0.797626912301194,0.394743396328048,233.135543478261,0.235868019232723,1.10417268926736,1.136267153654,425.5,0.40148058092727,0.75,1,4
"CEPH-Rtrend_covid",2026-07-11,0.660124523707901,0.318335996023949,222.145543478261,0.183108151753734,0.811581296215971,0.772878720300439,433,0.336316114509285,0.75,1,4
"CEPH-Rtrend_covid",2026-07-18,0.896269029210182,0.47674266114719,339.607282608696,0.263370190458249,1.00874986577855,1.01365496952651,669.5,0.488139466277143,0.5,1,4
"CEPH-Rtrend_covid",2026-07-25,0.657074823925887,0.36336543988081,281.439673913043,0.172298360652787,0.700378808330354,0.643665767871031,545,0.31357338184615,0.5,1,4
"CEPH-Rtrend_covid",2026-08-01,0.707270230892808,0.413829580010798,362.833586956522,0.192623104761373,0.750076807965384,0.695526894129483,714.75,0.360006582017042,0,1,4
"CEPH-Rtrend_covid",2026-08-08,0.639884755068437,0.418218378921594,379.060543478261,0.157332035338273,0.650627283589068,0.589264159476913,711.75,0.278605305285975,0.75,1,4
"CEPH-Rtrend_covid",2026-08-15,0.767586722561336,0.563496207931084,635.072826086957,0.23985927469952,0.803805681007072,0.753541097027042,1193.25,0.440872096174455,0,1,4
"CEPH-Rtrend_covid",2026-08-22,0.734134993898342,0.591913041640002,619.217717391304,0.204325977706846,0.794736317126008,0.745462414392169,1202.25,0.381747851326948,0,1,4
"CEPH-Rtrend_covid",2026-08-29,0.708172476652264,0.587481306368734,632.765760869565,0.1875610455806,0.763413663269072,0.716462447374793,1210.25,0.345402068033042,0,1,4
"CEPH-Rtrend_covid",2026-09-05,0.63293146281438,0.530479893601401,391.432826086957,0.101454662889963,0.550196382774168,0.514286431057886,609,0.152829523373098,0.75,1,4
"CEPH-Rtrend_covid",2026-09-12,0.290432746054063,0.137016827391599,255.760724637681,0.0618282603062799,0.405566600397614,0.380579605480252,340,0.0806044524544459,1,1,4
"CEPH-Rtrend_covid",2026-09-19,0.291264719911801,0.162059532483475,198.880217391304,0.0434914659833535,0.402777777777778,0.381766687090038,159.5,0.0355979560086785,1,1,4
"CEPH-Rtrend_covid",2026-09-26,0.400101533141097,0.244911232763967,188.233913043478,0.0407833566924662,25.6666666666667,24.8342120360615,308,0.0683040871640017,1,1,4
"CFA-EpiAutoGP",2025-08-30,0.928627623645296,0.779344374710022,1278.7763576087,0.112365646465168,0.373524902571689,0.337717540969327,825.715475,0.0787262783781006,1,1,4
"CFA-EpiAutoGP",2025-09-06,1.1041182766039,1.09908304190488,993.914008434783,0.104608788293762,0.608480993041152,0.592535358036312,805.205525,0.0830727699490441,1,1,4
"CFA-EpiAutoGP",2025-09-13,2.90672764399922,2.48613840857296,2697.27370817391,0.267848314410868,2.94029358713111,2.50932483125711,4298.39225,0.421766574684784,0,0.5,4
"CFA-EpiAutoGP",2025-09-20,2.31116330259309,1.99293090097787,3066.86716618478,0.347986072809517,2.30165573154918,1.96366596883992,4732.4045,0.52558399965425,0,0.5,4
"CFA-EpiAutoGP",2025-09-27,1.02953597850636,1.01724261200634,1807.46857740217,0.266069728776303,1.00188863276412,1.00111279755345,2791.6157,0.406879290480485,0,0.25,4
"CFA-EpiAutoGP",2025-11-22,0.565990731223454,0.352244001653315,289.02382123913,0.0632417728458904,0.548774730237781,0.460658082208037,467.714825,0.106679324043739,0.75,1,4
"CFA-EpiAutoGP",2025-11-29,0.543941174832293,0.346503771107105,449.055601891304,0.0831939285463268,0.548779929230514,0.425334723929198,812.021625,0.153894539692859,0,1,4
"CFA-EpiAutoGP",2025-12-06,0.525256347418927,0.414747982834561,843.675490956522,0.156702450784777,0.555614568866873,0.475150495534442,1444.626425,0.269877602167051,0,1,4
"CFA-EpiAutoGP",2025-12-13,0.270799963663319,0.212110960460259,619.288135989131,0.0855011318800104,0.314288478785146,0.240971060895433,1138.221075,0.151507606952754,0.5,1,4
"CFA-EpiAutoGP",2025-12-20,0.451911579424301,0.379218402397983,1273.46443992391,0.174671928798365,0.521186974414155,0.434434794749735,2089.973825,0.286329256309446,0,0.75,4
"CFA-EpiAutoGP",2025-12-27,0.372752990251004,0.29941170264034,887.661958532609,0.101957659715824,0.418968684704797,0.339268369969567,1410.12485,0.165785268483634,0.25,1,4
"CFA-EpiAutoGP",2026-01-10,8.04289646140272,6.11702710749375,6119.38554665217,0.572095944468044,6.19456783086439,4.4207020139271,8117.54675,0.721549280499997,0,0,4
"CFA-EpiAutoGP",2026-01-17,2.72426039160539,2.51040523107219,1814.5385096413,0.220145250591772,2.31499428691246,2.09521537806451,2873.556725,0.349689430888373,0,0.5,4
"CFA-EpiAutoGP",2026-01-24,1.26308033481849,1.43606987036615,464.509611836956,0.0807063906526683,2.91714473109772,3.28009386063189,855.929725,0.145823607681959,0.5,1,4
"CFA-EpiAutoGP",2026-01-31,2.84898299886958,3.01679654522516,1324.91539195652,0.246379186711381,2.83806474333709,3.25348661139569,1998.657975,0.378141653315689,0,0.25,4
"CFA-EpiAutoGP",2026-02-07,0.82108636469369,0.787885382506545,301.602189195652,0.0489144349529708,0.705102528240067,0.70554828271609,246.053375,0.0401526279512958,1,1,4
"CFA-EpiAutoGP",2026-02-14,0.758092245453587,0.698231728893613,363.581241456522,0.060358860328487,0.83981685644004,0.830388067837141,562.652475,0.0967498489776424,0.5,1,4
"CFA-EpiAutoGP",2026-02-21,0.600162509051747,0.592995895793726,280.53533448913,0.0523278574054733,0.439396771974418,0.448877567527168,299.693225,0.0585838224925457,1,1,4
"CFA-EpiAutoGP",2026-02-28,2.06667716903253,1.93840628235252,1165.91544392391,0.213814558193816,2.09489003767151,1.89837081584208,1859.951275,0.339637380933297,0,0.5,4
"CFA-EpiAutoGP",2026-03-07,1.68532526851645,1.60899041091191,1313.85309254348,0.313787735029473,1.49110934080422,1.37317487464754,1963.1596,0.448580001576375,0,0.75,4
"CFA-EpiAutoGP",2026-03-14,0.567125507027522,0.644527252978142,496.700166967391,0.175416086978803,0.402156058189489,0.461141384726359,703.6649,0.253472175537208,0.5,0.5,4
"CFA-EpiAutoGP",2026-03-21,0.940173003369608,1.01036432758761,800.319116923913,0.303249966708608,0.789181297174001,0.837293834487178,1143.89175,0.428973852822188,0.25,0.25,4
"CFA-EpiAutoGP",2026-03-28,1.4615664968853,1.45950769734266,1400.71313892391,0.532932119423728,1.06626893562293,1.04804090827317,1842.491775,0.677548090904823,0,0,4
"CFA-EpiAutoGP",2026-04-04,1.34936755764007,1.15308871932568,413.475346741304,0.288009701527675,3.84150745020633,4.98509775505426,639.8572625,0.455717879602451,0,0.25,4
"CFA-EpiAutoGP",2026-04-11,0.448697370564564,0.325569218074022,136.660868448913,0.0900687712442733,3.81523266096913,4.18094285418091,248.3458,0.159214718275022,0.5,1,4
"CFA-EpiAutoGP",2026-04-18,0.79500354495688,0.486070676181442,232.134023138043,0.167295175878624,2.53377271044264,2.88135677877338,413.8984,0.298265659777503,0,1,4
"CFA-EpiAutoGP",2026-04-25,0.340048129779172,0.187627282666295,101.477213122826,0.0651031669033732,0.467210242007861,0.46042611840045,68.9549499999999,0.0442857044130069,1,1,4
"CFA-EpiAutoGP",2026-05-02,0.810636644254992,0.452645081092997,243.503956847826,0.14238581968618,2.51282259743262,2.29445866312202,437.1188,0.272895016404419,0.25,1,4
"CFA-EpiAutoGP",2026-05-09,1.31758843936116,0.70004657306297,408.759110095652,0.25287813876397,3.0910002686174,2.64144500627283,679.6148,0.425436591463498,0,1,4
"CFA-EpiAutoGP",2026-05-16,0.709927053211471,0.382703612006661,216.874853223913,0.154648371174803,2.57365000653475,2.3293488367942,387.952825,0.289644551979123,0,1,4
"CFA-EpiAutoGP",2026-05-23,0.241863008420859,0.143743264405395,67.6010112130435,0.0606199206954192,0.200633022148294,0.20253337184356,28.18725,0.0253434057861688,1,1,4
"CFA-EpiAutoGP",2026-05-30,0.483011465388431,0.236507374027391,136.525595567391,0.118574058017995,2.2976893380083,2.13719882580172,244.855925,0.221651989255008,0.25,1,4
"CFA-EpiAutoGP",2026-06-06,0.222155965124649,0.10781503798913,61.3672825326087,0.0599310562811037,1.41827514030819,1.37686374807195,89.41935,0.0911789402286567,1,1,4
"CFA-PyRenew_H",2026-09-19,0.262347085764928,0.156841030518964,179.134793478261,0.0420909911257776,0.708964646464647,0.698639536572273,280.75,0.0651448655156175,0.5,1,3
"CFA-PyRenew_H",2026-09-26,0.178511302594762,0.113161399601772,83.9833847826087,0.0188439773533197,9,8.90250216823587,108,0.0244854671931574,1,1,3
"CFA-PyRenew_HE",2026-09-19,0.132534752058688,0.0745296644914616,90.4968521739131,0.020001318764212,0.21969696969697,0.206929358518818,87,0.0192951937677046,1,1,3
"CFA-PyRenew_HE",2026-09-26,0.236313825200651,0.148071210330263,111.177469565217,0.0246572642611465,14.75,14.4781718728092,177,0.0398208049500326,1,1,3
"CFA_Pyrenew-Pyrenew_HE_COVID",2025-03-08,1.27502734422124,1.38445884091956,585.896307608695,0.0662720591691008,2.4101066491156,2.61298667288299,1107.75,0.123484344093249,0,1,2
"CFA_Pyrenew-Pyrenew_HE_COVID",2025-03-15,0.814047402768474,0.863852567461539,438.675091304348,0.0511442239447736,1.15998759663407,1.18554061437041,719.75,0.0824719014029434,0.5,1,2
"CFA_Pyrenew-Pyrenew_HE_COVID",2025-03-22,0.717465749813894,0.7424754925006,376.752789130435,0.0477678437338973,1.03988879961983,1.0654164814863,686.75,0.0853154022754303,0.5,1,2
"CFA_Pyrenew-Pyrenew_HE_COVID",2025-03-29,0.66774725771313,0.682639215111405,384.851882608696,0.0536818969668627,0.894510283118908,0.937213194826383,725,0.0999007703644894,0,1,2
"CFA_Pyrenew-Pyrenew_HE_COVID",2025-04-05,1.14712417221207,1.35269743958458,553.641155434783,0.0883378276731875,1.75381964947185,2.03491978401396,830.75,0.13373046653622,0,0.5,2
"CFA_Pyrenew-Pyrenew_HE_COVID",2025-04-12,1.11716532185252,1.27115223752983,468.152907608696,0.0822246585896743,2.04116308960745,2.35211767451335,758.25,0.133279578541476,0,1,2
"CFA_Pyrenew-Pyrenew_HE_COVID",2025-04-19,1.01347326616313,0.975140916084411,527.797465217391,0.0974686387583017,1.25352760279575,1.2917213822958,877.25,0.162625336763976,0,0.5,2
"CFA_Pyrenew-Pyrenew_HE_COVID",2025-04-26,0.453687627649776,0.461480114036336,208.100075,0.0405981381311018,0.368599550928709,0.380150533233441,242.25,0.0463706114147024,1,1,2
"CFA_Pyrenew-Pyrenew_HE_COVID",2025-05-03,0.372280936262263,0.382065862820532,140.681244565217,0.0336702653823971,0.359773735443535,0.400149136526434,146.75,0.0352197233747766,1,1,2
"CFA_Pyrenew-Pyrenew_HE_COVID",2025-05-10,1.28898743240787,1.34078798214822,424.751708695652,0.119986393959126,2.34002223434714,2.84349023919803,757,0.213017140611282,0,1,2
"CFA_Pyrenew-Pyrenew_HE_COVID",2025-05-17,0.697311188443386,0.567734016882144,211.303426086957,0.0591888253418422,4.47435952843339,4.84954040078972,359.25,0.0988999580641865,0.5,1,2
"CFA_Pyrenew-Pyrenew_HE_COVID",2025-05-24,0.368786660032813,0.258823312661984,131.74940326087,0.0355835613949125,0.410719247475406,0.403429579395169,132.25,0.0354644994072544,1,1,2
"CFA_Pyrenew-Pyrenew_HE_COVID",2025-05-31,0.295984442031016,0.197588035732018,125.88080326087,0.0335906596688169,0.185872978840658,0.175904718677962,116.5,0.0310822590685662,1,1,2
"CFA_Pyrenew-Pyrenew_HE_COVID",2025-06-07,0.377887238955949,0.27140666477758,112.194266304348,0.031810185074993,0.75345070120005,0.758719099063471,191.25,0.0536018724483052,0.5,1,2
"CFA_Pyrenew-Pyrenew_HE_COVID",2025-06-14,0.539515639023566,0.375330072061622,184.438926086957,0.0529920342047379,0.73957140992998,0.7318746495555,342,0.0970428102798326,0.5,1,2
"CFA_Pyrenew-Pyrenew_HE_COVID",2025-06-21,0.340163465943759,0.220446485731654,129.502839130435,0.0338678664231966,0.100814802416614,0.0939670065571494,68,0.0180868833226855,1,1,2
"CFA_Pyrenew-Pyrenew_HE_COVID",2025-06-28,1.52052333292121,0.925585321563314,470.004266304348,0.111633464778707,1.48746924581055,1.24641625480094,771.25,0.183311635164591,0,1,2
"CFA_Pyrenew-Pyrenew_HE_COVID",2025-07-05,0.46542591181069,0.331840566729804,225.12550326087,0.0569968505244467,0.486910171301236,0.449359626623855,376.75,0.0956342356356181,0,1,2
"CFA_Pyrenew-Pyrenew_HE_COVID",2025-07-12,0.185231529916746,0.128046589522101,127.216919565217,0.0275523393332877,0.176446632302965,0.149203735623749,220.75,0.0483416132027994,0.5,1,2
"CFA_Pyrenew-Pyrenew_HE_COVID",2025-07-19,0.116590889796274,0.0899491915029482,84.8202032608695,0.017214609790104,0.0924336215197534,0.0773514589540761,116,0.0229328102372843,1,1,2
"CFA_Pyrenew-Pyrenew_HE_COVID",2025-07-26,0.11210751978354,0.0875808301426284,115.095518478261,0.0200474180416577,0.0915894127816741,0.0747416890177258,149.25,0.0254687603982235,1,1,2
"CFA_Pyrenew-Pyrenew_HE_COVID",2025-08-02,0.0998512661798683,0.0783445998723594,125.114908695652,0.0179517364829753,0.0837547063202095,0.065632395106218,164.5,0.0231461386425362,1,1,2
"CFA_Pyrenew-Pyrenew_HE_COVID",2025-08-09,0.127557315158361,0.100852998841909,185.411608695652,0.0225658916660714,0.129220324258789,0.100178579141958,294.75,0.0355595876131432,0.5,1,2
"CFA_Pyrenew-Pyrenew_HE_COVID",2025-08-16,0.0836822635730832,0.0693370967247853,140.723127173913,0.0152845090754654,0.0639244949693249,0.0530423271044179,177.5,0.019462813216732,1,1,2
"CFA_Pyrenew-Pyrenew_HE_COVID",2025-08-23,0.450123583747251,0.351398373101166,756.856139130435,0.0683716322249316,0.436435649412661,0.339509037391858,1166.75,0.105602665774912,0,0.5,2
"CFA_Pyrenew-Pyrenew_HE_COVID",2025-08-30,0.900093485997423,0.717910660107801,1112.39014456522,0.0947148596838412,0.812919613211746,0.654623568994213,1685,0.143061088710564,0,0.5,2
"CFA_Pyrenew-Pyrenew_HE_COVID",2025-09-06,1.62770114353619,1.36720342643299,1323.40338369565,0.112993901022272,1.47046861530672,1.23899784605179,2051,0.17426748155794,0,0.5,2
"CFA_Pyrenew-Pyrenew_HE_COVID",2025-09-13,4.80244773521065,4.06520335927427,2305.63252065217,0.203593692029216,4.51052042039608,3.84005880377451,3156.5,0.274123358897362,0,0,2
"CFA_Pyrenew-Pyrenew_HE_COVID",2025-09-20,2.78506317805222,2.48075798132195,1962.09023586957,0.201953034868955,2.7932951726233,2.44379053568778,2770.5,0.279948822490916,0,0,2
"CFA_Pyrenew-Pyrenew_HE_COVID",2025-09-27,1.04595115960392,1.01770044667605,1162.032975,0.146125638620124,1.07960985927094,1.05852672651299,1900.75,0.238072917546625,0,1,2
"CFA_Pyrenew-Pyrenew_HE_COVID",2025-11-22,0.883002052741643,0.676636517777037,297.203839130435,0.0916162995663744,0.899381815025829,0.883706643894384,519.25,0.159305360503172,0,1,2
"CFA_Pyrenew-Pyrenew_HE_COVID",2025-11-29,1.41219429463023,1.19422630072923,663.779836956522,0.190965386966515,1.28099111613054,1.28201566687739,1036,0.301390675767713,0,1,2
"CFA_Pyrenew-Pyrenew_HE_COVID",2025-12-06,0.85646382316843,0.742718459148756,693.139955434782,0.174999794344348,0.738036602656214,0.687742402505324,1027.75,0.260578189428706,0,0.5,2
"CFA_Pyrenew-Pyrenew_HE_COVID",2025-12-13,0.774743987644142,0.683850826249718,678.014617391304,0.139757640292668,0.900098876302249,0.808941016825819,1095.5,0.225832048576812,0,1,2
"CFA_Pyrenew-Pyrenew_HE_COVID",2025-12-20,0.548905827065461,0.47224310434144,1133.26300434783,0.178646414529684,0.577784439949142,0.485398683116615,1578.25,0.25240268956023,0,0,2
"CFA_Pyrenew-Pyrenew_HE_COVID",2025-12-27,0.209027010881373,0.148199861400994,550.810243478261,0.0555057738505713,0.239697099046771,0.164375823118974,920.5,0.0938848222952124,0,1,2
"CFA_Pyrenew-Pyrenew_HE_COVID",2026-01-03,0.706409823489964,0.598277340154099,684.572356521739,0.0698929439312948,0.968487109896671,0.824967337612852,1265,0.130912759751707,0,1,2
"CFA_Pyrenew-Pyrenew_HE_COVID",2026-01-10,0.553296627503308,0.551320811003462,245.031518478261,0.0291016234254848,0.492775454175872,0.491982182866852,368,0.0450110753061219,1,1,2
"CFA_Pyrenew-Pyrenew_HE_COVID",2026-01-17,0.39255115791935,0.453692545244011,240.476455434783,0.0353419000770056,0.384460226147866,0.43089900831104,443.75,0.0644339973054553,0.5,1,2
"CFA_Pyrenew-Pyrenew_HE_COVID",2026-01-24,1.06252072264221,1.06085289649546,267.892888043478,0.0374878859455819,2.28741496076377,2.2873438553279,422.5,0.0608353292503541,1,1,2
"CFA_Pyrenew-Pyrenew_HE_COVID",2026-01-31,0.682207046781607,0.618222576631577,249.128932608696,0.0378694618004094,0.0986189389921235,0.0961390554182347,55.5,0.00854360090998263,1,1,2
"CFA_Pyrenew-Pyrenew_HE_COVID",2026-02-07,1.00060502257601,1.06755555730048,280.400679347826,0.0460461202432116,1.86714693395107,1.96627551134847,522.5,0.0846801838816287,0,1,2
"CFA_Pyrenew-Pyrenew_HE_COVID",2026-02-14,0.693690641873055,0.653078711909748,282.385780434783,0.0454691476483806,0.601674836178189,0.593626114962872,357.25,0.0574861243687685,0.5,1,2
"CFA_Pyrenew-Pyrenew_HE_COVID",2026-02-21,0.62147364771304,0.567409065854734,244.999961956522,0.0394233630557292,0.784739615011265,0.757593114600487,413,0.0682352186039195,1,1,2
"CFA_Pyrenew-Pyrenew_HE_COVID",2026-02-28,0.584931277017425,0.658011358732444,209.465567391304,0.0421195208345672,0.70883402830029,0.753101843350715,376,0.0740507374086956,0.5,1,2
"CFA_Pyrenew-Pyrenew_HE_COVID",2026-03-07,0.410934971580907,0.462628657425764,157.701592391304,0.0351803216826117,0.349761704276397,0.382204982657296,213.25,0.0462818031991246,0.5,1,2
"CFA_Pyrenew-Pyrenew_HE_COVID",2026-03-14,0.472905345715252,0.498572101844053,123.464859782609,0.0292306594874031,0.374720270999228,0.40941377378195,99.5,0.0240118604606696,1,1,2
"CFA_Pyrenew-Pyrenew_HE_COVID",2026-03-21,0.477473941403789,0.49894627560506,283.035420652174,0.092753023223591,0.500338125098553,0.52344193631303,477.25,0.159342353376605,0,1,2
"CFA_Pyrenew-Pyrenew_HE_COVID",2026-03-28,1.11521511569497,1.15294069064666,998.957144565217,0.382486426889258,0.788848927436695,0.833352455833736,1197,0.449067033792381,0,0,2
"CFA_Pyrenew-Pyrenew_HE_COVID",2026-04-04,1.86265327029697,1.11612767808891,497.370756521739,0.2245265623078,5.30076234960243,4.64728194546031,774.25,0.348405795271007,0,0.5,2
"CFA_Pyrenew-Pyrenew_HE_COVID",2026-04-11,0.868316554550125,0.517366500840283,198.034391304348,0.102053329527118,8.41877003914068,7.74968407106059,317,0.165008729856567,0.5,1,2
"CFA_Pyrenew-Pyrenew_HE_COVID",2026-04-18,0.48871895070244,0.23531633802978,130.935997826087,0.0693613913329181,1.21801826348555,1.1035809266298,189,0.102886446549146,0.5,1,2
"CFA_Pyrenew-Pyrenew_HE_COVID",2026-04-25,0.890948865729592,0.555383684415951,216.005242391304,0.150241552743985,2.80414134052511,3.08949279340985,395,0.271959356729463,0,1,2
"CFA_Pyrenew-Pyrenew_HE_COVID",2026-05-02,0.75037347773904,0.539868959618469,151.316608695652,0.111451016128236,2.736418228356,3.00720817769447,283.5,0.205477439257281,0,1,2
"CFA_Pyrenew-Pyrenew_HE_COVID",2026-05-09,0.97235752231492,0.731235443607804,187.495741304348,0.15563666588,2.60612319867908,3.04160219178666,333.5,0.275073720704501,0,1,2
"CFA_Pyrenew-Pyrenew_HE_COVID",2026-05-16,0.380397414966693,0.24183464677001,66.1299652173913,0.052700146556789,0.853795023184854,0.844452933606061,66,0.0513665579408351,1,1,2
"CFA_Pyrenew-Pyrenew_HE_COVID",2026-05-23,0.285285751338152,0.171298147244099,54.8853413043478,0.0473031350792719,0.631280685942157,0.618358239111352,68.25,0.0579831978362559,1,1,2
"CFA_Pyrenew-Pyrenew_HE_COVID",2026-05-30,0.458783188352584,0.282168103300303,82.1960010869565,0.0883835066578459,2.53953734405744,2.75964857374093,155,0.161503659816771,0.5,1,2
"CFA_Pyrenew-Pyrenew_HE_COVID",2026-06-06,0.650945290195509,0.375445587880598,110.974866304348,0.128048286000552,8.31515797834496,9.07179632252909,203,0.230592134353538,0,1,2
"CFA_Pyrenew-Pyrenew_HE_COVID",2026-06-13,0.266114310759976,0.130099649038517,48.1662054347826,0.0547155709708712,1.56722684412818,1.57626197443559,71.5,0.0786612757440341,1,1,2
"CFA_Pyrenew-Pyrenew_HE_COVID",2026-06-20,0.31877531635126,0.151387018873397,55.2324923913043,0.0668825902379884,1.47875156877304,1.5163871744451,94.75,0.112243117201973,0.5,1,2
"CFA_Pyrenew-Pyrenew_HE_COVID",2026-06-27,0.388993324389237,0.141094152942943,71.9980532608696,0.0674871684404346,0.662350753133889,0.571120190829076,114.5,0.113097611269694,0.5,1,2
"CFA_Pyrenew-Pyrenew_HE_COVID",2026-07-04,1.21046206391374,0.418320755269271,224.219541304348,0.173513462601476,1.91808802725844,1.46214376143288,379,0.297844725180418,0,1,2
"CFA_Pyrenew-Pyrenew_HE_COVID",2026-07-11,0.435573472810367,0.16582751489952,91.968422826087,0.0676652871946512,0.483330669851046,0.393906234971787,161,0.122771923064046,0.5,1,2
"CFA_Pyrenew-Pyrenew_HE_COVID",2026-07-18,0.311731557312147,0.123259766447307,76.3477173913044,0.0493243046464526,0.256676588173254,0.211493648039663,108.75,0.0730865502228153,1,1,2
"CFA_Pyrenew-Pyrenew_HE_COVID",2026-07-25,0.488509691392328,0.206340233069068,147.002708695652,0.0765966587387272,0.461778792509773,0.345021151886091,262.5,0.140666390467929,0.5,1,2
"CFA_Pyrenew-Pyrenew_HE_COVID",2026-08-01,0.379667562288701,0.171347232568311,127.57994673913,0.058834001930416,0.364102809657759,0.272177180994211,203.75,0.0970369737753041,1,1,2
"CFA_Pyrenew-Pyrenew_HE_COVID",2026-08-08,0.611771607858247,0.326407223716306,173.392445652174,0.0697838168936581,1.01335670050516,0.76234321734209,314,0.129702136019741,0,1,2
"CFA_Pyrenew-Pyrenew_HE_COVID",2026-08-15,0.398935894138405,0.232283446983523,155.925983695652,0.0550662242236029,0.388454900198531,0.306671034830338,258,0.0945855565728735,1,1,2
"CFA_Pyrenew-Pyrenew_HE_COVID",2026-08-22,0.347610730715713,0.213385708089403,246.729731884058,0.0635316417688561,0.32657304844872,0.249002485088057,416.666666666667,0.110976545221923,0.333333333333333,1,3
"CFA_Pyrenew-Pyrenew_HE_COVID",2026-08-29,0.614780063253897,0.364556072223224,512.391752173913,0.110577340023269,0.574166117726488,0.402801619263612,854.833333333333,0.186381424931594,0,1,3
"CFA_Pyrenew-Pyrenew_HE_COVID",2026-09-05,0.620544047973385,0.424723603474206,342.79277826087,0.0736360115550536,0.614298881209388,0.486913006914086,605.833333333333,0.131237991768283,0,1,3
"CFA_Pyrenew-Pyrenew_HE_COVID",2026-09-12,0.307545103343533,0.127362960586754,270.830199275362,0.057471993991149,0.581510934393638,0.496647838410895,487.5,0.105187000305174,0,1,3
"CFA_Pyrenew-Pyrenew_H_COVID",2025-01-11,3.69054908386285,3.11416941751334,5461.07949891304,0.285508158666578,3.86473847854609,3.21156582953769,8735.75,0.45516818362593,0,1,2
"CFA_Pyrenew-Pyrenew_H_COVID",2025-01-18,2.84715609869456,3.50776548182143,1668.3475,0.146161507186018,6.97387686021057,8.14972987769027,3240.25,0.271346071983501,0.5,1,2
"CFA_Pyrenew-Pyrenew_H_COVID",2025-02-01,2.30527244701474,2.56277532987659,2479.41351847826,0.222666576394432,2.91980066233648,3.35061346202582,4412.25,0.394959920560685,0,1,2
"CFA_Pyrenew-Pyrenew_H_COVID",2025-02-08,1.34345852892011,1.42531310734293,959.028076086956,0.0794050714902061,1.29770945507032,1.33945201920175,1381,0.112157591422098,0.5,1,2
"CFA_Pyrenew-Pyrenew_H_COVID",2025-02-15,1.61699079565402,1.83309866994722,918.490457608696,0.0868091693036822,2.06835308318853,2.26654438687392,1423.5,0.130752565517953,0.5,1,2
"CFA_Pyrenew-Pyrenew_H_COVID",2025-02-22,2.37326411886563,2.88957908974638,1164.02974673913,0.126930070412948,5.35533448069286,6.20317862646817,2235.5,0.234836341314605,0,1,2
"CFA_Pyrenew-Pyrenew_H_COVID",2025-03-01,2.54015679264989,3.01776310798004,1408.92701304348,0.162727858510597,4.30901577684781,5.05280294649526,2664.25,0.300394374878891,0,1,2
"CFA_Pyrenew-Pyrenew_H_COVID",2025-03-08,1.78708157339233,1.96645865886374,826.8368,0.0948120454388749,3.12540675096083,3.41450945218503,1452.5,0.163147061860676,0.5,1,2
"CFA_Pyrenew-Pyrenew_H_COVID",2025-03-15,1.72887200279469,1.99303420369693,936.049004347826,0.118737901186318,2.82683129352701,3.104454573315,1773.75,0.218706572868682,0.5,1,2
"CFA_Pyrenew-Pyrenew_H_COVID",2025-03-22,1.60082281009847,1.77500199002129,846.387268478261,0.114871654493747,2.47160389681567,2.69812782266606,1637.75,0.216651926348107,0,1,2
"CFA_Pyrenew-Pyrenew_H_COVID",2025-03-29,1.64198127674682,1.80809614564183,941.538641304348,0.141508420813653,2.06449302523506,2.31685981745162,1669.75,0.24636104807863,0,1,2
"CFA_Pyrenew-Pyrenew_H_COVID",2025-04-05,0.862377786216162,1.03598149132971,417.474654347826,0.0678411590423382,1.56540934241427,1.78117146955556,748.75,0.118196652207983,0.5,1,2
"CFA_Pyrenew-Pyrenew_H_COVID",2025-04-12,2.68979610486092,3.34013651625752,1104.63735434783,0.211901857367144,4.87287651772888,6.18239482772401,1785.75,0.345830853585453,0,1,2
"CFA_Pyrenew-Pyrenew_H_COVID",2025-04-19,3.29659292606136,3.49660840107515,1684.44283913044,0.34296282256028,2.58179916248269,2.95824923203865,1791,0.368798937152616,0,0,2
"CFA_Pyrenew-Pyrenew_H_COVID",2025-04-26,0.856318728757289,0.918564492365573,384.644014130435,0.079163319239677,0.910953755761646,0.982496368880678,594.75,0.118991544104292,0.5,1,2
"CFA_Pyrenew-Pyrenew_H_COVID",2025-05-03,0.78790496590456,0.83236409187494,297.741410869565,0.0733536350547284,0.985547132186039,1.08067185106767,402,0.0951169456065957,1,1,2
"CFA_Pyrenew-Pyrenew_H_COVID",2025-05-10,1.21620741506758,1.28175352927977,400.768979347826,0.114703432586153,2.32997590375053,2.7984554344958,753.75,0.209643404632374,0,1,2
"CFA_Pyrenew-Pyrenew_H_COVID",2025-05-17,1.66140795736106,1.44099438064612,503.44982173913,0.150230146826564,10.5584921091981,12.3660664088352,847.75,0.252189557809146,0,1,2
"CFA_Pyrenew-Pyrenew_H_COVID",2025-05-24,1.86766844226149,1.51847669009418,667.226419565217,0.208763298688148,3.38125202789299,3.90695824954677,1088.75,0.34345106457724,0,1,2
"CFA_Pyrenew-Pyrenew_H_COVID",2025-05-31,1.97188427051593,1.51041025155997,838.633186956522,0.256775044766648,1.79650621609082,1.99135938837151,1126,0.351872018403901,0,0,2
"CFA_Pyrenew-Pyrenew_H_COVID",2025-06-07,1.18859573009396,0.899953974080069,352.892641304348,0.105478995874781,2.31452176185636,2.50958093038582,587.5,0.17729649496801,0,1,2
"CFA_Pyrenew-Pyrenew_H_COVID",2025-06-14,1.83099277670308,1.38669350523906,625.943563043478,0.195784231349978,2.1019397966431,2.31480868404917,972,0.30693171309694,0,0.5,2
"CFA_Pyrenew-Pyrenew_H_COVID",2025-06-21,1.36459982193783,0.993285584326691,519.513613043478,0.152601495906871,1.10562704267926,1.14997590523292,745.75,0.221348756163659,0,0,2
"CFA_Pyrenew-Pyrenew_H_COVID",2025-06-28,1.33861892638176,0.992766056418633,413.776357608696,0.119736032984533,1.28206830619458,1.31292382772715,664.75,0.193092967762728,0,0.5,2
"CFA_Pyrenew-Pyrenew_H_COVID",2025-07-05,1.76170634003776,1.38941376380237,852.133532608696,0.238645351267537,1.44263697071003,1.49898238485328,1116.25,0.319018501247546,0,0,2
"CFA_Pyrenew-Pyrenew_H_COVID",2025-07-12,1.3215245463249,1.09077905238082,907.622379347826,0.234707653682968,0.991737979750414,1.00530790046006,1240.75,0.32571708389601,0,0,2
"CFA_Pyrenew-Pyrenew_H_COVID",2025-07-19,0.599454743187248,0.506854246932597,436.105027173913,0.0970025181506572,0.696638738048658,0.651702366314586,874.25,0.193213766100452,0,1,2
"CFA_Pyrenew-Pyrenew_H_COVID",2025-07-26,1.11356131620633,0.977949944535612,1143.24103586957,0.223854596148419,0.895182954072142,0.85398034584132,1458.75,0.290999856958898,0,0,2
"CFA_Pyrenew-Pyrenew_H_COVID",2025-08-02,0.835932451408586,0.757117060789789,1047.43401195652,0.173484400765422,0.741445538472979,0.691016736460668,1456.25,0.243696259454597,0,0,2
"CFA_Pyrenew-Pyrenew_H_COVID",2025-08-09,0.467320169514818,0.426026637822462,679.275698913043,0.0953236003525495,0.483562400873434,0.434928431374798,1103,0.154383060664128,0,0.5,2
"CFA_Pyrenew-Pyrenew_H_COVID",2025-08-16,0.407616741990576,0.370603251200992,685.463085869565,0.0816949226885313,0.419020562798927,0.376791054653764,1163.5,0.138255885795231,0,1,2
"CFA_Pyrenew-Pyrenew_H_COVID",2025-08-23,0.546596111607514,0.507710056704585,919.068979347826,0.0987852190878281,0.547438245481406,0.504148042574379,1463.5,0.156812842597795,0,0.5,2
"CFA_Pyrenew-Pyrenew_H_COVID",2025-08-30,0.676609484628507,0.634511590948312,836.195055434783,0.0837119152060173,0.681815218618101,0.642790310546165,1413.25,0.140475054664811,0,0.5,2
"CFA_Pyrenew-Pyrenew_H_COVID",2025-09-06,1.43455610429581,1.46518397893541,1166.36669456522,0.121091602240335,1.33084220729552,1.34199941326727,1856.25,0.188754854374899,0,0.5,2
"CFA_Pyrenew-Pyrenew_H_COVID",2025-09-13,0.555162648386815,0.527976317597699,266.530970652174,0.0264421329768101,0.559081613964824,0.54615089468838,391.25,0.0389870898772751,1,1,2
"CFA_Pyrenew-Pyrenew_H_COVID",2025-09-20,0.498784927112807,0.498035150973778,351.39635,0.0405439430076833,0.468825935849064,0.451339279329891,465,0.0517032445895538,0.5,1,2
"CFA_Pyrenew-Pyrenew_H_COVID",2025-09-27,0.186557691783844,0.204404787316406,207.262248913043,0.0293492846359417,0.150659747558394,0.172900559772931,265.25,0.0388870112388995,1,1,2
"CFA_Pyrenew-Pyrenew_H_COVID",2025-11-22,0.927029230230365,0.712209620434037,312.022656521739,0.0964328826858256,0.943982839073812,0.928303620243336,545,0.16734483541683,0,1,2
"CFA_Pyrenew-Pyrenew_H_COVID",2025-11-29,1.35282545685399,1.12413368476738,635.874443478261,0.179757072828334,1.1709445820228,1.15409038336058,947,0.27131655994913,0,0,2
"CFA_Pyrenew-Pyrenew_H_COVID",2025-12-06,1.54807096930932,1.42202872283218,1252.86067391304,0.335059309462438,1.1486154667464,1.15874592634155,1599.5,0.439036351974289,0,0,2
"CFA_Pyrenew-Pyrenew_H_COVID",2025-12-13,0.478691622439947,0.408190800125049,418.925377173913,0.0834213849349375,0.62957623365276,0.542608041558503,766.25,0.151479876839764,0,1,2
"CFA_Pyrenew-Pyrenew_H_COVID",2025-12-20,1.03340374273135,0.982990461993393,2133.55036956522,0.37185873110183,0.960441931383857,0.905376476438618,2623.5,0.470787139862863,0,0,2
"CFA_Pyrenew-Pyrenew_H_COVID",2025-12-27,0.660588215741667,0.608187726036447,1740.72601630435,0.227786517888375,0.646505130535981,0.573284054191308,2482.75,0.327436666361047,0,0,2
"CFA_Pyrenew-Pyrenew_H_COVID",2026-01-03,0.847157254637956,0.712806822870877,820.968818478261,0.0832726963918212,1.12830662309108,0.953554876205453,1473.75,0.151318112520639,0,1,2
"CFA_Pyrenew-Pyrenew_H_COVID",2026-01-10,4.05580493236098,3.5452003806663,1796.14331956522,0.187134395050776,3.80093240945167,3.19962245713779,2838.5,0.292731022351605,0,0.5,2
"CFA_Pyrenew-Pyrenew_H_COVID",2026-01-17,1.10074077591732,1.36115067002941,674.312722826087,0.106031389482178,1.13886865863971,1.35583825940206,1314.5,0.202743745211603,0,1,2
"CFA_Pyrenew-Pyrenew_H_COVID",2026-01-24,6.97644417956313,9.1423712563295,1758.96783913043,0.323068515966402,13.3996497701546,17.5715808512295,2475,0.467342461013812,0,0,2
"CFA_Pyrenew-Pyrenew_H_COVID",2026-01-31,5.13233305577997,5.87764612585433,1874.22962282609,0.360037474936815,4.49471362487525,5.64296187491457,2529.5,0.501473766304273,0,0,2
"CFA_Pyrenew-Pyrenew_H_COVID",2026-02-07,2.0549379262366,2.3169763540457,575.857583695652,0.0999365054769109,3.94155611128811,4.38245509309945,1103,0.188736065213027,0,1,2
"CFA_Pyrenew-Pyrenew_H_COVID",2026-02-14,2.78869133366549,2.98741939194507,1135.2132076087,0.207992407259414,3.0660574926869,3.47949656077735,1820.5,0.33695076242739,0,0.5,2
"CFA_Pyrenew-Pyrenew_H_COVID",2026-02-21,1.70587712641727,1.79373101358832,672.498073913044,0.124627739013105,2.19081059590312,2.36024276093556,1153,0.212583348035952,0,1,2
"CFA_Pyrenew-Pyrenew_H_COVID",2026-02-28,0.857454585850239,0.962376679813691,307.056945652174,0.0616020439133428,0.909607496422579,0.95722761320699,482.5,0.0941219454603477,0.5,1,2
"CFA_Pyrenew-Pyrenew_H_COVID",2026-03-07,1.02155618567183,1.24711650784494,392.035354347826,0.0948362346721258,1.19320815878583,1.42667984293195,727.5,0.172758908739659,0,1,2
"CFA_Pyrenew-Pyrenew_H_COVID",2026-03-14,2.01314819187025,2.51779688534717,525.587332608696,0.147615286017442,3.51370867178171,4.45703322989452,933,0.261402197088253,0,1,2
"CFA_Pyrenew-Pyrenew_H_COVID",2026-03-21,0.579919805075791,0.575451017170636,343.762940217391,0.106975087638325,0.539652278458838,0.527793260041856,514.75,0.160666951417293,0.5,1,2
"CFA_Pyrenew-Pyrenew_H_COVID",2026-03-28,0.643056900269548,0.677460492711329,576.020066304348,0.224746550553662,0.574337376993384,0.638005229666073,871.5,0.343800650042521,0,0.5,2
"CFA_Pyrenew-Pyrenew_H_COVID",2026-04-04,3.07282387459353,3.2975302425226,820.513811956522,0.663349851450086,7.31186850419812,12.2458815517235,1068,0.91807128357911,0,0,2
"CFA_Pyrenew-Pyrenew_H_COVID",2026-04-11,1.7208814719567,1.46196448823793,392.47635326087,0.288380371424839,17.0632799689208,22.3855858631731,642.5,0.476640990330307,0,1,2
"CFA_Pyrenew-Pyrenew_H_COVID",2026-04-18,1.22494942244949,0.788451320110277,328.184480434783,0.232402395086583,3.7829456119895,4.45643703533259,587,0.415471996453947,0,1,2
"CFA_Pyrenew-Pyrenew_H_COVID",2026-04-25,0.679761633074497,0.403575284013295,164.804156521739,0.109174574299955,2.00371871737522,2.06738550698935,282.25,0.181986128529562,0.5,1,2
"CFA_Pyrenew-Pyrenew_H_COVID",2026-05-02,0.536142941032032,0.324291090427683,108.115936956522,0.0669469338912194,0.728746300673291,0.724914102999186,75.5,0.0495321523367096,1,1,2
"CFA_Pyrenew-Pyrenew_H_COVID",2026-05-09,0.464376522182184,0.314256270880708,89.5438336956522,0.0668865256181262,0.568502137043188,0.594717704823555,72.75,0.0537845521930538,1,1,2
"CFA_Pyrenew-Pyrenew_H_COVID",2026-05-16,0.781695996841367,0.559179628800985,135.893481521739,0.121855361847338,3.34726457953153,3.69177200259163,258.75,0.224563871980034,0,1,2
"CFA_Pyrenew-Pyrenew_H_COVID",2026-05-23,0.548005688211422,0.366003693323355,105.429307608696,0.101070107431553,1.66722847825749,1.77827884978976,180.25,0.166748476584657,0.5,1,2
"CFA_Pyrenew-Pyrenew_H_COVID",2026-05-30,0.540400237630556,0.337197567079063,96.8185836956522,0.105620383970982,2.98190836528034,3.29138296731845,182,0.192622495537512,0,1,2
"CFA_Pyrenew-Pyrenew_H_COVID",2026-06-06,0.940744675633996,0.563455979942953,160.38062826087,0.192170516307685,11.4896641030826,13.1318983728397,280.5,0.333794142444179,0,1,2
"CFA_Pyrenew-Pyrenew_H_COVID",2026-06-13,0.707857437080871,0.380515550261695,128.120906521739,0.16003214266704,5.00855012424182,5.65497311361194,228.5,0.282203977910592,0,1,2
"CFA_Pyrenew-Pyrenew_H_COVID",2026-06-20,0.619812468528283,0.315199324283226,107.391588043478,0.139254656087494,3.2072131649906,3.53132426602336,205.5,0.261388944821746,0,1,2
"CFA_Pyrenew-Pyrenew_H_COVID",2026-06-27,0.852358774720926,0.408152423559716,157.761505434783,0.195224612668997,1.58935257138459,1.71086061274319,274.75,0.338797772559521,0,1,2
"CFA_Pyrenew-Pyrenew_H_COVID",2026-07-04,0.657557869854895,0.312116754567867,121.802515217391,0.129461563020332,1.1779287291409,1.18546957642647,232.75,0.241485050590696,0,1,2
"CFA_Pyrenew-Pyrenew_H_COVID",2026-07-11,0.600792946812666,0.284394824723429,126.853408695652,0.116046227329907,0.739255760564099,0.707721646747258,246.25,0.220581295372077,0,1,2
"CFA_Pyrenew-Pyrenew_H_COVID",2026-07-18,0.621700617217211,0.299645556041828,152.263772826087,0.119907810294945,0.688601329651005,0.647467227932656,291.75,0.22374736315037,0,1,2
"CFA_Pyrenew-Pyrenew_H_COVID",2026-07-25,0.581085145075022,0.315115076505813,174.860584782609,0.11697554868257,0.596794115653106,0.543186890598754,339.25,0.221459289763344,0,1,2
"CFA_Pyrenew-Pyrenew_H_COVID",2026-08-01,0.65204987797074,0.372611512174061,219.108759782609,0.127940358872177,0.734460146107186,0.658238217399031,411,0.234675972490916,0,1,2
"CFA_Pyrenew-Pyrenew_H_COVID",2026-08-08,0.486395203524868,0.303643976209663,137.857417391304,0.0649171773694997,0.661586380903048,0.559670104477239,205,0.0952201139405111,1,1,2
"CFA_Pyrenew-Pyrenew_H_COVID",2026-08-15,0.937487905435067,0.673648837642295,366.421588043478,0.159698413396678,0.989957739847033,0.919579191377586,657.5,0.283622839298801,0,1,2
"CFA_Pyrenew-Pyrenew_H_COVID",2026-08-22,0.651447877008767,0.511744323261937,462.389523188406,0.152362392560524,0.688024098471762,0.629247743150584,877.833333333333,0.280445958596955,0.333333333333333,1,3
"CFA_Pyrenew-Pyrenew_H_COVID",2026-08-29,0.649250924291563,0.51464225073127,541.121676811594,0.156101558814816,0.588159247910893,0.538896877388993,875.666666666667,0.249354429315772,0,0.666666666666667,3
"CFA_Pyrenew-Pyrenew_H_COVID",2026-09-05,0.351471337340367,0.26065157227741,194.15517173913,0.0451901943547809,0.242001650039022,0.211441405190151,238.666666666667,0.0569899448151639,0.666666666666667,1,3
"CFA_Pyrenew-Pyrenew_H_COVID",2026-09-12,0.320416220989047,0.152715323006602,282.164755797101,0.0689121396500001,0.51272365805169,0.48808340906381,429.833333333333,0.103373106107571,0.333333333333333,1,3
"CMU-TimeSeries",2024-11-30,1.91270220299776,1.14010339783733,4367.30181679667,0.29539045599473,2.37063024655258,1.56066449329454,5869.46218621242,0.444661810417455,0.25,1,4
"CMU-TimeSeries",2024-12-07,0.876346938253552,0.524972333101712,3259.99737892306,0.201165107270922,0.896463083747668,0.599623297176928,3613.09108184031,0.25299713520292,0.75,1,4
"CMU-TimeSeries",2024-12-14,0.3836572743559,0.363236126619431,1981.70323334345,0.161362289189199,0.736317739331218,0.674086386764231,4025.29987636192,0.323455359065974,1,1,4
"CMU-TimeSeries",2024-12-21,0.41927506008322,0.396579826231761,2095.19261973424,0.153629506637375,0.730724524214104,0.677364492987472,4039.67407963179,0.298461878873007,1,1,4
"CMU-TimeSeries",2024-12-28,0.428111389187587,0.394017749109969,2557.25830470563,0.186288466592469,0.717103622597762,0.654111535580876,4815.44522256991,0.357099536596781,0.5,1,4
"CMU-TimeSeries",2025-01-04,1.33705849221279,1.25100120495649,2277.00656729884,0.136878907049836,1.50948805633011,1.46123653338975,3214.85189321269,0.202342893868469,0.25,1,4
"CMU-TimeSeries",2025-01-11,2.8901677127518,2.46694749446139,5818.74784219052,0.312790054567542,2.80908971649897,2.35995849640471,9738.32321717135,0.515954491388318,0,1,4
"CMU-TimeSeries",2025-01-18,2.91681530622708,2.51543719660103,2109.11850261079,0.12928889593296,4.63440792340908,4.22459249435552,3084.55812929393,0.200980995742707,0.25,1,4
"CMU-TimeSeries",2025-02-08,1.45991357146637,1.43562844970969,1119.79034037155,0.0922999811140349,0.81158997462825,0.798474819138847,787.195491548897,0.0647538568210768,1,1,4
"CMU-TimeSeries",2025-02-15,1.29942965508343,1.33300934039694,860.412513651379,0.0794021240419611,1.45413212005507,1.55419005489632,1206.98545804931,0.116739843766799,1,1,4
"CMU-TimeSeries",2025-02-22,1.72246155775487,1.57888614424467,1028.93866891514,0.0922944726966484,1.48842842331597,1.4767828389364,798.167169994075,0.0775850965831459,1,1,4
"CMU-TimeSeries",2025-03-01,1.51968111654925,1.47509197367545,954.155135323578,0.0986659290228406,1.68098334447324,1.74199243346891,1039.7060497213,0.110998427467061,1,1,4
"CMU-TimeSeries",2025-03-08,1.45082831559806,1.38542119362335,821.580598889965,0.0859666020847826,1.05404862030036,1.0604345993883,576.911053587666,0.0636714195563886,1,1,4
"CMU-TimeSeries",2025-03-15,1.32726590771524,1.31381660808521,765.110930025946,0.0903456300525179,1.33061963852494,1.34448044964552,794.238719210834,0.0961544894750728,1,1,4
"CMU-TimeSeries",2025-03-22,1.21545885082527,1.15895192060683,754.563535545362,0.0923728351835907,0.953501260245977,0.962020088234859,712.381595747963,0.0943494754521099,1,1,4
"CMU-TimeSeries",2025-03-29,1.31860271929092,1.39500626621324,774.08418476566,0.120254658719235,1.63303329653278,1.80317476547932,1237.80620056938,0.195745110038501,1,1,4
"CMU-TimeSeries",2025-04-05,1.08776777489384,1.03934050255594,674.595646618522,0.0953643331249644,0.462339956530907,0.484737276890461,458.130926291763,0.0729678356199717,1,1,4
"CMU-TimeSeries",2025-04-12,1.18584664899863,1.1497793083687,619.633018772736,0.105472711714902,1.05880910396511,1.08539287013947,551.25039834442,0.0991821073609609,1,1,4
"CMU-TimeSeries",2025-04-19,1.25044478008314,1.20672811185242,643.10504795002,0.131632656567122,1.32086372462699,1.35948000685353,773.493534189821,0.154836216833351,0.75,1,4
"CMU-TimeSeries",2025-04-26,1.01570863806357,0.929326961538628,549.999887115496,0.107972608074174,0.614869860067792,0.628936319190001,460.262871771028,0.0991014630695939,1,1,4
"CMU-TimeSeries",2025-05-03,0.939557412689885,0.832748860036019,471.578105679082,0.103183841671658,0.301189562027108,0.313505810167562,187.6173062137,0.0454423845076133,1,1,4
"CMU-TimeSeries",2025-05-10,0.958552342768829,0.783320282896315,429.366221302472,0.0997945605994467,0.144900519835793,0.153431270822275,65.6702072555987,0.0169184224761172,1,1,4
"CMU-TimeSeries",2025-05-17,1.14200665789329,0.86204084877409,451.671466257262,0.122962281865188,6.13265849054597,6.6713174789904,587.343634312591,0.167680911363986,1,1,4
"CMU-TimeSeries",2025-05-24,1.18762723329143,0.885724354561792,478.854058242715,0.141260126320731,2.47981192909737,2.69236239685962,825.124240966017,0.25151582857927,1,1,4
"CMU-TimeSeries",2025-05-31,1.1636516321618,0.843440468935703,519.290929380705,0.157396467025167,1.64117531082344,1.74955241514631,968.462358913143,0.29876429738161,0.75,1,4
"CMU-TimeSeries",2025-06-07,1.03283714304274,0.688937997247198,389.297942071572,0.102107358452563,1.01950624528924,1.02381397534395,293.240366072687,0.0822482797169091,1,1,4
"CMU-TimeSeries",2025-06-14,0.960544895939968,0.644234835608675,389.587029549739,0.107154438198773,1.01506337766831,1.01854926524096,511.56207591802,0.14702038048333,1,1,4
"CMU-TimeSeries",2025-06-21,0.910773659242484,0.630911273842615,419.597505928555,0.113501866853429,0.928189731813001,0.922598639018555,661.639661763717,0.18394728381804,1,1,4
"CMU-TimeSeries",2025-06-28,1.0107007167176,0.766925827320363,501.520452653717,0.139454257246442,1.07504233943449,1.08884757671544,890.724722993572,0.24027701370087,0.25,1,4
"CMU-TimeSeries",2025-07-05,0.903518692104054,0.69965292175592,663.800273992156,0.170355341647502,0.878351800918868,0.860315081673476,1181.42664072652,0.298354571334252,0.25,1,4
"CMU-TimeSeries",2025-07-12,0.726396478760487,0.586214794714818,708.204770259511,0.161076626561523,0.816237125907728,0.780714288232153,1425.95762875568,0.320076080597375,0.25,1,4
"CMU-TimeSeries",2025-07-19,0.712520730313913,0.614740976420041,834.851774664685,0.164832152193647,0.815854706428224,0.778536825905919,1654.42975088175,0.322570823065561,0.25,1,4
"CMU-TimeSeries",2025-07-26,0.718489914914638,0.654254995982393,1165.09838209185,0.20661417781212,0.862381229486098,0.827578351741499,2270.99685908608,0.401074279529214,0,1,4
"CMU-TimeSeries",2025-08-02,0.708160508913192,0.650287330160207,1438.73560260377,0.211227320516597,0.763966646298201,0.713977461200065,2372.64152087446,0.350619496401526,0,1,4
"CMU-TimeSeries",2025-08-09,0.884739282117132,0.871856414294485,1945.73413049575,0.2620353056438,0.976655769873276,0.970928913075207,3212.19966584531,0.438683276888691,0,1,4
"CMU-TimeSeries",2025-08-16,0.577000558320125,0.556423104537746,1260.86159062091,0.14738679121027,0.738532093668043,0.696202004031373,2447.20980767873,0.280510967843157,0,1,4
"CMU-TimeSeries",2025-08-23,0.559661818498358,0.537695124587069,1047.17072377832,0.11226377839392,0.650201054597812,0.614724529596883,1841.5373643873,0.194506645396924,0.5,1,4
"CMU-TimeSeries",2025-08-30,0.70937427469152,0.665035155015503,910.684857023479,0.0900584067231207,0.595595417182765,0.56709004734031,1134.30336327983,0.113890696660719,0.75,1,4
"CMU-TimeSeries",2025-09-06,1.31881973508795,1.18179099005749,1342.96124435945,0.126143598971262,1.29705779848292,1.19035167900624,2193.6182993453,0.211946299827679,0.5,1,4
"CMU-TimeSeries",2025-09-13,2.42540287894396,2.10605890840331,2393.57127887412,0.240805882516754,2.34420032289112,2.05786663053193,3695.01804930947,0.371796146116799,0.25,0.75,4
"CMU-TimeSeries",2025-09-20,1.3782008941474,1.26099201521058,1992.96470518492,0.239339327086526,1.33003407279039,1.25442178868355,3068.1303433785,0.3747505957819,0.25,1,4
"CMU-TimeSeries",2025-09-27,0.983167695303716,0.932780198978522,1870.18404110608,0.26262781796157,0.994167427126655,0.98572420619354,2992.79278411762,0.428152576030356,0.25,1,4
"CMU-TimeSeries",2025-10-04,NA,NA,2860.89821904382,0.424009770320369,NA,NA,4540.55776142531,0.674501277905891,0,1,4
"CMU-TimeSeries",2025-10-11,NA,NA,2809.50760153062,0.452290032529388,NA,NA,4354.71381551513,0.729350529621596,0,1,4
"CMU-TimeSeries",2025-10-18,NA,NA,3387.76065955834,0.551541303930986,NA,NA,4936.44789337407,0.854896170226685,0,1,4
"CMU-TimeSeries",2025-11-22,0.857283839849859,0.60928177721699,443.059271631975,0.111424332692114,0.667254854331662,0.637050761610408,600.513484373969,0.156264165725505,1,1,4
"CMU-TimeSeries",2025-11-29,0.753204890462108,0.608428351883224,601.671882049443,0.143858175204237,0.791110041721061,0.754293185992714,1145.0718596916,0.271301613021753,1,1,4
"CMU-TimeSeries",2025-12-06,0.378222656909843,0.302342765149916,562.088938861762,0.106279482334897,0.292818138769743,0.240539579119956,717.358836747456,0.127731625693623,1,1,4
"CMU-TimeSeries",2025-12-13,0.348807880063297,0.294999328966334,724.029571844271,0.109009068212365,0.297910206099409,0.226165711381959,1052.99520593302,0.139076796762387,1,1,4
"CMU-TimeSeries",2025-12-20,0.354081532463138,0.30692124672006,989.885684788435,0.139767009950501,0.445915595350962,0.371836326588039,1733.116428047,0.237185740932333,0.5,1,4
"CMU-TimeSeries",2025-12-27,0.407859625793033,0.344245836958917,960.240733444186,0.115858507958715,0.438109508790303,0.370691757510752,1426.96254026487,0.175734040206588,0.5,1,4
"CMU-TimeSeries",2026-01-03,1.14633655200737,0.950999549623902,1429.24306740861,0.148862117733931,1.408676024738,1.23162859307048,2456.71395184066,0.267485290245518,0.5,1,4
"CMU-TimeSeries",2026-01-10,2.15842649115653,1.92639649201774,1669.24044563866,0.184728841610382,2.10693490998326,1.91234976234426,2804.05673713839,0.320921650304761,0.25,1,4
"CMU-TimeSeries",2026-01-17,3.84550081174401,3.17914295948371,2684.83274324551,0.290588007617755,3.55072694632642,2.96776704871229,4519.51329445906,0.504267452091634,0,1,4
"CMU-TimeSeries",2026-01-24,1.317037928761,1.23508736093225,463.608325658915,0.0651469122100579,1.6071046213268,1.58812346711381,451.231717801259,0.0667157629402402,1,1,4
"CMU-TimeSeries",2026-01-31,1.04412233738182,0.877547606152814,492.405692305113,0.0713727061549499,0.56595665029388,0.529924274945136,395.332271339882,0.060302050084752,1,1,4
"CMU-TimeSeries",2026-02-07,1.36646312928697,1.22132954236935,498.208299216712,0.0746832040701626,0.759542929555938,0.756729968077506,281.066679071012,0.0456493795732955,1,1,4
"CMU-TimeSeries",2026-02-14,1.09226129463401,1.01836018024317,489.22408202566,0.0817926696015018,0.913475742968788,0.910729821442347,518.380532423827,0.0893666510532105,1,1,4
"CMU-TimeSeries",2026-02-21,1.01269616028615,0.963278250692639,472.490179817187,0.0839978506268216,0.894148768162075,0.895849601211327,624.325260701894,0.118762421770496,0.75,1,4
"CMU-TimeSeries",2026-02-28,0.97284498078617,0.95438530440768,538.346344633917,0.103659838323335,0.928655831064327,0.936586011027312,846.535615206874,0.173128261407806,0.5,1,4
"CMU-TimeSeries",2026-03-07,0.793451223785972,0.829874201304899,630.197603654124,0.166842497277208,0.687274039518649,0.739328037075486,962.702834430838,0.260423128684314,0.5,1,4
"CMU-TimeSeries",2026-03-14,0.909875498411266,0.933067261309494,752.441103174973,0.237762609880926,0.83296143350299,0.867762545817216,1155.21149417507,0.369197457060496,0.5,1,4
"CMU-TimeSeries",2026-03-21,0.865583739650618,0.897072092592543,731.643339022961,0.268209076157257,0.803502184048773,0.848241526137316,1155.60917717038,0.43185151378505,0.25,1,4
"CMU-TimeSeries",2026-03-28,0.777091734065503,0.812058922941287,736.998513065687,0.294164371425795,0.720497200699016,0.776496301379248,1221.7630626062,0.495404522291792,0,1,4
"CMU-TimeSeries",2026-04-04,0.733436333931379,0.447226762059289,218.021305222258,0.107392198567484,1.80545895298743,1.69587140507476,276.615639467354,0.141108270398543,0.75,1,4
"CMU-TimeSeries",2026-04-11,0.530381661854637,0.370773983969726,156.064204145366,0.0988559877345721,1.63135155570329,1.71569952887251,110.156593327838,0.0674811763135708,1,1,4
"CMU-TimeSeries",2026-04-18,0.710868536573064,0.451195608426947,204.645959970776,0.15213461799506,2.13830519804356,2.32114146804364,337.492924278355,0.23024695377875,0.75,1,4
"CMU-TimeSeries",2026-04-25,0.71759476265535,0.466923982027669,201.48822975278,0.151912745160915,1.79287562513875,1.90649277149055,247.874378301012,0.170126104162679,0.75,1,4
"CMU-TimeSeries",2026-05-02,0.583982586228862,0.463365730271233,167.329048078113,0.141758428138638,1.29466738862107,1.45681274738736,217.314461148278,0.169139308255815,1,1,4
"CMU-TimeSeries",2026-05-09,0.51285220060697,0.390303189992196,147.023102031616,0.132902458789864,0.640312475615021,0.716792504107366,132.386769323812,0.110690279361067,1,1,4
"CMU-TimeSeries",2026-05-16,0.491534582571872,0.349645729433248,134.629707785333,0.128184663268406,0.696064790447429,0.728379565275549,89.0672858080676,0.0772489406539136,1,1,4
"CMU-TimeSeries",2026-05-23,0.468424960488602,0.306030531594862,125.228826130123,0.123648502496005,0.301686192710946,0.299568079284332,40.4323847578876,0.0355759921072363,1,1,4
"CMU-TimeSeries",2026-05-30,0.451502457050678,0.271458185088497,115.388829560484,0.124132876588887,0.412084392869008,0.426231382215072,39.0003204242276,0.0395941732046368,1,1,4
"CMU-TimeSeries",2026-06-06,0.574741208688323,0.281419859476286,141.458217692777,0.139805668805963,1.84348449408744,1.76326774265845,110.754802426875,0.111113208855315,1,1,4
"CMU-TimeSeries",2026-06-13,0.55374048334058,0.285253778929576,131.794755386218,0.155137067173596,2.46930112481341,2.65426543594808,134.58785477228,0.154150831875876,1,1,4
"CMU-TimeSeries",2026-06-20,0.614547943988218,0.313409256947623,152.243601533165,0.187812458441019,1.74481375604375,1.87810676675837,218.402504006716,0.247688534944419,1,1,4
"CMU-TimeSeries",2026-06-27,0.78905326544249,0.391683285705847,210.935280625224,0.2497228186246,1.37451580493748,1.48304115043818,390.089526398254,0.433985144593853,0.5,1,4
"CMU-TimeSeries",2026-07-04,0.891196426042848,0.447620381274337,260.76581894754,0.266936598173267,1.20272225227458,1.27234362330496,463.169452308992,0.450112800175022,0.5,1,4
"CMU-TimeSeries",2026-07-11,0.939560895428469,0.493255195155394,316.045652760817,0.283807959173062,1.05712709526052,1.0884923653768,573.51873036854,0.487080728038345,0.5,1,4
"CMU-TimeSeries",2026-07-18,0.948248053730011,0.508296072999514,365.121992716939,0.283278370604675,0.995582046271705,0.998535521096758,664.971595363742,0.48434446703011,0.25,1,4
"CMU-TimeSeries",2026-07-25,0.890540629327283,0.535190568996773,386.013364804796,0.255640693496183,0.932888692342774,0.917147949971683,730.664618396885,0.453206651485724,0.25,1,4
"CMU-TimeSeries",2026-08-01,0.795061758264134,0.482209502536194,412.420125934356,0.225063691481149,0.779037857525475,0.731746430769396,759.469633118438,0.389414746334796,0.25,1,4
"CMU-TimeSeries",2026-08-08,0.736999807181994,0.50079134669081,434.866487045545,0.185878724318776,0.670137153590307,0.612057652301067,746.849452931375,0.29560072343809,0.5,1,4
"CMU-TimeSeries",2026-08-15,0.579209907842009,0.423177932368591,470.833056553125,0.173846951732483,0.556129089854477,0.483665650735034,840.741399907175,0.284629784269257,0.5,1,4
"CMU-TimeSeries",2026-08-22,0.483997932304667,0.380750200819588,398.957211541517,0.127502772703262,0.46020991483615,0.399509985900819,676.393522923039,0.197628280766401,0.5,1,4
"CMU-TimeSeries",2026-08-29,0.369295187415715,0.295111900540182,321.121261107859,0.0912569493865759,0.277512533346663,0.25207491844939,408.451971067446,0.113097178612146,0.75,1,4
"CMU-TimeSeries",2026-09-05,0.544094688278722,0.392715237556337,352.289211625365,0.0774764099725975,0.336894811154507,0.281758338229528,421.629411411732,0.0931088811061422,1,1,4
"CMU-TimeSeries",2026-09-12,0.381862707847037,0.159358399215833,336.275727162272,0.0719097995208196,0.511989665194525,0.44095803231117,429.218002654744,0.0933922370984117,0.666666666666667,1,4
"CMU-TimeSeries",2026-09-19,0.457942331915778,0.24625736145592,312.690361371847,0.066087403158482,0.889559071987334,0.809958689173364,352.265392506984,0.0755248552612455,0.5,1,4
"CMU-TimeSeries",2026-09-26,0.735960376032767,0.437246584136475,346.243865495871,0.0728116191411533,48.6287165001262,45.6994222610489,583.544598001515,0.125691820498696,1,1,4
"CMU-TimeSeries_Cal",2026-09-26,0.995071590018558,0.586704464942147,468.146716852332,0.0976997959495737,80.2800912136414,72.628426048678,963.361094563696,0.199757428832838,0,1,4
"CMU-climate_baseline",2024-11-30,3.64739123025675,1.9864844672817,8441.76970931372,0.520566200313478,6.38426350039887,3.39834424284843,16041.4633231191,0.980193605357562,0,1,4
"CMU-climate_baseline",2024-12-07,2.17310386305628,1.20641251227144,7906.99391502947,0.453970178692864,3.8841150632739,2.08867722664319,15224.4528719376,0.861094205361089,0.25,1,4
"CMU-climate_baseline",2024-12-14,1.33236021440357,0.857769653796675,7033.01620527895,0.388020205000623,2.33305875639154,1.41872040147933,13102.6173563846,0.697211719269224,0.5,1,4
"CMU-climate_baseline",2024-12-21,1.26109655598736,0.893639208708299,6260.05285046289,0.344137256665837,1.86072852835325,1.20238676225711,10230.9934882292,0.525658180115743,0.75,1,4
"CMU-climate_baseline",2024-12-28,0.883249016739763,0.666479708724549,5391.81100786708,0.318941291801413,1.06121026173864,0.718869830756987,7329.72196987972,0.399635514919586,1,1,4
"CMU-climate_baseline",2025-01-04,3.09679751491135,2.59919463639522,5292.58752105279,0.285806674133316,4.30804713934108,3.38505683356655,9345.18058935467,0.478361505368025,0.5,1,4
"CMU-climate_baseline",2025-01-11,2.72346291368624,2.38370948842979,5389.15826842941,0.297536470306564,2.9354312527059,2.46906902523528,10006.1464571994,0.5326287516673,0.25,1,4
"CMU-climate_baseline",2025-01-18,7.42017607947621,5.89495765775336,5135.60178844651,0.292001287384667,15.4409449920504,11.8090401240168,9641.53819828539,0.530430198727596,0,1,4
"CMU-climate_baseline",2025-02-08,5.51709599255326,4.17065807297223,4207.45855762712,0.267628965062917,8.15800235453456,6.25459728152006,8116.39585260741,0.523771934018983,0,1,4
"CMU-climate_baseline",2025-02-15,5.88356698911732,4.42617620331154,3818.32084841223,0.259448946595384,9.0213341713465,6.92324817778082,7481.34834334095,0.519320743647815,0,1,4
"CMU-climate_baseline",2025-02-22,5.77003990118092,4.25861145917214,3387.52340580685,0.245719527012215,12.3627960508541,9.42674299257059,6617.64528209859,0.49492166529505,0,1,4
"CMU-climate_baseline",2025-03-01,4.70095453988601,3.38249474540056,2883.25948891978,0.222862484222634,8.78401080558015,6.8535385721978,5562.557790093,0.449517544236587,0,1,4
"CMU-climate_baseline",2025-03-08,4.42292592036245,3.33486886552832,2431.09497636009,0.202484688913683,8.2073741862428,6.5671794907162,4616.12721647534,0.407443138772596,0,1,4
"CMU-climate_baseline",2025-03-15,3.68901374078444,2.79721842010235,2059.53400606555,0.189005408920289,6.01704855597687,4.88580702697818,3752.94645392242,0.369367280703074,0,1,4
"CMU-climate_baseline",2025-03-22,3.01580445020365,2.37031802002259,1831.05757205828,0.187107837960178,4.25495043716301,3.55540876545804,3267.0323268021,0.359933370114506,0,1,4
"CMU-climate_baseline",2025-03-29,2.80496181357196,2.14975884017185,1634.87378630454,0.185007458225525,3.76831002252473,3.20461691614266,2907.5887694471,0.353645112952095,0.25,1,4
"CMU-climate_baseline",2025-04-05,2.48410421562012,2.08340601776345,1479.24731385145,0.185079952504732,2.80790364740693,2.4778305515385,2548.38151795735,0.340973089063184,0.25,1,4
"CMU-climate_baseline",2025-04-12,2.680308347452,2.11380835144582,1352.20264543211,0.190199737372035,4.42094431975122,3.7286521014478,2347.86490396741,0.348983015287271,0.5,1,4
"CMU-climate_baseline",2025-04-19,1.45114735778343,1.64632075190329,717.304861322464,0.175210237761276,2.04025985889384,2.24521267361047,1223.4375,0.262827917874374,0.5,1,4
"CMU-climate_baseline",2025-04-26,1.33793769638241,1.69100726366546,643.056072101449,0.17945538957277,1.70153017030515,1.98249983897484,1165.6875,0.283448725153953,0.75,1,4
"CMU-climate_baseline",2025-05-03,1.22163738095342,1.5626402666787,575.466061503623,0.184805424296202,1.79380874353696,2.14206928292435,1041.25,0.287184020031679,1,1,4
"CMU-climate_baseline",2025-05-10,1.38113003678061,1.66104695619158,589.376104438406,0.204006890940175,2.38259317544819,2.91001063010415,1059.6875,0.314846936180769,0.75,1,4
"CMU-climate_baseline",2025-05-17,1.63815969290197,1.62628798788929,623.107931612319,0.224413518219651,13.2499521974071,16.0241905613062,1235.0625,0.391386602091524,0.5,1,4
"CMU-climate_baseline",2025-05-24,1.61432646368861,1.50575363085128,630.186366394927,0.233199764946552,4.5550891384997,5.59441442216427,1482.1875,0.50884755546216,0.25,1,4
"CMU-climate_baseline",2025-05-31,1.51620571768268,1.32751375990181,662.151576086956,0.242691968568731,2.78406062547712,3.39054491535828,1614,0.565931301609761,0,1,4
"CMU-climate_baseline",2025-06-07,1.70475915231863,1.56261588241168,615.628292844203,0.223127777895357,5.20344624803644,6.55297775451472,1488.1875,0.520916435327356,0,1,4
"CMU-climate_baseline",2025-06-14,1.48631711148687,1.2717107879554,577.388776358695,0.203802152012109,2.6000189715602,3.08882229255344,1273.8125,0.430570104018895,0,1,4
"CMU-climate_baseline",2025-06-21,1.35280183348069,1.14068611735148,606.633129528985,0.200200788737013,1.62953448642356,1.80076647877547,1119.5625,0.34465712354467,0,1,4
"CMU-climate_baseline",2025-06-28,1.34890543052654,1.11248768982487,634.166400905797,0.18949989956956,1.31781076676168,1.39022213291488,999.75,0.279033527359462,0,1,4
"CMU-climate_baseline",2025-07-05,1.09546787698311,0.877261375892313,755.217312952898,0.197309999241357,0.888101581008553,0.877283886842136,1112.5,0.281093718854899,0.25,1,4
"CMU-climate_baseline",2025-07-12,0.998343692570595,0.80276476834117,957.683441847826,0.214656683238755,0.835441405307288,0.806593561436996,1437.25,0.325167016706654,0.5,1,4
"CMU-climate_baseline",2025-07-19,1.05243982270447,0.883546797242443,1189.19301277174,0.227372606244393,0.975607196688757,0.971288750123996,1937.0625,0.393920056144951,0.75,1,4
"CMU-climate_baseline",2025-07-26,0.928938096978297,0.804801369305411,1448.76513206522,0.24421500457732,0.973684723976246,0.970703032524246,2506.75,0.459065431703974,1,1,4
"CMU-climate_baseline",2025-08-02,0.90518676179997,0.85424220306036,1683.10044030797,0.256022586039986,1.03675433263758,1.07267276102282,2989.5,0.486356711443763,1,1,4
"CMU-climate_baseline",2025-08-09,0.912058361086809,0.936075251486327,1816.68505652174,0.257629053053294,1.00787553934236,1.08194025774591,2980.8125,0.435251933973257,1,1,4
"CMU-climate_baseline",2025-08-16,0.899601116890318,0.980994749290585,1855.176725,0.247697557411896,0.855114112708326,0.914454771298151,2518.6875,0.326363081005556,1,1,4
"CMU-climate_baseline",2025-08-23,0.979501226795172,1.13404400856419,1796.71053143116,0.234866118714893,0.702311315543913,0.71769290670638,1830,0.208406269921737,1,1,4
"CMU-climate_baseline",2025-08-30,1.3204032880149,1.61635019022518,1673.60298931159,0.219327923128067,0.567790472660203,0.549383235479989,1072.375,0.109421154377573,1,1,4
"CMU-climate_baseline",2025-09-06,1.78482724668542,2.26088550638358,1556.06220643116,0.208722052148131,0.570437954716213,0.56154453111339,777,0.0814346492878171,1,1,4
"CMU-climate_baseline",2025-09-13,1.81466411891474,2.20265223407124,1450.04693369565,0.201857520588965,0.664096424058805,0.69588539127613,985.625,0.121387568736288,1,1,4
"CMU-climate_baseline",2025-09-20,1.17864423510468,1.32286848485078,1438.1941807971,0.209709672983704,0.718168383888846,0.754420435407574,1608.875,0.222680362561881,1,1,4
"CMU-climate_baseline",2025-09-27,0.902763728876049,0.946341814459571,1524.85246875,0.234631711003326,0.878690022239642,0.901139272350568,2528.25,0.377423459781526,1,1,4
"CovidHub-baseline",2024-11-30,1,1,2263.04017869077,0.255621018410796,1,1,2460.5,0.281763838311713,0,0,4
"CovidHub-baseline",2024-12-07,1,1,3752.37392560548,0.386563440102495,1,1,4035.5,0.423121989567829,0,0,4
"CovidHub-baseline",2024-12-14,1,1,5150.77353267608,0.442723535003532,1,1,5461.75,0.478475337669201,0,0,4
"CovidHub-baseline",2024-12-21,1,1,4978.26220166785,0.38703460856641,1,1,5555.75,0.44296282883792,0,0,4
"CovidHub-baseline",2024-12-28,1,1,6000.5651995425,0.474550773180604,1,1,6727.75,0.546628186747835,0,0,4
"CovidHub-baseline",2025-01-04,1,1,1650.68839000301,0.106370603556421,1,1,2092.75,0.13624567935898,0.5,0.75,4
"CovidHub-baseline",2025-01-11,1,1,2002.73648948258,0.126477682458784,1,1,3448.5,0.21829765242045,0,1,4
"CovidHub-baseline",2025-01-18,1,1,726.814644181284,0.0518624294237817,1,1,668.25,0.0479036847620273,1,1,4
"CovidHub-baseline",2025-02-01,1,1,1023.53255367324,0.0879076919939898,1,1,1422,0.11613644158818,0.5,1,4
"CovidHub-baseline",2025-02-08,1,1,775.273273912728,0.0650690468161736,1,1,1040.5,0.087470919927974,0.75,1,4
"CovidHub-baseline",2025-02-15,1,1,673.899178003834,0.0605886826246604,1,1,863.75,0.07796416937276,1,1,4
"CovidHub-baseline",2025-02-22,1,1,596.920209474845,0.0585915917149028,1,1,555.5,0.0544826243161851,1,1,4
"CovidHub-baseline",2025-03-01,1,1,627.922392328978,0.0671714347386908,1,1,633.5,0.0654040382645382,1,1,4
"CovidHub-baseline",2025-03-08,1,1,574.90573625277,0.0632300145580388,1,1,625.25,0.0689385110972474,1,1,4
"CovidHub-baseline",2025-03-15,1,1,601.47470476514,0.0720796838291405,1,1,714.75,0.0867227339331902,1,1,4
"CovidHub-baseline",2025-03-22,1,1,642.088718351499,0.0828913279016863,1,1,891.5,0.117753981322274,1,1,4
"CovidHub-baseline",2025-03-29,1,1,604.452877894018,0.0887364626502507,1,1,803.75,0.114871959243961,1,1,4
"CovidHub-baseline",2025-04-05,1,1,625.850388729719,0.0929757496406474,1,1,974.5,0.147570845417973,1,1,4
"CovidHub-baseline",2025-04-12,1,1,540.29548352764,0.0957606817244921,1,1,630.5,0.1112606038966,1,1,4
"CovidHub-baseline",2025-04-19,1,1,540.518364616347,0.116219850069713,1,1,697.75,0.137339789924992,1,1,4
"CovidHub-baseline",2025-04-26,1,1,563.838846351295,0.123555955751237,1,1,861,0.179910227459604,1,1,4
"CovidHub-baseline",2025-05-03,1,1,505.591582308475,0.127304487859354,1,1,660.25,0.152103991636902,1,1,4
"CovidHub-baseline",2025-05-10,1,1,446.905797499339,0.130327990046594,1,1,474,0.115109083465885,1,1,4
"CovidHub-baseline",2025-05-17,1,1,395.74535580558,0.146351077033598,1,1,86,0.0224842370494391,1,1,4
"CovidHub-baseline",2025-05-24,1,1,406.765830453908,0.164330414409215,1,1,321.75,0.0900422723406442,1,1,4
"CovidHub-baseline",2025-05-31,1,1,449.388998673699,0.191564586663848,1,1,582.25,0.168219876249451,0.75,1,4
"CovidHub-baseline",2025-06-07,1,1,377.796348325282,0.152586730844092,1,1,298.75,0.0835458339559212,1,1,4
"CovidHub-baseline",2025-06-14,1,1,408.479371457492,0.171963291026182,1,1,517.5,0.148477187747282,1,1,4
"CovidHub-baseline",2025-06-21,1,1,464.707076970906,0.185551796177128,1,1,729.75,0.20452093067872,0.75,1,4
"CovidHub-baseline",2025-06-28,1,1,488.815703715325,0.181374679754208,1,1,815,0.216586944239112,1,1,4
"CovidHub-baseline",2025-07-05,1,1,710.814554788684,0.238009171696858,1,1,1303,0.335081741367151,0,1,4
"CovidHub-baseline",2025-07-12,1,1,987.640018962858,0.2814381920764,1,1,1758.75,0.414278442485879,0,1,4
"CovidHub-baseline",2025-07-19,1,1,1188.10977016563,0.275009154085203,1,1,2034.25,0.417406605372918,0,1,4
"CovidHub-baseline",2025-07-26,1,1,1632.1765275821,0.320388581385604,1,1,2634.5,0.486212002247686,0,1,4
"CovidHub-baseline",2025-08-02,1,1,1981.78988677933,0.319533187854144,1,1,3050.75,0.483708433503514,0,0.75,4
"CovidHub-baseline",2025-08-09,1,1,2171.27323954111,0.297874611461448,1,1,3286,0.451513519559183,0,0.75,4
"CovidHub-baseline",2025-08-16,1,1,2207.01537993448,0.268629778541008,1,1,3339.75,0.407850103951339,0,1,4
"CovidHub-baseline",2025-08-23,1,1,1886.20987970235,0.212023160245674,1,1,2935.25,0.329340965570274,0,1,4
"CovidHub-baseline",2025-08-30,1,1,1231.97687704194,0.13151734877248,1,1,1980,0.209410997603585,0.25,1,4
"CovidHub-baseline",2025-09-06,1,1,833.824651102375,0.0881036639663617,1,1,1325.5,0.140117855179567,0.5,1,4
"CovidHub-baseline",2025-09-13,1,1,1017.31672518395,0.119096134774143,1,1,1674,0.195171812912344,0.5,1,4
"CovidHub-baseline",2025-09-20,1,1,1439.879244257,0.190446375131777,1,1,2264.75,0.295925652446171,0.25,1,4
"CovidHub-baseline",2025-09-27,1,1,1827.25222210055,0.271732277310088,1,1,2874.5,0.417601527313081,0,0.75,4
"CovidHub-baseline",2025-11-22,1,1,527.361692586714,0.190073237770808,1,1,922.75,0.253191842899294,0.5,1,4
"CovidHub-baseline",2025-11-29,1,1,823.732696962405,0.246711068853335,1,1,1473.5,0.368302088247177,0.25,1,4
"CovidHub-baseline",2025-12-06,1,1,1564.83890226892,0.373463682648033,1,1,2513.5,0.555859707979363,0,0.75,4
"CovidHub-baseline",2025-12-13,1,1,2168.53737137618,0.386520057380638,1,1,3190,0.564421047985323,0,0.5,4
"CovidHub-baseline",2025-12-20,1,1,2855.77031652787,0.469377883263414,1,1,4011,0.663433228892245,0,0.25,4
"CovidHub-baseline",2025-12-27,1,1,2310.38197139147,0.335597481013262,1,1,3363,0.492611094000567,0,0.25,4
"CovidHub-baseline",2026-01-03,1,1,1014.58596019138,0.128574401700285,1,1,1371.25,0.170667753109852,0.5,0.75,4
"CovidHub-baseline",2026-01-10,1,1,783.423633729712,0.0976775982299357,1,1,1371,0.17354389514206,0.25,1,4
"CovidHub-baseline",2026-01-17,1,1,715.018878379311,0.0942737811143845,1,1,1319.75,0.17714790816202,0.25,1,4
"CovidHub-baseline",2026-01-24,1,1,350.132742818466,0.0528042959641749,1,1,276.5,0.0414403925061504,1,1,4
"CovidHub-baseline",2026-01-31,1,1,454.243688920275,0.0793921412883825,1,1,669,0.109351840384488,0.75,1,4
"CovidHub-baseline",2026-02-07,1,1,356.915633521341,0.060356940855209,1,1,332.25,0.0540857663693668,1,1,4
"CovidHub-baseline",2026-02-14,1,1,439.646531571158,0.0794544411838355,1,1,568.5,0.0982561565258555,0.75,1,4
"CovidHub-baseline",2026-02-21,1,1,460.045821827045,0.0862363865471308,1,1,677.25,0.128162456703707,0.75,1,4
"CovidHub-baseline",2026-02-28,1,1,565.969358355801,0.110849360383476,1,1,951.25,0.192226980900836,0.5,1,4
"CovidHub-baseline",2026-03-07,1,1,795.630127173179,0.19966795598254,1,1,1374,0.342675145358713,0.25,1,4
"CovidHub-baseline",2026-03-14,1,1,819.29287681911,0.250161779775857,1,1,1387.5,0.422791450810241,0.5,1,4
"CovidHub-baseline",2026-03-21,1,1,855.245543013789,0.302119724214386,1,1,1468.25,0.51656747263761,0.25,1,4
"CovidHub-baseline",2026-03-28,1,1,964.520927983252,0.367868446646061,1,1,1729,0.64703522389288,0,1,4
"CovidHub-baseline",2026-04-04,1,1,311.956656438673,0.258880402868089,1,1,171.5,0.0926289843468797,1,1,4
"CovidHub-baseline",2026-04-11,1,1,298.907933404981,0.277770874752181,1,1,65,0.0379178150784216,1,1,4
"CovidHub-baseline",2026-04-18,1,1,298.617713745436,0.358007684221816,1,1,150.75,0.0942166188863545,1,1,4
"CovidHub-baseline",2026-04-25,1,1,296.569503845892,0.353549651423763,1,1,146.25,0.0948295529725158,1,1,4
"CovidHub-baseline",2026-05-02,1,1,297.50674211953,0.321597779506714,1,1,192,0.131235891472368,1,1,4
"CovidHub-baseline",2026-05-09,1,1,296.175599973,0.356125611511464,1,1,225.75,0.167371807261936,1,1,4
"CovidHub-baseline",2026-05-16,1,1,284.528032102022,0.384251564915486,1,1,168.5,0.139902200915951,1,1,4
"CovidHub-baseline",2026-05-23,1,1,276.583034446323,0.426082470401833,1,1,160.25,0.141944505166028,1,1,4
"CovidHub-baseline",2026-05-30,1,1,264.035426390922,0.479360520955733,1,1,109.5,0.107291050237851,1,1,4
"CovidHub-baseline",2026-06-06,1,1,253.164682152789,0.522882746963487,1,1,51.25,0.0539315300346581,1,1,4
"CovidHub-baseline",2026-06-13,1,1,246.272301200691,0.574250100210684,1,1,58,0.0619456401926997,1,1,4
"CovidHub-baseline",2026-06-20,1,1,247.371618434711,0.609692098550488,1,1,137.75,0.14495000751171,1,1,4
"CovidHub-baseline",2026-06-27,1,1,260.135730830227,0.630787975704123,1,1,283,0.289118907224672,1,1,4
"CovidHub-baseline",2026-07-04,1,1,281.509720583853,0.587104608010017,1,1,378.75,0.345149299233277,1,1,4
"CovidHub-baseline",2026-07-11,1,1,321.039060744298,0.56529676994833,1,1,524.5,0.429054041691933,1,1,4
"CovidHub-baseline",2026-07-18,1,1,368.90185005687,0.550046643205748,1,1,657,0.47542179497792,1,1,4
"CovidHub-baseline",2026-07-25,1,1,418.397804499246,0.47823192949054,1,1,769,0.483995698107844,0.75,1,4
"CovidHub-baseline",2026-08-01,1,1,499.6937596922,0.466283299057743,1,1,934.5,0.509445061230676,0.25,1,4
"CovidHub-baseline",2026-08-08,1,1,569.643459074901,0.37023441340042,1,1,1038.25,0.452182974896213,0.5,1,4
"CovidHub-baseline",2026-08-15,1,1,793.013584273071,0.414320507488093,1,1,1429.5,0.563840744096142,0,1,4
"CovidHub-baseline",2026-08-22,1,1,834.23447854853,0.344867891586591,1,1,1495.75,0.506118870177753,0,1,4
"CovidHub-baseline",2026-08-29,1,1,889.332523505648,0.318994978597211,1,1,1575.25,0.479057814199459,0,1,4
"CovidHub-baseline",2026-09-05,1,1,610.368852856659,0.19012134635988,1,1,1112.75,0.298968765878316,0,1,4
"CovidHub-baseline",2026-09-12,1,1,880.61944843531,0.451245744652755,1,1,838.333333333333,0.211793935601808,1,1,4
"CovidHub-baseline",2026-09-19,1,1,682.816021973165,0.268367218619419,1,1,396,0.0932453176572814,1,1,4
"CovidHub-baseline",2026-09-26,1,1,470.465363043478,0.166523014204788,1,1,12,0.00275040283399441,1,1,4
"CovidHub-ensemble",2024-11-30,0.440548579594141,0.342819791433298,998.356994782342,0.0882175308942432,0.558661861475417,0.431131006102577,1352.41558944108,0.12018207408623,1,1,4
"CovidHub-ensemble",2024-12-07,0.278179644693528,0.25775437610682,1047.65016839938,0.10019692009534,0.386929760910052,0.341650432610653,1617.06129174494,0.149661160533478,0.75,1,4
"CovidHub-ensemble",2024-12-14,0.378338255672506,0.353751111412103,1947.274399949,0.156827522473881,0.721583984761305,0.654781451233929,3942.84546187843,0.313972795965293,0.5,1,4
"CovidHub-ensemble",2024-12-21,0.442410408796246,0.435212603205308,2194.30732423807,0.167954420427254,0.757392479929712,0.707041397219216,4202.48964487969,0.312858021527489,0.25,1,4
"CovidHub-ensemble",2024-12-28,0.533602496834567,0.507163476924235,3198.11330095917,0.240678960234503,0.766538147479038,0.709593190221088,5160.91609264735,0.388562135353665,0,0.75,4
"CovidHub-ensemble",2025-01-04,0.896052743544681,0.901435757228937,1496.9337111979,0.0970545152417277,1.13096564427855,1.1214042848964,2393.01413080665,0.154555047370525,0.75,1,4
"CovidHub-ensemble",2025-01-11,1.32822756171881,1.25493334142934,2679.62323361556,0.15951374711327,1.41183646793456,1.34634146641277,4904.95370390603,0.295596791901835,0,1,4
"CovidHub-ensemble",2025-01-18,1.70661880329996,1.57725476318896,1232.09501576191,0.0810486123257206,2.84401910185839,2.70175890699789,1908.23039494277,0.129660538451684,1,1,4
"CovidHub-ensemble",2025-02-01,1.09140533419788,1.09676569623572,1120.62128777516,0.0965581262062223,1.07580384144835,1.08307294236372,1516.3525588533,0.124564948519459,0.5,1,4
"CovidHub-ensemble",2025-02-08,1.26659044986525,1.3793048542653,965.920305931669,0.0883566312369087,0.869524161169105,0.865868606956657,837.732496795925,0.0697637323766065,1,1,4
"CovidHub-ensemble",2025-02-15,1.20250923402455,1.26613949259061,794.978553280906,0.0754934529535628,0.82405497510238,0.852934668342196,667.211061999245,0.0624253995949124,1,1,4
"CovidHub-ensemble",2025-02-22,1.64775566207449,1.95712251570325,977.274425964709,0.114505518020831,3.59154678888617,4.10736066635248,1953.31509316778,0.220057845458234,1,1,4
"CovidHub-ensemble",2025-03-01,1.6492040652914,1.8786215900066,1029.77661728247,0.126383523879417,2.93021145229829,3.2940367108506,1897.21315397136,0.221360634908421,0.75,1,4
"CovidHub-ensemble",2025-03-08,1.35260739759566,1.52661756275334,754.16345162131,0.0942333065583675,2.3177207514919,2.5427701742888,1317.55251523007,0.159540396736464,0.5,1,4
"CovidHub-ensemble",2025-03-15,1.13828334996373,1.25981178304786,639.331825260312,0.0854899893908525,1.72032002146945,1.80553149800844,1061.61171968808,0.134161470901012,0.75,1,4
"CovidHub-ensemble",2025-03-22,0.861570586144659,0.958580511468082,517.753963045049,0.0748195897117893,0.755425263222881,0.742885608254666,539.208564210005,0.0692180776368385,0.75,1,4
"CovidHub-ensemble",2025-03-29,0.89998820994787,0.96110380958888,517.279563391116,0.0814993732463808,1.11920889860934,1.17666822700092,832.862998211935,0.125085278698575,0.75,1,4
"CovidHub-ensemble",2025-04-05,0.58224972096127,0.634083275321542,354.887573548244,0.0574959667030684,0.347155178628441,0.365228081992475,360.115751898933,0.0577836649119257,1,1,4
"CovidHub-ensemble",2025-04-12,0.657357237645598,0.707524762759663,331.78098315565,0.0633779752954026,0.923046044992898,0.944311909929799,480.179324160555,0.0861852975665376,1,1,4
"CovidHub-ensemble",2025-04-19,0.875068291966003,0.872252053827796,437.28587773028,0.0932536728966926,1.07737638758619,1.07902391342203,622.35826825863,0.120971520501023,0.75,1,4
"CovidHub-ensemble",2025-04-26,0.621806406989761,0.666236907070759,309.912432185586,0.0734079967096781,0.64846217042008,0.693465188093692,451.42474605379,0.101896856367416,0.75,1,4
"CovidHub-ensemble",2025-05-03,0.625873355121559,0.607874982150762,313.848070798483,0.0759154788165114,0.389760132474273,0.407508251610001,257.795359507702,0.0626212915019702,1,1,4
"CovidHub-ensemble",2025-05-10,0.628815039930188,0.569477756657743,277.770820854611,0.0721473534137237,0.183963263501537,0.194967930425466,87.0717017927974,0.0224557321619976,1,1,4
"CovidHub-ensemble",2025-05-17,0.892924738801709,0.732994118328924,359.870017182718,0.108066283343384,5.28075987918329,5.72439600097942,523.04234741893,0.149103425656877,1,1,4
"CovidHub-ensemble",2025-05-24,0.774936263896695,0.588997541429668,307.466525583833,0.0931395589151408,1.9184880322893,2.02104231610832,633.461265723855,0.187132377987223,0.5,1,4
"CovidHub-ensemble",2025-05-31,0.96546402390165,0.716509025527435,426.519963015285,0.133613804441277,1.27741029260388,1.31196864209046,745.599829391683,0.221248542025058,0,1,4
"CovidHub-ensemble",2025-06-07,1.03726723673893,0.828441330679258,396.484305890608,0.126783645217371,2.45973682464206,2.66307444728795,760.83155279381,0.231737592107939,0.5,1,4
"CovidHub-ensemble",2025-06-14,0.827013633654144,0.608598360444728,334.557401149875,0.102343418226765,1.13319340377679,1.14643530508273,581.337516699248,0.168655996311103,0.5,1,4
"CovidHub-ensemble",2025-06-21,0.737343267986539,0.538435827520115,336.299519237932,0.096688047787966,0.914114815963814,0.907413353435526,650.56550442673,0.180607511027131,0.75,1,4
"CovidHub-ensemble",2025-06-28,0.822071312202169,0.610537653082426,410.814195558996,0.111761576271864,1.00657406900717,1.00915027337785,831.055304198495,0.221661891433131,0.25,1,4
"CovidHub-ensemble",2025-07-05,0.879087541230563,0.678218952018915,640.549013017556,0.164066517857587,0.898757273805732,0.882209579991953,1194.34265124809,0.301878290868389,0,1,4
"CovidHub-ensemble",2025-07-12,0.71741299863254,0.58748442952337,706.475047071312,0.163353052408157,0.866047275007463,0.837671458229652,1529.35812675227,0.347852476766645,0,1,4
"CovidHub-ensemble",2025-07-19,0.590941837678551,0.504856725589744,695.974494057496,0.135930629570301,0.636899797326551,0.586604501439746,1276.27786295105,0.239218967225058,0,1,4
"CovidHub-ensemble",2025-07-26,0.558530714142778,0.487468214611086,927.757781039305,0.157276351591396,0.605298720954191,0.541457593053492,1627.18977103619,0.267115312332318,0,1,4
"CovidHub-ensemble",2025-08-02,0.628468641105088,0.573721162814569,1252.57098305027,0.182902352409014,0.717035515138561,0.661874314980626,2195.73430941546,0.319605306928749,0,1,4
"CovidHub-ensemble",2025-08-09,0.413700621600261,0.379956553908093,896.686541059336,0.112081410428413,0.49424270486423,0.439223102156609,1615.2975,0.195402003394984,0,1,4
"CovidHub-ensemble",2025-08-16,0.461318993953031,0.432911883119545,1018.25347522956,0.115744409552595,0.582518335288356,0.531168549688333,1938.2175,0.214662876605001,0,1,4
"CovidHub-ensemble",2025-08-23,0.536901659256115,0.516659750968065,1016.3642240774,0.109739813477937,0.693709317486225,0.658055097389557,2012.52801338318,0.213654958607966,0.25,1,4
"CovidHub-ensemble",2025-08-30,0.652509515084447,0.633076918951373,828.918162204884,0.0854624948087067,0.576915607110077,0.550041772455887,1090.97503783455,0.109720061148859,0.75,1,4
"CovidHub-ensemble",2025-09-06,0.821929697396761,0.796456199256726,727.458884820374,0.0744291948400493,0.644642906192488,0.633126962362416,864.0732,0.0900803398089538,1,1,4
"CovidHub-ensemble",2025-09-13,2.5209482142501,2.18737659274416,2423.17690365478,0.243622926846882,2.57294929974366,2.23685493175333,3893.21362964788,0.388824543367276,0.25,0.75,4
"CovidHub-ensemble",2025-09-20,1.39889740617495,1.31265246224748,1991.90502145681,0.246482001511182,1.31692694993586,1.24989787328303,2969.40731472512,0.366285756887965,0.25,0.5,4
"CovidHub-ensemble",2025-09-27,0.914759611748977,0.914120576789568,1670.12541298729,0.249002961202715,0.945475751505762,0.955451250811926,2728.53061165544,0.400791373527909,0,0.5,4
"CovidHub-ensemble",2025-11-22,0.570500688063545,0.404998532899176,288.858259805092,0.0724329394564178,0.157550972156857,0.150692112550866,123.614472063838,0.0323924089027581,1,1,4
"CovidHub-ensemble",2025-11-29,0.530261516865969,0.418746794614111,424.300051407825,0.099033228494804,0.48245330347335,0.43144148679913,689.698584865468,0.152714701536465,1,1,4
"CovidHub-ensemble",2025-12-06,0.615658309224014,0.505261550690524,960.793888571902,0.185869577881247,0.656288725194938,0.582207116342465,1660.29567349481,0.322447371636616,0,1,4
"CovidHub-ensemble",2025-12-13,0.574873507999302,0.487587427587102,1256.82456202755,0.188292888028693,0.594771437027922,0.51077244711926,1944.12200748598,0.292248344232267,0,1,4
"CovidHub-ensemble",2025-12-20,0.512816177770896,0.447761520457613,1424.20109676807,0.203439003328118,0.582010131003089,0.498307947914925,2314.93768538806,0.325816982892584,0,0.75,4
"CovidHub-ensemble",2025-12-27,0.491555477319496,0.437790802729301,1121.16938151786,0.144243170441538,0.566549462862675,0.497432211690025,1857.90535118001,0.237886986811877,0.25,1,4
"CovidHub-ensemble",2026-01-03,0.854785113096209,0.789388771232908,960.88302812564,0.112046502594642,0.969085108549151,0.91667693900532,1525.54504643223,0.180488912419008,0.25,1,4
"CovidHub-ensemble",2026-01-10,2.21627126032445,2.03918403119841,1755.13793007687,0.200606865283026,2.14557900973314,1.93178978697287,2910.6003785088,0.329691197353608,0.25,1,4
"CovidHub-ensemble",2026-01-17,2.64114196998131,2.41607638704307,1744.31029783641,0.210484781062828,2.4297913702007,2.17913844661996,2965.70410208333,0.358279016748505,0,1,4
"CovidHub-ensemble",2026-01-24,1.0695272740252,1.02951597097153,369.596613807589,0.0537483659243745,1.34934369589637,1.32643565051809,353.205876628727,0.0520381786473698,1,1,4
"CovidHub-ensemble",2026-01-31,1.37130598301745,1.42354426787397,653.865351821997,0.11938085210926,1.69281673039982,1.80493736331821,1237.2549277449,0.218138385095663,0.25,1,4
"CovidHub-ensemble",2026-02-07,1.28773371561687,1.34984892236027,456.577182508897,0.08139348808816,2.73699750380293,2.93672071715122,942.848154275271,0.165699302368642,0.75,1,4
"CovidHub-ensemble",2026-02-14,0.960774338189704,0.951206628209128,414.216132324624,0.0741089232822079,1.02279512598244,1.02058380428338,574.175304334219,0.0988567195211849,0.75,1,4
"CovidHub-ensemble",2026-02-21,0.857449808956565,0.866077346214504,378.243452344216,0.0717035966439067,0.717923317731424,0.714023620503023,426.987941975769,0.0799274380645221,0.75,1,4
"CovidHub-ensemble",2026-02-28,0.905862570109214,0.900529143660581,505.703314028748,0.0986380937338632,0.835378356624398,0.851848677749973,790.907560711755,0.163334027269492,0.5,1,4
"CovidHub-ensemble",2026-03-07,0.818411736060813,0.846508618905795,660.48734392953,0.172589842994014,0.769289106818435,0.809424558433667,1083.22143459885,0.285609029590304,0.5,1,4
"CovidHub-ensemble",2026-03-14,0.681154892815755,0.739699536583021,575.685577466255,0.193339249640158,0.535439254925497,0.597555010342758,854.463464338629,0.295032424706754,0.5,1,4
"CovidHub-ensemble",2026-03-21,0.816104149015276,0.867291335228064,697.604484653664,0.262154657933402,0.770854912433225,0.82146974838806,1107.08796596584,0.417838534043425,0.25,1,4
"CovidHub-ensemble",2026-03-28,0.903738296572616,0.948040942443477,860.239898654247,0.344202747832289,0.772517656159573,0.821871740640508,1330.84436902246,0.531107819990416,0,0.75,4
"CovidHub-ensemble",2026-04-04,0.57265286378614,0.356121299814418,173.655026088605,0.0870992032900224,1.10725006227021,1.05377619128508,166.945534779564,0.0862357786932606,1,1,4
"CovidHub-ensemble",2026-04-11,0.437184465785281,0.295185871777081,130.578930724776,0.080022594727446,1.62735682692795,1.69796750013686,110.098945965617,0.0670825157570047,1,1,4
"CovidHub-ensemble",2026-04-18,0.557702619104344,0.322579823846889,161.005530421273,0.108824707813476,1.61643172516126,1.69469952276067,253.098602069199,0.166580677465664,0.75,1,4
"CovidHub-ensemble",2026-04-25,0.533725484379484,0.301722341037784,153.706354456767,0.0999650374178553,0.884715374767407,0.877648294815204,120.9249875,0.0774160095065481,1,1,4
"CovidHub-ensemble",2026-05-02,0.55498447296837,0.31996830463163,175.506005092281,0.105176074570809,1.17289021445688,1.15259905271382,236.375,0.158062541997284,1,1,4
"CovidHub-ensemble",2026-05-09,0.649802568725006,0.358664346797665,201.895761504556,0.129873105496153,1.58596548144659,1.49659515412896,365.209349578404,0.253544873087356,0.75,1,4
"CovidHub-ensemble",2026-05-16,0.639227070266293,0.346334560301475,193.594572904612,0.138882634185162,2.44035847321101,2.22623273450397,367.453992669681,0.276801272543531,0.5,1,4
"CovidHub-ensemble",2026-05-23,0.505853087713525,0.259589123174074,144.566869738946,0.110845561275231,1.35667813937105,1.3032250406953,238.59125,0.201018513287589,1,1,4
"CovidHub-ensemble",2026-05-30,0.525463943808478,0.251883473172394,145.299944561019,0.123299873092666,2.10671434586546,1.96836389842343,231.57665,0.210251029894603,0.75,1,4
"CovidHub-ensemble",2026-06-06,0.549465511641319,0.242083868345662,146.700195066574,0.12912766920193,3.10240800198441,2.78698507255571,212.293572422638,0.196918339449073,1,1,4
"CovidHub-ensemble",2026-06-13,0.401303109089129,0.184180284097579,101.046624406644,0.10545133876678,1.01405244798471,1.00029863635665,57.9992997042758,0.060776254704431,1,1,4
"CovidHub-ensemble",2026-06-20,0.367007000570849,0.156779485678347,92.795029429863,0.0945546026604651,0.819416077001899,0.807198846837432,104.478532711425,0.107760143882734,1,1,4
"CovidHub-ensemble",2026-06-27,0.372013729938957,0.142535431622971,94.2182013098075,0.0853696399957259,0.248007133165661,0.218065889635181,58.998951478085,0.0531229984022967,1,1,4
"CovidHub-ensemble",2026-07-04,0.493852701507007,0.208813418554483,144.508823586367,0.123971938639725,0.5993636789139,0.55199841611869,245,0.204473281213095,0.75,1,4
"CovidHub-ensemble",2026-07-11,0.453411550705791,0.199085105484552,148.11964208711,0.110809914991594,0.455460693912782,0.400453348450724,244.079752232736,0.173178750411364,1,1,4
"CovidHub-ensemble",2026-07-18,0.529657203660173,0.240436353281616,202.008520768382,0.132617882407522,0.55406277620885,0.491036384931453,382.417848116662,0.243417364166601,0.5,1,4
"CovidHub-ensemble",2026-07-25,0.409953677795275,0.207653805910088,168.409017835907,0.0940877031947454,0.31639759771299,0.272217519644132,233.209651874681,0.1247466033281,1,1,4
"CovidHub-ensemble",2026-08-01,0.387618413363092,0.205784042511983,193.806173203193,0.092866507681135,0.309991594962858,0.259765660367528,285.873157544041,0.128546447626556,0.75,1,4
"CovidHub-ensemble",2026-08-08,0.410030320892845,0.242247655707666,240.426011966929,0.0898834193891,0.263700006793762,0.211964946250446,326.901952547815,0.111299745921811,0.75,1,4
"CovidHub-ensemble",2026-08-15,0.539356294490287,0.362462344046965,459.049070119413,0.157106081237245,0.559325857637925,0.486871168033426,847.191285191538,0.287147755182542,0.5,1,4
"CovidHub-ensemble",2026-08-22,0.563388654885569,0.424888601345502,483.306641137285,0.148636570787351,0.593103646689305,0.526076012837204,914.914827894746,0.274700490533609,0.25,1,4
"CovidHub-ensemble",2026-08-29,0.551457628452261,0.435419662135234,491.346078175592,0.138239004507669,0.562849997785372,0.50588391785273,897.683677816029,0.245047666569073,0,1,4
"CovidHub-ensemble",2026-09-05,0.435883824019066,0.348002922727753,270.381084611189,0.0665121455829422,0.242660498366056,0.223673982936687,260.445856290124,0.0644199216277106,0.75,1,4
"CovidHub-ensemble",2026-09-12,0.253759881802914,0.114590338929396,223.465887148291,0.0517084028202069,0.316683727015468,0.287125920046251,265.4865244813,0.0608115286198855,1,1,4
"CovidHub-ensemble",2026-09-19,0.278018682620702,0.157641112674099,189.835610901288,0.0423057069484182,0.402777777777778,0.381766687090038,159.5,0.0355979560086785,1,1,4
"CovidHub-ensemble",2026-09-26,0.363262043152008,0.225489038192375,170.902209011425,0.0375491143099328,15.2083333333333,14.9189515758231,182.5,0.0410331266943693,1,1,4
"Google_SAI-Ensemble",2025-03-22,0.922390391703272,0.955304932747852,613.282363097555,0.0825795256704246,1.02156818644155,1.02813038162679,843.264931620625,0.111812716218926,0.25,0.5,4
"Google_SAI-Ensemble",2025-03-29,0.847614282440164,0.825731639863512,501.527170417857,0.0719936990796684,0.892842627231246,0.895568576522845,698.574490290915,0.100193193527563,0.25,0.5,4
"Google_SAI-Ensemble",2025-04-05,0.877789273491023,0.920379068809108,577.253800654657,0.0901435992419005,0.760137137763786,0.776863955346541,753.248972548235,0.116621051720581,0.25,0.25,4
"Google_SAI-Ensemble",2025-04-12,0.64080614521894,0.649659687617807,390.701599139571,0.0708846772097052,0.869653727566154,0.878994329858077,544.717361735365,0.0973443247022145,0.5,0.75,4
"Google_SAI-Ensemble",2025-04-19,0.696260096803888,0.648828626329737,403.283611499023,0.0810558911610676,0.90287999981799,0.905999769504901,627.91869019303,0.124203067555793,0.25,0.75,4
"Google_SAI-Ensemble",2025-05-24,1.11412098169771,0.817983417853363,440.794654160627,0.128823242176184,1.86850080957556,1.96788604132039,619.13626795138,0.182881914052277,0,0.5,4
"Google_SAI-Ensemble",2025-05-31,0.87623705466213,0.599283451166092,370.689958654635,0.106378335361669,0.928628607787759,0.928534702547019,530.211435270777,0.153010850735118,0,0.5,4
"Google_SAI-Ensemble",2025-06-07,6.94199300663207,8.18087218932673,2511.52570082493,1.16837487267507,9.39391762422989,16.658373449261,2730.71517421477,1.34575554089992,0,0,4
"JHU_CSSE-CSSE_Ensemble",2024-11-30,0.922108082914413,0.660710331464159,2116.93753405797,0.172093697838232,1.58100784777572,1.16058304219694,3943.79166666667,0.33292330479765,0,1,4
"JHU_CSSE-CSSE_Ensemble",2024-12-07,0.470649472056587,0.30808521135891,1790.3738557971,0.119166271565951,0.60477922654792,0.388883842438212,2508.20833333333,0.167090738074712,1,1,4
"JHU_CSSE-CSSE_Ensemble",2024-12-14,0.314210478871358,0.286709504297149,1611.04067047101,0.126657945567029,0.511177133088488,0.429104416273725,2777.625,0.204655465659836,0.75,1,4
"JHU_CSSE-CSSE_Ensemble",2024-12-21,0.409323939091874,0.422419116482371,2040.45858695652,0.164063668837934,0.650331251310202,0.588877878859697,3612.75,0.26132437589304,0.5,1,4
"JHU_CSSE-CSSE_Ensemble",2025-01-04,1.45515704671328,1.41805666273075,2495.27789782609,0.156468156259134,1.37003215405835,1.29409803445679,3001.79166666667,0.184591391341051,1,1,4
"JHU_CSSE-CSSE_Ensemble",2025-02-22,2.65339133840617,3.47215620027933,1570.3348375,0.20274884278436,4.11046769796603,4.71091394239494,2219.4375,0.250187828208145,1,1,4
"JHU_CSSE-CSSE_Ensemble",2025-03-01,1.59299927287091,1.85044422500622,1005.12660652174,0.126078419943864,2.50946456006493,2.7970450976568,1641.08333333333,0.18989286647027,1,1,4
"JHU_CSSE-CSSE_Ensemble",2025-03-08,0.974607772445238,1.05148489389277,546.374786240942,0.0652061004451512,1.30061121442263,1.37113846010213,747.5,0.0870224170200706,1,1,4
"JHU_CSSE-CSSE_Ensemble",2025-03-15,0.840770504765083,0.868157527482864,468.152117268635,0.0579600756799127,1.19566473485986,1.20532797377405,726.541355975519,0.0880255651791764,0.75,1,4
"JHU_CSSE-CSSE_Ensemble",2025-03-22,1.24397518892357,1.45530982717387,742.863895898667,0.113061270461576,1.58114570421677,1.68152675934803,1173.02242681789,0.163760203936484,0.5,1,4
"JHU_CSSE-CSSE_Ensemble",2025-03-29,1.12505691075011,1.20500029596555,632.593311166144,0.0998140982430819,1.45204796443504,1.55347335179067,1073.41590824453,0.163709145074718,0.5,1,4
"JHU_CSSE-CSSE_Ensemble",2025-04-12,0.978068241023323,1.10363608295086,490.138014980925,0.0984072538489391,1.67590755546443,1.79774344066104,869.939852392457,0.164007655385637,0.25,1,4
"JHU_CSSE-CSSE_Ensemble",2025-04-19,1.13068471384032,1.19056265547758,563.862820312936,0.128028724683436,1.66907199255003,1.81564549659017,1019.50825503061,0.217997905859197,0.5,1,4
"JHU_CSSE-CSSE_Ensemble",2025-04-26,0.715360850328604,0.787550823486477,355.171913442882,0.086491185418231,0.742557887693185,0.792355719303747,509.772653382367,0.114230463913802,0.75,1,4
"JHU_CSSE-CSSE_Ensemble",2025-05-10,0.648049963636337,0.563568131883415,282.494287101449,0.070728769723649,0.497969582311388,0.504182188338447,218.666666666667,0.0539123561863892,1,1,4
"JHU_CSSE-CSSE_Ensemble",2025-05-31,0.593577533773129,0.393071040387429,267.304116376812,0.0741347589683251,0.192482036474734,0.180087706975141,108.833333333333,0.0294271198052201,1,1,4
"MOBS-GLEAM_COVID",2024-11-30,1.31202996183172,0.910616070974125,2986.2104526087,0.235233280019839,1.9195420920585,1.30729960978488,4749.91225,0.372331730603044,0,0.5,4
"MOBS-GLEAM_COVID",2024-12-21,1.0640477815433,1.12990984222899,5310.95119565217,0.439013715566331,1.22743225835946,1.32877103829638,6837,0.590567196591576,0,0.25,4
"MOBS-GLEAM_COVID",2024-12-28,0.971740083442979,1.00403372058335,5805.59108695652,0.474116268539253,1.11474073455104,1.16766761151658,7490.5,0.637010704639777,0,0,4
"MOBS-GLEAM_COVID",2025-01-04,1.23461434899299,1.32235785811548,2061.55630434783,0.142287444509048,1.57221540578044,1.67375411244209,3327.5,0.230734612615672,0.5,0.75,4
"MOBS-GLEAM_COVID",2025-01-11,1.54911885670471,1.416538192213,3211.02413043478,0.184312531865019,1.40003739697968,1.28853798112398,5112.25,0.295656855930212,0.5,1,4
"MOBS-GLEAM_COVID",2025-01-18,3.89065507486139,3.24937456379261,2939.17163043478,0.173152276311955,6.72933745815158,5.64895908243929,4732.5,0.28173718419314,0.5,1,4
"MOBS-GLEAM_COVID",2025-02-08,1.37856540480749,1.44896909885936,1050.0787375,0.0925737174314717,1.04728586517307,1.05486135105638,1023.42125,0.0862564087874622,1,1,4
"MOBS-GLEAM_COVID",2025-02-15,0.916495069428567,0.873487619699118,597.558478260869,0.0513923687850153,0.922180962587231,0.901009728829225,775.25,0.0682915686783145,1,1,4
"MOBS-GLEAM_COVID",2025-02-22,0.821774888594731,0.857148119478206,484.458369565217,0.0497454299013736,1.04231020960566,1.10074376737415,573.25,0.059584233245475,1,1,4
"MOBS-GLEAM_COVID",2025-03-01,1.98599361969322,2.22571287461012,1229.19242608696,0.148077451368806,3.67361703106624,4.2011311124193,2354.7,0.278783633850321,0,1,4
"MOBS-GLEAM_COVID",2025-03-08,1.68986015494238,1.94687896914844,939.648796956522,0.119750449303697,3.24108371065446,3.64513727656322,1850.81675,0.229794159972543,0,1,4
"MOBS-GLEAM_COVID",2025-03-15,1.81560837578994,2.10084377822711,1027.58624663043,0.144149625535112,3.0764901580334,3.49066581773992,1955.73625,0.269374211585662,0,1,4
"MOBS-GLEAM_COVID",2025-03-22,1.65730555125125,1.99462688348622,1002.25413978261,0.157337656311615,2.47202270097824,2.88047722332747,1888.37775,0.291219514545138,0,1,4
"MOBS-GLEAM_COVID",2025-03-29,1.8747161439105,2.25733121855687,1115.90365978261,0.200257322752406,2.59131505139333,3.17451054537536,2024.671,0.358853562692905,0,1,4
"MOBS-GLEAM_COVID",2025-04-05,1.68267390358906,2.25113155382028,1043.54410380435,0.210098624074972,2.00322542044777,2.60175012141573,1873.03075,0.373187017999317,0,1,4
"MOBS-GLEAM_COVID",2025-04-12,2.35412136608755,2.96717631419113,1208.18212652174,0.273120874178871,3.86766873220762,4.93410734195169,2074.67075,0.471050114110749,0,1,4
"MOBS-GLEAM_COVID",2025-04-19,2.42323798791937,2.78688818661491,1220.79588836957,0.30452074172761,3.2455021208171,4.1489482484901,2033.76625,0.516620714378417,0,0.75,4
"MOBS-GLEAM_COVID",2025-04-26,2.09565885781432,2.83760803033345,1112.65059815217,0.346597478285604,2.38403268710183,3.38271125947922,1796.32075,0.56073761978519,0,0.75,4
"MOBS-GLEAM_COVID",2025-05-03,1.35321682709859,1.63932018298748,659.716974347826,0.202552609934216,2.10907354370228,2.69683114730922,1284.57075,0.38497418768975,0,1,4
"MOBS-GLEAM_COVID",2025-05-10,1.35183404767951,1.50078844682559,598.188015217391,0.192889475167579,2.55075597705418,3.24522576226321,1181.69275,0.369657844859087,0,1,4
"MOBS-GLEAM_COVID",2025-05-17,1.8578438772117,1.70968296826688,736.888978043478,0.248951689539667,14.432033274357,18.1276644096238,1387.925,0.461523007298151,0,1,4
"MOBS-GLEAM_COVID",2025-05-24,2.29654752240826,1.93403397940934,941.276847826087,0.317380075869254,4.11911746053424,4.98766169589493,1387.75,0.474842864174407,0,0.25,4
"MOBS-GLEAM_COVID",2025-05-31,2.48866377076403,2.02893248389043,1138.71902173913,0.392816797053663,2.6193936895184,3.16758335539616,1575,0.555648503395211,0,0.25,4
"MOBS-GLEAM_COVID",2025-06-07,2.39407631992981,2.02605553337092,934.854673913044,0.316745137120848,4.44550361638299,5.4031708139456,1356.75,0.466448941899078,0,0.5,4
"MOBS-GLEAM_COVID",2025-06-14,3.02989695081181,2.55978639616835,1274.94782608696,0.452331776146222,3.15754027504318,3.9585000225905,1680.5,0.61382523569,0,0.25,4
"MOBS-GLEAM_COVID",2025-06-21,3.46003033390303,3.09220918966377,1650.2527173913,0.588034806554213,2.78398998133702,3.62302387258327,2043,0.756824964763855,0,0,4
"MOBS-GLEAM_COVID",2025-06-28,3.01673177546844,2.61676586985322,1511.37619565217,0.483912729547857,2.42727414575043,2.99819558161964,1939.25,0.64453072212385,0,0.25,4
"MOBS-GLEAM_COVID",2025-07-05,2.67454832360662,2.49472210206543,1905.41148771739,0.594880180920419,1.98906851892136,2.52426234644687,2559.11175,0.845408760906505,0,0,4
"MOBS-GLEAM_COVID",2025-07-12,1.98264466414876,1.86964678844322,1961.49816804348,0.524493150398489,1.59316266801525,1.89024024690964,2762.50975,0.777337807648291,0,0.25,4
"Metaculus-cp",2024-11-30,0.567285415820756,0.423522411137834,1519.349077463,0.119900253456229,0.837229183355847,0.644133616689184,2541.38708834464,0.212518460261479,0.5,1,2
"Metaculus-cp",2024-12-07,0.406172658603424,0.2969779500454,1173.95947989259,0.0962609674673162,0.61876483695415,0.476361787593656,1758.19674829386,0.154716368966418,1,1,2
"Metaculus-cp",2024-12-14,0.179969973297492,0.15185124226602,1151.90360812634,0.0772376074363671,0.138361219057963,0.0940149364671449,891.497181422663,0.0502030996516085,1,1,2
"Metaculus-cp",2024-12-21,0.196049597110531,0.173039215373918,1022.28675340094,0.0680287838821893,0.131568658838562,0.10994935781567,771.627127257036,0.0498057404436159,1,1,2
"Metaculus-cp",2024-12-28,0.171811568695722,0.133202493745152,1165.89155638321,0.0699301486119315,0.1259642460425,0.0963329152866847,937.893295049009,0.0568123576725128,1,1,2
"Metaculus-cp",2025-01-04,0.558024219180815,0.525862779906045,1071.74318386499,0.0638824967485674,0.43825016441065,0.418219167971333,1063.45846573222,0.0647313288424263,1,1,2
"Metaculus-cp",2025-01-11,0.466556931696635,0.516376657589844,1007.64685488694,0.0709751129238033,0.225765527205693,0.261568329452353,872.12835396125,0.0641368243983411,1,1,2
"Metaculus-cp",2025-01-18,1.66256537310399,1.64109497653257,976.381475521289,0.0680782694801454,1.49393856662518,1.5299813669265,729.958247729711,0.0528938359351923,1,1,2
"Metaculus-cp",2025-01-25,NA,NA,1282.51212165969,0.106014764804897,NA,NA,1621.60020585459,0.140128261045702,1,1,2
"Metaculus-cp",2025-02-01,1.28928240282283,1.29337260705429,1309.76791592958,0.111005216523907,1.11647484415399,1.19535775622083,1817.47579788556,0.158219868308568,1,1,2
"Metaculus-cp",2025-02-08,2.20895702384048,2.68964331960811,1685.06490885533,0.179381170967725,3.54019000569482,4.22714998749198,3088.90930542505,0.323923951603343,0.5,1,2
"Metaculus-cp",2025-02-15,2.31529111397913,2.71107109060529,1458.36146925454,0.149715666815474,2.98787585283854,3.48947610266356,2565.56524730193,0.262555319777896,0.5,1,2
"Metaculus-cp",2025-02-22,2.74359789898067,3.34664997885886,1771.41735334345,0.217679301597823,5.38706244636646,6.541334083694,3288.54609145702,0.401772614390371,0,1,2
"Metaculus-cp",2025-03-01,2.88126709109576,3.43845164546587,1710.16909657529,0.20899998263245,5.10075897025159,6.19527797419675,3181.74587794909,0.384814733166287,0,1,2
"Metaculus-cp",2025-03-08,3.15317909460618,3.60199931262944,1933.69185863455,0.248425350229704,5.29461230530739,6.62202044358878,3207.72380147881,0.457869821908801,0.5,1,2
"Metaculus-cp",2025-03-15,2.97204898631066,3.56709618117349,1654.27629289461,0.228171235037902,4.4556130226928,5.29973163704898,2913.22492548224,0.402556438696323,0.5,1,2
"Metaculus-cp",2025-03-22,3.0421054979002,2.61992969517359,2048.16275318817,0.2257186411255,2.57531369068427,2.98262280029784,1978.13543334651,0.310007059997321,1,1,2
"Metaculus-cp",2025-03-29,2.82939915823206,2.3570119677626,1798.83704344659,0.197689701842176,2.08670256083164,2.36546105888557,1647.80271297411,0.25097274914743,0.5,1,2
"Metaculus-cp",2025-04-05,2.04450371623929,1.58278908706089,1316.93670876944,0.164546340904682,0.466342087523718,0.609934482609723,854.631894560188,0.179944392496873,0.5,1,2
"Metaculus-cp",2025-04-12,2.61040142865086,2.04950271298039,1130.3077090953,0.149671975555862,1.81967897552531,2.23197565759579,948.310279341076,0.19070009747488,0.5,1,2
"Metaculus-cp",2025-04-19,1.97513596407129,1.82660193251465,960.254203872353,0.17847369879778,2.50647801520576,2.79085367085573,1544.8085938278,0.319803297737115,0,1,1
"Metaculus-cp",2025-04-26,2.23588833394156,2.38072477197288,1038.12136377219,0.200032049878478,2.08369259510413,2.47382494222235,1635.67746223637,0.342220199951903,0,1,1
"NEU_ISI-AdaptiveEnsemble",2024-12-14,0.311838879866525,0.27061577999496,1598.79293478261,0.119571288844279,0.463943755827729,0.374684947417094,2519.25,0.178590753258986,0.75,1,4
"NEU_ISI-AdaptiveEnsemble",2024-12-21,0.407960311751394,0.387089854175909,2006.46554347826,0.147988713969057,0.645973550518758,0.581083379813944,3563,0.255482400125812,0.5,1,4
"NEU_ISI-AdaptiveEnsemble",2024-12-28,0.505458880063621,0.472259568863327,3021.04315217391,0.223432427727962,0.743458148701248,0.683121756145983,4999.5,0.373504104462852,0,0.75,4
"NEU_ISI-AdaptiveEnsemble",2025-01-04,1.08397655217191,1.17027502632237,1809.34054347826,0.125912879701724,1.38342864856703,1.4501871722715,2904.75,0.198201783846708,0.5,1,4
"NEU_ISI-AdaptiveEnsemble",2025-01-11,0.681681438596834,0.709878851299362,1387.9125,0.0908441779242757,0.570274198301322,0.596198185639489,2092.75,0.138248259918883,0.5,1,4
"NEU_ISI-AdaptiveEnsemble",2025-01-18,2.11523104506435,1.91951305053236,1561.85336956522,0.100246334960466,3.97415151046345,3.64790279874224,2720,0.178002752120127,0.75,1,4
"NEU_ISI-AdaptiveEnsemble",2025-02-01,1.51350794722435,1.23516242290109,1702.17097826087,0.118407950342739,1.38553933142084,1.25151807960256,2448.25,0.18051483466957,0.75,1,4
"NEU_ISI-AdaptiveEnsemble",2025-02-08,0.831626571111044,0.827993531487956,645.470869565217,0.053950480970217,0.945743491859626,0.946324249742798,987.25,0.0830741028645958,0.75,1,4
"NEU_ISI-AdaptiveEnsemble",2025-02-15,1.09592679780881,1.06440886238577,740.836847826087,0.0646689818681813,1.35113269069715,1.33204900372963,1206.5,0.107122420794277,0.75,1,4
"NEU_ISI-AdaptiveEnsemble",2025-02-22,0.692912382077416,0.671380312953054,414.234673913043,0.0394060427417226,1.10026581079653,1.0982307585687,606.75,0.059377348132152,0.75,1,4
"NEU_ISI-AdaptiveEnsemble",2025-03-01,0.955985042794278,0.913792379229329,647.780217391304,0.0661687444076946,1.52832918688284,1.48048286460955,1092.25,0.108963019080691,0.5,1,4
"NEU_ISI-AdaptiveEnsemble",2025-03-08,1.27676266257281,1.22861683722887,800.156630434783,0.0847579702606249,1.95063377634888,1.86361924226445,1273,0.133505025495624,0.25,1,4
"NEU_ISI-AdaptiveEnsemble",2025-03-29,0.896548886377399,0.852287789394607,536.907065217391,0.0747446483943122,0.772032178065168,0.776284840762163,616.75,0.0886550997586077,0.75,1,4
"NEU_ISI-AdaptiveEnsemble",2025-04-05,0.525086605551824,0.532450088522797,314.988260869565,0.0474846160091946,0.569450215139732,0.586936910435812,519.75,0.081401380663741,0.5,1,4
"NEU_ISI-AdaptiveEnsemble",2025-04-12,0.350257924182082,0.344789988737781,179.023043478261,0.0313250703399811,0.374641572684527,0.381835192366254,210.25,0.038103625566575,1,1,4
"NEU_ISI-AdaptiveEnsemble",2025-04-19,0.476187741185242,0.447663213180734,231.619456521739,0.0465917090138956,0.692962153176881,0.693194549031685,411.75,0.0806908077785065,0.5,1,4
"NEU_ISI-AdaptiveEnsemble",2025-04-26,0.470730110870581,0.499934954263359,241.818586956522,0.0572600905394105,0.579224048733832,0.630197485140029,415.75,0.0961016679945974,0,0.75,4
"NEU_ISI-AdaptiveEnsemble",2025-05-31,2.49770733705781,1.95577194565185,1139.48619565217,0.378055954815007,2.31814945794407,2.72628115173248,1406,0.483012241375744,0,0,4
"NEU_ISI-AdaptiveEnsemble",2025-06-07,2.12718439222868,1.73440034313357,821.279239130435,0.268352924665484,3.79810108462269,4.46762402354533,1170,0.389096443628633,0,0,4
"NEU_ISI-AdaptiveEnsemble",2025-06-14,2.0654791715951,1.6035563105344,823.946521739131,0.26791855855936,2.46862540485902,2.87451590969597,1328.25,0.449806217001273,0,0,4
"NEU_ISI-AdaptiveEnsemble",2025-06-21,1.50413344826119,1.18602801478692,704.220652173913,0.220489131958572,1.85948979378801,2.12301625369735,1405.75,0.456542300870246,0,0.5,4
"NEU_ISI-AdaptiveEnsemble",2025-06-28,1.21556390810034,1.02713519801707,615.977934782609,0.192070900983394,1.15746515914343,1.18657541210787,952.75,0.260351746469997,0.25,0.75,4
"NEU_ISI-AdaptiveEnsemble",2025-07-05,1.81933758287721,1.74558687216635,1273.58336956522,0.411240481934406,1.87215623459964,2.33394384092504,2442.75,0.796370350948173,0,0.75,4
"NEU_ISI-AdaptiveEnsemble",2025-07-12,1.42293201475035,1.48896242983266,1355.39141304348,0.407252840495502,1.8161466995129,2.35838580745521,3157.75,0.979735159657287,0,0.75,4
"NEU_ISI-AdaptiveEnsemble",2025-07-19,0.788164535714057,0.872174665668654,910.609782608696,0.231454854211999,0.559889462301303,0.514576438946721,1121.25,0.208707673070431,0.25,1,4
"NEU_ISI-AdaptiveEnsemble",2025-07-26,0.654487602342512,0.722472450888319,1089.32673913043,0.231636845751519,0.464339329891289,0.396534380246805,1316.25,0.206424777438861,0.5,0.75,4
"NEU_ISI-AdaptiveEnsemble",2025-08-02,0.56805918946596,0.63266483669261,1121.20869565217,0.198799708688579,0.51971896918845,0.457626047566885,1609.75,0.223446840035108,0.25,1,4
"NEU_ISI-AdaptiveEnsemble",2025-08-09,0.629376770703,0.731395685303026,1273.88206521739,0.202694757779537,0.628416856568501,0.58594585952128,1936.25,0.245810162322643,0,1,4
"NEU_ISI-AdaptiveEnsemble",2025-08-16,0.705645324791298,0.830039416535558,1474.53760869565,0.210013496567216,0.723862183540429,0.69570426918334,2295.75,0.266928672634436,0,1,4
"NEU_ISI-AdaptiveEnsemble",2025-08-23,0.79875610852581,0.937985381768369,1518.6847826087,0.199215019049932,0.842059898278934,0.822575416472845,2478.75,0.271474442040975,0,1,4
"NEU_ISI-AdaptiveEnsemble",2025-08-30,1.02035055571746,1.21148495003906,1293.52565217391,0.163909269096209,1.07806968445981,1.09071008430673,2169,0.232669184015644,0.25,1,4
"NEU_ISI-AdaptiveEnsemble",2025-09-06,1.21907034068922,1.39187306532921,1018.70260869565,0.12267689788367,1.25986924762952,1.28890096807522,1644,0.177185521785042,0.5,1,4
"NEU_ISI-AdaptiveEnsemble",2025-09-13,1.02209778643867,1.03678292319669,845.419565217391,0.0986390384789215,0.995181681785768,1.02052649853076,1382.75,0.164433162454829,0.5,1,4
"NEU_ISI-AdaptiveEnsemble",2025-09-20,0.710747157559496,0.691670320845838,903.303152173913,0.116525268256281,0.695216073877358,0.725635727079499,1446.75,0.199269610540614,0.25,1,4
"NEU_ISI-AdaptiveEnsemble",2025-09-27,0.62121642540263,0.605064911606797,1042.10130434783,0.151713000124038,0.727613483287953,0.748830422758924,1927.25,0.290894664952964,0,1,4
"NEU_ISI-AdaptiveEnsemble",2025-12-13,0.343185571256689,0.280741685837911,743.565434782609,0.106972803345241,0.365794105451841,0.287498704959552,1231.75,0.168251314710443,0.5,1,4
"NEU_ISI-AdaptiveEnsemble",2025-12-20,0.355707578816899,0.294974490110117,1031.15880434783,0.139212599727431,0.404590569984588,0.323610011573628,1653.25,0.21703917741877,0.25,1,4
"NEU_ISI-AdaptiveEnsemble",2025-12-27,0.525667736218411,0.467051436431282,1195.58010869565,0.153455707103847,0.556760011483716,0.487265455361054,1828.5,0.233420400767299,0.25,1,4
"NEU_ISI-AdaptiveEnsemble",2026-01-03,1.05870960130993,1.00524768226863,1152.58413043478,0.13821333945438,1.18170529145291,1.14137510342872,1776.5,0.213671170419006,0,0.75,4
"NEU_ISI-AdaptiveEnsemble",2026-01-10,1.87924469983783,1.82422606685543,1484.22489130435,0.179380865280541,1.5862011084792,1.50963921349933,2107.25,0.253279481039402,0.25,0.5,4
"NEU_ISI-AdaptiveEnsemble",2026-01-17,2.57586160724629,2.44995859885135,1728.01315217391,0.216827414713618,1.83200979548728,1.70185156125572,2181,0.273255287150918,0,0.25,4
"NEU_ISI-AdaptiveEnsemble",2026-01-24,4.29411232447719,3.55483350034728,1528.75858695652,0.188900903385862,9.66374177504358,8.09472775006018,2742.25,0.339764306852184,0,0.75,4
"NEU_ISI-AdaptiveEnsemble",2026-02-14,1.3613151819457,1.1833893012581,693.11652173913,0.109279167625416,1.64721607078752,1.50725134802247,1191.5,0.188748754728372,0.5,1,4
"NEU_ISI-AdaptiveEnsemble",2026-02-28,1.26377241442142,1.25561414968809,690.013586956522,0.135156448340722,1.34550758584515,1.29803236458933,1155.75,0.226296639979399,0.25,1,4
"NEU_ISI-AdaptiveEnsemble",2026-09-12,1.28272766351379,0.666089687257927,1129.59492753623,0.300570136932224,1.58131212723658,1.69934122922505,1325.66666666667,0.359910166867987,0,0,4
"NEU_ISI-AdaptiveEnsemble",2026-09-19,1.29746993679124,0.846753432658019,885.933260869565,0.227240863578878,2.89141414141414,3.19998060539215,1145,0.29838320804693,0,0,4
"OHT_JHU-nbxd",2024-11-30,0.297489275991362,0.253120357829625,692.523429347826,0.0669283702000011,0.42123212392731,0.368764342233866,1075.7675,0.108453675644929,0.75,1,4
"OHT_JHU-nbxd",2024-12-07,0.184079822020223,0.157670585949454,699.261801086957,0.0615215739510785,0.202811465782479,0.155210258785321,873.13,0.0695967853095416,0.75,1,4
"OHT_JHU-nbxd",2024-12-14,0.492020428206676,0.449493906640356,2523.12385434783,0.198432232779385,0.750005883471159,0.685101621270081,4091.5625,0.327773310039752,0,0.75,4
"OHT_JHU-nbxd",2024-12-21,0.616269980385746,0.601688268250242,3047.9381326087,0.231469719510436,0.884371848479818,0.85506668562712,4899.5725,0.377504536368562,0,0.75,4
"OHT_JHU-nbxd",2024-12-28,0.543820028448341,0.509480186423162,3241.50225978261,0.240264135909737,0.764471582601196,0.706795147430035,5128.1675,0.385211785462388,0,0.75,4
"OHT_JHU-nbxd",2025-01-04,2.29221214570008,2.72986909604971,3838.43840543478,0.295133669534303,2.69019565661015,3.25610401234763,5732.8825,0.452549608365019,0,0.75,4
"OHT_JHU-nbxd",2025-01-11,0.608960882490424,0.771531889741343,1204.76684673913,0.0965995113699847,0.662254199093539,0.811304378069634,2255.7525,0.175275515971109,0.5,1,4
"OHT_JHU-nbxd",2025-01-18,1.32018811733559,1.35274045702083,927.568856521739,0.0686928305637811,2.4208338261984,2.44628698238414,1536.0575,0.112607007530304,0.75,1,4
"OHT_JHU-nbxd",2025-01-25,NA,NA,2300.20533695652,0.214614881897277,NA,NA,3830.2975,0.356905712739569,0,1,4
"OHT_JHU-nbxd",2025-02-01,2.86223055987492,3.28928152904184,3021.30865108696,0.301571137101406,3.04154138583577,3.72153515002074,4604.09,0.467176218369628,0,0.25,4
"OHT_JHU-nbxd",2025-02-08,4.04353104640248,5.11096833925022,3072.36093804348,0.327400940133517,4.61254745900664,5.95661438795956,4582.3875,0.499210696106878,0,0.25,4
"OHT_JHU-nbxd",2025-02-15,2.69473674831828,3.27531234890622,1790.96256304348,0.197897458506038,3.59497422148461,4.34981918612842,3054.585,0.336215115309613,0,1,4
"OHT_JHU-nbxd",2025-02-22,2.56830368687628,3.05406290239696,1519.57170652174,0.178182253255853,4.91849337590064,5.81277590305839,2654.21,0.308611673037754,0,1,4
"OHT_JHU-nbxd",2025-03-01,2.41976901091367,2.77268550806086,1517.71676956522,0.18747209549346,4.04217579992202,4.78016575979514,2627.16,0.322653118319353,0,1,4
"OHT_JHU-nbxd",2025-03-08,2.4540192114833,2.89508403004163,1363.82679891304,0.178163838791485,4.20424383339809,4.92747527858228,2407.5125,0.311840984866419,0,1,4
"OHT_JHU-nbxd",2025-03-15,1.60321539830317,1.80591758280596,893.214791304348,0.121542650223307,2.64050712219192,2.90960996013757,1658.2425,0.220829309975069,0.25,1,4
"OHT_JHU-nbxd",2025-03-29,0.69760366066962,0.724038565915778,402.320617391304,0.0615699222545007,0.695903221352446,0.701198500100467,509.1075,0.0731946506628063,0.75,1,4
"OHT_JHU-nbxd",2025-04-12,0.576683176971554,0.60106337709616,296.162516304348,0.0549929414789728,0.390434540390529,0.390397951533587,203.4175,0.0356209302240917,1,1,4
"OHT_JHU-nbxd",2025-04-19,0.637704187265982,0.626772920656305,325.545697826087,0.0689943191423946,0.659385843852167,0.658611122858034,392.7475,0.0768500445011715,1,1,4
"OHT_JHU-nbxd",2025-04-26,0.743010877678409,0.809915360630667,365.509934782609,0.0880556390111602,0.852681659059288,0.923425829839824,590.76,0.134613823826061,0.75,1,4
"OHT_JHU-nbxd",2025-05-10,0.647894609663711,0.636946026480624,288.357715217391,0.082333002937565,0.677748741977271,0.778389669290508,353.81,0.0998547790500046,1,1,4
"OHT_JHU-nbxd",2025-05-17,0.919240301215683,0.775063107267686,376.203351086957,0.116736172790651,6.05149798035474,6.81941425384821,640.965,0.191351062330774,0.5,1,4
"OHT_JHU-nbxd",2025-05-24,1.23819343415323,1.02233487613008,505.659605434783,0.167450051307473,2.83476057356905,3.18322700991703,967.88,0.306825489793895,0.25,1,4
"OHT_JHU-nbxd",2025-05-31,1.39862856307533,1.10277907554845,623.908941304348,0.207603879831215,1.97757913894606,2.19129892627582,1178.2125,0.378772185934552,0,1,4
"OHT_JHU-nbxd",2025-06-07,1.25736592974261,1.03208422705129,467.010306521739,0.15274161148266,3.00421247161296,3.3073098248032,894.9175,0.275989336932037,0.5,1,4
"OHT_JHU-nbxd",2025-06-14,0.880984980618025,0.65228705168143,350.692879347826,0.107657821464829,1.17093188302709,1.1890036843258,597.7675,0.173984486296437,0.75,1,4
"OHT_JHU-nbxd",2025-06-21,0.710721436446407,0.492786873134656,324.448730434783,0.0880422860373254,0.402071213303592,0.388130804715347,272.66,0.0737151131761653,1,1,4
"OHT_JHU-nbxd",2025-06-28,0.717910685299427,0.476007509030066,340.564532608696,0.0817807855425509,0.169954245066998,0.158355879249147,125.9425,0.0309486974910129,1,1,4
"OHT_JHU-nbxd",2025-07-05,0.518670514810435,0.336974598036274,361.689098913043,0.0770897521720693,0.0663071079513044,0.052647867207227,112.1475,0.0223004308374506,1,1,4
"OHT_JHU-nbxd",2025-07-12,0.431363423931915,0.321110873433396,410.81915,0.085728531284294,0.223888836615765,0.199050242627554,366.2675,0.0762390052961477,1,1,4
"OHT_JHU-nbxd",2025-07-19,0.405252435139283,0.320867600991183,455.787790217391,0.0821939505410093,0.186956183193181,0.162089656798131,360.65,0.0635121344624388,1,1,4
"OHT_JHU-nbxd",2025-07-26,0.33208776234396,0.276146638563961,520.853113043478,0.0838815147666268,0.250337862688296,0.211366479611694,634.6175,0.0979297527814524,1,1,4
"OHT_JHU-nbxd",2025-08-09,0.380622185452736,0.353320877081665,802.720577173913,0.101412436730516,0.45814375802724,0.40459080425319,1484.92,0.178252108426969,1,1,4
"OHT_JHU-nbxd",2025-08-16,0.427607194623038,0.405867778213472,928.881713043478,0.106707054135425,0.535201791366674,0.4848238647266,1764.265,0.193927333372676,0.25,1,4
"OHT_JHU-nbxd",2025-08-30,0.652144653507401,0.649065648090907,819.557866304348,0.0870020251047818,0.712005239898314,0.688219597165502,1392.6325,0.142298698543575,0.5,1,4
"OHT_JHU-nbxd",2025-09-06,0.753702970567403,0.761342006359746,657.176035869565,0.0702964763180702,0.679718529043262,0.666907409001047,901.2575,0.0937253912242215,0.75,1,4
"OHT_JHU-nbxd",2025-09-13,0.766796745287192,0.771653104145906,648.140973913043,0.0757177621520948,0.608157192387589,0.637313476146434,887.39,0.109516039955713,1,1,4
"OHT_JHU-nbxd",2025-09-27,0.641101364715621,0.642796318149305,1136.1436326087,0.170294422173576,0.71322938690486,0.757335200561143,2012.645,0.312563984098449,0.25,1,4
"OHT_JHU-nbxd",2025-10-04,NA,NA,1665.47637173913,0.275715716450984,NA,NA,2894.95,0.484736442735588,0,1,4
"OHT_JHU-nbxd",2025-11-22,1.3590450736948,0.780312477060391,687.825892391304,0.138987436686262,1.44297282528686,1.11865096342219,1242.41,0.260877048154648,0.25,1,4
"OHT_JHU-nbxd",2025-11-29,0.768169976226123,0.482356428989238,598.336463043478,0.110642510014518,0.765426394059794,0.598861581187887,1066.0325,0.206304123050398,0.75,1,4
"OHT_JHU-nbxd",2025-12-06,0.314244778684334,0.218894760646336,445.848533695652,0.0741235524750818,0.243191240262561,0.192795782874772,548.9675,0.0969513790082344,1,1,4
"OHT_JHU-nbxd",2025-12-13,0.236509329986749,0.187553792860179,470.54772826087,0.0664865938862085,0.177461894052852,0.131409842229237,569.5,0.0731460204310594,1,1,4
"OHT_JHU-nbxd",2025-12-20,0.164337870235699,0.122493481521548,459.611644565217,0.0555350039270044,0.0808013405556316,0.0566049513410779,363.265,0.0410610779314231,1,1,4
"OHT_JHU-nbxd",2025-12-27,0.312270849314523,0.24738398559479,779.242354347826,0.0878153856584109,0.370451078449314,0.292456312480844,1337.475,0.152659708439383,0.75,1,4
"OHT_JHU-nbxd",2026-01-03,1.17338811761196,1.00754530152363,1443.3111923913,0.157025228188248,1.48525698896942,1.29840478486072,2487.94,0.271650670561889,0.5,1,4
"OHT_JHU-nbxd",2026-01-10,3.52203819036355,3.06750312521032,2600.3072576087,0.28233864332251,3.24653319527066,2.74472869835976,4095.93,0.43815806889105,0,0.25,4
"OHT_JHU-nbxd",2026-01-17,4.28817443281475,3.69785831254806,2769.22618478261,0.316111264589301,3.54899001471546,2.9622510507791,4248.845,0.478815251180821,0,0.25,4
"OHT_JHU-nbxd",2026-01-24,2.51719565485494,2.21137892634771,809.136394565217,0.107643281320591,5.25473184188915,4.67907149272442,1286.19,0.171934884560217,0.5,1,4
"OHT_JHU-nbxd",2026-01-31,1.26187611020816,1.30241403924864,626.274934782609,0.114516124901512,1.29213389448502,1.39771781663634,1039.4525,0.187072038581796,0.5,1,4
"OHT_JHU-nbxd",2026-02-07,2.76639089509747,3.210942882483,999.038281521739,0.198758917382147,5.15037296618464,6.097112743952,1798.0475,0.351393259065487,0,1,4
"OHT_JHU-nbxd",2026-02-14,2.06428847916591,2.3373956701972,910.66785326087,0.188962644286456,2.75195246619975,3.20183286071832,1658.9825,0.338234754984231,0,1,4
"OHT_JHU-nbxd",2026-02-21,1.67661018211968,1.94703754755083,719.018132608696,0.158555057015645,2.16286883678225,2.46828757666989,1325.71,0.286856648049236,0,1,4
"OHT_JHU-nbxd",2026-02-28,0.768864686303791,0.93216266002984,390.308681521739,0.0935869178664274,0.90000690125268,1.01566366041266,722.83,0.166067637283243,0.5,1,4
"OHT_JHU-nbxd",2026-03-07,0.412208478873805,0.477707255741326,310.736686956522,0.091183248299491,0.27460951258103,0.341906046346078,396.3875,0.127197859240236,0.75,1,4
"OHT_JHU-nbxd",2026-03-14,0.529511816145167,0.594168284501604,420.395381521739,0.145389674945338,0.415874087393737,0.490808491737709,627.9125,0.230210231072431,0.5,1,4
"OHT_JHU-nbxd",2026-03-21,0.633002334635363,0.695072661445615,528.298868478261,0.205978100930689,0.617417990214201,0.684477694804831,871.9875,0.343819411846708,0.25,1,4
"OHT_JHU-nbxd",2026-03-28,0.642147017462569,0.703751890122229,603.361928260869,0.253043175423033,0.588146684143128,0.657715490678868,991.3775,0.417581246755391,0,0.75,4
"OHT_JHU-nbxd",2026-04-04,2.31458210028009,1.26212203393144,670.545841304348,0.294778747738494,6.61806164943014,5.31725677975324,1042.18,0.455437842823629,0,0.5,4
"OHT_JHU-nbxd",2026-04-11,0.377204908971789,0.263072091294681,112.414565217391,0.0714025180306522,1.73300412653349,1.83608194149968,123.145,0.0763592217692561,1,1,4
"OHT_JHU-nbxd",2026-04-18,0.467230953822196,0.272846749612595,133.399066304348,0.0910761498416209,1.40681159729698,1.45505932202763,218.17,0.141469371988562,0.75,1,4
"OHT_JHU-nbxd",2026-04-25,0.567835612160512,0.349742057644599,155.61347173913,0.111372927446905,1.76884519021177,1.87577800516084,246.235,0.168675435488229,0.5,1,4
"OHT_JHU-nbxd",2026-05-02,0.368207888880556,0.249493395244094,105.186026086957,0.0747947980965575,0.701232724242119,0.721139690041488,112.0225,0.0787348273481008,1,1,4
"OHT_JHU-nbxd",2026-05-09,0.477118870924877,0.285202495172709,144.942779347826,0.101904082729831,1.01574720183234,1.01392270072283,229.28,0.169651333266481,0.75,1,4
"OHT_JHU-nbxd",2026-05-16,0.694548325178272,0.381038089070941,205.387741304348,0.150053536401589,2.48033878772121,2.26553025799592,364.8125,0.275711160826823,0.5,1,4
"OHT_JHU-nbxd",2026-05-23,0.890357095223675,0.451592984797288,252.201680434783,0.192012442784931,2.88320605066225,2.54368451431231,446.11,0.347347139098115,0.25,1,4
"OHT_JHU-nbxd",2026-05-30,1.16992010646917,0.525682196250043,315.070118478261,0.25171346273982,5.36100730103142,4.44118531281266,540.6075,0.435029306401293,0,1,4
"OHT_JHU-nbxd",2026-06-06,1.34739669658058,0.546521169738159,350.03975,0.285378777354367,11.3531092504241,8.89820979389661,586.8825,0.478678638348393,0,1,4
"OHT_JHU-nbxd",2026-06-13,1.16877440667375,0.429039381858146,293.875030434783,0.243028705859419,8.39285444698232,6.67415342074139,505.985,0.422959810790791,0,1,4
"OHT_JHU-nbxd",2026-06-20,1.19401625442098,0.401379998014507,292.118120652174,0.232983848094693,4.34558644423163,3.36245462783137,509.525,0.411766167259859,0,1,4
"OHT_JHU-nbxd",2026-06-27,0.90118786534955,0.28693918908166,230.498676086957,0.171162744132167,1.61882128221377,1.22438662811958,418.7175,0.320131293380775,0,1,4
"OHT_JHU-nbxd",2026-07-04,0.492880533581392,0.16930861984974,137.209763043478,0.094014776404368,0.657094750152217,0.524527080785732,231.8825,0.16648166699929,1,1,4
"OHT_JHU-nbxd",2026-07-11,0.326180977522394,0.122254989848721,102.682677173913,0.0648641705979095,0.19647304904926,0.155802934758572,98.155,0.0630540160003072,1,1,4
"OHT_JHU-nbxd",2026-07-18,0.288618869479964,0.112860569577324,103.999968478261,0.05827149355391,0.0965293530952663,0.075180657492811,61.085,0.0341420393315233,1,1,4
"OHT_JHU-nbxd",2026-07-25,0.271477776935666,0.126458301208399,110.774559782609,0.0564782849671044,0.0491142183302849,0.0414076043037884,36.3225,0.0187793142234662,1,1,4
"OHT_JHU-nbxd",2026-08-01,0.271318441928409,0.132027984527565,132.762868478261,0.0581641144910063,0.0841016609095526,0.0626271601184206,90.1149999999998,0.0354117319713869,1,1,4
"OHT_JHU-nbxd",2026-08-08,0.345973985046646,0.19678627065062,199.303847826087,0.0714667035213405,0.187057361429858,0.144360264582725,261.44,0.0851528258350234,0.75,1,4
"OHT_JHU-nbxd",2026-08-15,0.338144679241381,0.209528856568866,301.639433695652,0.0948672499795189,0.266884195329963,0.208969980412952,496.8525,0.150822437097046,0.5,1,4
"OHT_JHU-nbxd",2026-08-22,0.713727795070133,0.525461360094883,613.2012,0.184003396504429,0.644918816902445,0.578115773688266,981.63,0.297638555187234,0,0.75,4
"OHT_JHU-nbxd",2026-08-29,1.01378957338162,0.808840690850282,916.144077173913,0.260698274557051,0.827301642951137,0.789025585008278,1314.11,0.38151495296049,0,0,4
"OHT_JHU-nbxd",2026-09-05,1.63974316986237,1.45449893895548,1014.30442934783,0.279124444024321,1.23170466092074,1.28645130163233,1386.725,0.390399577100415,0,0,4
"OHT_JHU-nbxd",2026-09-12,0.83468457773649,0.422862533919452,735.039472463768,0.190814919004234,1.29923260437376,1.35143847049437,1089.19,0.28622647238969,0,0,4
"OHT_JHU-nbxd",2026-09-19,0.830372567766935,0.531261120380934,566.991693478261,0.142573069237267,2.2900505050505,2.45656889948972,906.86,0.229063547379917,0,0.5,4
"OHT_JHU-nbxd",2026-09-26,0.835840583320307,0.591752012958011,393.234043478261,0.0985403288595189,57.0091666666667,62.10178629337,684.11,0.1708049290174,0,1,4
"UGA_flucast-INFLAenza",2025-03-08,1.58081031729497,1.75726882061334,873.999842934782,0.107404777213167,2.78454855447323,3.07171929062469,1587.625,0.19323361231359,0,1,4
"UGA_flucast-INFLAenza",2025-03-15,1.15137146828715,1.22241200211312,628.980488586956,0.080304117843728,1.76695335875866,1.83892817396911,1075,0.134423658036135,0.25,1,4
"UGA_flucast-INFLAenza",2025-03-22,0.731116992807906,0.758834026916494,431.885727173913,0.0578428697070116,0.866707142237034,0.862454070962909,623.75,0.0811103102399686,0.5,1,4
"UGA_flucast-INFLAenza",2025-03-29,0.723881057636661,0.714210844972063,406.415721195652,0.0587917512637429,0.705959323329046,0.694201776249059,502.875,0.0701933145819846,0.75,1,4
"UGA_flucast-INFLAenza",2025-04-05,0.494434664054019,0.510013318030291,307.060286956522,0.047080598343482,0.439368623535864,0.462064745491168,428.875,0.0684883949670558,1,1,4
"UGA_flucast-INFLAenza",2025-04-12,0.544716509509939,0.542181140095655,291.967397826087,0.0515152592743035,0.640631212104055,0.659606677702584,370.875,0.067782836558294,0.75,1,4
"UGA_flucast-INFLAenza",2025-04-19,0.662359914559127,0.598845804324178,364.20172826087,0.0704471951571736,0.818065708805761,0.824100340130946,583.625,0.116177254735301,0.75,1,4
"UGA_flucast-INFLAenza",2025-04-26,0.68406033777369,0.654448400313092,388.14850326087,0.0809610577969908,0.844748702702534,0.857386075481801,693.75,0.147602296452066,0.25,1,4
"UGA_flucast-INFLAenza",2025-05-03,0.624411147742624,0.569749731064566,325.152608695652,0.0738144844806717,0.811493684903392,0.825704356655573,546,0.127971624697709,0.25,1,4
"UGA_flucast-INFLAenza",2025-05-10,0.561355801514282,0.46417739892191,252.53160923913,0.0597684314535237,0.90745760778468,0.912474271451453,431.125,0.105297806110258,0.75,1,4
"UGA_flucast-INFLAenza",2025-05-24,0.449735243086677,0.317674710066314,177.633100543478,0.0497581276608672,0.767543733963127,0.758114645141595,242,0.0668371281309597,0.75,1,4
"UGA_flucast-INFLAenza",2025-05-31,0.62549258418696,0.428828921259354,268.325452717391,0.0771618461080017,0.790143419367279,0.778381123055291,448.5,0.127473626430745,0.5,1,4
"UGA_flucast-INFLAenza",2025-06-07,0.471427154619773,0.329326258299095,173.565513043478,0.0479760245200012,0.724573276541953,0.715736891575522,207.25,0.0571548439713263,0.75,1,4
"UGA_flucast-INFLAenza",2025-06-21,0.46366900545848,0.303896485826041,208.207009782609,0.053136317317613,0.368546906704834,0.346284015309042,250.5,0.0656126603757752,0.75,1,4
"UGA_flucast-INFLAenza",2025-06-28,0.40957927530788,0.254087945744597,202.424082065217,0.04518438651588,0.309002857752614,0.264820210078929,264.875,0.0591064824771634,1,1,4
"UGA_flucast-INFLAenza",2025-07-12,0.280209768842561,0.208786963734077,262.6906,0.0549484564421077,0.24079912701378,0.215710830042321,393.125,0.0824294352361346,0.75,1,4
"UGA_flucast-INFLAenza",2025-07-19,0.548950975483958,0.464070435377282,608.610165217391,0.117473502859932,0.578818402656208,0.539491059032272,1113.625,0.211021086476644,0,1,4
"UGA_flucast-INFLAenza",2025-07-26,0.29600198621942,0.243219274949208,474.220976086957,0.0754392504274126,0.349750628205238,0.297816323099446,908.625,0.141252853505482,0,1,4
"UGA_flucast-INFLAenza",2025-08-02,0.390082383618354,0.337218000508216,772.829269565217,0.10641232292232,0.464333394543498,0.403019116949099,1419.375,0.193288445362922,0,1,4
"UGA_flucast-INFLAenza",2025-08-09,0.47607958795331,0.428830701580903,1054.78737608696,0.1292261482213,0.563394297989968,0.504504754530676,1883.25,0.22992678752809,0,1,4
"UGA_flucast-INFLAenza",2025-08-16,0.53774720347386,0.497641532115858,1193.48681467391,0.133853341077818,0.628246257820978,0.577448469867931,2106.25,0.23541907978312,0,1,4
"UGA_flucast-INFLAenza",2025-08-23,0.669703819837797,0.644333782253685,1272.84986086956,0.137473326765647,0.75858492670741,0.726806985275904,2235.125,0.240122941950644,0,1,4
"UGA_flucast-INFLAenza",2025-08-30,0.763957138609683,0.75235347864554,949.842410869565,0.0999013714822251,0.844747871995608,0.829439464819639,1681.125,0.174764147488641,0.25,1,4
"UGA_flucast-INFLAenza",2025-09-06,0.867193174173251,0.867641674247844,724.321807608696,0.0766093274019214,0.902589552774484,0.894211438310362,1182.25,0.123685946497234,0.5,1,4
"UGA_flucast-INFLAenza",2025-09-27,0.719293285571073,0.761547989298851,1322.12209565217,0.20944016016405,0.724632616898767,0.769366985206991,2077.25,0.321970840527617,0,0.5,4
"UGA_flucast-INFLAenza",2025-11-22,0.344932330188809,0.23019031469787,171.02990923913,0.0404857529691128,0.174789053894125,0.158511819632523,135.625,0.0339237676414488,1,1,4
"UGA_flucast-INFLAenza",2025-11-29,0.297765025768313,0.21855411756721,245.406420108696,0.0530329982677833,0.256850371404832,0.212196781161946,399,0.081403048394618,0.75,1,4
"UGA_flucast-INFLAenza",2025-12-06,0.59213383550261,0.470030220311711,934.71378423913,0.174265817481187,0.591691469094544,0.51499075891564,1500.625,0.285383222814501,0,0.75,4
"UGA_flucast-INFLAenza",2025-12-13,0.595547108687309,0.499340474027011,1302.78587065217,0.192699464924708,0.617219698992641,0.536334712544532,1989.375,0.302409600514961,0,0.5,4
"UGA_flucast-INFLAenza",2025-12-20,0.678201406540076,0.593198942728646,1898.83192880435,0.270964519042571,0.687123086471466,0.609806855786149,2725.5,0.397352152353793,0,0.25,4
"UGA_flucast-INFLAenza",2025-12-27,0.633579754491036,0.574784664291546,1434.5078375,0.188321019441412,0.654000905897707,0.594103207116558,2161.125,0.286837578921879,0,0.5,4
"UGA_flucast-INFLAenza",2026-01-03,0.596700144213495,0.56678365434343,613.450163043478,0.0738442931984273,0.596063108300722,0.564196574008173,810.875,0.0956117716749945,0.5,0.75,4
"UGA_flucast-INFLAenza",2026-01-10,0.715395330763582,0.717897699935877,526.084131521739,0.0660159675056351,0.67691352443368,0.695039403352789,874.75,0.114168242100781,0.5,1,4
"UGA_flucast-INFLAenza",2026-01-17,0.442816370760551,0.468202777146727,294.977119021739,0.0415986192058141,0.270295231021248,0.279852207481567,301.125,0.0418265610303949,1,1,4
"UGA_flucast-INFLAenza",2026-01-24,1.44603132127368,1.62114536637871,515.091105434783,0.0878979737992763,3.53532653664594,3.92667279135865,975,0.163766896872008,0,1,4
"UGA_flucast-INFLAenza",2026-01-31,2.49792557864636,2.60623268045127,1174.80392119565,0.215253807846428,2.577414094813,2.89594410504668,1820.375,0.337694741915603,0,0.25,4
"UGA_flucast-INFLAenza",2026-02-07,2.07513655813034,2.23529658837142,744.673227173913,0.136910251516185,3.70163913482654,4.13268919231331,1289.25,0.236529518670788,0,1,4
"UGA_flucast-INFLAenza",2026-02-14,1.90502772664073,2.01168270913804,821.05512173913,0.157878056606925,2.28254376596086,2.53817069566287,1354.375,0.262459284993645,0,0.75,4
"UGA_flucast-INFLAenza",2026-02-21,1.30229025473172,1.3929832599174,545.668496195652,0.110068709533144,1.56248133941033,1.67689795788588,939.625,0.190119239411076,0.25,0.75,4
"UGA_flucast-INFLAenza",2026-02-28,0.414440616451247,0.4591481413055,207.964201086957,0.0452868996504986,0.362155733724089,0.365865481179666,274.5,0.0558004476988909,0.75,1,4
"UGA_flucast-INFLAenza",2026-03-07,0.403777452500886,0.487435870555786,319.388803804348,0.0985750957709335,0.31235568394124,0.381413925642949,436.25,0.137515653282166,0.75,0.75,4
"UGA_flucast-INFLAenza",2026-03-14,0.589187949630454,0.685550211306644,501.721210869565,0.180370802240903,0.540030272294312,0.615919283929498,748.625,0.263905208531446,0.5,0.5,4
"UGA_flucast-INFLAenza",2026-03-21,0.781431489336836,0.871938565302618,660.533778804348,0.261652592914339,0.699750437405498,0.755809754758384,985.625,0.37882532624867,0,0.25,4
"UGA_flucast-INFLAenza",2026-03-28,0.931793936644422,1.012964088691,885.302159782609,0.368107984657854,0.718073597825076,0.775452758951347,1224.25,0.496953941886555,0,0,4
"UGA_flucast-INFLAenza",2026-04-04,0.231038757775576,0.160226351912759,70.6561766304348,0.0395361944578856,0.38803693076164,0.394693403127528,60.25,0.0332370563476114,1,1,4
"UGA_flucast-INFLAenza",2026-04-11,0.253510554967158,0.173797133840269,76.1528630434782,0.0473373950532448,1.65618222885054,1.720530504785,108.875,0.0660100131663328,1,1,4
"UGA_flucast-INFLAenza",2026-04-18,0.483015795243769,0.274546817521137,134.832380978261,0.0895248276453872,1.54305558098058,1.60765020893014,239.375,0.156366332081343,0.25,1,4
"UGA_flucast-INFLAenza",2026-04-25,0.331107581632493,0.188027123259018,90.7761217391304,0.0598230150976097,0.886696487369091,0.880158826861782,121.25,0.0776818256800964,0.75,1,4
"UGA_flucast-INFLAenza",2026-05-02,0.26635169932658,0.17109270167074,81.7824282608696,0.0554291717061486,0.664706169293221,0.681098825119856,126.625,0.0890748527680283,0.75,1,4
"UGA_flucast-INFLAenza",2026-05-09,0.29195817115412,0.184852960183278,91.4124168478261,0.068324590721519,0.605562461450566,0.631420852797377,144,0.111617520892055,0.75,1,4
"UGA_flucast-INFLAenza",2026-05-16,0.291679678139072,0.178165672112743,89.8899875,0.0732461948973833,0.85578004325687,0.866976303772102,144.375,0.121686914838547,0.5,1,4
"UGA_flucast-INFLAenza",2026-05-23,0.302348135928765,0.173944183002544,86.6464766304348,0.0750168557236384,0.926230511504014,0.931743114921766,148.25,0.132162229990251,0.25,1,4
"UGA_flucast-INFLAenza",2026-05-30,0.228485534095369,0.12160322454088,63.3422059782609,0.0602624739910384,0.89416540205377,0.900169835193907,99.5,0.098172015071496,0.75,1,4
"UGA_flucast-INFLAenza",2026-06-20,0.16290017475647,0.0702239337231936,41.2756358695652,0.042417116378583,0.338821916074503,0.321038612364048,44.5,0.043910652294916,1,1,4
"UGA_flucast-INFLAenza",2026-06-27,0.213891210290875,0.0872826388929397,56.345847826087,0.0537632374264688,0.361354780052077,0.333176791619928,96.25,0.0898278282239511,1,1,4
"UGA_flucast-INFLAenza",2026-07-04,0.245688031205897,0.102162397074992,69.3559576086957,0.0577191801613599,0.344525022882924,0.310185859105756,122.625,0.09948137301264,1,1,4
"UGA_flucast-INFLAenza",2026-07-11,0.286351628938943,0.123697646004898,90.930327173913,0.066346839761923,0.342627635185815,0.302089155405492,171,0.121751300405467,0.5,1,4
"UGA_flucast-INFLAenza",2026-07-18,0.343571418847612,0.15267043971111,123.434803804348,0.07889152978558,0.372586182954292,0.325376022370633,232.875,0.145526269088441,0.25,1,4
"UGA_flucast-INFLAenza",2026-07-25,0.281370922660836,0.140952886339812,112.415133695652,0.0617841725628896,0.27490044622011,0.239645270327261,195.625,0.106376259755044,0.5,1,4
"UGA_flucast-INFLAenza",2026-08-01,0.335488654324014,0.175298468268947,163.966786956522,0.0767765000219804,0.342215010139036,0.291538266115787,310,0.141913010214216,0.25,1,4
"UGA_flucast-INFLAenza",2026-08-08,0.348999925149667,0.201241926497737,214.292683152174,0.0771180502936527,0.329241791823313,0.271436255741949,379.125,0.133042067036813,0.75,1,4
"UGA_flucast-INFLAenza",2026-08-15,0.671112331821291,0.446708972695161,559.111132608696,0.188740446621559,0.605458999620585,0.532959622670106,889.75,0.305304844992706,0,0.5,4
"UGA_flucast-INFLAenza",2026-08-29,0.906675216072192,0.719729892141343,809.790372826087,0.229148387774033,0.77778352189027,0.732203088277044,1229.25,0.351759930801064,0,0.25,4
"UGA_flucast-INFLAenza",2026-09-05,0.900430077660013,0.765454415532455,552.2768875,0.145438311677578,0.851259008916449,0.83082847037958,954,0.250420242240878,0,1,4
"UGA_flucast-INFLAenza",2026-09-19,0.391827921429779,0.24202987726991,267.546382608696,0.0649528849857251,1.25315656565657,1.27088415810767,496.25,0.118503997028356,0,1,4
"UGA_flucast-INFLAenza",2026-09-26,0.257063077142763,0.172129687506925,120.939273913043,0.0286635543977815,13.75,14.0364166439199,165,0.0386058001165637,1,1,4
"UM-DeepOutbreak",2024-11-30,0.893284311926037,1.51167493451495,2034.9332193398,0.396949741709327,1.01704810156947,0.901924487333236,2464.84967285156,0.251982501307122,0.75,1,4
"UM-DeepOutbreak",2024-12-07,0.548807566641957,1.01275224528894,2008.07897546249,0.380277191774017,0.654134888496684,0.704375007511313,2577.27508544922,0.290229619243271,0.5,1,4
"UM-DeepOutbreak",2024-12-14,0.305257499966526,0.448001363204843,1587.18743684992,0.20475483478217,0.130730492048474,0.111703651556433,747.211669921875,0.0559512443983343,1,1,4
"UM-DeepOutbreak",2024-12-21,0.475526532439115,0.654840561811348,2370.48834693401,0.25202404581259,0.623820122249001,0.575299417897622,3408.16766357422,0.250146040693623,0.5,1,4
"UM-DeepOutbreak",2024-12-28,0.567876658187756,0.810198745685914,3380.50602046012,0.378638660844378,0.726708843157411,0.628836942908466,4811.76586914062,0.33898478520082,0.5,1,4
"UM-DeepOutbreak",2025-01-04,2.07660846181435,1.72975553780924,3628.94937665955,0.193852331356799,3.08125400881371,2.51929966735459,6802.07958984375,0.360762718259389,0.25,1,4
"UM-DeepOutbreak",2025-01-11,1.68617920231939,1.82300482549967,3390.12934202816,0.231699027286639,1.66626590338269,1.52155307368201,5853.28369140625,0.336894291863902,0.5,1,4
"UM-DeepOutbreak",2025-01-18,2.52504663929363,2.26222609178431,1825.60185221949,0.11643543082311,5.17370691742109,4.67968013873861,3385.70324707031,0.219312751953024,0.75,1,4
"UM-DeepOutbreak",2025-01-25,NA,NA,1927.03733122903,0.219625588767316,NA,NA,2040.61291503906,0.14079142274417,1,1,4
"UM-DeepOutbreak",2025-02-01,1.41106654370062,1.5824708492394,1476.86104470758,0.143015437144257,0.907416684183915,0.903389917930645,1278.96472167969,0.103980546569692,1,1,4
"UM-DeepOutbreak",2025-02-08,2.52813205506364,2.96737603215221,1966.94850262388,0.194328659370586,2.52623706837537,2.36663070946518,2617.88757324219,0.205936120509086,1,1,4
"UM-DeepOutbreak",2025-02-15,2.19447750113613,3.08972849765855,1497.62640142605,0.194769932552036,1.46122288625873,1.43490795098834,1266.29998779297,0.112050311784853,1,1,4
"UM-DeepOutbreak",2025-02-22,2.81570571719679,6.75499310322562,1672.64795431545,0.404499912648336,3.82738994206162,4.37735540831604,2081.63061523438,0.234544060305424,1,1,4
"UM-DeepOutbreak",2025-03-01,3.12513745148675,9.81880749042282,1988.56110844561,0.700759476450219,2.38781629823371,2.64315463131595,1552.86767578125,0.178867998008915,1,1,4
"UM-DeepOutbreak",2025-03-08,2.29667764122768,4.08613665548054,1349.74885617405,0.263773851763169,1.94552189591518,1.85916020688222,1249.10693359375,0.131253653493239,1,1,4
"UM-DeepOutbreak",2025-03-15,2.10026095559308,4.44711298551622,1267.85018685706,0.34025706588847,1.38963901973758,1.41705154369651,906.477294921875,0.111412411339966,1,1,4
"UM-DeepOutbreak",2025-03-22,2.04632514071163,3.78403222223454,1304.90298044179,0.308439481502198,1.30311890120088,1.26464507329828,1193.45434570313,0.152686468572508,1,1,4
"UM-DeepOutbreak",2025-03-29,2.78183166856914,5.71605516312202,1622.62369421506,0.511430511039379,3.15481233649907,4.01131538880213,2445.1181640625,0.447494325579865,0,1,4
"UM-DeepOutbreak",2025-04-05,1.46074132138263,2.94309176202166,891.377651211549,0.267809233349028,0.736829285850706,0.782697425485657,648.7724609375,0.103904523539752,0.75,1,4
"UM-DeepOutbreak",2025-04-12,2.53202510574843,7.59855381842791,1388.28676447976,0.825062038753923,4.108119700952,8.90651165620326,2430.33459091186,1.04952934515612,0,1,4
"UM-DeepOutbreak",2025-04-19,1.85377718013254,3.38567929229889,955.058543385886,0.383281416833754,1.31747073033266,1.34492588510154,769.190124511719,0.152451130060425,0.75,1,4
"UM-DeepOutbreak",2025-04-26,1.5556964413502,1.51586223080059,879.964445961316,0.193084560854134,2.35558810754274,2.09925307705416,1941.4287109375,0.360001569490865,0.5,1,4
"UM-DeepOutbreak",2025-05-03,1.45559801921308,2.45954132972201,713.663478457116,0.300758825239937,1.23238940903766,1.26429884433381,773.100646972656,0.181159622579656,0.75,1,4
"UM-DeepOutbreak",2025-05-17,2.01223255364737,1.881847185021,760.035355991655,0.267963483975291,9.87548000146978,8.596499234793,851.548156738281,0.194210235596326,0.75,1,4
"UM-DeepOutbreak",2025-05-24,2.4001621595848,1.43252915452687,930.298877304765,0.223500668844039,5.54612266919515,4.32041230307241,1796.71337890625,0.393062404628605,0.25,0.75,4
"UM-DeepOutbreak",2025-05-31,1.00460284522405,0.865870560381043,454.909655125756,0.171837581455837,0.439035083815786,0.40410731360089,259.527465820313,0.0694454230495163,1,1,4
"UM-DeepOutbreak",2025-11-22,1.88209480895082,1.74509620809321,964.725469040275,0.317578579829089,1.28375095874555,0.947271761488218,1218.19604,0.239139277207649,1,1,4
"UM-DeepOutbreak",2025-11-29,1.36022110483578,2.39918542358228,1066.40245089285,0.569151848464978,0.272185827815192,0.228037409439211,383.93826875,0.0793881982394065,1,1,4
"UM-DeepOutbreak",2025-12-06,0.896553724737033,1.66916323984136,1315.15176768611,0.603063830471966,0.981636327752878,1.00081150805855,2358.63421041667,0.527566690614294,0.25,1,4
"UM-DeepOutbreak",2025-12-13,1.2245903504891,1.39641082189696,2504.28010843153,0.503042106204707,1.17212737812701,1.26726056718611,3536.32985,0.670577311116189,0,0.25,4
"UM-DeepOutbreak",2025-12-20,0.749508077226995,0.935496419805759,2044.15006218227,0.432790755800603,0.735289836565335,0.690853060033298,2801.58189166667,0.431046079016463,0.25,0.25,4
"UM-DeepOutbreak",2025-12-27,0.733405242849259,1.01913077392486,1735.15635124071,0.372350888479011,0.71318416311131,0.634384170949904,2357.05066875,0.304365229429235,0.5,0.75,4
"UM-DeepOutbreak",2026-01-03,1.0600686443885,1.3565872564334,1226.78674327685,0.209035450154964,1.19905960195685,1.12598715471906,1881.03045833333,0.21963289354914,0.75,1,4
"UM-DeepOutbreak",2026-01-10,1.29771449218372,1.32731672249011,1002.61090835252,0.128645013071768,1.39702349171199,1.34795576710429,1884.57111666667,0.229421637197718,1,1,4
"UM-DeepOutbreak",2026-01-17,2.49563383851261,2.39677530620035,1617.51006595143,0.210279431757401,2.55464818404033,2.27020017718779,3091.46794583333,0.370439144196066,0.25,0.5,4
"UM-DeepOutbreak",2026-01-24,2.67653840987405,5.40503139400174,1012.66448455362,0.340421979232865,4.47932870821993,5.56404999757253,1440.00717916667,0.277088535113353,0.75,1,4
"UM-DeepOutbreak",2026-01-31,1.80726863721026,1.98434712431387,814.284840204081,0.156084015996262,1.28348082306681,1.33691627825118,813.118037499999,0.13809326201455,0.75,1,4
"UM-DeepOutbreak",2026-02-07,2.74883497280148,5.79701993210532,1006.04818249574,0.403448747301781,4.06718242496333,4.86043501982105,1469.98234583333,0.293379717119051,1,1,4
"UM-DeepOutbreak",2026-02-21,1.67963456119163,1.660190477477,783.341277939812,0.142005578968339,1.78129870060643,1.6907027378521,1279.88114166667,0.226569813407392,1,1,4
"UM-DeepOutbreak",2026-02-28,1.73995083422956,1.59013420717835,935.214651166155,0.167622429182196,2.18675998470435,1.97241444312172,1860.380575,0.339660532335436,0.75,1,4
"UM-DeepOutbreak",2026-03-07,1.62116498043436,1.42854489646003,1237.49235787311,0.270266838276061,1.98323555165735,1.69909611021018,2625.8694875,0.553715925461569,0,1,4
"UM-DeepOutbreak",2026-03-14,1.09051548247804,1.14155880014657,840.817903803701,0.263576415494812,0.854113083105763,0.857687845950445,1318.08778571429,0.401312463357417,0.75,1,4
"UM-DeepOutbreak",2026-03-21,0.894704122134397,1.05211722747019,736.625229883295,0.313660392249483,0.837874645324172,0.867209995657363,1171.82005772042,0.43098871236286,0.75,1,4
"UM-DeepOutbreak",2026-03-28,0.668807347965333,0.954123398455685,688.976633120035,0.353567280478576,0.56947378697074,0.626850575214138,1110.20375986328,0.449486645199816,1,1,4
"UM-DeepOutbreak",2026-04-04,1.71512150362005,4.19155280743279,524.095634786458,1.05155529565596,4.89107585817863,7.03083537438135,816.738899636718,0.654952596368828,1,1,4
"UM-DeepOutbreak",2026-04-11,1.8391031901889,4.25373621121355,533.22958388112,1.12139153510837,12.3183748570985,18.179662513642,745.623273124441,0.651875899533669,1,1,4
"UM-DeepOutbreak",2026-04-18,1.78408032265877,3.13631657408194,518.560957020758,1.07162307231476,3.81057409454842,4.74412877815094,577.254015731584,0.447981533016718,0.75,1,4
"UM-DeepOutbreak",2026-04-25,1.67158568028121,1.59798118114868,516.926777573314,0.572311544813415,3.38437267970653,2.84666496519539,547.818040220425,0.297914741672996,1,1,4
"UM-DeepOutbreak",2026-05-09,1.78759745005272,1.6415717020241,535.121872421327,0.595110856739275,3.46912053247942,2.90955194273362,712.243759363282,0.442576708550767,1,1,4
"UM-DeepOutbreak",2026-05-16,1.74156501412218,1.7579395926679,505.147550008753,0.681550084986043,3.93603098301563,3.3191161464726,569.108513228237,0.39539771428875,1,1,4
"UM-DeepOutbreak",2026-05-23,1.84095912301671,1.43957443376768,520.900853620106,0.623595432725776,4.70970952105546,3.77906446756708,706.559295906808,0.500432165323135,1,1,4
"UMass-ar6_pooled",2024-11-30,0.256017189733019,0.242229961604171,580.659883688296,0.0621074520848171,0.370733909976934,0.327756799370637,903.502088518333,0.0914106848343876,1,1,4
"UMass-ar6_pooled",2024-12-07,0.469663053005291,0.447078938760299,1767.30708451363,0.172828757137594,0.75312845816551,0.705466697723561,3040.40012326002,0.298064413671258,0,1,4
"UMass-ar6_pooled",2024-12-14,0.588366629257043,0.546752084860876,3021.14195744044,0.241598511689116,0.835861366381745,0.78735554247608,4562.58970105238,0.376762008211243,0,0.75,4
"UMass-ar6_pooled",2024-12-21,0.616774982130721,0.590388426630756,3045.04107437787,0.226711934445806,0.83750674352188,0.798805419187276,4635.19033732906,0.35232165220512,0,0.5,4
"UMass-ar6_pooled",2024-12-28,0.737376205492964,0.710104709062922,4424.10359148397,0.337313375903181,0.888276833211809,0.856445327690257,5982.19488847268,0.468968514258105,0,0.25,4
"UMass-ar6_pooled",2025-01-04,0.978729043408165,0.958868306477659,1626.85754192449,0.10267368728626,1.12551111384357,1.1157840089093,2381.97290623591,0.153816611332422,0.5,0.75,4
"UMass-ar6_pooled",2025-01-11,1.76436778862311,1.6684300082602,3551.39317630427,0.211816785237779,1.6285546710083,1.52408485914349,5635.27565842619,0.333339627050588,0,0.75,4
"UMass-ar6_pooled",2025-01-18,1.27277603562703,1.19600092770228,922.629603506298,0.0617614871808425,2.3648795008633,2.28060203552972,1558.67619629969,0.107718154580115,0.75,1,4
"UMass-ar6_pooled",2025-02-01,1.05165861047069,1.03918948203009,1060.95739523754,0.0899173030793615,1.11152779728419,1.1217672146083,1561.09214728343,0.128508805586351,0.5,1,4
"UMass-ar6_pooled",2025-02-08,0.931536150171086,0.932216116053997,717.245105618834,0.0602000031769545,1.0236956300669,1.02509062293542,1033.93460270876,0.0869324509156102,0.75,1,4
"UMass-ar6_pooled",2025-02-15,0.909312991426641,0.91421710772448,603.784658727123,0.0545353086488597,0.809210608041641,0.811256641725135,678.716281043492,0.0614700102343897,0.75,1,4
"UMass-ar6_pooled",2025-02-22,0.888951780399262,0.883920154008384,527.112833336904,0.0514071953667987,1.11697364686668,1.11693214215961,593.523604156012,0.0581664723256323,1,1,4
"UMass-ar6_pooled",2025-03-01,0.938969642010214,0.926076065723957,580.651220824213,0.0611860307872083,1.11804803342505,1.1226764239633,700.532886841264,0.0725536177099526,0.75,1,4
"UMass-ar6_pooled",2025-03-08,0.93528720492655,0.920778744245782,535.610456124914,0.057885041966642,1.14153381771127,1.13999139595695,690.49755669625,0.0759175720794745,1,1,4
"UMass-ar6_pooled",2025-03-15,0.957492054482258,0.941518880303278,579.518200525252,0.0681636491383153,1.16866026520606,1.16368059446447,818.233927007462,0.0985487979546886,0.75,1,4
"UMass-ar6_pooled",2025-03-22,0.976851096714832,0.962143925955542,634.97537988199,0.0806330823503672,1.1203699184824,1.11241171449539,988.428810054944,0.129425805508792,0.75,1,4
"UMass-ar6_pooled",2025-03-29,0.937303346050561,0.892493584636095,569.160336415444,0.0791276662215129,1.0968858100745,1.09233201939417,892.005925000363,0.126823097586811,0.5,1,4
"UMass-ar6_pooled",2025-04-05,1.04962915493726,1.01852226833209,671.052636197673,0.0965375816371424,1.15894939423714,1.14078026671144,1151.68795058864,0.171320438552621,0.5,1,4
"UMass-ar6_pooled",2025-04-12,0.937662854493862,0.882544480489446,526.199149060879,0.0874177660442525,1.22972727859055,1.20575068391724,784.79215322598,0.13532103604402,0.75,1,4
"UMass-ar6_pooled",2025-04-19,0.896865338299939,0.802730120051852,500.227031722061,0.0950623587573168,1.17509274199521,1.16319161800658,840.470932925901,0.163322879800548,0.5,1,4
"UMass-ar6_pooled",2025-05-03,1.05852785069567,0.909931075674699,559.200159314443,0.118975920877615,1.44739014825302,1.3888446178464,977.950130924484,0.215123881127124,0.25,1,4
"UMass-ar6_pooled",2025-05-10,1.00604679409715,0.786486814809257,465.622296382583,0.103598357802184,1.67490571119254,1.60154502367547,823.869144579877,0.19030513548192,0.5,1,4
"UMass-ar6_pooled",2025-05-17,0.721624745831967,0.491640043977845,290.534646820757,0.0710323522086015,3.46743634234408,3.33358324805242,352.172333047101,0.0879161833985718,1,1,4
"UMass-ar6_pooled",2025-05-24,0.654100835613807,0.44061572773441,269.059949842303,0.0712835636143847,0.823018525044008,0.785468802363204,278.371200995273,0.0739998849857222,1,1,4
"UMass-ar6_pooled",2025-05-31,0.648134804818919,0.430866155206203,287.754617743044,0.0797398988724224,0.540978822096602,0.520189382626324,301.452049626872,0.0835566987303968,0.75,1,4
"UMass-ar6_pooled",2025-06-07,0.756671027882722,0.48520785831698,290.471018448375,0.073107495080767,1.14692947798306,1.05869578057887,358.783391560937,0.0918214668842037,1,1,4
"UMass-ar6_pooled",2025-06-14,0.629014389089445,0.39941999709748,261.24098496354,0.0677634250907772,0.479451852569453,0.438923307371185,260.993317876961,0.067866823214743,1,1,4
"UMass-ar6_pooled",2025-06-21,0.573466325194759,0.383411174456095,263.187494988961,0.0686601572163088,0.233100656878327,0.227452286686806,150.789525264099,0.0413398880252851,1,1,4
"UMass-ar6_pooled",2025-06-28,0.522909989482458,0.359075642895865,250.424252764876,0.0625738612409935,0.208099961798527,0.196310352088651,158.209252003074,0.0394816434274849,1,1,4
"UMass-ar6_pooled",2025-07-05,0.519739450008687,0.389779707471576,360.287190430341,0.0892954705696227,0.50819711879811,0.469214842370721,641.126032703931,0.151315454811477,1,1,4
"UMass-ar6_pooled",2025-07-12,0.593555396354238,0.473430376537239,573.758765256757,0.128836661195066,0.632905442739542,0.584072598106699,1092.76938539135,0.235991147815962,0,1,4
"UMass-ar6_pooled",2025-07-19,0.563405154052477,0.475056634139671,660.84418260313,0.127150079568284,0.620089207139085,0.567355699411815,1251.75667727794,0.233149579499564,0,1,4
"UMass-ar6_pooled",2025-07-26,0.60940282534307,0.534924529394123,982.043263662846,0.167464612537553,0.675396232357399,0.618059282162768,1761.81104054819,0.295560098309017,0,1,4
"UMass-ar6_pooled",2025-08-02,0.614107446067696,0.562149690178618,1198.05040919537,0.175292196852669,0.691506042503034,0.636309123657631,2084.85198775404,0.301940633051923,0,1,4
"UMass-ar6_pooled",2025-09-20,1.27440180829712,1.22746601189736,1824.76427006275,0.232109290571714,1.26221597411363,1.21020472082134,2819.33476645789,0.35211923364407,0.25,0.5,4
"UMass-ar6_pooled",2025-09-27,1.0910688100366,1.07798503330527,2007.94179778734,0.29502919256014,1.08439599081397,1.0658968381832,3119.31607819313,0.444815939577977,0,0.5,4
"UMass-ar6_pooled",2025-10-04,NA,NA,2487.83742097304,0.371133209278111,NA,NA,3801.08926146211,0.550441344231403,0,0.333333333333333,3
"UMass-ar6_pooled",2025-11-22,0.545538493809448,0.413083140088628,279.609921713142,0.0752273560351315,0.465938386276505,0.43499881590259,420.676009361474,0.106744817121855,1,1,4
"UMass-ar6_pooled",2025-11-29,0.567144593906773,0.454645528696147,458.625185213096,0.108631489497674,0.589739889490086,0.537684878067456,859.885185478719,0.194352371198978,0.25,1,4
"UMass-ar6_pooled",2025-12-06,0.711673264167087,0.599140576768977,1108.30263892494,0.219922923308754,0.730453477883527,0.665317587844773,1833.32755112122,0.365953692678922,0,1,4
"UMass-ar6_pooled",2025-12-13,0.679216645727809,0.596171729635122,1482.87862124139,0.230035955040395,0.727901786291828,0.656379124822049,2341.43326947831,0.370437022094523,0,0.75,4
"UMass-ar6_pooled",2025-12-20,0.749065982116057,0.676258937618125,2105.66374089413,0.310577609170305,0.773823622094714,0.707673055029191,3077.28296224692,0.462928412343818,0,0.5,4
"UMass-ar6_pooled",2025-12-27,0.6808819150194,0.629174440584793,1527.5179535384,0.203991313139202,0.683872221842049,0.631035493676506,2223.57938544793,0.299092640899344,0.25,0.5,4
"UMass-ar6_pooled",2026-01-03,0.902248577812336,0.842646377052965,993.125029785092,0.116934022463389,1.08498809529582,1.03903851592458,1660.63433865256,0.198285729070458,0.5,0.75,4
"UMass-ar6_pooled",2026-01-10,2.54627390147173,2.32463662870536,2010.98489573215,0.227732318737697,2.36823604907474,2.10227890504545,3179.30842921448,0.354935683308034,0.25,0.5,4
"UMass-ar6_pooled",2026-01-17,3.80382552995827,3.35040940371416,2559.79050977577,0.290818865103185,3.19139532070139,2.71030830264888,4027.81179922366,0.450543735798651,0,0.333333333333333,3
"UMass-ar6_pooled",2026-01-24,1.27536018741759,1.18545060215774,452.750266845563,0.0632205495368999,2.38493369483196,2.30393491634133,680.727760862253,0.0983101231211951,1,1,4
"UMass-ar6_pooled",2026-01-31,0.900170551488434,0.869863819856706,405.906679606474,0.0682741634775253,0.915755697255628,0.911849730640703,604.565683736539,0.0983397818819731,0.75,1,4
"UMass-ar6_pooled",2026-02-07,0.964766638614375,0.936332850231708,343.763107652641,0.0561394066545184,1.18906421542464,1.18958350753773,397.817229198891,0.0647375192017177,1,1,4
"UMass-ar6_pooled",2026-02-14,1.02471673383489,0.991098566212474,448.113062336497,0.0779523865378046,1.13929503477671,1.14225608859396,653.524051007449,0.113162873297248,0.75,1,4
"UMass-ar6_pooled",2026-02-21,1.10838380258733,1.07616225183846,526.280683555288,0.0955429681992959,1.20230107881625,1.18392040070811,849.237094336806,0.157797859260658,0.5,1,4
"UMass-ar6_pooled",2026-02-28,1.3028216216978,1.2671154929053,760.182186793823,0.14461373779136,1.34021591474585,1.28825729970285,1275.36260930303,0.24682495331465,0.25,1,4
"UMass-ar6_pooled",2026-03-07,1.30302466778713,1.27760071050344,1064.59751301115,0.261758373451518,1.24006395265549,1.18218439699239,1704.47838178939,0.402847184031966,0.25,0.75,4
"UMass-ar6_pooled",2026-03-14,1.22545874600522,1.20943936766038,1053.29593465726,0.318346955269165,1.16886793861574,1.12564261535811,1613.79974172759,0.470971978805246,0.5,0.5,4
"UMass-ar6_pooled",2026-03-21,1.25197117289768,1.23881552808081,1094.38386877868,0.380467609818438,1.1022957839528,1.07122061802778,1639.37034150231,0.558184583482222,0.25,0.25,4
"UMass-ar6_pooled",2026-03-28,1.2767267839859,1.25583913570577,1252.05160596175,0.467411101311024,1.10060662352586,1.07052252179985,1929.5296563871,0.699335861094614,0,0,4
"UMass-ar6_pooled",2026-04-04,0.597381440553039,0.380991368268786,189.258674019784,0.0964352770098005,1.19450301473731,1.17394390130413,217.931632716215,0.115133436604815,1,1,4
"UMass-ar6_pooled",2026-04-11,0.556479212588223,0.347431977152478,170.069375596648,0.0947287539700986,1.6202868664635,1.55821831126342,134.507135234359,0.074668694655359,1,1,4
"UMass-ar6_pooled",2026-04-18,0.615342810995953,0.322416809945619,187.401120710287,0.112364094129245,1.48725644921805,1.43547694412507,250.105444453102,0.14999068927416,1,1,4
"UMass-ar6_pooled",2026-04-25,0.787854765845357,0.392771253559343,252.635527038308,0.143353861036247,2.28739597928381,2.08599106201586,409.183866366253,0.238949302642244,0.75,1,4
"UMass-ar6_pooled",2026-05-02,1.1601475691222,0.621347501503102,376.218964102037,0.209247386708687,3.38064753744231,2.87457893415065,652.046120525623,0.372673846024015,0.25,1,4
"UMass-ar6_pooled",2026-05-09,1.36646057143554,0.698298100117444,434.834304040148,0.258150651851737,3.41937447123634,2.83219769349391,770.255639186702,0.464677808125074,0.25,1,4
"UMass-ar6_pooled",2026-05-16,1.22501827812908,0.607199083011819,379.174494907853,0.246886335547771,4.3511977672119,3.55215724810229,668.251882432505,0.444749978198463,0.25,1,4
"UMass-ar6_pooled",2026-05-23,1.17180947113705,0.551857520494603,347.364043315563,0.242577254167146,3.75358413229909,3.09291527044465,613.171773701377,0.440420206578154,0.25,1,4
"UMass-ar6_pooled",2026-05-30,1.08013604998416,0.466550683009242,307.58790195847,0.233299610829305,5.09195468750398,4.16059228439096,548.823565305234,0.430645909763941,0.25,1,4
"UMass-ar6_pooled",2026-06-06,0.887800665363819,0.364425129022703,246.870123938242,0.20027853628422,7.33179008995259,5.99213170352342,426.675175110449,0.358452569364132,0.5,1,4
"UMass-ar6_pooled",2026-06-13,0.79953061849213,0.300397129318749,211.476289716293,0.176056117451695,5.21684513368968,4.31489357596043,351.231856045,0.301293170592668,0.5,1,4
"UMass-ar6_pooled",2026-06-20,0.693100512489492,0.243383537943358,177.901388733003,0.146524366223159,2.24782868921651,1.84700085262545,282.634543505233,0.240074046644605,1,1,4
"UMass-ar6_pooled",2026-06-27,0.53384831860525,0.190502559087888,141.370156688046,0.116649431401281,0.508107375084631,0.406287538686868,144.613371595182,0.115635128036845,1,1,4
"UMass-ar6_pooled",2026-07-04,0.481812047854866,0.184378554272328,136.227857119519,0.103509905776839,0.208472008209276,0.16649556286183,82.2264677158403,0.0586491070122628,1,1,4
"UMass-ar6_pooled",2026-07-11,0.428404931914674,0.179177295090236,136.565930291842,0.0960596343831817,0.0606387496790992,0.0573976990503567,26.6180461127889,0.0206992555664844,1,1,4
"UMass-ar6_pooled",2026-07-18,0.401131755321248,0.171626584292622,146.804164442002,0.0898206734296764,0.0969687222412798,0.0838386288567521,56.8469371398436,0.0354352346657494,1,1,4
"UMass-ar6_pooled",2026-07-25,0.386516097716858,0.191623303180891,159.673057829407,0.0864275770895375,0.171939899353416,0.148412504793718,120.039517717424,0.0647640172147104,1,1,4
"UMass-ar6_pooled",2026-08-01,0.379786656635024,0.203008901528533,186.228918078679,0.0892999415790987,0.27468967808372,0.232045963228095,245.775679677385,0.111635013079753,1,1,4
"UMass-ar6_pooled",2026-08-08,0.378166193788901,0.228730768036376,210.844990878515,0.0805140827863794,0.222234920956751,0.17682202097027,263.964313752202,0.0887328751213399,1,1,4
"UMass-ar6_pooled",2026-08-29,0.465826914016422,0.367506423713603,406.45792304749,0.114137918134091,0.475854979167862,0.425149375217379,731.078446189852,0.198094107898151,0.5,1,4
"UMass-ar6_pooled",2026-09-05,0.438725600523616,0.342429537489512,272.627937609731,0.0652194157072567,0.283757020571752,0.256564162769553,316.702772236386,0.0764708372004863,0.75,1,4
"UMass-ar6_pooled",2026-09-12,0.269244566673363,0.120162728547289,237.102001798101,0.0542229199228282,0.316683727015468,0.287125920046251,265.4865244813,0.0608115286198855,1,1,4
"UMass-ar6_pooled",2026-09-19,0.334777580405514,0.183554226807204,228.591495698295,0.0492599373140873,0.64982043518119,0.600883823755431,257.328892331751,0.0560296030211971,1,1,4
"UMass-ar6_pooled",2026-09-26,0.500174267563011,0.30269448026951,235.314668374038,0.0504055972376306,34.470951021873,32.9766649944747,413.651412262476,0.0906991128564876,1,1,4
"UMass-gbqr",2024-11-30,0.428463679986428,0.427602334528158,968.119293789829,0.109239013780486,0.63407023759437,0.588571568937375,1558.77107431802,0.165743898451183,0.5,1,4
"UMass-gbqr",2024-12-07,0.845157680844983,0.848090219712849,3183.12271067811,0.32898738915688,1.02823000784572,1.03679279058504,4146.90250510607,0.438458634542172,0,0.25,4
"UMass-gbqr",2024-12-14,0.925648154847802,0.939019752277367,4761.03023581109,0.415106599519978,1.07003318304911,1.1006713778233,5844.12553804077,0.526412467987849,0,0,4
"UMass-gbqr",2024-12-21,0.944569243125787,0.971400392883246,4706.45190044779,0.376683927785557,1.12343071529957,1.1724264821558,6259.6233968113,0.521256931679575,0,0.25,4
"UMass-gbqr",2024-12-28,1.02084162501384,1.07428577628536,6116.9776598001,0.508801084023283,1.1331903315167,1.19066263686014,7623.36141603313,0.650473468911381,0,0,4
"UMass-gbqr",2025-01-04,0.943502278051805,0.968782979723621,1562.41916635168,0.103445987382606,0.988401350652696,0.987583656179634,2061.97049500476,0.134072784068376,0.25,1,4
"UMass-gbqr",2025-01-11,1.31443489195475,1.27519250821708,2589.50445093001,0.158728909729997,1.39576882658208,1.34071896745028,4764.44535180854,0.28984289272042,0,1,4
"UMass-gbqr",2025-01-18,1.05920842381632,1.03140786170452,746.313901170037,0.0519237825918868,1.46882151720044,1.44646937614467,934.336058428145,0.0660558482029439,1,1,4
"UMass-gbqr",2025-02-01,1.20255087144089,1.20591277178788,1214.35566969007,0.104534262039321,1.12587889451947,1.13926273482502,1595.94961378152,0.131857192992348,0.5,1,4
"UMass-gbqr",2025-02-08,1.66925804207021,1.90971501974464,1262.68377310207,0.121527779953998,2.5219762453826,2.81626147371795,2481.80633375988,0.232884374314002,0.5,1,4
"UMass-gbqr",2025-02-15,1.19682845597178,1.33995960846663,796.814232573669,0.0805207082453738,1.21983123893682,1.29507666914014,1014.63475612561,0.0976099188022612,1,1,4
"UMass-gbqr",2025-02-22,2.34526754938248,2.90730239431018,1379.79750755738,0.16870206429876,4.80287860825186,5.54417811064604,2578.07805918923,0.292230055513394,0,1,4
"UMass-gbqr",2025-03-01,2.85579426474586,3.44596318359338,1757.53619970717,0.228360319434484,5.00650578595526,6.08972058963783,3215.31705003967,0.405095000106938,0,1,4
"UMass-gbqr",2025-03-08,2.3462438792025,2.78212756595876,1291.90128682793,0.169642350004985,4.16867261902031,4.84585392891914,2374.61512882287,0.304567077829186,0,1,4
"UMass-gbqr",2025-03-15,1.94116674484023,2.20276211747705,1071.36769012098,0.146953548494071,3.1114395318092,3.49995087778236,1950.29868300192,0.265087721254044,0.25,1,4
"UMass-gbqr",2025-03-22,1.37806249840789,1.52487705015438,808.925735682506,0.115782457836095,1.78134821273047,1.91198868901359,1327.02869217034,0.186980823066625,0.25,1,4
"UMass-gbqr",2025-03-29,1.43572328252583,1.53658337304097,801.862644786184,0.12618019855518,1.70763558820505,1.86195237713317,1261.48337706605,0.195839030268955,0.25,1,4
"UMass-gbqr",2025-04-05,0.521177083829821,0.586668329036451,309.802474907662,0.0518695271717803,0.387948199837177,0.404893026789013,350.722948791968,0.0553188428667508,0.5,1,4
"UMass-gbqr",2025-04-12,0.856702537955075,0.90120396322778,420.894017078707,0.0783583740209041,1.18545033328294,1.21537110998664,612.28600363272,0.110081733649496,0.25,1,4
"UMass-gbqr",2025-04-19,1.03049126771844,1.01238514338691,506.349099447395,0.105869560419077,1.28357114258877,1.30847363343343,749.569276765654,0.148448017490474,0.5,1,4
"UMass-gbqr",2025-05-03,0.520403680321208,0.48823733174663,257.550179717268,0.0601107959774589,0.505475627861566,0.524295245573686,312.985869609264,0.0751637834131653,0.75,1,4
"UMass-gbqr",2025-05-10,0.552506687687414,0.464479187861152,250.616012192132,0.0602246576478562,0.744227960664356,0.755210064252451,364.277873855087,0.08973952586661,0.75,1,4
"UMass-gbqr",2025-05-17,0.643030744526798,0.48180483243235,248.207792863539,0.0671825840621522,1.68193609566411,1.69705995020331,147.845416815582,0.0389463478991368,1,1,4
"UMass-gbqr",2025-05-24,0.820070398505061,0.619822832679492,319.080666052764,0.0957753914747742,1.79928224216321,1.87860285065407,574.769341441587,0.167730462001687,0.25,1,4
"UMass-gbqr",2025-05-31,1.06191493678632,0.763859122846469,460.638430154165,0.139096779636938,1.43546855382545,1.49885938765821,829.257026590554,0.249808015542922,0,1,4
"UMass-gbqr",2025-06-07,0.662930103186922,0.483434285079586,238.886596128881,0.0691475646585624,1.35403174237329,1.38271267133122,386.914098418422,0.110297025862311,0.75,1,4
"UMass-gbqr",2025-06-14,0.881183796592794,0.620086054447989,343.455011249186,0.100139139537843,1.10919409583874,1.12039138011941,562.755468379461,0.162858970877438,0,1,4
"UMass-gbqr",2025-06-21,0.906577807799102,0.656680806348764,407.899760571739,0.116281216369075,0.92927134501733,0.925202103664088,657.170756258675,0.182915096673737,0,1,4
"UMass-gbqr",2025-06-28,0.841224358358317,0.619539710403946,413.942688904028,0.111461088578909,1.01682741351776,1.01874610812812,823.47293650401,0.219172284781138,0,1,4
"UMass-gbqr",2025-07-05,0.985284811381303,0.747839705425752,706.742636706745,0.177781766680155,0.93417976046446,0.922019858743809,1216.34323966442,0.308442521477461,0,1,4
"UMass-gbqr",2025-07-12,1.19451059357448,0.969557432693498,1186.67649521948,0.272084198423204,0.965073624658054,0.956529081883766,1698.04283964578,0.396231979499849,0,1,4
"UMass-gbqr",2025-07-19,0.960641931906164,0.818503798736018,1159.36745910351,0.22634315060438,0.867153853587866,0.837724597078987,1775.9998985331,0.351372617721685,0,1,4
"UMass-gbqr",2025-07-26,0.891625804748899,0.782709038993784,1482.66819789614,0.253579896422102,0.830405015682527,0.78930328046079,2214.17103186703,0.38786910237396,0,0.75,4
"UMass-gbqr",2025-08-02,0.89194126406786,0.823821847808885,1791.57123705403,0.265362963327697,0.887168643882975,0.857863440067783,2719.3367734114,0.416239151000246,0,0.75,4
"UMass-gbqr",2025-09-20,1.1949073433043,1.17239839339877,1702.89302575106,0.221129763050095,1.12794302094605,1.10381327498449,2542.82595943631,0.324568577781966,0.25,0.5,4
"UMass-gbqr",2025-09-27,0.921113993627406,0.932969647560955,1736.34734375731,0.261813586909895,0.966666604657692,0.969297317629411,2869.49068811202,0.416385428940807,0.25,0.5,4
"UMass-gbqr",2025-10-04,NA,NA,1307.0007263897,0.21150643426642,NA,NA,2515.22890793606,0.398269218008518,0,1,3
"UMass-gbqr",2025-11-22,0.9975851609029,0.765039475540229,542.840734343662,0.147803324346348,1.08766975859997,1.10055885947877,972.735959983765,0.269693857139394,0.5,1,4
"UMass-gbqr",2025-11-29,0.749979255316464,0.576464311415801,642.212850728598,0.145858877356803,0.660638791920462,0.607622637884682,996.316360234664,0.22800856236593,0.25,1,4
"UMass-gbqr",2025-12-06,0.782501248622649,0.637678076414272,1248.81130141614,0.240170706852521,0.716962956412909,0.647176750849282,1846.15246760201,0.366094596283713,0,0.75,4
"UMass-gbqr",2025-12-13,0.71470782719591,0.600129924859776,1607.66774329005,0.23916718827431,0.627313622843678,0.542013658944769,2119.58942950623,0.321885879284253,0,0.5,4
"UMass-gbqr",2025-12-20,0.734442053345387,0.641999764446165,2088.01986921087,0.298324077329837,0.658992595817931,0.574593965132277,2652.24476130592,0.38070126138778,0,0.25,4
"UMass-gbqr",2025-12-27,0.595404864752805,0.532133138293515,1337.51139271378,0.172892074064182,0.577149830839291,0.512819517357806,1890.47465861811,0.245293531184885,0.25,0.5,4
"UMass-gbqr",2026-01-03,0.790485152778806,0.728649382840612,908.890595639393,0.106125661404264,0.914373895549085,0.855887760799754,1536.03966172777,0.179948572740466,0.25,1,4
"UMass-gbqr",2026-01-10,2.85326187885843,2.57611308510616,2160.04506835342,0.242525276463647,2.66410664484567,2.33546895678423,3456.35852545947,0.382333925553936,0,1,4
"UMass-gbqr",2026-01-17,3.91430981533036,3.43325987655451,2606.30978576247,0.295276933026847,3.43839841660272,2.88245815716157,4295.54015959861,0.475176827174298,0,1,3
"UMass-gbqr",2026-01-24,1.14360602225773,1.07984300064843,395.396883808389,0.056265049886823,2.19639133518878,2.12991985962718,570.263428317111,0.0829743468808366,1,1,4
"UMass-gbqr",2026-01-31,1.70365381418246,1.7641196702921,770.109077190007,0.13946072983009,2.26792357010611,2.45915635289183,1555.87376621913,0.276611236098088,0.25,1,4
"UMass-gbqr",2026-02-07,1.27245390842574,1.31607662071526,434.142449616732,0.0760842107695289,2.29168589167315,2.39721912506109,761.901069080235,0.129877758338506,0.5,1,4
"UMass-gbqr",2026-02-14,1.79447520694067,1.82657152976569,744.214440990793,0.136795183075935,1.93875722739824,2.06696301584497,1097.18338149324,0.201793231283304,0.25,1,4
"UMass-gbqr",2026-02-21,1.03530206408043,1.03582588388307,425.222140443998,0.0795490779426613,1.14287206892697,1.15474433066371,661.227417451435,0.124908835657154,0.25,1,4
"UMass-gbqr",2026-02-28,0.729813293818488,0.772855670940873,425.223352274359,0.0886616914927255,0.759508918863767,0.780363302854904,708.711235559507,0.147855783304542,0,1,4
"UMass-gbqr",2026-03-07,0.982335224292847,1.04352488806297,821.027596417151,0.219536255880427,0.863035321397244,0.887404807559376,1213.43703921405,0.311696189727225,0.25,0.75,4
"UMass-gbqr",2026-03-14,0.807964426998175,0.884687080851428,776.659536126415,0.261877152544268,0.695823264873485,0.738619721989151,1097.8798474992,0.356488798712125,0.5,0.5,4
"UMass-gbqr",2026-03-21,1.11744313358585,1.16762978382626,974.554929263428,0.358822702529972,0.974745160955782,0.981257319387594,1434.72222547675,0.507980495972413,0.25,0.5,4
"UMass-gbqr",2026-03-28,1.1541811037706,1.18468832462469,1121.53075102236,0.438766685589061,0.903799342624907,0.927319017235129,1568.82004767964,0.602219078314318,0,0.5,4
"UMass-gbqr",2026-04-04,0.839981014612873,0.514384498482505,260.120358778517,0.127772386986397,3.22409937117371,2.91708385599553,539.376668956742,0.263374932170202,0.25,1,4
"UMass-gbqr",2026-04-11,0.789824971055513,0.44691581828606,235.569127072482,0.119603826394282,8.74880875392228,7.59752657246032,567.887132349953,0.285125143886989,0.75,1,4
"UMass-gbqr",2026-04-18,0.688532037367599,0.330551543985166,209.268207632248,0.11536096959318,1.24955138267655,1.15545185296616,244.114030334005,0.141306578803094,1,1,4
"UMass-gbqr",2026-04-25,0.661619468797836,0.321851480020997,210.437249184003,0.118147940344079,1.67087157139038,1.56395742145866,310.143966561279,0.187319011252569,0.5,1,4
"UMass-gbqr",2026-05-02,1.13723588174736,0.63601067809825,358.80394519998,0.209931096519011,3.40929080768654,2.94442750733544,628.967985195395,0.367347867669129,0,1,4
"UMass-gbqr",2026-05-09,1.21920511270219,0.661031273215724,382.620528318992,0.241716399038464,2.96663637289977,2.54954867207804,658.665870636009,0.414301205974412,0,1,4
"UMass-gbqr",2026-05-16,0.937547778124784,0.494004001000022,294.125506483973,0.204156313889329,3.6023500701758,3.05072592163858,559.800217845868,0.387447206497537,0.25,1,4
"UMass-gbqr",2026-05-23,1.24235035763073,0.581935345751973,355.033783011522,0.247830121072954,4.67313229598669,3.73328612469723,735.10539242096,0.5139158927314,0.25,1,4
"UMass-gbqr",2026-05-30,0.696243605657375,0.319968193939869,196.344184535309,0.158337190382083,3.8779112217878,3.32147776573243,424.743000844149,0.350233948092361,0.75,1,4
"UMass-gbqr",2026-06-06,0.738413676785006,0.313245879256449,197.824518773315,0.166958316091356,7.87697439560124,6.5442103000043,422.012038944787,0.364222300339312,1,1,4
"UMass-gbqr",2026-06-13,0.394700551587128,0.193314844078894,98.776507724265,0.109591660878611,1.26152297290853,1.2630571750503,69.4139484365402,0.0737794885294529,0.75,1,4
"UMass-gbqr",2026-06-20,0.457031503801588,0.200877806753144,117.75383400535,0.124116913116,1.17093234341353,1.18686526461945,154.062521508382,0.164345569184176,1,1,4
"UMass-gbqr",2026-06-27,0.484536731916412,0.177822439686325,125.147781006237,0.108128108417778,0.876703039387087,0.712393445720167,228.586710465695,0.187568250814296,1,1,4
"UMass-gbqr",2026-07-04,0.93072727021072,0.439263891213921,272.339265069212,0.261167137774488,1.33675346987021,1.4408242109311,496.864261711583,0.490530897123834,0,1,4
"UMass-gbqr",2026-07-11,0.592034239057641,0.271088975343413,192.501480010939,0.150618183997075,0.760490511278114,0.719661921387073,384.944356078922,0.295226771797557,1,1,4
"UMass-gbqr",2026-07-18,0.843709419992482,0.408886271941476,316.109088349197,0.222370724040953,0.948269478241178,0.934312237830191,626.368809189647,0.446433995919041,0,1,4
"UMass-gbqr",2026-07-25,0.510312911814631,0.256701565611537,208.152547186873,0.115903013863006,0.413372602705864,0.361067243317114,302.616539481226,0.164587295816411,1,1,4
"UMass-gbqr",2026-08-01,0.412733372504528,0.219519923523114,205.259253515457,0.099019745195955,0.25527956034347,0.208436273319286,242.237330635568,0.105825535075613,0.75,1,4
"UMass-gbqr",2026-08-08,0.39878505068724,0.239637515192742,228.069457044497,0.0874282700153445,0.161575386667432,0.124343993043464,211.579991822738,0.0680090214440818,0.75,1,4
"UMass-gbqr",2026-08-29,0.547899820192807,0.428806439035864,480.65700717219,0.134143327347829,0.506095184762537,0.449206107920296,793.913048469759,0.213742685364078,0,1,4
"UMass-gbqr",2026-09-05,0.319873858961505,0.243619132664532,203.995593291679,0.0477110392774208,0.203466247621166,0.171680822689548,251.677171255923,0.0565057773243991,0.75,1,4
"UMass-gbqr",2026-09-12,0.2163982504528,0.0934006843552893,190.564507956111,0.0421466613629794,0.402878777820466,0.343567258947104,337.74670873949,0.0727654619163326,0.666666666666667,1,4
"UMass-gbqr",2026-09-19,0.367544625612851,0.198587707077283,250.965359158583,0.0532944306003383,1.26100669716893,1.1322803706122,499.358652078896,0.105579842834839,0.5,1,4
"ZJU_LeiLab-MPUDE_ens",2026-09-19,0.346440802240108,0.190034151795851,236.555330434783,0.0509989367601528,0.595012626262626,0.558633012101764,235.625,0.0520899126672729,1,1,4
"ZJU_LeiLab-MPUDE_ens",2026-09-26,0.371801025300264,0.231003958726237,174.919504347826,0.0384674755003315,15.2083333333333,14.9189515758231,182.5,0.0410331266943693,1,1,4
